date,daily_pts,equity_pts
2015-01-09,0.0,0.0
2015-01-12,0.0,0.0
2015-01-13,0.0,0.0
2015-01-14,0.0,0.0
2015-01-15,0.0,0.0
2015-01-19,0.0,0.0
2015-01-20,0.0,0.0
2015-01-21,-26.823603451084637,-26.823603451084637
2015-01-22,0.0,-26.823603451084637
2015-01-23,0.0,-26.823603451084637
2015-01-27,0.0,-26.823603451084637
2015-01-28,0.0,-26.823603451084637
2015-01-29,0.0,-26.823603451084637
2015-01-30,0.0,-26.823603451084637
2015-02-02,-38.66331071515742,-65.48691416624206
2015-02-03,-78.47585384209742,-143.96276800833948
2015-02-04,0.0,-143.96276800833948
2015-02-05,-29.651484771256946,-173.61425277959643
2015-02-06,0.0,-173.61425277959643
2015-02-09,0.0,-173.61425277959643
2015-02-10,2.350000000000364,-171.26425277959606
2015-02-11,0.0,-171.26425277959606
2015-02-12,37.472523977123274,-133.7917288024728
2015-02-13,36.69999999999891,-97.09172880247388
2015-02-16,0.0,-97.09172880247388
2015-02-18,26.600000000000364,-70.49172880247352
2015-02-19,0.0,-70.49172880247352
2015-02-20,0.0,-70.49172880247352
2015-02-23,5.100000000000364,-65.39172880247315
2015-02-24,-27.895974015904358,-93.28770281837751
2015-02-25,-29.19687458707631,-122.48457740545382
2015-02-26,0.0,-122.48457740545382
2015-02-27,71.41625871175893,-51.06831869369489
2015-02-28,-32.10196792477291,-83.1702866184678
2015-03-02,0.0,-83.1702866184678
2015-03-03,24.400000000001455,-58.77028661846634
2015-03-04,0.0,-58.77028661846634
2015-03-05,-36.456555668217334,-95.22684228668368
2015-03-09,57.149999999999636,-38.07684228668404
2015-03-10,4.050000000001091,-34.02684228668295
2015-03-11,-34.24342023749523,-68.27026252417818
2015-03-12,0.0,-68.27026252417818
2015-03-13,141.1320533551825,72.86179083100433
2015-03-16,-29.45336572135966,43.40842510964467
2015-03-17,-65.91397183935806,-22.505546729713387
2015-03-18,0.0,-22.505546729713387
2015-03-19,59.49863436612941,36.99308763641602
2015-03-20,13.400000000001455,50.39308763641748
2015-03-23,1.2000000000007276,51.593087636418204
2015-03-24,0.0,51.593087636418204
2015-03-25,8.049999999999272,59.64308763641748
2015-03-26,104.34999999999673,163.9930876364142
2015-03-27,-11.550000000001091,152.4430876364131
2015-03-30,0.0,152.4430876364131
2015-03-31,-19.700000000000728,132.74308763641238
2015-04-01,52.149999999999636,184.89308763641202
2015-04-06,0.0,184.89308763641202
2015-04-07,0.0,184.89308763641202
2015-04-08,-33.66330184351682,151.2297857928952
2015-04-09,0.0,151.2297857928952
2015-04-10,0.0,151.2297857928952
2015-04-13,25.900000000001455,177.12978579289666
2015-04-15,0.0,177.12978579289666
2015-04-16,-14.350000000000364,162.7797857928963
2015-04-17,41.899999999999636,204.67978579289593
2015-04-20,89.25,293.9297857928959
2015-04-21,0.0,293.9297857928959
2015-04-22,-38.58019037707163,255.3495954158243
2015-04-23,43.19999999999891,298.5495954158232
2015-04-24,26.44999999999891,324.9995954158221
2015-04-27,-44.39445271129625,280.60514270452586
2015-04-28,0.0,280.60514270452586
2015-04-29,0.0,280.60514270452586
2015-04-30,0.0,280.60514270452586
2015-05-04,0.0,280.60514270452586
2015-05-05,-28.61208825142603,251.99305445309983
2015-05-06,87.74999999999909,339.7430544530989
2015-05-07,-76.37747302232674,263.3655814307722
2015-05-08,0.0,263.3655814307722
2015-05-11,57.5,320.8655814307722
2015-05-12,92.0,412.8655814307722
2015-05-13,-130.09168657485316,282.773894855919
2015-05-14,23.75,306.523894855919
2015-05-15,0.0,306.523894855919
2015-05-18,0.0,306.523894855919
2015-05-19,-25.615703975487122,280.9081908804319
2015-05-20,0.0,280.9081908804319
2015-05-21,0.0,280.9081908804319
2015-05-22,0.0,280.9081908804319
2015-05-25,0.0,280.9081908804319
2015-05-26,0.0,280.9081908804319
2015-05-27,-21.988242996205372,258.91994788422653
2015-05-28,-18.24634752583188,240.67360035839465
2015-05-29,-30.0732362139388,210.60036414445585
2015-06-01,-26.87983774356144,183.7205264008944
2015-06-02,81.74864197304305,265.46916837393746
2015-06-03,25.349999999999454,290.8191683739369
2015-06-04,-33.399999999999636,257.4191683739373
2015-06-05,0.0,257.4191683739373
2015-06-08,-26.809978731334013,230.60918964260327
2015-06-09,0.0,230.60918964260327
2015-06-10,0.0,230.60918964260327
2015-06-11,69.37846536674442,299.9876550093477
2015-06-12,0.0,299.9876550093477
2015-06-15,0.0,299.9876550093477
2015-06-16,-22.551108499449583,277.4365465098981
2015-06-17,0.0,277.4365465098981
2015-06-18,0.0,277.4365465098981
2015-06-19,-17.30000000000109,260.136546509897
2015-06-22,37.149999999999636,297.28654650989665
2015-06-23,0.0,297.28654650989665
2015-06-24,-17.717026448994147,279.5695200609025
2015-06-25,29.350000000000364,308.91952006090287
2015-06-26,-23.861313277569934,285.05820678333293
2015-06-29,-49.37799865473971,235.68020812859322
2015-06-30,34.399999999999636,270.08020812859286
2015-07-01,12.75,282.83020812859286
2015-07-02,0.0,282.83020812859286
2015-07-03,0.0,282.83020812859286
2015-07-06,132.9024367686634,415.73264489725625
2015-07-07,0.0,415.73264489725625
2015-07-08,-33.62611429919525,382.106530598061
2015-07-09,0.0,382.106530598061
2015-07-10,-28.950473699987924,353.1560568980731
2015-07-13,23.80000000000291,376.956056898076
2015-07-14,-22.177538059142535,354.77851883893345
2015-07-15,2.4500000000007276,357.2285188389342
2015-07-16,20.850000000000364,378.07851883893454
2015-07-17,0.0,378.07851883893454
2015-07-20,0.0,378.07851883893454
2015-07-21,0.0,378.07851883893454
2015-07-22,113.40000000000146,491.478518838936
2015-07-23,0.0,491.478518838936
2015-07-24,49.70000000000073,541.1785188389367
2015-07-27,0.0,541.1785188389367
2015-07-28,-27.245242328530367,513.9332765104064
2015-07-29,0.0,513.9332765104064
2015-07-30,0.0,513.9332765104064
2015-07-31,66.48964886478643,580.4229253751928
2015-08-03,-21.584738429795834,558.838186945397
2015-08-04,-66.50904100517255,492.3291459402244
2015-08-05,0.0,492.3291459402244
2015-08-06,-0.1000000000003638,492.22914594022404
2015-08-07,0.0,492.22914594022404
2015-08-10,0.0,492.22914594022404
2015-08-11,0.0,492.22914594022404
2015-08-12,19.399999999999636,511.6291459402237
2015-08-13,-15.410867032534952,496.2182789076887
2015-08-14,33.649999999999636,529.8682789076884
2015-08-17,-70.46331386678321,459.40496504090515
2015-08-18,-60.44765737996204,398.9573076609431
2015-08-19,-29.828917355938756,369.12839030500436
2015-08-20,32.777381821557356,401.9057721265617
2015-08-21,0.0,401.9057721265617
2015-08-24,163.25,565.1557721265617
2015-08-25,-103.23898229275255,461.91678983380916
2015-08-26,0.0,461.91678983380916
2015-08-27,0.0,461.91678983380916
2015-08-28,-36.93866765463372,424.97812217917544
2015-08-31,12.399999999999636,437.3781221791751
2015-09-01,123.25,560.6281221791751
2015-09-02,7.86461298674476,568.4927351659198
2015-09-03,0.0,568.4927351659198
2015-09-04,-20.300000000000182,548.1927351659197
2015-09-07,35.05000000000018,583.2427351659198
2015-09-08,0.0,583.2427351659198
2015-09-09,30.849999999999454,614.0927351659193
2015-09-10,-76.18116471758276,537.9115704483365
2015-09-11,36.75,574.6615704483365
2015-09-14,22.949999999999818,597.6115704483364
2015-09-15,-53.04372812449674,544.5678423238396
2015-09-16,-28.97417343469442,515.5936688891452
2015-09-18,0.0,515.5936688891452
2015-09-21,19.849999999999454,535.4436688891446
2015-09-22,18.199999999999818,553.6436688891445
2015-09-23,0.0,553.6436688891445
2015-09-24,-9.650000000000546,543.9936688891439
2015-09-28,-27.431478558409253,516.5621903307347
2015-09-29,-47.8702730644427,468.69191726629197
2015-09-30,36.05000000000018,504.74191726629215
2015-10-01,0.0,504.74191726629215
2015-10-05,48.899999999999636,553.6419172662918
2015-10-06,0.0,553.6419172662918
2015-10-07,-25.97701061877342,527.6649066475184
2015-10-08,0.0,527.6649066475184
2015-10-09,0.0,527.6649066475184
2015-10-12,0.0,527.6649066475184
2015-10-13,-22.44938158883633,505.21552505868203
2015-10-14,-45.14941168434507,460.06611337433696
2015-10-15,1.5,461.56611337433696
2015-10-16,50.73598024871353,512.3020936230505
2015-10-19,-18.79802790694339,493.5040657161071
2015-10-20,-19.792505538825935,473.71156017728117
2015-10-21,-21.825136376790397,451.8864238004908
2015-10-23,0.0,451.8864238004908
2015-10-26,0.0,451.8864238004908
2015-10-27,-5.0,446.8864238004908
2015-10-28,0.0,446.8864238004908
2015-10-29,0.0,446.8864238004908
2015-10-30,11.900000000000546,458.7864238004913
2015-11-02,-25.82909452191052,432.9573292785808
2015-11-03,-22.876530475888103,410.0807988026927
2015-11-04,33.30000000000018,443.3807988026929
2015-11-05,20.50763402669145,463.8884328293843
2015-11-06,-25.00322834396775,438.8852044854166
2015-11-09,0.0,438.8852044854166
2015-11-10,69.20000000000073,508.0852044854173
2015-11-13,0.0,508.0852044854173
2015-11-16,0.0,508.0852044854173
2015-11-17,-25.337649553785013,482.7475549316323
2015-11-18,107.19999999999982,589.9475549316321
2015-11-19,0.0,589.9475549316321
2015-11-20,-27.736116433081406,562.2114384985507
2015-11-23,-21.190486451142533,541.0209520474082
2015-11-24,0.0,541.0209520474082
2015-11-26,13.349999999999454,554.3709520474076
2015-11-27,0.0,554.3709520474076
2015-11-30,0.0,554.3709520474076
2015-12-01,0.0,554.3709520474076
2015-12-02,0.0,554.3709520474076
2015-12-03,-21.9140250196142,532.4569270277934
2015-12-04,0.0,532.4569270277934
2015-12-07,20.0,552.4569270277934
2015-12-08,29.850000000000364,582.3069270277938
2015-12-09,58.80000000000018,641.106927027794
2015-12-10,-22.945694937693588,618.1612320901004
2015-12-11,79.60000000000036,697.7612320901007
2015-12-14,0.0,697.7612320901007
2015-12-15,-11.699999999999818,686.0612320901009
2015-12-16,0.0,686.0612320901009
2015-12-17,-24.2933754598007,661.7678566303002
2015-12-18,0.0,661.7678566303002
2015-12-21,33.45000000000073,695.217856630301
2015-12-22,-15.27463714278656,679.9432194875144
2015-12-23,0.0,679.9432194875144
2015-12-24,0.0,679.9432194875144
2015-12-28,18.899999999999636,698.843219487514
2015-12-29,-15.792664073315791,683.0505554141982
2015-12-30,0.0,683.0505554141982
2015-12-31,62.74667055982627,745.7972259740245
2016-01-01,-11.720479982764118,734.0767459912604
2016-01-04,61.92106201058232,795.9978080018427
2016-01-05,-27.96852826533086,768.0292797365119
2016-01-06,6.300000000000182,774.329279736512
2016-01-07,48.44999999999982,822.7792797365119
2016-01-08,-28.508253309144493,794.2710264273674
2016-01-11,0.0,794.2710264273674
2016-01-12,11.899999999999636,806.171026427367
2016-01-13,-73.25772113991479,732.9133052874522
2016-01-14,0.0,732.9133052874522
2016-01-15,35.26417935736754,768.1774846448197
2016-01-18,0.0,768.1774846448197
2016-01-19,0.0,768.1774846448197
2016-01-20,-30.118380505438836,738.0591041393809
2016-01-21,66.20000000000073,804.2591041393816
2016-01-22,13.149999999999636,817.4091041393813
2016-01-25,-22.3511558405944,795.0579482987869
2016-01-27,0.0,795.0579482987869
2016-01-28,-18.239458640066005,776.8184896587209
2016-01-29,70.78421762026119,847.602707278982
2016-02-01,0.0,847.602707278982
2016-02-02,0.0,847.602707278982
2016-02-03,0.0,847.602707278982
2016-02-04,0.0,847.602707278982
2016-02-05,8.449999999999818,856.0527072789819
2016-02-08,-29.131153428390462,826.9215538505914
2016-02-09,-32.38499997189774,794.5365538786937
2016-02-10,-30.116832553653694,764.41972132504
2016-02-11,141.75,906.16972132504
2016-02-12,-47.35193268237799,858.817788642662
2016-02-15,0.0,858.817788642662
2016-02-16,102.84999999999945,961.6677886426614
2016-02-17,0.0,961.6677886426614
2016-02-18,-41.0252290749213,920.6425595677401
2016-02-19,0.0,920.6425595677401
2016-02-22,0.0,920.6425595677401
2016-02-23,113.49769852868121,1034.1402580964213
2016-02-24,-25.642310058938165,1008.4979480374832
2016-02-25,28.900000000000546,1037.3979480374837
2016-02-26,-30.88427473906995,1006.5136732984138
2016-02-29,67.09603056924516,1073.609703867659
2016-03-01,79.64999999999964,1153.2597038676586
2016-03-02,4.349999999999454,1157.609703867658
2016-03-03,28.199999999999818,1185.8097038676578
2016-03-04,0.0,1185.8097038676578
2016-03-08,0.0,1185.8097038676578
2016-03-09,108.69999999999982,1294.5097038676577
2016-03-10,0.0,1294.5097038676577
2016-03-11,0.0,1294.5097038676577
2016-03-14,0.0,1294.5097038676577
2016-03-15,1.6499999999996362,1296.1597038676573
2016-03-16,-21.0598025162908,1275.0999013513665
2016-03-17,0.0,1275.0999013513665
2016-03-18,23.474532475530395,1298.574433826897
2016-03-21,27.408793177566622,1325.9832270044635
2016-03-22,0.0,1325.9832270044635
2016-03-23,0.0,1325.9832270044635
2016-03-28,0.0,1325.9832270044635
2016-03-29,-57.01961450426188,1268.9636125002016
2016-03-30,125.35628990374789,1394.3199024039495
2016-03-31,-22.469818899508027,1371.8500835044415
2016-04-01,0.0,1371.8500835044415
2016-04-04,36.650000000000546,1408.500083504442
2016-04-05,46.899999999999636,1455.4000835044417
2016-04-06,0.0,1455.4000835044417
2016-04-07,0.0,1455.4000835044417
2016-04-08,0.0,1455.4000835044417
2016-04-11,-19.492102677222647,1435.907980827219
2016-04-12,-26.407464668658577,1409.5005161585605
2016-04-13,9.599999999999454,1419.10051615856
2016-04-18,0.0,1419.10051615856
2016-04-20,0.0,1419.10051615856
2016-04-21,0.0,1419.10051615856
2016-04-22,-25.70446961167363,1393.3960465468863
2016-04-25,0.0,1393.3960465468863
2016-04-26,113.60000000000036,1506.9960465468866
2016-04-27,-21.11788739847634,1485.8781591484103
2016-04-28,25.0,1510.8781591484103
2016-04-29,0.0,1510.8781591484103
2016-05-02,-30.619373041717154,1480.2587861066932
2016-05-03,39.78698227856694,1520.04576838526
2016-05-04,0.0,1520.04576838526
2016-05-05,-24.21618153192958,1495.8295868533305
2016-05-06,0.0,1495.8295868533305
2016-05-09,37.600000000000364,1533.4295868533309
2016-05-10,-18.11964955741223,1515.3099372959186
2016-05-11,-29.62545821353342,1485.6844790823852
2016-05-12,0.0,1485.6844790823852
2016-05-13,11.5,1497.1844790823852
2016-05-16,0.0,1497.1844790823852
2016-05-17,-23.512720670135423,1473.6717584122498
2016-05-18,-28.57662101160804,1445.0951374006418
2016-05-19,40.75,1485.8451374006418
2016-05-20,0.0,1485.8451374006418
2016-05-23,-25.597511109176594,1460.2476262914652
2016-05-24,0.0,1460.2476262914652
2016-05-25,63.307272607772575,1523.5548988992377
2016-05-26,82.65000000000055,1606.2048988992383
2016-05-27,11.0,1617.2048988992383
2016-05-30,0.0,1617.2048988992383
2016-05-31,0.0,1617.2048988992383
2016-06-01,-23.21421625965104,1593.9906826395872
2016-06-02,31.950000000000728,1625.940682639588
2016-06-03,0.0,1625.940682639588
2016-06-06,0.0,1625.940682639588
2016-06-07,40.0,1665.940682639588
2016-06-08,0.0,1665.940682639588
2016-06-09,-4.850000000000364,1661.0906826395876
2016-06-10,-49.8005987807237,1611.290083858864
2016-06-13,-26.44471472079931,1584.8453691380646
2016-06-14,0.0,1584.8453691380646
2016-06-15,75.90000000000055,1660.7453691380651
2016-06-16,-14.400000000000546,1646.3453691380646
2016-06-17,-28.213509552268988,1618.1318595857956
2016-06-20,35.29999999999927,1653.4318595857949
2016-06-21,0.0,1653.4318595857949
2016-06-22,-20.973201289143617,1632.4586582966513
2016-06-23,87.50923509324821,1719.9678933898995
2016-06-24,-42.70844316255625,1677.2594502273432
2016-06-27,0.0,1677.2594502273432
2016-06-28,-20.135713904750446,1657.1237363225928
2016-06-29,-21.26516943576189,1635.8585668868309
2016-06-30,7.200000000000728,1643.0585668868316
2016-07-01,-23.53878678765068,1619.519780099181
2016-07-04,-21.05279725789478,1598.4669828412862
2016-07-05,0.0,1598.4669828412862
2016-07-07,-36.41648539080052,1562.0504974504856
2016-07-08,0.0,1562.0504974504856
2016-07-11,-20.075959193673043,1541.9745382568126
2016-07-12,-14.994358085863496,1526.980180170949
2016-07-13,0.0,1526.980180170949
2016-07-14,61.20000000000073,1588.1801801709498
2016-07-15,-25.310925722209504,1562.8692544487403
2016-07-18,0.0,1562.8692544487403
2016-07-19,-22.41320657954566,1540.4560478691947
2016-07-20,1.5499999999992724,1542.006047869194
2016-07-21,0.0,1542.006047869194
2016-07-22,-14.34816332219998,1527.657884546994
2016-07-25,0.0,1527.657884546994
2016-07-26,0.0,1527.657884546994
2016-07-27,0.0,1527.657884546994
2016-07-28,-22.08199201757816,1505.5758925294158
2016-07-29,0.0,1505.5758925294158
2016-08-01,-26.122166098200978,1479.4537264312148
2016-08-02,-22.57695734236586,1456.876769088849
2016-08-03,51.45000000000073,1508.3267690888497
2016-08-04,0.0,1508.3267690888497
2016-08-05,38.05000000000109,1546.3767690888508
2016-08-08,0.0,1546.3767690888508
2016-08-09,0.0,1546.3767690888508
2016-08-10,38.69999999999891,1585.0767690888497
2016-08-11,-24.315937444887822,1560.7608316439619
2016-08-12,-28.515108526145923,1532.245723117816
2016-08-16,-26.792782022421306,1505.4529410953946
2016-08-17,-12.399999999999636,1493.052941095395
2016-08-18,-7.799999999999272,1485.2529410953957
2016-08-19,4.849999999998545,1490.1029410953943
2016-08-22,-1.25,1488.8529410953943
2016-08-23,0.0,1488.8529410953943
2016-08-24,0.0,1488.8529410953943
2016-08-25,19.149999999999636,1508.002941095394
2016-08-26,-1.1000000000003638,1506.9029410953935
2016-08-29,0.0,1506.9029410953935
2016-08-30,65.25,1572.1529410953935
2016-08-31,-18.628169833144057,1553.5247712622495
2016-09-01,0.0,1553.5247712622495
2016-09-02,2.2999999999992724,1555.8247712622488
2016-09-06,46.04999999999927,1601.874771262248
2016-09-07,0.0,1601.874771262248
2016-09-08,0.0,1601.874771262248
2016-09-09,0.0,1601.874771262248
2016-09-12,21.649999999999636,1623.5247712622477
2016-09-14,0.0,1623.5247712622477
2016-09-15,-20.3193661012574,1603.2054051609903
2016-09-16,-59.65563023101822,1543.549774929972
2016-09-19,-17.100000000000364,1526.4497749299717
2016-09-20,15.050000000001091,1541.4997749299728
2016-09-21,-49.14116780442964,1492.3586071255431
2016-09-22,-29.33963202065752,1463.0189751048856
2016-09-23,0.0,1463.0189751048856
2016-09-26,47.54505907763087,1510.5640341825165
2016-09-27,7.745804014864916,1518.3098381973814
2016-09-28,0.0,1518.3098381973814
2016-09-29,28.486828184666592,1546.796666382048
2016-09-30,0.0,1546.796666382048
2016-10-03,31.25,1578.046666382048
2016-10-04,0.0,1578.046666382048
2016-10-05,0.0,1578.046666382048
2016-10-06,33.650000000001455,1611.6966663820494
2016-10-07,-23.703275225860125,1587.9933911561893
2016-10-10,-15.699999999998909,1572.2933911561904
2016-10-13,35.30000000000109,1607.5933911561915
2016-10-14,0.0,1607.5933911561915
2016-10-17,25.55000000000109,1633.1433911561926
2016-10-18,26.400000000001455,1659.543391156194
2016-10-19,-19.16161152153836,1640.3817796346557
2016-10-20,-21.617831324068902,1618.7639483105868
2016-10-21,0.0,1618.7639483105868
2016-10-24,-16.401427481550854,1602.362520829036
2016-10-25,-21.02910559368138,1581.3334152353546
2016-10-26,7.799999999999272,1589.1334152353538
2016-10-27,-20.668431772925032,1568.4649834624288
2016-10-28,0.0,1568.4649834624288
2016-11-01,-19.462969016456555,1549.0020144459722
2016-11-02,0.0,1549.0020144459722
2016-11-03,0.0,1549.0020144459722
2016-11-04,17.649999999999636,1566.6520144459719
2016-11-07,0.0,1566.6520144459719
2016-11-08,-25.609208557534657,1541.0428058884372
2016-11-09,0.0,1541.0428058884372
2016-11-10,-34.75,1506.2928058884372
2016-11-11,179.25,1685.5428058884372
2016-11-15,0.0,1685.5428058884372
2016-11-16,0.0,1685.5428058884372
2016-11-17,-32.53878222025651,1653.0040236681807
2016-11-18,0.0,1653.0040236681807
2016-11-21,45.05000000000018,1698.054023668181
2016-11-22,0.0,1698.054023668181
2016-11-23,0.0,1698.054023668181
2016-11-24,-50.29014892338819,1647.7638747447927
2016-11-25,47.0,1694.7638747447927
2016-11-28,0.0,1694.7638747447927
2016-11-29,0.0,1694.7638747447927
2016-11-30,35.79999999999927,1730.563874744792
2016-12-01,0.0,1730.563874744792
2016-12-02,-22.466283548848878,1708.097591195943
2016-12-05,-24.586676903365515,1683.5109142925776
2016-12-06,0.0,1683.5109142925776
2016-12-07,0.0,1683.5109142925776
2016-12-08,27.950000000000728,1711.4609142925783
2016-12-09,0.0,1711.4609142925783
2016-12-12,0.0,1711.4609142925783
2016-12-13,8.350000000000364,1719.8109142925787
2016-12-14,-38.118132657492424,1681.6927816350862
2016-12-15,-4.6797962631681,1677.0129853719181
2016-12-16,0.0,1677.0129853719181
2016-12-19,0.0,1677.0129853719181
2016-12-20,13.899999999999636,1690.9129853719178
2016-12-21,0.0,1690.9129853719178
2016-12-22,18.550000000000182,1709.462985371918
2016-12-23,0.0,1709.462985371918
2016-12-26,0.0,1709.462985371918
2016-12-27,0.0,1709.462985371918
2016-12-28,0.0,1709.462985371918
2016-12-29,0.0,1709.462985371918
2016-12-30,13.699999999999818,1723.1629853719178
2017-01-02,-19.936179593814813,1703.226805778103
2017-01-03,-36.62617650800621,1666.6006292700968
2017-01-04,0.0,1666.6006292700968
2017-01-05,17.799999999999272,1684.400629270096
2017-01-06,0.0,1684.400629270096
2017-01-09,0.0,1684.400629270096
2017-01-10,0.0,1684.400629270096
2017-01-11,25.299999999999272,1709.7006292700953
2017-01-12,0.0,1709.7006292700953
2017-01-13,0.0,1709.7006292700953
2017-01-16,-8.0,1701.7006292700953
2017-01-17,0.0,1701.7006292700953
2017-01-18,0.0,1701.7006292700953
2017-01-19,-18.294485572783742,1683.4061436973116
2017-01-20,15.75,1699.1561436973116
2017-01-23,-40.77268731520962,1658.383456382102
2017-01-24,31.900000000001455,1690.2834563821034
2017-01-25,73.30000000000109,1763.5834563821045
2017-01-27,-44.63152578899826,1718.9519305931062
2017-01-30,-19.727570424793157,1699.224360168313
2017-01-31,0.0,1699.224360168313
2017-02-01,181.10425209788627,1880.3286122661993
2017-02-02,-0.6499999999996362,1879.6786122661997
2017-02-03,0.0,1879.6786122661997
2017-02-06,0.0,1879.6786122661997
2017-02-07,0.0,1879.6786122661997
2017-02-08,0.0,1879.6786122661997
2017-02-09,0.0,1879.6786122661997
2017-02-10,0.0,1879.6786122661997
2017-02-13,0.0,1879.6786122661997
2017-02-14,0.0,1879.6786122661997
2017-02-15,26.899999999999636,1906.5786122661993
2017-02-16,15.449999999998909,1922.0286122661983
2017-02-17,0.0,1922.0286122661983
2017-02-20,28.5,1950.5286122661983
2017-02-21,0.0,1950.5286122661983
2017-02-22,-20.055867572225907,1930.4727446939723
2017-02-23,-42.37114857593042,1888.101596118042
2017-02-27,0.0,1888.101596118042
2017-02-28,0.0,1888.101596118042
2017-03-01,10.050000000001091,1898.151596118043
2017-03-02,0.0,1898.151596118043
2017-03-03,0.0,1898.151596118043
2017-03-06,-20.178457014535525,1877.9731391035075
2017-03-07,0.0,1877.9731391035075
2017-03-08,-17.75771298079053,1860.215426122717
2017-03-09,-54.30778446418299,1805.907641658534
2017-03-10,-17.92541037500996,1787.982231283524
2017-03-14,0.0,1787.982231283524
2017-03-15,0.0,1787.982231283524
2017-03-16,0.0,1787.982231283524
2017-03-17,0.0,1787.982231283524
2017-03-20,0.0,1787.982231283524
2017-03-21,0.0,1787.982231283524
2017-03-22,12.699999999998909,1800.682231283523
2017-03-23,0.0,1800.682231283523
2017-03-24,0.0,1800.682231283523
2017-03-27,-9.349999999998545,1791.3322312835244
2017-03-28,-34.7783110031487,1756.5539202803757
2017-03-29,-29.61981887906586,1726.9341014013098
2017-03-30,0.0,1726.9341014013098
2017-03-31,-17.44693270251446,1709.4871686987954
2017-04-03,12.600000000000364,1722.0871686987957
2017-04-05,0.0,1722.0871686987957
2017-04-06,0.0,1722.0871686987957
2017-04-07,-18.760845500039068,1703.3263231987567
2017-04-10,-18.31098714105792,1685.0153360576987
2017-04-11,15.450000000000728,1700.4653360576995
2017-04-12,-44.754129737455514,1655.711206320244
2017-04-13,0.0,1655.711206320244
2017-04-17,0.0,1655.711206320244
2017-04-18,23.271049421000498,1678.9822557412444
2017-04-19,0.0,1678.9822557412444
2017-04-20,0.0,1678.9822557412444
2017-04-21,-26.502529743720515,1652.479725997524
2017-04-24,54.89798992807664,1707.3777159256006
2017-04-25,24.600000000000364,1731.977715925601
2017-04-26,-18.57185028499225,1713.4058656406087
2017-04-27,0.0,1713.4058656406087
2017-04-28,0.0,1713.4058656406087
2017-05-02,0.0,1713.4058656406087
2017-05-03,-4.299999999999272,1709.1058656406094
2017-05-04,-16.47330784524638,1692.632557795363
2017-05-05,-21.847663095217285,1670.7848947001457
2017-05-08,-8.5,1662.2848947001457
2017-05-09,-16.732031313484185,1645.5528633866616
2017-05-10,12.299999999999272,1657.8528633866608
2017-05-11,-16.457105196061093,1641.3957581905997
2017-05-12,0.0,1641.3957581905997
2017-05-15,0.049999999999272404,1641.445758190599
2017-05-16,10.300000000001091,1651.7457581906
2017-05-17,0.9499999999989086,1652.695758190599
2017-05-18,0.0,1652.695758190599
2017-05-19,-54.695641356842316,1598.0001168337567
2017-05-22,-29.851788260481044,1568.1483285732756
2017-05-23,0.0,1568.1483285732756
2017-05-24,-28.66960845494941,1539.4787201183262
2017-05-25,148.64618806661565,1688.124908184942
2017-05-26,45.100000000000364,1733.2249081849423
2017-05-29,-26.243926249097058,1706.9809819358452
2017-05-30,0.0,1706.9809819358452
2017-05-31,-18.490129283349233,1688.490852652496
2017-06-01,0.0,1688.490852652496
2017-06-02,0.0,1688.490852652496
2017-06-05,0.5,1688.990852652496
2017-06-06,0.0,1688.990852652496
2017-06-07,-18.802026088411367,1670.1888265640846
2017-06-08,0.0,1670.1888265640846
2017-06-09,-6.320233315524092,1663.8685932485605
2017-06-12,2.399999999999636,1666.2685932485601
2017-06-13,-52.2692571078278,1613.9993361407323
2017-06-14,0.0,1613.9993361407323
2017-06-15,0.0,1613.9993361407323
2017-06-16,-16.57983043405693,1597.4195057066754
2017-06-19,41.55000000000109,1638.9695057066765
2017-06-20,0.0,1638.9695057066765
2017-06-21,-30.839243132308184,1608.1302625743683
2017-06-22,-16.997832916686093,1591.1324296576822
2017-06-23,0.0,1591.1324296576822
2017-06-27,1.3000000000010914,1592.4324296576833
2017-06-28,0.0,1592.4324296576833
2017-06-29,1.5326434982343926,1593.9650731559177
2017-06-30,0.0,1593.9650731559177
2017-07-03,32.45000000000073,1626.4150731559184
2017-07-04,0.0,1626.4150731559184
2017-07-05,7.450000000000728,1633.8650731559192
2017-07-06,0.0,1633.8650731559192
2017-07-07,-14.991760085382339,1618.8733130705368
2017-07-10,0.6500000000014552,1619.5233130705383
2017-07-11,-19.12010282306983,1600.4032102474685
2017-07-12,0.0,1600.4032102474685
2017-07-13,2.9499999999989086,1603.3532102474674
2017-07-14,0.0,1603.3532102474674
2017-07-17,-0.8500000000003638,1602.503210247467
2017-07-18,0.0,1602.503210247467
2017-07-19,37.75,1640.253210247467
2017-07-20,0.0,1640.253210247467
2017-07-21,-22.967679926929122,1617.2855303205379
2017-07-24,0.0,1617.2855303205379
2017-07-25,0.0,1617.2855303205379
2017-07-26,26.80000000000109,1644.085530320539
2017-07-27,-21.34461949362958,1622.7409108269094
2017-07-28,0.0,1622.7409108269094
2017-07-31,19.0,1641.7409108269094
2017-08-01,0.0,1641.7409108269094
2017-08-02,0.0,1641.7409108269094
2017-08-03,-25.28786049167138,1616.453050335238
2017-08-04,41.95000000000255,1658.4030503352406
2017-08-07,0.0,1658.4030503352406
2017-08-08,-30.53753246870474,1627.8655178665358
2017-08-09,0.0,1627.8655178665358
2017-08-10,0.0,1627.8655178665358
2017-08-11,-17.150000000001455,1610.7155178665344
2017-08-14,0.0,1610.7155178665344
2017-08-16,0.0,1610.7155178665344
2017-08-17,-27.261282188443147,1583.4542356780912
2017-08-18,-29.261453129371148,1554.19278254872
2017-08-21,133.22114706401044,1687.4139296127305
2017-08-22,-5.049999999999272,1682.3639296127312
2017-08-23,0.0,1682.3639296127312
2017-08-24,0.0,1682.3639296127312
2017-08-28,0.0,1682.3639296127312
2017-08-29,53.15943038892328,1735.5233600016545
2017-08-30,9.799999999999272,1745.3233600016538
2017-08-31,0.0,1745.3233600016538
2017-09-01,7.950000000000728,1753.2733600016545
2017-09-04,-24.211825849204615,1729.06153415245
2017-09-05,32.29999999999927,1761.3615341524492
2017-09-06,-24.23805329904826,1737.123480853401
2017-09-07,0.0,1737.123480853401
2017-09-08,0.0,1737.123480853401
2017-09-11,3.3000000000010914,1740.423480853402
2017-09-12,33.55000000000109,1773.973480853403
2017-09-13,-16.02136408192746,1757.9521167714756
2017-09-14,0.0,1757.9521167714756
2017-09-15,0.0,1757.9521167714756
2017-09-18,-15.883373139888135,1742.0687436315875
2017-09-19,0.0,1742.0687436315875
2017-09-20,0.0,1742.0687436315875
2017-09-21,-24.012643712998397,1718.056099918589
2017-09-22,54.099999999998545,1772.1560999185876
2017-09-25,-24.0,1748.1560999185876
2017-09-26,-33.363601859660776,1714.7924980589269
2017-09-27,84.35107047854945,1799.1435685374763
2017-09-28,0.0,1799.1435685374763
2017-09-29,0.0,1799.1435685374763
2017-10-03,0.0,1799.1435685374763
2017-10-04,-0.4000000000014552,1798.7435685374749
2017-10-05,0.0,1798.7435685374749
2017-10-06,0.0,1798.7435685374749
2017-10-09,0.0,1798.7435685374749
2017-10-10,-18.54529918924345,1780.1982693482314
2017-10-11,0.0,1780.1982693482314
2017-10-12,94.64669150100235,1874.8449608492338
2017-10-13,4.899999999999636,1879.7449608492334
2017-10-16,0.0,1879.7449608492334
2017-10-17,-32.509400750617715,1847.2355600986157
2017-10-18,-34.54505981399598,1812.6905002846197
2017-10-23,-29.56378572739777,1783.126714557222
2017-10-24,0.0,1783.126714557222
2017-10-25,0.0,1783.126714557222
2017-10-26,48.600000000000364,1831.7267145572223
2017-10-27,0.0,1831.7267145572223
2017-10-30,0.0,1831.7267145572223
2017-10-31,0.0,1831.7267145572223
2017-11-01,2.600000000000364,1834.3267145572227
2017-11-02,0.0,1834.3267145572227
2017-11-03,-16.937339922516912,1817.3893746347057
2017-11-06,-23.299999999999272,1794.0893746347065
2017-11-07,0.8999999999996362,1794.989374634706
2017-11-08,0.0,1794.989374634706
2017-11-09,-8.899999999999636,1786.0893746347065
2017-11-10,-29.498658296588474,1756.590716338118
2017-11-13,45.100000000000364,1801.6907163381184
2017-11-14,-26.420610054628924,1775.2701062834894
2017-11-15,22.200000000000728,1797.4701062834902
2017-11-16,0.0,1797.4701062834902
2017-11-17,-30.258100711645966,1767.2120055718442
2017-11-20,0.0,1767.2120055718442
2017-11-21,-20.222995539505064,1746.9890100323391
2017-11-22,0.0,1746.9890100323391
2017-11-23,-37.631060047358915,1709.3579499849802
2017-11-24,-3.8000000000010914,1705.5579499849791
2017-11-27,41.900000000001455,1747.4579499849806
2017-11-28,-16.109056286442865,1731.3488936985377
2017-11-29,0.0,1731.3488936985377
2017-11-30,0.0,1731.3488936985377
2017-12-01,90.5,1821.8488936985377
2017-12-04,0.0,1821.8488936985377
2017-12-05,0.0,1821.8488936985377
2017-12-06,28.25,1850.0988936985377
2017-12-07,0.0,1850.0988936985377
2017-12-08,0.0,1850.0988936985377
2017-12-11,0.0,1850.0988936985377
2017-12-12,0.0,1850.0988936985377
2017-12-13,-17.67371870887655,1832.4251749896612
2017-12-14,-61.05583407064478,1771.3693409190164
2017-12-15,0.0,1771.3693409190164
2017-12-18,-23.899999999999636,1747.4693409190168
2017-12-19,24.899999999999636,1772.3693409190164
2017-12-20,0.0,1772.3693409190164
2017-12-21,0.0,1772.3693409190164
2017-12-22,34.400000000001455,1806.7693409190178
2017-12-26,0.0,1806.7693409190178
2017-12-27,0.0,1806.7693409190178
2017-12-28,-20.567825201520463,1786.2015157174974
2017-12-29,11.450000000000728,1797.6515157174981
2018-01-01,0.0,1797.6515157174981
2018-01-02,-19.94999999999891,1777.7015157174992
2018-01-03,-27.669915642760316,1750.031600074739
2018-01-04,44.350000000000364,1794.3816000747393
2018-01-05,0.0,1794.3816000747393
2018-01-08,-18.910404669648415,1775.4711954050908
2018-01-09,0.0,1775.4711954050908
2018-01-10,0.0,1775.4711954050908
2018-01-11,10.600000000002183,1786.071195405093
2018-01-12,22.5,1808.571195405093
2018-01-15,-18.599999999998545,1789.9711954050945
2018-01-16,0.0,1789.9711954050945
2018-01-17,83.45000000000073,1873.4211954050952
2018-01-18,0.0,1873.4211954050952
2018-01-19,0.0,1873.4211954050952
2018-01-22,13.899999999999636,1887.3211954050948
2018-01-23,39.150000000001455,1926.4711954050963
2018-01-24,0.0,1926.4711954050963
2018-01-25,0.0,1926.4711954050963
2018-01-29,-33.19880033026129,1893.272395074835
2018-01-30,0.0,1893.272395074835
2018-01-31,-25.99965590444117,1867.2727391703938
2018-02-01,-83.64279952459765,1783.6299396457962
2018-02-02,0.0,1783.6299396457962
2018-02-05,0.0,1783.6299396457962
2018-02-06,0.0,1783.6299396457962
2018-02-07,37.0,1820.6299396457962
2018-02-08,0.0,1820.6299396457962
2018-02-09,0.0,1820.6299396457962
2018-02-12,0.0,1820.6299396457962
2018-02-14,0.0,1820.6299396457962
2018-02-15,0.0,1820.6299396457962
2018-02-16,155.89999999999964,1976.5299396457958
2018-02-19,-33.70000000000073,1942.829939645795
2018-02-20,0.0,1942.829939645795
2018-02-21,0.0,1942.829939645795
2018-02-22,0.0,1942.829939645795
2018-02-23,17.69999999999891,1960.529939645794
2018-02-26,0.0,1960.529939645794
2018-02-27,0.0,1960.529939645794
2018-02-28,-24.924159130856424,1935.6057805149376
2018-03-01,-23.237845414500043,1912.3679351004375
2018-03-05,-12.299999999999272,1900.0679351004383
2018-03-06,180.84491969090777,2080.912854791346
2018-03-07,41.899999999999636,2122.8128547913457
2018-03-08,-41.74106915534139,2081.0717856360043
2018-03-09,0.0,2081.0717856360043
2018-03-12,92.53342610576146,2173.6052117417657
2018-03-13,-25.599732914970446,2148.0054788267953
2018-03-14,0.0,2148.0054788267953
2018-03-15,17.200000000000728,2165.205478826796
2018-03-16,103.5,2268.705478826796
2018-03-19,64.25,2332.955478826796
2018-03-20,0.0,2332.955478826796
2018-03-21,-8.849999999998545,2324.1054788267975
2018-03-22,33.70000000000073,2357.805478826798
2018-03-23,-33.353536898241146,2324.451941928557
2018-03-26,-31.724550097309475,2292.7273918312476
2018-03-27,-33.212973621273704,2259.514418209974
2018-03-28,0.0,2259.514418209974
2018-04-02,34.79999999999927,2294.314418209973
2018-04-03,-28.197211610407976,2266.117206599565
2018-04-04,-21.949961924601666,2244.1672446749635
2018-04-05,38.350000000000364,2282.517244674964
2018-04-06,0.0,2282.517244674964
2018-04-09,-35.812871885957065,2246.704372789007
2018-04-10,0.0,2246.704372789007
2018-04-11,8.950000000000728,2255.6543727890075
2018-04-12,21.350000000000364,2277.004372789008
2018-04-13,-21.822231670068504,2255.1821411189394
2018-04-16,73.20000000000073,2328.38214111894
2018-04-17,0.0,2328.38214111894
2018-04-18,-19.217574530215643,2309.1645665887245
2018-04-19,0.0,2309.1645665887245
2018-04-20,17.549999999999272,2326.7145665887238
2018-04-23,-25.98601803415113,2300.7285485545726
2018-04-24,-20.25,2280.4785485545726
2018-04-25,0.0,2280.4785485545726
2018-04-26,0.0,2280.4785485545726
2018-04-27,-21.682326288701006,2258.7962222658716
2018-04-30,0.0,2258.7962222658716
2018-05-02,0.0,2258.7962222658716
2018-05-03,-52.894491245959216,2205.9017310199124
2018-05-04,20.950000000000728,2226.851731019913
2018-05-07,101.63581175293439,2328.4875427728475
2018-05-08,0.0,2328.4875427728475
2018-05-09,18.100000000000364,2346.587542772848
2018-05-10,0.0,2346.587542772848
2018-05-11,75.09999999999854,2421.6875427728464
2018-05-14,0.0,2421.6875427728464
2018-05-15,0.0,2421.6875427728464
2018-05-16,-69.67378378463582,2352.0137589882106
2018-05-17,48.20000000000073,2400.2137589882113
2018-05-18,0.0,2400.2137589882113
2018-05-21,33.79999999999927,2434.0137589882106
2018-05-22,0.0,2434.0137589882106
2018-05-23,50.80000000000109,2484.8137589882117
2018-05-24,0.0,2484.8137589882117
2018-05-25,25.150000000001455,2509.963758988213
2018-05-28,8.799999999999272,2518.7637589882124
2018-05-29,-24.804771203329437,2493.958987784883
2018-05-30,-61.04195152985085,2432.917036255032
2018-05-31,0.0,2432.917036255032
2018-06-01,0.0,2432.917036255032
2018-06-04,9.850000000000364,2442.7670362550325
2018-06-05,-34.72410018942901,2408.0429360656035
2018-06-06,43.150000000001455,2451.192936065605
2018-06-07,-5.399999999999636,2445.7929360656053
2018-06-08,0.0,2445.7929360656053
2018-06-11,-22.68689331673704,2423.1060427488683
2018-06-12,7.350000000000364,2430.4560427488686
2018-06-13,-19.718164680738482,2410.73787806813
2018-06-14,0.0,2410.73787806813
2018-06-15,-46.36137655299899,2364.376501515131
2018-06-18,-13.650000000001455,2350.7265015151297
2018-06-19,27.649999999999636,2378.3765015151293
2018-06-20,0.0,2378.3765015151293
2018-06-21,-44.64948752355485,2333.7270139915745
2018-06-22,123.41792321817775,2457.1449372097522
2018-06-25,0.0,2457.1449372097522
2018-06-26,-100.13649399080168,2357.0084432189506
2018-06-27,63.25606759071161,2420.264510809662
2018-06-28,43.30000000000109,2463.5645108096633
2018-06-29,0.0,2463.5645108096633
2018-07-02,-29.64946471362964,2433.9150460960336
2018-07-03,3.25,2437.1650460960336
2018-07-04,45.149999999999636,2482.3150460960333
2018-07-05,0.0,2482.3150460960333
2018-07-06,-49.4861304101978,2432.8289156858355
2018-07-09,1.25,2434.0789156858355
2018-07-10,22.549999999999272,2456.6289156858347
2018-07-11,-23.60502385837026,2433.0238918274645
2018-07-12,-7.949999999998909,2425.0738918274656
2018-07-13,0.0,2425.0738918274656
2018-07-16,0.0,2425.0738918274656
2018-07-17,19.700000000000728,2444.7738918274663
2018-07-18,0.0,2444.7738918274663
2018-07-19,4.949999999998909,2449.723891827465
2018-07-20,1.1999999999989086,2450.923891827464
2018-07-23,28.549999999999272,2479.4738918274634
2018-07-24,0.0,2479.4738918274634
2018-07-25,-20.905416753168538,2458.568475074295
2018-07-26,-23.250024063938326,2435.3184510103565
2018-07-27,23.799999999999272,2459.118451010356
2018-07-30,9.850000000000364,2468.968451010356
2018-07-31,73.85000000000036,2542.8184510103565
2018-08-01,0.0,2542.8184510103565
2018-08-02,0.0,2542.8184510103565
2018-08-03,43.85000000000218,2586.6684510103587
2018-08-06,0.0,2586.6684510103587
2018-08-07,0.0,2586.6684510103587
2018-08-08,48.55000000000109,2635.21845101036
2018-08-09,0.0,2635.21845101036
2018-08-10,0.0,2635.21845101036
2018-08-13,-52.46925499880672,2582.749196011553
2018-08-14,41.650000000001455,2624.3991960115545
2018-08-16,-47.47114697395955,2576.928049037595
2018-08-17,8.900000000001455,2585.8280490375964
2018-08-20,4.199999999998909,2590.0280490375953
2018-08-21,0.0,2590.0280490375953
2018-08-23,0.0,2590.0280490375953
2018-08-24,0.0,2590.0280490375953
2018-08-27,22.25,2612.2780490375953
2018-08-28,0.0,2612.2780490375953
2018-08-29,0.0,2612.2780490375953
2018-08-30,0.0,2612.2780490375953
2018-08-31,0.0,2612.2780490375953
2018-09-03,0.0,2612.2780490375953
2018-09-04,0.0,2612.2780490375953
2018-09-05,0.0,2612.2780490375953
2018-09-06,-71.93770315924667,2540.3403458783487
2018-09-07,62.95000000000073,2603.2903458783494
2018-09-10,81.70615557658493,2684.9965014549343
2018-09-11,121.25,2806.2465014549343
2018-09-12,0.0,2806.2465014549343
2018-09-14,60.150000000001455,2866.396501454936
2018-09-17,30.600000000000364,2896.996501454936
2018-09-18,74.15000000000146,2971.1465014549376
2018-09-19,18.80560606678955,2989.952107521727
2018-09-21,276.4408397831412,3266.3929473048684
2018-09-24,137.0,3403.3929473048684
2018-09-25,0.0,3403.3929473048684
2018-09-26,-6.050000000001091,3397.3429473048673
2018-09-27,51.10000000000218,3448.4429473048694
2018-09-28,-42.5,3405.9429473048694
2018-10-01,-56.053220595409584,3349.88972670946
2018-10-03,39.50682346528447,3389.3965501747443
2018-10-04,16.950000000000728,3406.346550174745
2018-10-05,120.79999999999927,3527.1465501747443
2018-10-08,-64.084832779723,3463.0617173950213
2018-10-09,-68.25577347464969,3394.8059439203716
2018-10-10,0.0,3394.8059439203716
2018-10-11,-23.399999999999636,3371.405943920372
2018-10-12,11.0,3382.405943920372
2018-10-15,-82.6691552940265,3299.7367886263455
2018-10-16,0.0,3299.7367886263455
2018-10-17,155.39999999999964,3455.136788626345
2018-10-19,3.150000000001455,3458.2867886263466
2018-10-22,0.0,3458.2867886263466
2018-10-23,-40.382388738336886,3417.9043998880097
2018-10-24,-92.43375802614173,3325.470641861868
2018-10-25,-54.856862255661326,3270.6137796062067
2018-10-26,0.0,3270.6137796062067
2018-10-29,0.0,3270.6137796062067
2018-10-30,0.0,3270.6137796062067
2018-10-31,124.6441539058178,3395.2579335120245
2018-11-01,-46.258639826630315,3348.999293685394
2018-11-02,0.0,3348.999293685394
2018-11-05,0.0,3348.999293685394
2018-11-06,0.0,3348.999293685394
2018-11-09,-36.10294886480551,3312.8963448205886
2018-11-12,0.0,3312.8963448205886
2018-11-13,94.33405498686079,3407.2303998074494
2018-11-14,0.0,3407.2303998074494
2018-11-15,8.900000000001455,3416.130399807451
2018-11-16,0.0,3416.130399807451
2018-11-19,-23.226538350621922,3392.903861456829
2018-11-20,0.0,3392.903861456829
2018-11-21,-33.79587775275104,3359.107983704078
2018-11-22,42.650000000001455,3401.7579837040794
2018-11-26,-32.27555435231625,3369.482429351763
2018-11-27,34.100000000000364,3403.5824293517635
2018-11-28,-12.200000000000728,3391.3824293517628
2018-11-29,0.0,3391.3824293517628
2018-11-30,0.0,3391.3824293517628
2018-12-03,0.0,3391.3824293517628
2018-12-04,0.0,3391.3824293517628
2018-12-05,9.399999999999636,3400.7824293517624
2018-12-06,0.0,3400.7824293517624
2018-12-07,-59.47581114888271,3341.3066182028797
2018-12-10,0.0,3341.3066182028797
2018-12-11,0.0,3341.3066182028797
2018-12-12,67.04999999999927,3408.356618202879
2018-12-13,-28.96573875253671,3379.3908794503423
2018-12-14,0.0,3379.3908794503423
2018-12-17,3.399999999999636,3382.790879450342
2018-12-18,82.39999999999964,3465.1908794503415
2018-12-19,0.6499999999996362,3465.840879450341
2018-12-20,-33.564627027793904,3432.2762524225473
2018-12-21,87.89999999999964,3520.176252422547
2018-12-24,25.149999999999636,3545.3262524225465
2018-12-26,0.0,3545.3262524225465
2018-12-27,-22.94999999999891,3522.3762524225476
2018-12-28,-59.63243131322997,3462.7438211093177
2018-12-31,0.0,3462.7438211093177
2019-01-01,0.0,3462.7438211093177
2019-01-02,4.950000000000728,3467.6938211093184
2019-01-03,67.30000000000109,3534.9938211093195
2019-01-04,0.0,3534.9938211093195
2019-01-07,-42.59452693251842,3492.399294176801
2019-01-08,-38.4609319395895,3453.9383622372115
2019-01-09,0.0,3453.9383622372115
2019-01-10,0.0,3453.9383622372115
2019-01-11,-54.53460045214524,3399.4037617850663
2019-01-14,-29.091442866099896,3370.3123189189664
2019-01-15,68.5,3438.8123189189664
2019-01-16,0.0,3438.8123189189664
2019-01-17,-2.0499999999992724,3436.762318918967
2019-01-18,0.0,3436.762318918967
2019-01-21,0.0,3436.762318918967
2019-01-22,-23.99773795182955,3412.7645809671376
2019-01-23,-45.538258802367636,3367.22632216477
2019-01-24,0.0,3367.22632216477
2019-01-25,5.027730289155443,3372.2540524539254
2019-01-28,39.600000000000364,3411.8540524539258
2019-01-29,-34.13954499862302,3377.7145074553027
2019-01-30,0.0,3377.7145074553027
2019-01-31,81.33840881752985,3459.0529162728326
2019-02-01,-35.51307830044425,3423.5398379723883
2019-02-04,18.350000000000364,3441.8898379723887
2019-02-05,-2.849999999998545,3439.03983797239
2019-02-06,31.55000000000109,3470.5898379723913
2019-02-07,-29.544512737746118,3441.045325234645
2019-02-08,0.0,3441.045325234645
2019-02-11,0.0,3441.045325234645
2019-02-12,0.0,3441.045325234645
2019-02-13,-25.07584812702953,3415.9694771076156
2019-02-14,-27.96290507964295,3388.0065720279727
2019-02-15,-34.78724919624983,3353.219322831723
2019-02-18,-2.75,3350.469322831723
2019-02-19,0.0,3350.469322831723
2019-02-20,-30.65864284667441,3319.8106799850484
2019-02-21,15.299999999999272,3335.1106799850477
2019-02-22,0.0,3335.1106799850477
2019-02-25,0.0,3335.1106799850477
2019-02-26,16.710643804253777,3351.8213237893015
2019-02-27,-46.73043272737959,3305.090891061922
2019-02-28,-62.50301546648552,3242.5878755954363
2019-03-01,-27.80588799089128,3214.781987604545
2019-03-05,0.0,3214.781987604545
2019-03-06,0.0,3214.781987604545
2019-03-07,-23.893837451209038,3190.888150153336
2019-03-08,0.0,3190.888150153336
2019-03-11,27.05000000000109,3217.938150153337
2019-03-12,17.850000000000364,3235.7881501533375
2019-03-13,-25.04195150661144,3210.746198646726
2019-03-14,0.0,3210.746198646726
2019-03-15,-23.405234509576985,3187.340964137149
2019-03-18,0.0,3187.340964137149
2019-03-19,75.64999999999782,3262.990964137147
2019-03-20,0.0,3262.990964137147
2019-03-22,0.0,3262.990964137147
2019-03-25,1.5,3264.490964137147
2019-03-26,133.95000000000073,3398.4409641371476
2019-03-27,-62.54794587528886,3335.8930182618587
2019-03-28,47.75,3383.6430182618587
2019-03-29,0.0,3383.6430182618587
2019-04-01,-27.538808970042737,3356.104209291816
2019-04-02,-28.544261199505854,3327.55994809231
2019-04-03,0.0,3327.55994809231
2019-04-04,0.0,3327.55994809231
2019-04-05,5.900000000001455,3333.4599480923116
2019-04-08,-30.099075484395144,3303.3608726079165
2019-04-09,45.400000000001455,3348.760872607918
2019-04-10,6.199999999998909,3354.960872607917
2019-04-11,0.0,3354.960872607917
2019-04-12,9.049999999999272,3364.010872607916
2019-04-15,-18.63015043023188,3345.380722177684
2019-04-16,-1.75,3343.630722177684
2019-04-18,0.0,3343.630722177684
2019-04-22,79.39045508767049,3423.0211772653547
2019-04-23,0.0,3423.0211772653547
2019-04-24,37.650073536713535,3460.6712508020682
2019-04-25,-30.104493346092568,3430.5667574559757
2019-04-26,21.19902111873671,3451.7657785747124
2019-04-30,-32.78801143014789,3418.9777671445645
2019-05-02,0.0,3418.9777671445645
2019-05-03,0.0,3418.9777671445645
2019-05-06,0.0,3418.9777671445645
2019-05-07,141.4622155479883,3560.439982692553
2019-05-08,23.514268531724156,3583.954251224277
2019-05-09,-30.648220826358738,3553.306030397918
2019-05-10,0.0,3553.306030397918
2019-05-13,0.0,3553.306030397918
2019-05-14,0.0,3553.306030397918
2019-05-15,29.10912992761223,3582.4151603255305
2019-05-16,-41.95433310473527,3540.460827220795
2019-05-17,107.13874378870241,3647.5995710094976
2019-05-20,0.0,3647.5995710094976
2019-05-21,0.0,3647.5995710094976
2019-05-22,-38.86734869845532,3608.7322223110423
2019-05-23,0.0,3608.7322223110423
2019-05-24,99.90000000000146,3708.6322223110437
2019-05-27,3.25,3711.8822223110437
2019-05-28,0.0,3711.8822223110437
2019-05-29,0.0,3711.8822223110437
2019-05-30,22.399999999999636,3734.2822223110434
2019-05-31,0.0,3734.2822223110434
2019-06-03,102.70000000000073,3836.982222311044
2019-06-04,0.0,3836.982222311044
2019-06-06,83.74521994817587,3920.72744225922
2019-06-07,-13.600000000000364,3907.1274422592196
2019-06-10,-46.0797486389456,3861.047693620274
2019-06-11,0.1000000000003638,3861.1476936202744
2019-06-12,-4.899999999999636,3856.2476936202747
2019-06-13,-11.388525703889172,3844.8591679163856
2019-06-14,0.0,3844.8591679163856
2019-06-17,67.70000000000073,3912.5591679163863
2019-06-18,0.0,3912.5591679163863
2019-06-19,34.900000000001455,3947.4591679163877
2019-06-20,0.0,3947.4591679163877
2019-06-21,15.75,3963.2091679163877
2019-06-24,0.0,3963.2091679163877
2019-06-25,-8.716406912042657,3954.492761004345
2019-06-26,0.0,3954.492761004345
2019-06-27,-28.424042574373743,3926.0687184299713
2019-06-28,0.0,3926.0687184299713
2019-07-01,10.400000000001455,3936.468718429973
2019-07-02,38.20000000000073,3974.6687184299735
2019-07-03,-20.50065776307565,3954.168060666898
2019-07-04,0.0,3954.168060666898
2019-07-05,-43.61787814220406,3910.550182524694
2019-07-08,96.20000000000073,4006.7501825246945
2019-07-09,0.0,4006.7501825246945
2019-07-10,-31.3658273113233,3975.3843552133712
2019-07-11,0.0,3975.3843552133712
2019-07-12,0.0,3975.3843552133712
2019-07-15,-36.29475103617551,3939.0896041771957
2019-07-16,52.399999999999636,3991.4896041771954
2019-07-17,0.0,3991.4896041771954
2019-07-18,89.64999999999964,4081.139604177195
2019-07-19,67.75,4148.889604177195
2019-07-22,0.0,4148.889604177195
2019-07-23,0.0,4148.889604177195
2019-07-24,-41.39795851755662,4107.491645659638
2019-07-25,-16.05917200971635,4091.432473649922
2019-07-26,0.0,4091.432473649922
2019-07-29,54.20000000000073,4145.632473649923
2019-07-30,17.652633883451927,4163.285107533375
2019-07-31,0.0,4163.285107533375
2019-08-01,113.67725698588038,4276.962364519255
2019-08-02,0.0,4276.962364519255
2019-08-05,0.0,4276.962364519255
2019-08-06,0.0,4276.962364519255
2019-08-07,59.79999999999927,4336.762364519254
2019-08-08,0.0,4336.762364519254
2019-08-09,0.0,4336.762364519254
2019-08-13,155.64999999999782,4492.412364519252
2019-08-14,-58.11624310360094,4434.296121415651
2019-08-16,-40.75,4393.546121415651
2019-08-19,0.8500000000003638,4394.396121415652
2019-08-20,-73.61873576859034,4320.777385647061
2019-08-21,56.25,4377.027385647061
2019-08-22,98.85000000000036,4475.877385647062
2019-08-23,0.0,4475.877385647062
2019-08-26,88.04999999999927,4563.927385647061
2019-08-27,-22.80000000000109,4541.12738564706
2019-08-28,0.0,4541.12738564706
2019-08-29,9.136959382251007,4550.264345029311
2019-08-30,-95.52022888730244,4454.744116142008
2019-09-03,157.85000000000218,4612.5941161420105
2019-09-04,0.0,4612.5941161420105
2019-09-05,-26.0,4586.5941161420105
2019-09-06,-0.4499999999989086,4586.144116142012
2019-09-09,0.0,4586.144116142012
2019-09-11,-34.12775605566458,4552.016360086347
2019-09-12,0.0,4552.016360086347
2019-09-13,2.866803542343405,4554.88316362869
2019-09-16,-73.29727426051795,4481.5858893681725
2019-09-17,203.7981151138938,4685.384004482066
2019-09-18,0.0,4685.384004482066
2019-09-19,24.549999999999272,4709.934004482066
2019-09-20,212.28195982062425,4922.21596430269
2019-09-23,-83.13378713463499,4839.082177168055
2019-09-24,0.0,4839.082177168055
2019-09-25,0.0,4839.082177168055
2019-09-26,-46.93418292809474,4792.14799423996
2019-09-27,0.0,4792.14799423996
2019-09-30,-42.46997053157793,4749.678023708382
2019-10-01,-61.79298346719224,4687.88504024119
2019-10-03,-57.71080903570328,4630.174231205487
2019-10-04,0.0,4630.174231205487
2019-10-07,0.0,4630.174231205487
2019-10-09,0.0,4630.174231205487
2019-10-10,-10.050000000001091,4620.124231205486
2019-10-11,-99.85728704281246,4520.266944162673
2019-10-14,0.0,4520.266944162673
2019-10-15,34.99999999999818,4555.266944162671
2019-10-16,0.0,4555.266944162671
2019-10-17,97.60000000000036,4652.866944162672
2019-10-18,22.19999999999891,4675.066944162671
2019-10-22,0.0,4675.066944162671
2019-10-23,-41.57125890372481,4633.495685258946
2019-10-24,0.0,4633.495685258946
2019-10-25,-41.21267762662865,4592.283007632317
2019-10-29,73.14999999999964,4665.433007632317
2019-10-30,0.0,4665.433007632317
2019-10-31,-58.7526111123625,4606.680396519954
2019-11-01,0.0,4606.680396519954
2019-11-04,-35.309373131116445,4571.371023388838
2019-11-05,0.0,4571.371023388838
2019-11-06,37.5,4608.871023388838
2019-11-07,0.0,4608.871023388838
2019-11-08,-29.58104602801177,4579.289977360826
2019-11-11,0.0,4579.289977360826
2019-11-13,-32.90101839712406,4546.388958963702
2019-11-14,-25.216520367455814,4521.172438596246
2019-11-15,-70.53834531250504,4450.634093283741
2019-11-18,-31.31433722154361,4419.3197560621975
2019-11-19,-53.389482670385405,4365.930273391812
2019-11-20,0.0,4365.930273391812
2019-11-21,0.0,4365.930273391812
2019-11-22,9.5,4375.430273391812
2019-11-25,142.14479134076282,4517.575064732575
2019-11-26,0.0,4517.575064732575
2019-11-27,0.0,4517.575064732575
2019-11-28,-21.35253964324511,4496.22252508933
2019-11-29,-27.403027953589117,4468.819497135741
2019-12-02,-31.236667875926287,4437.582829259814
2019-12-03,28.149999999999636,4465.732829259814
2019-12-04,-29.065185253009986,4436.667644006804
2019-12-05,0.0,4436.667644006804
2019-12-06,50.20000000000073,4486.867644006805
2019-12-09,0.0,4486.867644006805
2019-12-10,108.64999999999964,4595.517644006804
2019-12-11,-25.981521131969203,4569.536122874835
2019-12-12,21.30000000000109,4590.836122874836
2019-12-13,33.5,4624.336122874836
2019-12-16,0.0,4624.336122874836
2019-12-17,26.25,4650.586122874836
2019-12-18,8.850000000000364,4659.436122874837
2019-12-19,30.25,4689.686122874837
2019-12-20,0.0,4689.686122874837
2019-12-23,0.0,4689.686122874837
2019-12-24,0.0,4689.686122874837
2019-12-26,44.79974191894871,4734.485864793785
2019-12-27,62.650000000001455,4797.135864793787
2019-12-30,0.0,4797.135864793787
2019-12-31,35.7681916506117,4832.9040564443985
2020-01-01,0.0,4832.9040564443985
2020-01-02,104.7145771403757,4937.618633584774
2020-01-03,-20.265642767488316,4917.352990817286
2020-01-06,86.02709721028805,5003.380088027574
2020-01-07,12.299999999999272,5015.680088027573
2020-01-08,0.0,5015.680088027573
2020-01-09,45.04999999999927,5060.7300880275725
2020-01-10,0.0,5060.7300880275725
2020-01-13,0.0,5060.7300880275725
2020-01-14,0.0,5060.7300880275725
2020-01-15,0.0,5060.7300880275725
2020-01-16,0.0,5060.7300880275725
2020-01-17,-26.59455431234892,5034.135533715224
2020-01-20,61.70000000000073,5095.835533715224
2020-01-21,0.0,5095.835533715224
2020-01-22,0.0,5095.835533715224
2020-01-23,0.0,5095.835533715224
2020-01-24,12.850000000000364,5108.685533715225
2020-01-27,74.15000000000146,5182.835533715226
2020-01-28,7.799999999999272,5190.635533715225
2020-01-29,0.0,5190.635533715225
2020-01-30,16.25,5206.885533715225
2020-01-31,23.87529563112912,5230.7608293463545
2020-02-01,-123.09229416598464,5107.66853518037
2020-02-03,0.0,5107.66853518037
2020-02-04,12.600000000000364,5120.26853518037
2020-02-05,0.0,5120.26853518037
2020-02-06,-37.01361968050878,5083.254915499861
2020-02-07,0.0,5083.254915499861
2020-02-10,-60.835932854999555,5022.418982644862
2020-02-11,0.0,5022.418982644862
2020-02-12,0.0,5022.418982644862
2020-02-13,0.0,5022.418982644862
2020-02-14,0.0,5022.418982644862
2020-02-17,0.0,5022.418982644862
2020-02-18,-36.269434810868916,4986.149547833993
2020-02-19,65.89999999999964,5052.049547833993
2020-02-20,-28.268966652471136,5023.7805811815215
2020-02-24,84.60000000000036,5108.380581181522
2020-02-25,-37.896776235598736,5070.483804945923
2020-02-26,1.8999999999996362,5072.383804945923
2020-02-27,0.0,5072.383804945923
2020-02-28,5.120361108969519,5077.504166054892
2020-03-02,0.0,5077.504166054892
2020-03-03,-92.08404761681413,4985.420118438078
2020-03-04,-87.73352599522332,4897.686592442855
2020-03-05,0.0,4897.686592442855
2020-03-06,0.0,4897.686592442855
2020-03-09,71.89999999999964,4969.586592442854
2020-03-11,0.0,4969.586592442854
2020-03-12,291.60000000000036,5261.186592442855
2020-03-13,0.0,5261.186592442855
2020-03-16,84.60000000000036,5345.786592442855
2020-03-17,0.0,5345.786592442855
2020-03-18,340.75,5686.536592442855
2020-03-19,0.0,5686.536592442855
2020-03-20,0.0,5686.536592442855
2020-03-23,225.60000000000036,5912.1365924428555
2020-03-24,0.0,5912.1365924428555
2020-03-25,0.0,5912.1365924428555
2020-03-26,-131.76764993826146,5780.368942504594
2020-03-27,108.54999999999927,5888.918942504593
2020-03-30,170.64999999999964,6059.568942504593
2020-03-31,44.04999999999927,6103.618942504592
2020-04-01,214.64999999999964,6318.268942504592
2020-04-03,-64.35785246989326,6253.911090034699
2020-04-07,252.06090456448146,6505.97199459918
2020-04-08,0.0,6505.97199459918
2020-04-09,0.0,6505.97199459918
2020-04-13,0.0,6505.97199459918
2020-04-15,181.40000000000146,6687.371994599182
2020-04-16,-20.600000000000364,6666.771994599181
2020-04-17,0.0,6666.771994599181
2020-04-20,0.0,6666.771994599181
2020-04-21,30.549999999999272,6697.3219945991805
2020-04-22,91.64999999999964,6788.97199459918
2020-04-23,28.94999999999891,6817.921994599179
2020-04-24,-57.81628949135484,6760.105705107824
2020-04-27,-60.54416008521366,6699.5615450226105
2020-04-28,0.0,6699.5615450226105
2020-04-29,77.14999999999964,6776.71154502261
2020-04-30,-56.12503821315295,6720.586506809457
2020-05-04,112.89999999999964,6833.486506809457
2020-05-05,78.85000000000036,6912.336506809457
2020-05-06,0.0,6912.336506809457
2020-05-07,0.0,6912.336506809457
2020-05-08,-54.166370869956154,6858.170135939501
2020-05-11,-1.738360593230027,6856.431775346271
2020-05-12,-7.900000000001455,6848.53177534627
2020-05-13,-10.850000000000364,6837.681775346269
2020-05-14,72.15000000000146,6909.831775346271
2020-05-15,-54.10851747145716,6855.7232578748135
2020-05-18,39.75,6895.4732578748135
2020-05-19,9.949999999998909,6905.423257874812
2020-05-20,0.0,6905.423257874812
2020-05-21,0.0,6905.423257874812
2020-05-22,-20.44999999999891,6884.9732578748135
2020-05-26,-49.3878834833522,6835.585374391461
2020-05-27,113.8536235521733,6949.438997943635
2020-05-28,44.45000000000073,6993.888997943635
2020-05-29,101.69999999999891,7095.588997943634
2020-06-01,-32.25,7063.338997943634
2020-06-02,28.850000000000364,7092.188997943635
2020-06-03,0.0,7092.188997943635
2020-06-04,0.0,7092.188997943635
2020-06-05,-11.600000000000364,7080.588997943634
2020-06-08,0.0,7080.588997943634
2020-06-09,-115.52601389951451,6965.06298404412
2020-06-10,-123.79291401527553,6841.270070028844
2020-06-11,139.18624385438306,6980.456313883227
2020-06-12,237.5,7217.956313883227
2020-06-15,-48.599999999998545,7169.356313883229
2020-06-16,-161.50944384618379,7007.846870037045
2020-06-17,-141.95257359489915,6865.894296442146
2020-06-18,303.42435672646207,7169.318653168608
2020-06-19,82.85000000000036,7252.168653168608
2020-06-22,0.0,7252.168653168608
2020-06-23,82.04999999999927,7334.2186531686075
2020-06-24,0.0,7334.2186531686075
2020-06-25,-99.61146602878944,7234.607187139818
2020-06-26,0.0,7234.607187139818
2020-06-29,-59.063699965738124,7175.54348717408
2020-06-30,0.0,7175.54348717408
2020-07-01,64.39999999999964,7239.94348717408
2020-07-02,-12.75,7227.19348717408
2020-07-03,0.0,7227.19348717408
2020-07-06,8.75,7235.94348717408
2020-07-07,-39.48195292939454,7196.461534244685
2020-07-08,0.0,7196.461534244685
2020-07-09,46.00000000000182,7242.461534244687
2020-07-10,0.0,7242.461534244687
2020-07-13,0.0,7242.461534244687
2020-07-14,122.77932273947226,7365.240856984159
2020-07-15,-51.13523060642183,7314.105626377737
2020-07-16,0.0,7314.105626377737
2020-07-17,68.60000000000036,7382.705626377738
2020-07-20,7.100000000000364,7389.805626377738
2020-07-21,-2.8000000000010914,7387.005626377737
2020-07-22,0.0,7387.005626377737
2020-07-23,19.5,7406.505626377737
2020-07-24,-26.959741856708206,7379.545884521029
2020-07-27,0.0,7379.545884521029
2020-07-28,126.90000000000146,7506.44588452103
2020-07-29,0.0,7506.44588452103
2020-07-30,-49.69156144254339,7456.754323078487
2020-07-31,0.0,7456.754323078487
2020-08-03,0.0,7456.754323078487
2020-08-04,0.0,7456.754323078487
2020-08-05,0.0,7456.754323078487
2020-08-06,-95.41884553309137,7361.335477545395
2020-08-07,-5.350000000000364,7355.985477545395
2020-08-10,-35.44165129395515,7320.54382625144
2020-08-11,0.0,7320.54382625144
2020-08-12,14.850000000000364,7335.39382625144
2020-08-13,0.0,7335.39382625144
2020-08-14,-46.49285610903826,7288.900970142402
2020-08-17,0.0,7288.900970142402
2020-08-18,53.29999999999927,7342.200970142401
2020-08-19,0.0,7342.200970142401
2020-08-20,-64.3696040350751,7277.831366107326
2020-08-21,-21.649999999999636,7256.1813661073265
2020-08-24,15.899999999999636,7272.081366107326
2020-08-25,0.0,7272.081366107326
2020-08-26,30.5,7302.581366107326
2020-08-27,0.0,7302.581366107326
2020-08-28,6.149999999999636,7308.731366107326
2020-08-31,48.0,7356.731366107326
2020-09-01,0.0,7356.731366107326
2020-09-02,-9.900000000001455,7346.831366107324
2020-09-03,0.0,7346.831366107324
2020-09-04,-52.2414164312886,7294.589949676036
2020-09-07,0.0,7294.589949676036
2020-09-08,0.0,7294.589949676036
2020-09-09,-42.306392933200186,7252.283556742836
2020-09-10,50.19999999999891,7302.4835567428345
2020-09-11,0.0,7302.4835567428345
2020-09-14,0.0,7302.4835567428345
2020-09-15,42.20000000000073,7344.683556742835
2020-09-16,42.5,7387.183556742835
2020-09-17,0.0,7387.183556742835
2020-09-18,0.0,7387.183556742835
2020-09-21,117.02583147508813,7504.209388217923
2020-09-22,0.0,7504.209388217923
2020-09-23,-16.099999999998545,7488.109388217925
2020-09-24,0.0,7488.109388217925
2020-09-25,0.0,7488.109388217925
2020-09-28,16.850000000000364,7504.959388217925
2020-09-29,-48.85966270085373,7456.099725517071
2020-09-30,0.0,7456.099725517071
2020-10-01,0.0,7456.099725517071
2020-10-05,-40.3136291825158,7415.786096334556
2020-10-06,0.0,7415.786096334556
2020-10-07,-10.800000000001091,7404.9860963345545
2020-10-08,-37.56258890085519,7367.423507433699
2020-10-09,-23.503468347835224,7343.920039085864
2020-10-12,0.0,7343.920039085864
2020-10-13,-46.15362691742121,7297.766412168443
2020-10-14,49.25,7347.016412168443
2020-10-15,85.55000000000109,7432.566412168444
2020-10-16,0.0,7432.566412168444
2020-10-19,-55.08214976297859,7377.484262405465
2020-10-20,-40.975137415030986,7336.509124990434
2020-10-21,-46.687272447683426,7289.821852542751
2020-10-22,-105.04902076465441,7184.772831778097
2020-10-23,0.0,7184.772831778097
2020-10-26,88.94587524536291,7273.7187070234595
2020-10-27,53.349999999998545,7327.068707023458
2020-10-28,120.60710473979088,7447.675811763249
2020-10-29,0.0,7447.675811763249
2020-10-30,-6.949999999998909,7440.72581176325
2020-11-02,0.0,7440.72581176325
2020-11-03,16.200000000000728,7456.925811763251
2020-11-04,0.0,7456.925811763251
2020-11-05,41.79999999999927,7498.72581176325
2020-11-06,53.69999999999891,7552.425811763249
2020-11-09,0.0,7552.425811763249
2020-11-10,5.773564970437292,7558.199376733686
2020-11-11,27.149999999999636,7585.349376733686
2020-11-12,0.0,7585.349376733686
2020-11-13,0.0,7585.349376733686
2020-11-17,0.0,7585.349376733686
2020-11-18,40.0,7625.349376733686
2020-11-19,-39.2164102173283,7586.132966516358
2020-11-20,4.799999999999272,7590.932966516357
2020-11-23,0.0,7590.932966516357
2020-11-24,-0.8999999999996362,7590.032966516357
2020-11-25,0.0,7590.032966516357
2020-11-26,107.89999999999782,7697.932966516355
2020-11-27,0.0,7697.932966516355
2020-12-01,36.70000000000073,7734.632966516356
2020-12-02,0.0,7734.632966516356
2020-12-03,0.0,7734.632966516356
2020-12-04,0.0,7734.632966516356
2020-12-07,33.899999999999636,7768.532966516355
2020-12-08,-31.700000000000728,7736.832966516355
2020-12-09,41.899999999999636,7778.732966516354
2020-12-10,0.0,7778.732966516354
2020-12-11,0.0,7778.732966516354
2020-12-14,0.0,7778.732966516354
2020-12-15,55.89999999999782,7834.632966516352
2020-12-16,7.300000000001091,7841.932966516353
2020-12-17,14.800000000001091,7856.732966516354
2020-12-18,9.0,7865.732966516354
2020-12-21,171.4961551167853,8037.22912163314
2020-12-22,0.0,8037.22912163314
2020-12-23,122.89999999999964,8160.129121633139
2020-12-24,0.0,8160.129121633139
2020-12-28,2.9499999999989086,8163.079121633138
2020-12-29,0.0,8163.079121633138
2020-12-30,0.0,8163.079121633138
2020-12-31,-72.42786204970434,8090.651259583434
2021-01-01,-25.0,8065.651259583434
2021-01-04,11.99096894088325,8077.642228524317
2021-01-05,85.45000000000073,8163.092228524318
2021-01-06,0.0,8163.092228524318
2021-01-07,0.0,8163.092228524318
2021-01-08,0.0,8163.092228524318
2021-01-11,0.0,8163.092228524318
2021-01-12,51.05000000000109,8214.142228524319
2021-01-13,0.0,8214.142228524319
2021-01-14,18.05000000000109,8232.19222852432
2021-01-15,-2.400000000001455,8229.792228524318
2021-01-18,-66.71860226382341,8163.073626260495
2021-01-19,88.64999999999964,8251.723626260495
2021-01-20,36.149999999999636,8287.873626260494
2021-01-21,-38.19562154311825,8249.678004717376
2021-01-22,135.5500000000011,8385.228004717377
2021-01-25,0.0,8385.228004717377
2021-01-27,139.15000000000146,8524.378004717379
2021-01-28,-118.67933769275442,8405.698667024624
2021-01-29,111.93817389179821,8517.636840916422
2021-02-01,65.25,8582.886840916422
2021-02-02,0.0,8582.886840916422
2021-02-03,0.0,8582.886840916422
2021-02-04,82.75,8665.636840916422
2021-02-05,0.0,8665.636840916422
2021-02-08,-10.349999999998545,8655.286840916424
2021-02-09,-49.04733507707533,8606.239505839349
2021-02-10,0.0,8606.239505839349
2021-02-11,0.0,8606.239505839349
2021-02-12,-46.12364542513751,8560.115860414211
2021-02-15,0.050000000001091394,8560.165860414212
2021-02-16,0.0,8560.165860414212
2021-02-17,-56.0682137924141,8504.097646621798
2021-02-18,5.149999999999636,8509.247646621798
2021-02-19,-57.325427505702464,8451.922219116095
2021-02-22,0.0,8451.922219116095
2021-02-23,0.0,8451.922219116095
2021-02-25,-35.54999999999927,8416.372219116096
2021-02-26,229.13272542111554,8645.504944537211
2021-03-01,0.0,8645.504944537211
2021-03-02,-149.01185589410488,8496.493088643107
2021-03-03,156.65000000000146,8653.143088643108
2021-03-04,-148.29825679463283,8504.844831848475
2021-03-05,-42.75,8462.094831848475
2021-03-08,-153.65169664354653,8308.443135204929
2021-03-09,-133.779279968443,8174.663855236486
2021-03-10,0.0,8174.663855236486
2021-03-12,-26.75,8147.913855236486
2021-03-15,0.0,8147.913855236486
2021-03-16,37.05000000000109,8184.963855236487
2021-03-17,159.20000000000073,8344.163855236488
2021-03-18,347.4049027246929,8691.56875796118
2021-03-19,0.0,8691.56875796118
2021-03-22,-76.87415249804872,8614.694605463132
2021-03-23,33.80000000000109,8648.494605463133
2021-03-24,91.14999999999964,8739.644605463132
2021-03-25,-72.7668717416309,8666.877733721501
2021-03-26,0.0,8666.877733721501
2021-03-30,93.60000000000036,8760.477733721502
2021-03-31,0.0,8760.477733721502
2021-04-01,52.95000000000073,8813.427733721503
2021-04-05,-77.98072083855914,8735.447012882943
2021-04-06,-84.54082339454362,8650.9061894884
2021-04-07,0.0,8650.9061894884
2021-04-08,-100.15767619218059,8550.74851329622
2021-04-09,0.0,8550.74851329622
2021-04-12,133.04999999999927,8683.798513296219
2021-04-13,0.0,8683.798513296219
2021-04-15,-186.27846659710485,8497.520046699114
2021-04-16,0.0,8497.520046699114
2021-04-19,0.0,8497.520046699114
2021-04-20,150.89999999999964,8648.420046699113
2021-04-22,0.0,8648.420046699113
2021-04-23,-60.19999999999709,8588.220046699116
2021-04-26,-73.02836740079329,8515.191679298323
2021-04-27,0.0,8515.191679298323
2021-04-28,90.54999999999927,8605.741679298322
2021-04-29,-62.17991740607067,8543.561761892252
2021-04-30,0.0,8543.561761892252
2021-05-03,0.0,8543.561761892252
2021-05-04,-57.50288064961023,8486.058881242641
2021-05-05,0.0,8486.058881242641
2021-05-06,5.899999999999636,8491.958881242641
2021-05-07,0.0,8491.958881242641
2021-05-10,-16.649999999999636,8475.308881242641
2021-05-11,-80.89190124132256,8394.416980001319
2021-05-12,-15.389671598895802,8379.027308402423
2021-05-14,0.0,8379.027308402423
2021-05-17,115.64999999999964,8494.677308402423
2021-05-18,-52.00657412430883,8442.670734278114
2021-05-19,0.0,8442.670734278114
2021-05-20,0.0,8442.670734278114
2021-05-21,101.75,8544.420734278114
2021-05-24,0.0,8544.420734278114
2021-05-25,0.0,8544.420734278114
2021-05-26,31.149999999999636,8575.570734278113
2021-05-27,-33.34098978455404,8542.22974449356
2021-05-28,-38.0809203489971,8504.148824144562
2021-05-31,0.0,8504.148824144562
2021-06-01,0.0,8504.148824144562
2021-06-02,0.0,8504.148824144562
2021-06-03,0.0,8504.148824144562
2021-06-04,0.0,8504.148824144562
2021-06-07,51.79999999999927,8555.948824144562
2021-06-08,0.0,8555.948824144562
2021-06-09,0.0,8555.948824144562
2021-06-10,45.099999999998545,8601.04882414456
2021-06-11,0.0,8601.04882414456
2021-06-14,77.75000000000182,8678.798824144562
2021-06-15,0.0,8678.798824144562
2021-06-16,0.0,8678.798824144562
2021-06-17,-41.21262400988235,8637.58620013468
2021-06-18,0.0,8637.58620013468
2021-06-21,-52.455089612438314,8585.131110522241
2021-06-22,0.0,8585.131110522241
2021-06-23,15.746865189074015,8600.877975711315
2021-06-24,37.850000000000364,8638.727975711316
2021-06-25,22.600000000000364,8661.327975711316
2021-06-28,0.0,8661.327975711316
2021-06-29,20.700000000000728,8682.027975711317
2021-06-30,-71.67484548935863,8610.353130221958
2021-07-01,0.0,8610.353130221958
2021-07-02,14.050000000001091,8624.40313022196
2021-07-05,22.49999999999818,8646.903130221957
2021-07-06,-26.705647497668906,8620.197482724288
2021-07-07,25.350000000000364,8645.547482724289
2021-07-08,73.75499450360257,8719.302477227891
2021-07-09,-38.54340715990111,8680.75907006799
2021-07-12,-14.242659896357509,8666.516410171633
2021-07-13,46.150000000001455,8712.666410171634
2021-07-14,40.5,8753.166410171634
2021-07-15,6.899999999999636,8760.066410171634
2021-07-16,0.0,8760.066410171634
2021-07-19,106.24738834450363,8866.313798516137
2021-07-20,-46.391233993212154,8819.922564522925
2021-07-22,25.80000000000109,8845.722564522926
2021-07-23,-25.350000000000364,8820.372564522926
2021-07-26,-40.44525533223532,8779.92730919069
2021-07-27,6.100000000000364,8786.027309190691
2021-07-28,0.0,8786.027309190691
2021-07-29,-17.700000000000728,8768.32730919069
2021-07-30,-29.066962890619834,8739.26034630007
2021-08-02,-4.025421020924114,8735.234925279146
2021-08-03,147.45000000000073,8882.684925279147
2021-08-04,-1.5999999999985448,8881.084925279149
2021-08-05,-29.25,8851.834925279149
2021-08-06,0.0,8851.834925279149
2021-08-09,0.0,8851.834925279149
2021-08-10,-42.955598380336596,8808.879326898812
2021-08-11,0.0,8808.879326898812
2021-08-12,19.850000000000364,8828.729326898812
2021-08-13,64.54999999999927,8893.279326898812
2021-08-16,-41.924401433225285,8851.354925465586
2021-08-17,0.0,8851.354925465586
2021-08-18,0.0,8851.354925465586
2021-08-20,-58.182350212638994,8793.172575252947
2021-08-23,0.0,8793.172575252947
2021-08-24,35.70000000000073,8828.872575252948
2021-08-25,-41.32069924494863,8787.551876008
2021-08-26,0.0,8787.551876008
2021-08-27,85.30000000000291,8872.851876008002
2021-08-30,73.14999999999782,8946.001876008
2021-08-31,140.5,9086.501876008
2021-09-01,0.0,9086.501876008
2021-09-02,159.89999999999782,9246.401876007998
2021-09-03,-43.782109748295625,9202.619766259702
2021-09-06,0.0,9202.619766259702
2021-09-07,-92.23112247227982,9110.388643787423
2021-09-08,0.0,9110.388643787423
2021-09-09,-9.201449984993815,9101.187193802429
2021-09-13,0.0,9101.187193802429
2021-09-14,0.0,9101.187193802429
2021-09-15,58.70000000000073,9159.88719380243
2021-09-16,45.04999999999927,9204.937193802429
2021-09-17,0.0,9204.937193802429
2021-09-20,-11.741416731663776,9193.195777070765
2021-09-21,96.40000000000146,9289.595777070766
2021-09-22,0.0,9289.595777070766
2021-09-23,100.15000000000146,9389.745777070768
2021-09-24,0.0,9389.745777070768
2021-09-27,0.0,9389.745777070768
2021-09-28,-58.54999999999927,9331.195777070769
2021-09-29,-128.38894890379015,9202.806828166978
2021-09-30,10.799999999999272,9213.606828166978
2021-10-01,-66.82926388880878,9146.777564278169
2021-10-04,-58.164023227807775,9088.613541050361
2021-10-05,127.95000000000073,9216.563541050362
2021-10-06,0.0,9216.563541050362
2021-10-07,-63.44999999999709,9153.113541050365
2021-10-08,-23.5,9129.613541050365
2021-10-11,-49.099999999998545,9080.513541050366
2021-10-12,0.0,9080.513541050366
2021-10-13,26.200000000000728,9106.713541050367
2021-10-14,-2.511522206590598,9104.202018843776
2021-10-18,-90.89098804448804,9013.311030799288
2021-10-19,0.0,9013.311030799288
2021-10-20,0.0,9013.311030799288
2021-10-21,61.5,9074.811030799288
2021-10-22,-40.122100061638776,9034.68893073765
2021-10-25,0.0,9034.68893073765
2021-10-26,-65.23707782920246,8969.451852908447
2021-10-27,-55.41818653227892,8914.033666376168
2021-10-28,0.0,8914.033666376168
2021-10-29,72.05000000000291,8986.083666376171
2021-11-01,0.0,8986.083666376171
2021-11-02,-0.9499999999970896,8985.133666376174
2021-11-03,83.2346136176784,9068.368279993852
2021-11-08,97.45000000000073,9165.818279993853
2021-11-09,0.0,9165.818279993853
2021-11-10,-104.2357249298293,9061.582555064024
2021-11-11,-52.389632591690315,9009.192922472334
2021-11-12,118.068764231346,9127.26168670368
2021-11-15,0.0,9127.26168670368
2021-11-16,0.0,9127.26168670368
2021-11-17,0.0,9127.26168670368
2021-11-18,23.549999999999272,9150.811686703679
2021-11-22,0.0,9150.811686703679
2021-11-23,0.0,9150.811686703679
2021-11-24,0.0,9150.811686703679
2021-11-25,0.0,9150.811686703679
2021-11-26,0.0,9150.811686703679
2021-11-29,0.0,9150.811686703679
2021-11-30,125.10000000000218,9275.911686703681
2021-12-01,0.0,9275.911686703681
2021-12-02,89.64999999999782,9365.561686703679
2021-12-03,238.84999999999854,9604.411686703677
2021-12-06,163.79999999999927,9768.211686703677
2021-12-07,-51.27116014517742,9716.9405265585
2021-12-08,80.84999999999854,9797.790526558498
2021-12-09,0.0,9797.790526558498
2021-12-10,0.0,9797.790526558498
2021-12-13,12.0,9809.790526558498
2021-12-14,-70.80827694338222,9738.982249615116
2021-12-15,-116.5301409209751,9622.45210869414
2021-12-16,-57.79325419220913,9564.658854501931
2021-12-17,59.45000000000073,9624.108854501932
2021-12-20,-35.29999999999927,9588.808854501933
2021-12-21,-27.549999999999272,9561.258854501933
2021-12-22,0.0,9561.258854501933
2021-12-23,37.25,9598.508854501933
2021-12-24,-66.58286135565868,9531.925993146275
2021-12-27,82.95000000000073,9614.875993146276
2021-12-28,0.0,9614.875993146276
2021-12-29,0.0,9614.875993146276
2021-12-30,-34.69569691696233,9580.180296229313
2021-12-31,-14.25,9565.930296229313
2022-01-03,0.0,9565.930296229313
2022-01-04,21.03198025111851,9586.962276480432
2022-01-05,70.54999999999927,9657.512276480431
2022-01-06,-36.650000000001455,9620.86227648043
2022-01-07,0.0,9620.86227648043
2022-01-10,29.0,9649.86227648043
2022-01-11,-41.739210691554035,9608.123065788875
2022-01-12,18.799999999999272,9626.923065788875
2022-01-13,0.0,9626.923065788875
2022-01-14,9.150000000001455,9636.073065788876
2022-01-17,-45.46071026186837,9590.612355527008
2022-01-18,-43.00426550269913,9547.608090024309
2022-01-19,0.0,9547.608090024309
2022-01-20,0.0,9547.608090024309
2022-01-21,0.0,9547.608090024309
2022-01-24,224.25,9771.858090024309
2022-01-25,0.0,9771.858090024309
2022-01-27,-93.03304607341852,9678.82504395089
2022-01-28,151.40000000000146,9830.225043950892
2022-01-31,0.0,9830.225043950892
2022-02-01,-206.5074149372631,9623.717629013629
2022-02-02,10.600000000002183,9634.31762901363
2022-02-03,0.0,9634.31762901363
2022-02-04,-45.12837879983272,9589.189250213798
2022-02-07,158.1999999999971,9747.389250213795
2022-02-08,-86.61040219227652,9660.778848021519
2022-02-09,68.69999999999709,9729.478848021516
2022-02-10,0.0,9729.478848021516
2022-02-11,-45.8848700131166,9683.593978008399
2022-02-14,38.60000000000218,9722.193978008401
2022-02-15,64.55000000000291,9786.743978008404
2022-02-16,-86.8450940447874,9699.898883963617
2022-02-17,0.0,9699.898883963617
2022-02-18,-73.79540784868004,9626.103476114937
2022-02-21,-69.75538751437853,9556.348088600558
2022-02-22,0.0,9556.348088600558
2022-02-23,74.59999999999854,9630.948088600557
2022-02-24,175.5500000000011,9806.498088600558
2022-02-25,0.0,9806.498088600558
2022-02-28,0.0,9806.498088600558
2022-03-02,-85.91892718213785,9720.57916141842
2022-03-03,51.349999999998545,9771.929161418419
2022-03-04,0.0,9771.929161418419
2022-03-07,-262.19811683679654,9509.731044581622
2022-03-08,-93.42039404571551,9416.310650535906
2022-03-09,64.29999999999927,9480.610650535906
2022-03-10,-21.849999999998545,9458.760650535907
2022-03-11,0.0,9458.760650535907
2022-03-14,0.0,9458.760650535907
2022-03-15,0.0,9458.760650535907
2022-03-16,0.0,9458.760650535907
2022-03-17,-5.94999999999709,9452.81065053591
2022-03-21,0.0,9452.81065053591
2022-03-22,305.3000000000029,9758.110650535913
2022-03-23,0.0,9758.110650535913
2022-03-24,-72.0363241388659,9686.074326397047
2022-03-25,0.0,9686.074326397047
2022-03-28,-24.14070034364704,9661.9336260534
2022-03-29,0.0,9661.9336260534
2022-03-30,-38.16072940405866,9623.772896649341
2022-03-31,0.0,9623.772896649341
2022-04-01,241.02155635996314,9864.794453009305
2022-04-04,0.0,9864.794453009305
2022-04-05,0.0,9864.794453009305
2022-04-06,0.0,9864.794453009305
2022-04-07,-19.816229111802386,9844.978223897502
2022-04-08,23.799999999995634,9868.778223897498
2022-04-11,-60.48001874782858,9808.29820514967
2022-04-12,0.0,9808.29820514967
2022-04-13,44.95000000000073,9853.24820514967
2022-04-18,0.0,9853.24820514967
2022-04-19,0.0,9853.24820514967
2022-04-20,0.0,9853.24820514967
2022-04-21,42.75,9895.99820514967
2022-04-22,42.12365897434938,9938.12186412402
2022-04-25,-69.42759381857832,9868.694270305441
2022-04-26,-58.13492113630127,9810.55934916914
2022-04-27,-58.995866124645545,9751.563483044494
2022-04-28,69.60054289233813,9821.164025936832
2022-04-29,0.0,9821.164025936832
2022-05-02,0.0,9821.164025936832
2022-05-04,0.0,9821.164025936832
2022-05-05,146.40000000000146,9967.564025936834
2022-05-06,-96.00137084929156,9871.562655087542
2022-05-09,0.0,9871.562655087542
2022-05-10,0.0,9871.562655087542
2022-05-11,-14.0,9857.562655087542
2022-05-12,16.549999999999272,9874.112655087541
2022-05-13,214.5,10088.612655087541
2022-05-16,0.0,10088.612655087541
2022-05-17,103.30000000000109,10191.912655087543
2022-05-18,-44.773423669739714,10147.139231417803
2022-05-19,254.25000000000182,10401.389231417805
2022-05-20,117.05000000000109,10518.439231417806
2022-05-23,0.0,10518.439231417806
2022-05-24,-31.492475895633106,10486.946755522173
2022-05-25,111.89999999999782,10598.84675552217
2022-05-26,0.0,10598.84675552217
2022-05-27,-77.8942906046941,10520.952464917476
2022-05-30,21.549999999999272,10542.502464917476
2022-05-31,-52.27101424950888,10490.231450667967
2022-06-01,0.0,10490.231450667967
2022-06-02,137.20000000000073,10627.431450667968
2022-06-03,0.0,10627.431450667968
2022-06-06,-98.44717014141497,10528.984280526553
2022-06-07,19.600000000002183,10548.584280526555
2022-06-08,-18.44999999999891,10530.134280526556
2022-06-09,0.0,10530.134280526556
2022-06-10,73.0,10603.134280526556
2022-06-13,-14.100000000000364,10589.034280526555
2022-06-14,-20.799999999999272,10568.234280526556
2022-06-15,0.0,10568.234280526556
2022-06-16,167.88217300367614,10736.116453530232
2022-06-17,0.0,10736.116453530232
2022-06-20,0.0,10736.116453530232
2022-06-21,-60.319206018535624,10675.797247511697
2022-06-22,66.39999999999964,10742.197247511696
2022-06-23,-200.8515027055073,10541.345744806189
2022-06-24,33.899999999999636,10575.245744806189
2022-06-27,-61.6664753533114,10513.579269452877
2022-06-28,0.0,10513.579269452877
2022-06-29,-23.450000000000728,10490.129269452877
2022-06-30,-59.42685267820161,10430.702416774675
2022-07-01,0.0,10430.702416774675
2022-07-04,93.95000000000073,10524.652416774676
2022-07-05,63.29999999999927,10587.952416774675
2022-07-06,-65.37445322959138,10522.577963545084
2022-07-07,0.0,10522.577963545084
2022-07-08,0.0,10522.577963545084
2022-07-11,5.899999999997817,10528.477963545081
2022-07-12,0.0,10528.477963545081
2022-07-13,19.850000000000364,10548.327963545082
2022-07-14,-47.44528699906914,10500.882676546013
2022-07-15,-53.256729274735335,10447.625947271277
2022-07-18,56.75,10504.375947271277
2022-07-19,1.71537741458269,10506.09132468586
2022-07-20,-49.04999999999927,10457.04132468586
2022-07-21,-14.718328771541564,10442.32299591432
2022-07-22,21.049999999999272,10463.372995914318
2022-07-25,-42.759592994461855,10420.613402919857
2022-07-26,0.0,10420.613402919857
2022-07-27,92.15000000000146,10512.763402919858
2022-07-28,0.0,10512.763402919858
2022-07-29,0.0,10512.763402919858
2022-08-01,48.900000000001455,10561.66340291986
2022-08-02,56.04999999999927,10617.713402919859
2022-08-03,0.0,10617.713402919859
2022-08-04,0.0,10617.713402919859
2022-08-05,-65.77429604632198,10551.939106873537
2022-08-08,0.0,10551.939106873537
2022-08-10,0.0,10551.939106873537
2022-08-11,0.0,10551.939106873537
2022-08-12,10.650000000001455,10562.589106873538
2022-08-16,0.0,10562.589106873538
2022-08-17,27.650000000001455,10590.23910687354
2022-08-18,0.0,10590.23910687354
2022-08-19,0.0,10590.23910687354
2022-08-22,0.0,10590.23910687354
2022-08-23,-72.52620202089383,10517.712904852646
2022-08-24,-63.21984768128823,10454.493057171358
2022-08-25,-94.27064133039676,10360.22241584096
2022-08-26,0.0,10360.22241584096
2022-08-29,-40.10000000000218,10320.122415840959
2022-08-30,123.02699229943028,10443.149408140389
2022-09-01,-151.5112740088116,10291.638134131577
2022-09-02,0.0,10291.638134131577
2022-09-05,26.150000000001455,10317.788134131579
2022-09-06,-47.62988603523627,10270.158248096343
2022-09-07,-97.91204827888942,10172.246199817453
2022-09-08,0.0,10172.246199817453
2022-09-09,0.0,10172.246199817453
2022-09-12,-39.1440776392883,10133.102122178165
2022-09-13,2.849999999998545,10135.952122178163
2022-09-14,169.2368861249961,10305.18900830316
2022-09-15,0.0,10305.18900830316
2022-09-16,0.0,10305.18900830316
2022-09-19,0.0,10305.18900830316
2022-09-20,-55.70000000000073,10249.489008303159
2022-09-21,-56.853359778811864,10192.635648524347
2022-09-22,0.0,10192.635648524347
2022-09-23,111.84999999999854,10304.485648524345
2022-09-26,-84.80054018617739,10219.685108338168
2022-09-27,-186.04606659150886,10033.63904174666
2022-09-28,0.0,10033.63904174666
2022-09-29,103.70000000000073,10137.33904174666
2022-09-30,-64.68988075947709,10072.649160987183
2022-10-03,165.40000000000146,10238.049160987184
2022-10-04,39.70000000000073,10277.749160987185
2022-10-06,0.0,10277.749160987185
2022-10-07,-48.2643041915253,10229.48485679566
2022-10-10,-119.78652076765866,10109.698336028001
2022-10-11,66.07324000203153,10175.771576030033
2022-10-12,-68.17867901278441,10107.592897017248
2022-10-13,-108.19636144936158,9999.396535567887
2022-10-14,-73.59572094568284,9925.800814622204
2022-10-17,20.799999999999272,9946.600814622203
2022-10-18,0.0,9946.600814622203
2022-10-19,0.0,9946.600814622203
2022-10-20,66.75,10013.350814622203
2022-10-21,-82.95396149775843,9930.396853124445
2022-10-25,0.0,9930.396853124445
2022-10-27,0.0,9930.396853124445
2022-10-28,0.0,9930.396853124445
2022-10-31,35.650000000001455,9966.046853124446
2022-11-01,-41.64326823845113,9924.403584885995
2022-11-02,0.0,9924.403584885995
2022-11-03,-45.58297279352337,9878.820612092471
2022-11-04,0.0,9878.820612092471
2022-11-07,44.349999999998545,9923.17061209247
2022-11-09,0.0,9923.17061209247
2022-11-10,6.799999999999272,9929.97061209247
2022-11-11,58.20000000000073,9988.17061209247
2022-11-14,0.0,9988.17061209247
2022-11-15,0.0,9988.17061209247
2022-11-16,-40.77039075886569,9947.400221333604
2022-11-17,0.0,9947.400221333604
2022-11-18,-44.12080545297067,9903.279415880634
2022-11-21,-6.099999999998545,9897.179415880635
2022-11-22,31.600000000002183,9928.779415880637
2022-11-23,0.0,9928.779415880637
2022-11-24,0.0,9928.779415880637
2022-11-25,0.0,9928.779415880637
2022-11-28,9.100000000002183,9937.87941588064
2022-11-29,0.0,9937.87941588064
2022-11-30,149.49935440335685,10087.378770283996
2022-12-01,0.0,10087.378770283996
2022-12-02,0.0,10087.378770283996
2022-12-05,-45.97847580484449,10041.400294479152
2022-12-06,-41.25,10000.150294479152
2022-12-07,27.450000000000728,10027.600294479153
2022-12-08,0.0,10027.600294479153
2022-12-09,91.64145421236026,10119.241748691513
2022-12-12,-50.382622483542946,10068.85912620797
2022-12-13,90.19999999999709,10159.059126207967
2022-12-14,0.0,10159.059126207967
2022-12-15,88.59555170861131,10247.654677916578
2022-12-16,-0.6584777849748207,10246.996200131603
2022-12-19,0.0,10246.996200131603
2022-12-20,-48.820831685035955,10198.175368446568
2022-12-21,274.2282770556194,10472.403645502187
2022-12-22,0.6999999999970896,10473.103645502184
2022-12-23,98.5,10571.603645502184
2022-12-26,0.0,10571.603645502184
2022-12-27,0.0,10571.603645502184
2022-12-28,-40.07450402149698,10531.529141480687
2022-12-29,0.0,10531.529141480687
2022-12-30,109.70000000000073,10641.229141480688
2023-01-02,0.0,10641.229141480688
2023-01-03,0.0,10641.229141480688
2023-01-04,154.6843358399492,10795.913477320637
2023-01-05,-9.5,10786.413477320637
2023-01-06,34.55000000000291,10820.96347732064
2023-01-09,-59.099999999998545,10761.863477320641
2023-01-10,100.35000000000218,10862.213477320644
2023-01-11,0.0,10862.213477320644
2023-01-12,0.0,10862.213477320644
2023-01-13,-11.75,10850.463477320644
2023-01-16,50.20000000000073,10900.663477320644
2023-01-17,-48.33163961301034,10852.331837707634
2023-01-18,0.0,10852.331837707634
2023-01-19,-43.12547966935381,10809.20635803828
2023-01-20,0.0,10809.20635803828
2023-01-23,-43.772001296838425,10765.434356741442
2023-01-24,0.0,10765.434356741442
2023-01-25,46.70000000000073,10812.134356741442
2023-01-27,67.05000000000291,10879.184356741445
2023-01-30,-156.02258431763403,10723.161772423811
2023-01-31,0.0,10723.161772423811
2023-02-01,63.94255267216795,10787.10432509598
2023-02-02,0.0,10787.10432509598
2023-02-03,56.70000000000073,10843.80432509598
2023-02-06,2.349999999998545,10846.154325095978
2023-02-07,-89.97115356608992,10756.183171529889
2023-02-08,19.5,10775.683171529889
2023-02-09,-1.6500000000014552,10774.033171529887
2023-02-10,0.0,10774.033171529887
2023-02-13,-44.29143214143187,10729.741739388455
2023-02-14,81.04999999999927,10810.791739388455
2023-02-15,4.21405614482137,10815.005795533276
2023-02-16,0.0,10815.005795533276
2023-02-17,-18.049999999999272,10796.955795533277
2023-02-20,-12.046500478205417,10784.909295055071
2023-02-21,-45.3960499285713,10739.5132451265
2023-02-22,96.29999999999927,10835.8132451265
2023-02-23,0.0,10835.8132451265
2023-02-24,58.89999999999782,10894.713245126497
2023-02-27,0.0,10894.713245126497
2023-02-28,42.25,10936.963245126497
2023-03-01,0.0,10936.963245126497
2023-03-02,-15.350000000002183,10921.613245126495
2023-03-03,68.70000000000073,10990.313245126496
2023-03-06,0.0,10990.313245126496
2023-03-08,40.349999999998545,11030.663245126494
2023-03-09,0.0,11030.663245126494
2023-03-10,0.0,11030.663245126494
2023-03-13,366.9726193384522,11397.635864464946
2023-03-14,43.599999999998545,11441.235864464945
2023-03-15,216.84999999999854,11658.085864464943
2023-03-16,0.0,11658.085864464943
2023-03-17,-70.16299915947093,11587.922865305472
2023-03-20,-71.53370672485471,11516.389158580618
2023-03-21,0.0,11516.389158580618
2023-03-22,10.799999999999272,11527.189158580617
2023-03-23,-49.5990212915749,11477.590137289042
2023-03-24,26.950000000000728,11504.540137289043
2023-03-27,0.0,11504.540137289043
2023-03-28,5.899999999997817,11510.44013728904
2023-03-29,26.86338687331954,11537.30352416236
2023-03-31,0.0,11537.30352416236
2023-04-03,0.0,11537.30352416236
2023-04-05,55.20000000000073,11592.503524162361
2023-04-06,-41.27407559132189,11551.229448571039
2023-04-10,-39.490310996148764,11511.73913757489
2023-04-11,0.0,11511.73913757489
2023-04-12,17.900000000001455,11529.639137574892
2023-04-13,0.0,11529.639137574892
2023-04-17,-33.5,11496.139137574892
2023-04-18,-35.94846066570972,11460.190676909182
2023-04-19,7.200000000000728,11467.390676909183
2023-04-20,-41.038183022206795,11426.352493886976
2023-04-21,-30.655967217691796,11395.696526669284
2023-04-24,130.62004398593854,11526.316570655223
2023-04-25,2.150000000001455,11528.466570655224
2023-04-26,66.25000000000364,11594.716570655228
2023-04-27,72.5,11667.216570655228
2023-04-28,98.14999999999782,11765.366570655226
2023-05-02,0.0,11765.366570655226
2023-05-03,0.0,11765.366570655226
2023-05-04,203.20818951799083,11968.574760173216
2023-05-05,-39.606269368225185,11928.968490804991
2023-05-08,0.0,11928.968490804991
2023-05-09,-35.86167112752446,11893.106819677467
2023-05-10,0.0,11893.106819677467
2023-05-11,0.0,11893.106819677467
2023-05-12,52.39999999999782,11945.506819677465
2023-05-15,-9.849999999998545,11935.656819677466
2023-05-16,0.0,11935.656819677466
2023-05-17,0.0,11935.656819677466
2023-05-18,49.04999999999927,11984.706819677465
2023-05-19,0.0,11984.706819677465
2023-05-22,-6.669675136021397,11978.037144541444
2023-05-23,-39.68146918947241,11938.355675351972
2023-05-24,-78.63334598459915,11859.722329367372
2023-05-25,-40.25810499787258,11819.4642243695
2023-05-26,89.15000000000146,11908.614224369501
2023-05-29,0.0,11908.614224369501
2023-05-30,0.0,11908.614224369501
2023-05-31,0.0,11908.614224369501
2023-06-01,0.0,11908.614224369501
2023-06-02,-37.9248492152401,11870.689375154261
2023-06-05,-35.10557170298853,11835.583803451273
2023-06-06,0.0,11835.583803451273
2023-06-07,48.25,11883.833803451273
2023-06-08,0.0,11883.833803451273
2023-06-09,-0.8499999999985448,11882.983803451274
2023-06-12,6.349999999998545,11889.333803451273
2023-06-13,9.849999999998545,11899.183803451271
2023-06-14,-1.3499999999985448,11897.833803451273
2023-06-15,0.0,11897.833803451273
2023-06-16,31.150000000001455,11928.983803451274
2023-06-19,0.0,11928.983803451274
2023-06-20,89.09199939065365,12018.075802841928
2023-06-21,0.0,12018.075802841928
2023-06-22,0.0,12018.075802841928
2023-06-23,50.75,12068.825802841928
2023-06-26,0.0,12068.825802841928
2023-06-27,114.06467232130672,12182.890475163234
2023-06-28,50.60000000000218,12233.490475163237
2023-06-30,75.15000000000146,12308.640475163238
2023-07-03,0.0,12308.640475163238
2023-07-04,-77.50342459266176,12231.137050570576
2023-07-05,0.0,12231.137050570576
2023-07-06,47.0,12278.137050570576
2023-07-07,0.0,12278.137050570576
2023-07-10,-99.43965722300709,12178.69739334757
2023-07-11,-43.57847578255678,12135.118917565012
2023-07-12,0.0,12135.118917565012
2023-07-13,0.0,12135.118917565012
2023-07-14,71.60000000000218,12206.718917565015
2023-07-17,88.30000000000291,12295.018917565018
2023-07-18,0.0,12295.018917565018
2023-07-19,0.0,12295.018917565018
2023-07-20,135.20000000000073,12430.218917565018
2023-07-21,0.0,12430.218917565018
2023-07-24,0.0,12430.218917565018
2023-07-25,0.0,12430.218917565018
2023-07-26,-83.10613019873563,12347.112787366283
2023-07-27,-2.5,12344.612787366283
2023-07-28,0.0,12344.612787366283
2023-07-31,132.75,12477.362787366283
2023-08-01,0.0,12477.362787366283
2023-08-02,108.42859112287624,12585.791378489159
2023-08-03,52.0,12637.791378489159
2023-08-04,0.0,12637.791378489159
2023-08-07,-12.450000000000728,12625.341378489158
2023-08-08,-14.700000000000728,12610.641378489157
2023-08-09,0.0,12610.641378489157
2023-08-10,-57.2018859227137,12553.439492566444
2023-08-11,-44.09936256983201,12509.340129996612
2023-08-14,0.0,12509.340129996612
2023-08-16,0.0,12509.340129996612
2023-08-17,3.6999999999970896,12513.040129996609
2023-08-18,0.0,12513.040129996609
2023-08-21,0.0,12513.040129996609
2023-08-22,-35.91137035199063,12477.128759644618
2023-08-23,18.5,12495.628759644618
2023-08-24,99.54999999999927,12595.178759644617
2023-08-25,0.0,12595.178759644617
2023-08-28,0.0,12595.178759644617
2023-08-29,-23.600000000002183,12571.578759644615
2023-08-30,-36.45127958448575,12535.12748006013
2023-08-31,131.28632161398127,12666.41380167411
2023-09-01,38.45000000000073,12704.863801674112
2023-09-04,0.0,12704.863801674112
2023-09-05,0.0,12704.863801674112
2023-09-06,0.0,12704.863801674112
2023-09-07,34.66855910882805,12739.53236078294
2023-09-08,6.299999999999272,12745.832360782939
2023-09-11,54.0,12799.832360782939
2023-09-12,0.0,12799.832360782939
2023-09-13,45.50000000000364,12845.332360782942
2023-09-14,0.0,12845.332360782942
2023-09-15,-33.02672207503565,12812.305638707907
2023-09-18,0.0,12812.305638707907
2023-09-20,54.900000000001455,12867.205638707908
2023-09-21,0.0,12867.205638707908
2023-09-22,0.0,12867.205638707908
2023-09-25,-49.720125237083266,12817.485513470825
2023-09-26,-35.7209482349499,12781.764565235875
2023-09-27,0.0,12781.764565235875
2023-09-28,280.25110926493653,13062.015674500812
2023-09-29,-37.58569340957183,13024.42998109124
2023-10-03,0.0,13024.42998109124
2023-10-04,-43.7801796303429,12980.649801460897
2023-10-05,0.0,12980.649801460897
2023-10-06,58.79999999999927,13039.449801460896
2023-10-09,42.5,13081.949801460896
2023-10-10,102.04915059659106,13183.998952057487
2023-10-11,-38.89760605234551,13145.101346005142
2023-10-12,0.0,13145.101346005142
2023-10-13,-23.59456076695278,13121.506785238189
2023-10-16,-80.78920791523342,13040.717577322956
2023-10-17,0.0,13040.717577322956
2023-10-18,64.75,13105.467577322956
2023-10-19,0.0,13105.467577322956
2023-10-20,0.0,13105.467577322956
2023-10-23,204.64999999999782,13310.117577322953
2023-10-25,124.59999999999854,13434.717577322952
2023-10-26,0.0,13434.717577322952
2023-10-27,0.0,13434.717577322952
2023-10-30,0.0,13434.717577322952
2023-10-31,-99.24999999999636,13335.467577322956
2023-11-01,10.350000000002183,13345.817577322958
2023-11-02,-46.3787942730778,13299.43878304988
2023-11-03,-45.373573835513525,13254.065209214366
2023-11-06,0.0,13254.065209214366
2023-11-07,0.0,13254.065209214366
2023-11-08,-30.740204748763063,13223.325004465603
2023-11-09,0.0,13223.325004465603
2023-11-10,20.721582488356944,13244.04658695396
2023-11-13,0.0,13244.04658695396
2023-11-15,-29.5,13214.54658695396
2023-11-16,-42.60553067412184,13171.941056279838
2023-11-17,0.0,13171.941056279838
2023-11-20,0.0,13171.941056279838
2023-11-21,-16.099999999998545,13155.84105627984
2023-11-22,0.0,13155.84105627984
2023-11-23,0.0,13155.84105627984
2023-11-24,0.0,13155.84105627984
2023-11-28,47.5,13203.34105627984
2023-11-29,82.90000000000146,13286.241056279841
2023-11-30,-37.43937089163228,13248.801685388209
2023-12-01,-14.55000000000291,13234.251685388206
2023-12-04,67.64999999999782,13301.901685388204
2023-12-05,36.75,13338.651685388204
2023-12-06,0.0,13338.651685388204
2023-12-07,0.0,13338.651685388204
2023-12-08,0.0,13338.651685388204
2023-12-11,0.0,13338.651685388204
2023-12-12,0.0,13338.651685388204
2023-12-13,-42.55796229390762,13296.093723094296
2023-12-14,-27.299999999999272,13268.793723094297
2023-12-15,123.35000000000218,13392.1437230943
2023-12-18,-50.18532338694786,13341.958399707351
2023-12-19,-56.30839852965801,13285.650001177693
2023-12-20,0.0,13285.650001177693
2023-12-21,106.65000000000146,13392.300001177695
2023-12-22,-67.33100467767508,13324.96899650002
2023-12-26,0.0,13324.96899650002
2023-12-27,-91.31193804632494,13233.657058453695
2023-12-28,12.899999999997817,13246.557058453693
2023-12-29,0.0,13246.557058453693
2024-01-01,-54.63458672069464,13191.922471732998
2024-01-02,0.0,13191.922471732998
2024-01-03,44.45000000000073,13236.372471732999
2024-01-04,13.150000000001455,13249.522471733
2024-01-05,0.0,13249.522471733
2024-01-08,118.95000000000073,13368.472471733001
2024-01-09,-66.49514778199227,13301.977323951009
2024-01-10,0.0,13301.977323951009
2024-01-11,0.0,13301.977323951009
2024-01-12,0.0,13301.977323951009
2024-01-15,0.0,13301.977323951009
2024-01-16,-47.74801891902462,13254.229305031984
2024-01-17,209.17418013259157,13463.403485164576
2024-01-18,-27.950000000000728,13435.453485164575
2024-01-19,-34.849999999998545,13400.603485164576
2024-01-20,0.0,13400.603485164576
2024-01-23,185.87559774662805,13586.479082911204
2024-01-24,-92.17363269329508,13494.30545021791
2024-01-25,-37.54999999999927,13456.75545021791
2024-01-29,155.84999999999854,13612.605450217909
2024-01-30,0.0,13612.605450217909
2024-01-31,105.30000000000291,13717.905450217911
2024-02-01,0.0,13717.905450217911
2024-02-02,-75.93771659899721,13641.967733618914
2024-02-05,0.0,13641.967733618914
2024-02-06,21.100000000002183,13663.067733618916
2024-02-07,0.0,13663.067733618916
2024-02-08,47.650000000001455,13710.717733618918
2024-02-09,0.0,13710.717733618918
2024-02-12,0.0,13710.717733618918
2024-02-13,0.0,13710.717733618918
2024-02-14,177.15000000000146,13887.86773361892
2024-02-15,-69.98118779290598,13817.886545826013
2024-02-16,-7.349999999998545,13810.536545826015
2024-02-19,1.9500000000007276,13812.486545826016
2024-02-20,75.75,13888.236545826016
2024-02-21,0.0,13888.236545826016
2024-02-22,36.52980249899338,13924.766348325009
2024-02-23,0.0,13924.766348325009
2024-02-26,0.0,13924.766348325009
2024-02-27,-7.937471961904521,13916.828876363104
2024-02-28,101.40000000000146,14018.228876363106
2024-02-29,0.0,14018.228876363106
2024-03-01,245.4499999999971,14263.678876363103
2024-03-04,0.0,14263.678876363103
2024-03-05,-51.78314326012696,14211.895733102976
2024-03-06,180.29999999999563,14392.195733102972
2024-03-07,0.0,14392.195733102972
2024-03-11,0.0,14392.195733102972
2024-03-12,-61.468841788486316,14330.726891314485
2024-03-13,0.0,14330.726891314485
2024-03-14,0.0,14330.726891314485
2024-03-15,-60.36839573483303,14270.358495579652
2024-03-18,0.0,14270.358495579652
2024-03-19,-2.650000000001455,14267.70849557965
2024-03-20,-66.70243803165795,14201.006057547993
2024-03-21,-138.87626250088215,14062.12979504711
2024-03-22,3.5500000000029104,14065.679795047114
2024-03-26,0.0,14065.679795047114
2024-03-27,-25.349999999998545,14040.329795047115
2024-03-28,-60.49785012511711,13979.831944921998
2024-04-01,0.0,13979.831944921998
2024-04-02,0.0,13979.831944921998
2024-04-03,-74.18723806669732,13905.6447068553
2024-04-04,-39.54999999999927,13866.094706855301
2024-04-05,7.049999999999272,13873.1447068553
2024-04-08,18.650000000001455,13891.794706855302
2024-04-09,0.0,13891.794706855302
2024-04-10,44.0,13935.794706855302
2024-04-12,65.95000000000073,14001.744706855303
2024-04-15,-73.44094222696731,13928.303764628336
2024-04-16,-51.226845800792944,13877.076918827543
2024-04-18,-153.740843477608,13723.336075349935
2024-04-19,0.0,13723.336075349935
2024-04-22,63.45000000000073,13786.786075349935
2024-04-23,0.0,13786.786075349935
2024-04-24,0.0,13786.786075349935
2024-04-25,30.624103331043443,13817.410178680979
2024-04-26,0.0,13817.410178680979
2024-04-29,236.65000000000146,14054.06017868098
2024-04-30,-43.54035014132387,14010.519828539656
2024-05-02,-94.59999999999854,13915.919828539658
2024-05-03,4.450000000000728,13920.369828539659
2024-05-06,0.0,13920.369828539659
2024-05-07,50.79999999999927,13971.169828539658
2024-05-08,0.0,13971.169828539658
2024-05-09,181.04941426917867,14152.219242808836
2024-05-10,0.0,14152.219242808836
2024-05-13,0.0,14152.219242808836
2024-05-14,-10.75,14141.469242808836
2024-05-15,25.349999999998545,14166.819242808835
2024-05-16,-347.5282143659497,13819.291028442885
2024-05-17,14.400000000001455,13833.691028442887
2024-05-21,11.299999999999272,13844.991028442886
2024-05-22,18.25,13863.241028442886
2024-05-23,281.90000000000146,14145.141028442888
2024-05-24,-55.077432700327336,14090.06359574256
2024-05-27,-58.37596017100077,14031.68763557156
2024-05-28,0.0,14031.68763557156
2024-05-29,-38.125171936131665,13993.562463635428
2024-05-30,0.0,13993.562463635428
2024-05-31,-150.4912086460863,13843.071254989341
2024-06-03,59.70000000000073,13902.771254989342
2024-06-04,690.3696257255397,14593.140880714882
2024-06-05,0.0,14593.140880714882
2024-06-06,0.0,14593.140880714882
2024-06-07,251.95000000000073,14845.090880714883
2024-06-10,0.0,14845.090880714883
2024-06-11,-66.34999999999854,14778.740880714884
2024-06-12,-122.53061256391084,14656.210268150973
2024-06-13,0.0,14656.210268150973
2024-06-14,0.0,14656.210268150973
2024-06-18,0.0,14656.210268150973
2024-06-19,-33.099999999998545,14623.110268150975
2024-06-20,-122.29256534978049,14500.817702801194
2024-06-21,0.0,14500.817702801194
2024-06-24,62.700000000004366,14563.517702801199
2024-06-25,107.30000000000291,14670.817702801201
2024-06-26,108.90000000000146,14779.717702801203
2024-06-27,1.1854326632637822,14780.903135464467
2024-06-28,0.0,14780.903135464467
2024-07-01,37.55000000000291,14818.45313546447
2024-07-02,0.0,14818.45313546447
2024-07-03,0.0,14818.45313546447
2024-07-04,0.0,14818.45313546447
2024-07-05,-51.86716091690687,14766.585974547563
2024-07-08,0.0,14766.585974547563
2024-07-09,33.099999999998545,14799.685974547561
2024-07-10,-64.42062480111781,14735.265349746443
2024-07-11,0.0,14735.265349746443
2024-07-12,-37.69999999999709,14697.565349746446
2024-07-15,-16.400000000001455,14681.165349746445
2024-07-16,-45.330828406680666,14635.834521339764
2024-07-18,193.85005419630033,14829.684575536065
2024-07-19,0.0,14829.684575536065
2024-07-22,0.0,14829.684575536065
2024-07-23,-172.21178043345571,14657.472795102609
2024-07-24,0.0,14657.472795102609
2024-07-25,77.70000000000073,14735.17279510261
2024-07-26,409.75431092824874,15144.927106030858
2024-07-29,-63.853384957845265,15081.073721073013
2024-07-30,-115.77434791213454,14965.299373160879
2024-07-31,-2.5,14962.799373160879
2024-08-01,0.0,14962.799373160879
2024-08-02,-72.86666779061488,14889.932705370264
2024-08-05,0.0,14889.932705370264
2024-08-06,284.25000000000364,15174.182705370267
2024-08-07,0.0,15174.182705370267
2024-08-08,-10.30000000000291,15163.882705370264
2024-08-09,3.649999999997817,15167.532705370262
2024-08-12,-69.88561229424522,15097.647093076017
2024-08-13,334.9386490419347,15432.585742117952
2024-08-14,0.0,15432.585742117952
2024-08-16,203.55910274977578,15636.144844867727
2024-08-19,0.0,15636.144844867727
2024-08-20,-33.30000000000291,15602.844844867725
2024-08-21,27.049999999999272,15629.894844867724
2024-08-22,0.0,15629.894844867724
2024-08-23,0.0,15629.894844867724
2024-08-26,-16.799999999999272,15613.094844867725
2024-08-27,-46.10480946764437,15566.99003540008
2024-08-28,-12.549999999999272,15554.44003540008
2024-08-29,-44.21916563970808,15510.220869760373
2024-08-30,0.0,15510.220869760373
2024-09-02,0.0,15510.220869760373
2024-09-03,0.0,15510.220869760373
2024-09-04,38.64999999999782,15548.87086976037
2024-09-05,-45.46918904399354,15503.401680716377
2024-09-06,93.29999999999927,15596.701680716376
2024-09-09,0.0,15596.701680716376
2024-09-10,-37.63791452219448,15559.063766194182
2024-09-11,-11.97631074614037,15547.087455448042
2024-09-12,369.40000000000146,15916.487455448043
2024-09-13,0.0,15916.487455448043
2024-09-16,0.0,15916.487455448043
2024-09-17,-1.5999999999985448,15914.887455448044
2024-09-18,-38.955448172360775,15875.932007275684
2024-09-19,0.0,15875.932007275684
2024-09-20,34.26111868409498,15910.193125959779
2024-09-23,7.150000000001455,15917.34312595978
2024-09-24,0.0,15917.34312595978
2024-09-25,0.0,15917.34312595978
2024-09-26,-42.88615928950094,15874.45696667028
2024-09-27,0.0,15874.45696667028
2024-09-30,86.54999999999927,15961.006966670278
2024-10-01,0.0,15961.006966670278
2024-10-03,0.0,15961.006966670278
2024-10-04,218.59999999999854,16179.606966670277
2024-10-07,192.1999999999971,16371.806966670274
2024-10-08,0.0,16371.806966670274
2024-10-09,0.0,16371.806966670274
2024-10-10,89.95000000000073,16461.756966670277
2024-10-11,-30.450000000000728,16431.306966670276
2024-10-14,0.4500000000007276,16431.756966670277
2024-10-15,-90.35828963560198,16341.398677034675
2024-10-16,85.26353785934407,16426.66221489402
2024-10-17,29.600000000002183,16456.26221489402
2024-10-18,0.0,16456.26221489402
2024-10-21,26.450000000000728,16482.71221489402
2024-10-22,232.2500123473328,16714.962227241354
2024-10-23,0.0,16714.962227241354
2024-10-24,0.0,16714.962227241354
2024-10-25,0.0,16714.962227241354
2024-10-28,0.0,16714.962227241354
2024-10-29,0.0,16714.962227241354
2024-10-30,-12.100000000002183,16702.862227241352
2024-10-31,10.700000000000728,16713.562227241353
2024-11-04,0.0,16713.562227241353
2024-11-05,-87.66382700851318,16625.89840023284
2024-11-06,144.85000000000218,16770.748400232842
2024-11-07,-7.5,16763.248400232842
2024-11-08,0.0,16763.248400232842
2024-11-11,-85.4019167360675,16677.846483496774
2024-11-12,477.0509717205132,17154.897455217288
2024-11-13,138.75,17293.647455217288
2024-11-14,-51.25,17242.397455217288
2024-11-18,0.0,17242.397455217288
2024-11-19,0.0,17242.397455217288
2024-11-21,0.0,17242.397455217288
2024-11-22,218.8548723721069,17461.252327589395
2024-11-25,-97.07883752873022,17364.173490060664
2024-11-26,0.0,17364.173490060664
2024-11-27,-18.150000000001455,17346.023490060663
2024-11-28,85.15000000000146,17431.173490060664
2024-11-29,-6.75,17424.423490060664
2024-12-02,118.29999999999927,17542.723490060664
2024-12-03,0.0,17542.723490060664
2024-12-04,0.0,17542.723490060664
2024-12-05,417.39166276207106,17960.115152822735
2024-12-06,0.0,17960.115152822735
2024-12-09,0.0,17960.115152822735
2024-12-10,0.0,17960.115152822735
2024-12-11,-7.25,17952.865152822735
2024-12-12,0.0,17952.865152822735
2024-12-13,409.40000000000146,18362.265152822736
2024-12-16,0.0,18362.265152822736
2024-12-17,101.29999999999927,18463.565152822735
2024-12-18,34.900000000001455,18498.465152822737
2024-12-19,0.0,18498.465152822737
2024-12-20,260.0499999999993,18758.515152822736
2024-12-23,-165.51257774570695,18593.00257507703
2024-12-24,0.0,18593.00257507703
2024-12-26,-30.400000000001455,18562.602575077028
2024-12-27,0.0,18562.602575077028
2024-12-30,226.0,18788.602575077028
2024-12-31,0.0,18788.602575077028
2025-01-01,0.0,18788.602575077028
2025-01-02,186.0645398855595,18974.667114962587
2025-01-03,0.0,18974.667114962587
2025-01-06,490.1000000000022,19464.76711496259
2025-01-07,0.0,19464.76711496259
2025-01-08,-83.30810823019056,19381.4590067324
2025-01-09,35.200000000004366,19416.659006732403
2025-01-10,0.0,19416.659006732403
2025-01-13,62.10000000000218,19478.759006732405
2025-01-14,0.0,19478.759006732405
2025-01-15,-54.535337257046194,19424.22366947536
2025-01-16,-21.900000000001455,19402.323669475358
2025-01-17,-73.67948766720292,19328.644181808155
2025-01-20,10.450000000000728,19339.094181808156
2025-01-21,117.10682408711364,19456.20100589527
2025-01-22,-95.28650719067446,19360.914498704595
2025-01-23,-43.04999999999927,19317.864498704595
2025-01-24,3.2516799502300273,19321.116178654825
2025-01-27,28.599999999998545,19349.716178654824
2025-01-28,0.0,19349.716178654824
2025-01-29,21.44999999999709,19371.16617865482
2025-01-30,0.0,19371.16617865482
2025-01-31,0.0,19371.16617865482
2025-02-01,-69.5604896682562,19301.605688986565
2025-02-03,-86.80000000000291,19214.805688986562
2025-02-04,151.15000000000146,19365.955688986563
2025-02-05,0.0,19365.955688986563
2025-02-06,0.0,19365.955688986563
2025-02-07,-218.0568266164446,19147.89886237012
2025-02-10,3.2000000000007276,19151.09886237012
2025-02-11,183.89999999999782,19334.998862370117
2025-02-12,0.0,19334.998862370117
2025-02-13,0.0,19334.998862370117
2025-02-14,-11.400000000001455,19323.598862370116
2025-02-17,-98.86685381948337,19224.732008550633
2025-02-18,-168.51477555325982,19056.217232997373
2025-02-19,-68.61310478721498,18987.604128210158
2025-02-20,0.0,18987.604128210158
2025-02-21,-52.99503064411692,18934.60909756604
2025-02-24,-61.546236733447586,18873.062860832593
2025-02-25,0.0,18873.062860832593
2025-02-27,-19.700000000000728,18853.362860832593
2025-02-28,95.89999999999782,18949.26286083259
2025-03-03,0.0,18949.26286083259
2025-03-04,0.0,18949.26286083259
2025-03-05,-54.63639894792141,18894.62646188467
2025-03-06,208.715455233978,19103.341917118647
2025-03-07,0.0,19103.341917118647
2025-03-10,-11.55000000000291,19091.791917118644
2025-03-11,-3.25,19088.541917118644
2025-03-12,-133.6949053085409,18954.847011810103
2025-03-13,36.900000000001455,18991.747011810105
2025-03-17,18.349999999998545,19010.097011810103
2025-03-18,0.0,19010.097011810103
2025-03-19,8.25,19018.347011810103
2025-03-20,109.29999999999927,19127.647011810102
2025-03-21,0.0,19127.647011810102
2025-03-24,74.45000000000073,19202.097011810103
2025-03-25,0.0,19202.097011810103
2025-03-26,0.0,19202.097011810103
2025-03-27,0.0,19202.097011810103
2025-03-28,-66.00124316888105,19136.095768641222
2025-04-01,74.34999999999854,19210.44576864122
2025-04-02,37.5,19247.94576864122
2025-04-03,-32.0,19215.94576864122
2025-04-04,0.0,19215.94576864122
2025-04-07,0.0,19215.94576864122
2025-04-08,-337.427269959353,18878.518498681868
2025-04-09,-33.5,18845.018498681868
2025-04-11,28.5,18873.518498681868
2025-04-15,0.0,18873.518498681868
2025-04-16,41.849999999998545,18915.368498681866
2025-04-17,606.1543994496933,19521.52289813156
2025-04-21,44.75,19566.27289813156
2025-04-22,-65.7192643384733,19500.553633793086
2025-04-23,34.29999999999927,19534.853633793085
2025-04-24,0.0,19534.853633793085
2025-04-25,-33.64999999999782,19501.203633793088
2025-04-28,32.44999999999709,19533.653633793085
2025-04-29,0.0,19533.653633793085
2025-04-30,0.0,19533.653633793085
2025-05-02,0.0,19533.653633793085
2025-05-05,-89.40412989228207,19444.249503900803
2025-05-06,-6.549999999999272,19437.699503900803
2025-05-07,0.0,19437.699503900803
2025-05-08,38.599999999998545,19476.299503900802
2025-05-09,0.0,19476.299503900802
2025-05-12,324.0,19800.299503900802
2025-05-13,0.0,19800.299503900802
2025-05-14,0.0,19800.299503900802
2025-05-15,-49.641168106576515,19750.658335794225
2025-05-16,0.0,19750.658335794225
2025-05-19,0.0,19750.658335794225
2025-05-20,9.0,19759.658335794225
2025-05-21,-150.27250686713887,19609.385828927087
2025-05-22,-28.0,19581.385828927087
2025-05-23,33.20000000000073,19614.585828927087
2025-05-26,0.0,19614.585828927087
2025-05-27,-382.94558852089904,19231.64024040619
2025-05-28,0.0,19231.64024040619
2025-05-29,0.0,19231.64024040619
2025-05-30,-16.05000000000291,19215.590240406185
2025-06-02,-62.41559009953198,19153.174650306653
2025-06-03,53.0,19206.174650306653
2025-06-04,0.0,19206.174650306653
2025-06-05,121.58771026346221,19327.762360570116
2025-06-06,165.5,19493.262360570116
2025-06-09,0.0,19493.262360570116
2025-06-10,0.0,19493.262360570116
2025-06-11,-40.575356498178735,19452.687004071937
2025-06-12,-26.649999999997817,19426.03700407194
2025-06-13,60.44999999999709,19486.487004071936
2025-06-16,39.85000000000218,19526.33700407194
2025-06-17,-36.5,19489.83700407194
2025-06-18,-7.25,19482.58700407194
2025-06-19,0.0,19482.58700407194
2025-06-20,105.64999999999782,19588.237004071936
2025-06-23,-194.8833934262475,19393.35361064569
2025-06-24,-86.15157419686875,19307.20203644882
2025-06-25,34.599999999998545,19341.80203644882
2025-06-26,98.04999999999927,19439.852036448818
2025-06-27,6.0,19445.852036448818
2025-06-30,0.0,19445.852036448818
2025-07-01,0.0,19445.852036448818
2025-07-02,0.0,19445.852036448818
2025-07-03,-56.12613214600424,19389.725904302813
2025-07-04,-52.798632600999554,19336.927271701814
2025-07-07,8.549999999999272,19345.477271701813
2025-07-08,82.65000000000146,19428.127271701815
2025-07-09,-75.59800637721855,19352.529265324596
2025-07-10,56.5,19409.029265324596
2025-07-11,0.0,19409.029265324596
2025-07-14,-53.160207587519835,19355.869057737076
2025-07-15,0.0,19355.869057737076
2025-07-16,-48.72002518941372,19307.149032547663
2025-07-17,-6.788998623014777,19300.360033924648
2025-07-18,0.0,19300.360033924648
2025-07-21,0.0,19300.360033924648
2025-07-22,11.5,19311.860033924648
2025-07-23,102.29999999999927,19414.160033924647
2025-07-24,7.049999999999272,19421.210033924646
2025-07-25,0.0,19421.210033924646
