module,dir,entry_time,exit_time,entry_px,pnl_pts
TREND,LONG,2015-01-21 10:30:00,2015-01-21 11:00:00,8728.1,-26.82
TREND,SHORT,2015-02-02 10:30:00,2015-02-02 13:45:00,8784.8,-38.66
TREND,LONG,2015-02-03 11:15:00,2015-02-03 11:45:00,8828.45,-38.08
TREND,SHORT,2015-02-03 12:30:00,2015-02-03 14:00:00,8739.25,-40.4
TREND,LONG,2015-02-05 13:30:00,2015-02-05 15:00:00,8806.6,-29.65
TREND,SHORT,2015-02-10 13:30:00,2015-02-10 15:15:00,8556.65,2.35
ORB,SHORT,2015-02-12 11:30:00,2015-02-12 14:15:00,8618.15,-31.87
TREND,LONG,2015-02-12 14:30:00,2015-02-12 15:15:00,8650.4,69.34
ORB,LONG,2015-02-13 12:15:00,2015-02-13 15:15:00,8769.35,36.7
ORB,LONG,2015-02-18 11:15:00,2015-02-18 15:15:00,8854.3,13.95
TREND,LONG,2015-02-18 11:45:00,2015-02-18 15:15:00,8855.6,12.65
TREND,SHORT,2015-02-23 14:30:00,2015-02-23 15:15:00,8767.0,5.1
ORB,LONG,2015-02-24 13:30:00,2015-02-24 14:30:00,8779.65,-27.9
TREND,LONG,2015-02-25 10:30:00,2015-02-25 14:00:00,8823.85,-34.5
TREND,SHORT,2015-02-25 14:30:00,2015-02-25 15:15:00,8779.1,5.3
TREND,LONG,2015-02-27 12:30:00,2015-02-27 15:15:00,8766.3,71.42
ORB,LONG,2015-02-28 11:15:00,2015-02-28 11:45:00,8920.45,-32.1
ORB,LONG,2015-03-03 12:45:00,2015-03-03 15:15:00,8963.55,24.4
TREND,SHORT,2015-03-05 13:30:00,2015-03-05 14:00:00,8875.7,-36.46
TREND,SHORT,2015-03-09 10:30:00,2015-03-09 15:15:00,8817.4,57.15
ORB,SHORT,2015-03-10 13:45:00,2015-03-10 15:15:00,8723.35,4.05
ORB,SHORT,2015-03-11 11:15:00,2015-03-11 14:30:00,8712.9,-34.24
TREND,SHORT,2015-03-13 10:15:00,2015-03-13 14:15:00,8750.75,89.38
ORB,SHORT,2015-03-13 11:45:00,2015-03-13 15:15:00,8691.95,51.75
ORB,SHORT,2015-03-16 12:30:00,2015-03-16 13:45:00,8612.8,-29.45
TREND,SHORT,2015-03-17 13:00:00,2015-03-17 15:15:00,8666.55,-32.65
ORB,SHORT,2015-03-17 13:15:00,2015-03-17 15:15:00,8653.85,-33.26
TREND,LONG,2015-03-19 10:30:00,2015-03-19 11:45:00,8768.0,-35.7
ORB,SHORT,2015-03-19 11:45:00,2015-03-19 15:15:00,8731.35,95.2
ORB,SHORT,2015-03-20 12:30:00,2015-03-20 15:15:00,8585.45,13.4
ORB,SHORT,2015-03-23 13:45:00,2015-03-23 15:15:00,8558.0,1.2
ORB,SHORT,2015-03-25 11:45:00,2015-03-25 15:15:00,8542.0,8.05
ORB,SHORT,2015-03-26 11:45:00,2015-03-26 15:15:00,8461.35,104.35
ORB,SHORT,2015-03-27 11:45:00,2015-03-27 15:15:00,8336.55,-11.55
ORB,SHORT,2015-03-31 14:30:00,2015-03-31 15:15:00,8477.05,-19.7
TREND,LONG,2015-04-01 13:30:00,2015-04-01 15:15:00,8526.1,52.15
ORB,LONG,2015-04-08 12:15:00,2015-04-08 13:30:00,8725.7,-30.36
ORB,LONG,2015-04-08 14:00:00,2015-04-08 15:15:00,8718.0,-3.3
ORB,LONG,2015-04-13 12:15:00,2015-04-13 15:15:00,8805.3,25.9
TREND,SHORT,2015-04-16 10:30:00,2015-04-16 15:15:00,8698.8,-14.35
TREND,SHORT,2015-04-17 10:15:00,2015-04-17 15:15:00,8644.4,41.9
ORB,SHORT,2015-04-20 10:45:00,2015-04-20 15:15:00,8544.75,89.25
ORB,SHORT,2015-04-22 10:45:00,2015-04-22 15:00:00,8373.75,-38.58
ORB,SHORT,2015-04-23 10:45:00,2015-04-23 15:15:00,8437.05,33.3
TREND,SHORT,2015-04-23 11:00:00,2015-04-23 15:15:00,8413.65,9.9
ORB,SHORT,2015-04-24 10:45:00,2015-04-24 15:15:00,8334.15,26.45
ORB,SHORT,2015-04-27 10:45:00,2015-04-27 11:30:00,8227.9,-41.84
ORB,SHORT,2015-04-27 14:30:00,2015-04-27 15:15:00,8222.0,-2.55
ORB,SHORT,2015-05-05 13:15:00,2015-05-05 15:15:00,8298.15,-28.61
TREND,SHORT,2015-05-06 10:30:00,2015-05-06 15:15:00,8162.4,61.3
ORB,SHORT,2015-05-06 12:00:00,2015-05-06 15:15:00,8127.55,26.45
ORB,SHORT,2015-05-07 12:45:00,2015-05-07 13:00:00,8033.2,-37.3
ORB,SHORT,2015-05-07 14:15:00,2015-05-07 15:15:00,8033.9,-39.07
TREND,LONG,2015-05-11 10:30:00,2015-05-11 15:15:00,8269.45,57.5
TREND,SHORT,2015-05-12 10:30:00,2015-05-12 15:15:00,8164.9,43.65
ORB,SHORT,2015-05-12 11:15:00,2015-05-12 15:15:00,8169.6,48.35
TREND,LONG,2015-05-13 10:30:00,2015-05-13 11:00:00,8236.8,-38.38
ORB,SHORT,2015-05-13 11:00:00,2015-05-13 13:30:00,8148.45,-43.53
TREND,SHORT,2015-05-13 11:30:00,2015-05-13 13:15:00,8136.35,-47.23
TREND,LONG,2015-05-13 14:30:00,2015-05-13 15:15:00,8232.9,-0.95
TREND,LONG,2015-05-14 10:15:00,2015-05-14 15:15:00,8203.3,23.75
ORB,LONG,2015-05-19 10:45:00,2015-05-19 14:30:00,8368.5,-25.62
ORB,LONG,2015-05-27 13:15:00,2015-05-27 13:45:00,8337.55,-21.99
ORB,SHORT,2015-05-28 11:00:00,2015-05-28 15:15:00,8326.9,4.5
TREND,SHORT,2015-05-28 12:15:00,2015-05-28 15:15:00,8294.4,-22.75
TREND,LONG,2015-05-29 10:30:00,2015-05-29 13:45:00,8397.45,-30.07
ORB,LONG,2015-06-01 11:15:00,2015-06-01 14:00:00,8460.95,-26.88
TREND,SHORT,2015-06-02 11:30:00,2015-06-02 14:30:00,8340.5,81.75
ORB,SHORT,2015-06-03 11:30:00,2015-06-03 15:15:00,8156.7,25.35
ORB,SHORT,2015-06-04 13:15:00,2015-06-04 14:45:00,8081.55,-33.4
ORB,SHORT,2015-06-08 13:30:00,2015-06-08 14:30:00,8049.8,-26.81
TREND,SHORT,2015-06-11 10:30:00,2015-06-11 11:45:00,8098.6,69.38
ORB,SHORT,2015-06-16 13:00:00,2015-06-16 14:30:00,7969.45,-22.55
ORB,LONG,2015-06-19 14:00:00,2015-06-19 15:15:00,8229.35,-17.3
ORB,LONG,2015-06-22 10:45:00,2015-06-22 15:15:00,8312.6,37.15
ORB,LONG,2015-06-24 13:15:00,2015-06-24 15:00:00,8415.45,-17.72
ORB,LONG,2015-06-25 12:15:00,2015-06-25 15:15:00,8370.6,24.15
TREND,LONG,2015-06-25 13:15:00,2015-06-25 15:15:00,8389.55,5.2
TREND,LONG,2015-06-26 14:30:00,2015-06-26 14:45:00,8399.4,-23.86
TREND,SHORT,2015-06-29 10:30:00,2015-06-29 14:15:00,8236.55,-37.58
TREND,LONG,2015-06-29 14:30:00,2015-06-29 15:15:00,8322.1,-11.8
TREND,LONG,2015-06-30 13:15:00,2015-06-30 15:15:00,8331.15,34.4
ORB,LONG,2015-07-01 12:15:00,2015-07-01 15:15:00,8430.9,12.75
ORB,LONG,2015-07-06 12:45:00,2015-07-06 15:15:00,8451.55,70.8
TREND,LONG,2015-07-06 13:45:00,2015-07-06 15:15:00,8461.45,62.1
TREND,SHORT,2015-07-08 11:30:00,2015-07-08 14:00:00,8369.85,-33.63
ORB,SHORT,2015-07-10 10:45:00,2015-07-10 15:15:00,8330.9,-28.95
ORB,LONG,2015-07-13 12:45:00,2015-07-13 15:15:00,8445.55,14.65
TREND,LONG,2015-07-13 13:30:00,2015-07-13 15:15:00,8451.05,9.15
ORB,LONG,2015-07-14 14:15:00,2015-07-14 14:30:00,8471.95,-22.18
ORB,LONG,2015-07-15 11:00:00,2015-07-15 15:15:00,8522.3,2.45
ORB,LONG,2015-07-16 13:15:00,2015-07-16 15:15:00,8584.75,20.85
TREND,LONG,2015-07-22 11:00:00,2015-07-22 15:15:00,8575.4,56.7
ORB,LONG,2015-07-22 11:00:00,2015-07-22 15:15:00,8575.4,56.7
TREND,SHORT,2015-07-24 11:30:00,2015-07-24 15:15:00,8573.45,49.7
ORB,SHORT,2015-07-28 13:45:00,2015-07-28 14:15:00,8340.8,-27.25
TREND,LONG,2015-07-31 10:30:00,2015-07-31 14:30:00,8474.95,66.49
ORB,LONG,2015-08-03 12:15:00,2015-08-03 13:15:00,8561.15,-21.58
TREND,LONG,2015-08-04 11:30:00,2015-08-04 12:15:00,8549.55,-30.52
TREND,SHORT,2015-08-04 13:30:00,2015-08-04 14:00:00,8479.6,-33.59
TREND,LONG,2015-08-04 14:30:00,2015-08-04 15:15:00,8513.75,-2.4
ORB,LONG,2015-08-06 13:30:00,2015-08-06 15:15:00,8590.4,-0.1
ORB,SHORT,2015-08-12 14:15:00,2015-08-12 15:15:00,8366.75,19.4
ORB,SHORT,2015-08-13 12:15:00,2015-08-13 12:45:00,8363.4,-29.96
ORB,SHORT,2015-08-13 14:00:00,2015-08-13 15:15:00,8364.3,14.55
TREND,LONG,2015-08-14 12:30:00,2015-08-14 15:15:00,8485.9,33.65
TREND,SHORT,2015-08-17 10:30:00,2015-08-17 12:00:00,8448.25,-37.07
TREND,LONG,2015-08-17 12:45:00,2015-08-17 13:30:00,8508.55,-33.39
TREND,LONG,2015-08-18 10:30:00,2015-08-18 11:30:00,8520.25,-29.16
TREND,SHORT,2015-08-18 12:30:00,2015-08-18 13:00:00,8438.25,-31.29
TREND,LONG,2015-08-19 11:30:00,2015-08-19 14:45:00,8517.3,-29.83
TREND,LONG,2015-08-20 11:45:00,2015-08-20 13:00:00,8481.5,-24.95
TREND,SHORT,2015-08-20 13:00:00,2015-08-20 14:30:00,8450.05,57.72
ORB,SHORT,2015-08-24 12:00:00,2015-08-24 15:15:00,7986.2,163.25
TREND,SHORT,2015-08-25 11:00:00,2015-08-25 12:45:00,7790.05,-37.15
ORB,SHORT,2015-08-25 11:00:00,2015-08-25 13:15:00,7790.05,-66.09
TREND,LONG,2015-08-28 10:30:00,2015-08-28 13:15:00,8087.1,-41.79
ORB,SHORT,2015-08-28 13:30:00,2015-08-28 15:15:00,8016.25,4.85
TREND,SHORT,2015-08-31 13:45:00,2015-08-31 15:15:00,7983.65,12.4
ORB,SHORT,2015-09-01 11:45:00,2015-09-01 14:30:00,7877.95,123.25
ORB,SHORT,2015-09-02 11:30:00,2015-09-02 12:15:00,7764.35,-44.14
ORB,SHORT,2015-09-02 13:30:00,2015-09-02 15:15:00,7774.5,52.0
ORB,SHORT,2015-09-04 14:15:00,2015-09-04 15:15:00,7635.95,-20.3
ORB,SHORT,2015-09-07 14:30:00,2015-09-07 15:15:00,7597.0,35.05
TREND,LONG,2015-09-09 10:30:00,2015-09-09 15:15:00,7796.3,30.85
TREND,SHORT,2015-09-10 10:30:00,2015-09-10 12:15:00,7707.3,-41.51
TREND,SHORT,2015-09-10 13:00:00,2015-09-10 13:30:00,7729.4,-34.67
ORB,SHORT,2015-09-11 11:15:00,2015-09-11 15:15:00,7804.25,36.75
TREND,LONG,2015-09-14 13:15:00,2015-09-14 15:15:00,7848.3,22.95
ORB,SHORT,2015-09-15 11:30:00,2015-09-15 13:30:00,7828.6,-27.28
ORB,SHORT,2015-09-15 14:00:00,2015-09-15 15:00:00,7810.3,-25.77
ORB,SHORT,2015-09-16 11:00:00,2015-09-16 12:00:00,7857.4,-28.97
ORB,LONG,2015-09-21 10:45:00,2015-09-21 15:15:00,7950.3,19.85
TREND,SHORT,2015-09-22 14:30:00,2015-09-22 15:15:00,7838.95,18.2
TREND,LONG,2015-09-24 14:30:00,2015-09-24 15:15:00,7873.55,-9.65
TREND,LONG,2015-09-28 13:45:00,2015-09-28 14:15:00,7874.95,-27.43
ORB,SHORT,2015-09-29 10:45:00,2015-09-29 11:15:00,7697.5,-35.02
TREND,LONG,2015-09-29 13:30:00,2015-09-29 15:15:00,7860.2,-12.85
TREND,LONG,2015-09-30 13:00:00,2015-09-30 15:15:00,7918.0,36.05
ORB,LONG,2015-10-05 11:00:00,2015-10-05 15:15:00,8061.6,48.9
ORB,LONG,2015-10-07 11:00:00,2015-10-07 12:00:00,8178.45,-25.98
TREND,SHORT,2015-10-13 14:30:00,2015-10-13 15:15:00,8108.2,-22.45
ORB,LONG,2015-10-14 11:00:00,2015-10-14 12:45:00,8133.3,-24.48
TREND,SHORT,2015-10-14 13:30:00,2015-10-14 14:15:00,8114.6,-20.67
TREND,LONG,2015-10-15 10:30:00,2015-10-15 15:15:00,8169.3,7.45
ORB,LONG,2015-10-15 12:15:00,2015-10-15 15:15:00,8182.7,-5.95
TREND,LONG,2015-10-16 12:30:00,2015-10-16 14:30:00,8157.1,40.34
ORB,LONG,2015-10-16 14:30:00,2015-10-16 15:15:00,8221.7,10.4
ORB,LONG,2015-10-19 12:45:00,2015-10-19 14:45:00,8274.15,-18.8
ORB,LONG,2015-10-20 11:45:00,2015-10-20 13:45:00,8284.55,-19.79
ORB,LONG,2015-10-21 10:45:00,2015-10-21 12:15:00,8290.65,-21.83
TREND,SHORT,2015-10-27 10:30:00,2015-10-27 15:15:00,8230.2,-5.0
ORB,SHORT,2015-10-30 14:15:00,2015-10-30 15:15:00,8078.6,11.9
ORB,SHORT,2015-11-02 11:45:00,2015-11-02 15:15:00,8015.0,-25.83
ORB,SHORT,2015-11-03 12:30:00,2015-11-03 15:15:00,8066.4,-1.1
TREND,SHORT,2015-11-03 13:45:00,2015-11-03 14:15:00,8044.15,-21.78
ORB,SHORT,2015-11-04 11:00:00,2015-11-04 15:15:00,8075.85,33.3
ORB,SHORT,2015-11-05 11:15:00,2015-11-05 11:30:00,7994.15,-23.14
ORB,SHORT,2015-11-05 14:00:00,2015-11-05 15:15:00,7999.2,43.65
ORB,SHORT,2015-11-06 13:45:00,2015-11-06 14:45:00,7948.3,-25.0
ORB,SHORT,2015-11-10 11:00:00,2015-11-10 15:15:00,7852.6,69.2
ORB,SHORT,2015-11-17 11:15:00,2015-11-17 14:15:00,7817.55,-25.34
ORB,SHORT,2015-11-18 12:30:00,2015-11-18 15:15:00,7809.8,75.7
TREND,SHORT,2015-11-18 13:30:00,2015-11-18 15:15:00,7765.6,31.5
TREND,LONG,2015-11-20 11:30:00,2015-11-20 14:45:00,7897.95,-27.74
ORB,SHORT,2015-11-23 13:15:00,2015-11-23 15:15:00,7848.45,1.0
TREND,SHORT,2015-11-23 13:45:00,2015-11-23 14:45:00,7831.9,-22.19
TREND,LONG,2015-11-26 10:30:00,2015-11-26 15:15:00,7871.35,13.35
TREND,SHORT,2015-12-03 10:30:00,2015-12-03 14:15:00,7886.55,-21.91
ORB,SHORT,2015-12-07 10:45:00,2015-12-07 15:15:00,7788.45,20.0
ORB,SHORT,2015-12-08 13:00:00,2015-12-08 15:15:00,7731.5,29.85
ORB,SHORT,2015-12-09 11:30:00,2015-12-09 15:15:00,7673.45,58.8
ORB,SHORT,2015-12-10 11:15:00,2015-12-10 11:45:00,7610.7,-22.95
ORB,SHORT,2015-12-11 11:30:00,2015-12-11 15:15:00,7657.6,52.1
TREND,SHORT,2015-12-11 12:00:00,2015-12-11 15:15:00,7633.0,27.5
TREND,SHORT,2015-12-15 13:00:00,2015-12-15 13:45:00,7652.35,-11.7
ORB,SHORT,2015-12-17 11:15:00,2015-12-17 13:45:00,7743.7,-24.29
TREND,LONG,2015-12-21 10:30:00,2015-12-21 15:15:00,7800.65,33.45
ORB,LONG,2015-12-22 12:45:00,2015-12-22 14:00:00,7831.6,-15.27
ORB,LONG,2015-12-28 12:15:00,2015-12-28 15:15:00,7905.35,18.9
TREND,LONG,2015-12-29 14:15:00,2015-12-29 15:15:00,7935.75,-15.79
ORB,LONG,2015-12-31 11:15:00,2015-12-31 15:15:00,7911.2,34.9
TREND,LONG,2015-12-31 14:30:00,2015-12-31 15:15:00,7923.4,27.85
ORB,LONG,2016-01-01 11:00:00,2016-01-01 13:30:00,7945.25,-17.92
ORB,LONG,2016-01-01 13:45:00,2016-01-01 15:15:00,7956.25,6.2
TREND,SHORT,2016-01-04 10:30:00,2016-01-04 12:00:00,7890.0,61.92
ORB,SHORT,2016-01-05 11:15:00,2016-01-05 12:45:00,7774.25,-27.97
ORB,SHORT,2016-01-06 14:00:00,2016-01-06 15:15:00,7747.0,6.3
ORB,SHORT,2016-01-07 11:15:00,2016-01-07 15:15:00,7621.7,48.45
ORB,SHORT,2016-01-08 11:15:00,2016-01-08 13:00:00,7585.4,-28.51
TREND,SHORT,2016-01-12 10:45:00,2016-01-12 15:15:00,7519.95,11.9
ORB,SHORT,2016-01-13 11:15:00,2016-01-13 13:45:00,7481.65,-36.63
TREND,SHORT,2016-01-13 11:15:00,2016-01-13 13:45:00,7481.65,-36.63
ORB,SHORT,2016-01-15 10:45:00,2016-01-15 15:15:00,7517.2,71.85
TREND,SHORT,2016-01-15 11:00:00,2016-01-15 13:45:00,7505.5,-36.59
ORB,SHORT,2016-01-20 14:00:00,2016-01-20 15:15:00,7278.55,-30.12
TREND,SHORT,2016-01-21 10:45:00,2016-01-21 15:15:00,7302.5,33.1
ORB,SHORT,2016-01-21 10:45:00,2016-01-21 15:15:00,7302.5,33.1
TREND,LONG,2016-01-22 13:30:00,2016-01-22 15:15:00,7408.35,13.15
ORB,SHORT,2016-01-25 14:00:00,2016-01-25 14:30:00,7421.9,-22.35
TREND,LONG,2016-01-28 13:30:00,2016-01-28 15:15:00,7450.1,-18.24
TREND,LONG,2016-01-29 10:30:00,2016-01-29 13:45:00,7455.1,70.78
TREND,LONG,2016-02-05 11:30:00,2016-02-05 15:15:00,7472.2,8.45
ORB,LONG,2016-02-08 10:45:00,2016-02-08 14:45:00,7501.0,-29.13
ORB,SHORT,2016-02-09 11:45:00,2016-02-09 13:45:00,7281.15,-32.38
ORB,SHORT,2016-02-10 11:15:00,2016-02-10 14:30:00,7218.3,-30.12
ORB,SHORT,2016-02-11 11:30:00,2016-02-11 15:15:00,7138.75,141.75
ORB,SHORT,2016-02-12 11:30:00,2016-02-12 13:45:00,6936.3,-47.35
ORB,SHORT,2016-02-16 11:30:00,2016-02-16 15:15:00,7118.45,67.85
TREND,SHORT,2016-02-16 14:15:00,2016-02-16 15:15:00,7085.6,35.0
TREND,LONG,2016-02-18 10:30:00,2016-02-18 12:30:00,7188.6,-41.03
TREND,SHORT,2016-02-23 10:30:00,2016-02-23 13:45:00,7171.6,58.45
ORB,SHORT,2016-02-23 11:30:00,2016-02-23 15:15:00,7170.35,55.05
ORB,SHORT,2016-02-24 11:15:00,2016-02-24 12:45:00,7045.65,-25.64
ORB,SHORT,2016-02-25 12:00:00,2016-02-25 15:15:00,6997.35,28.9
ORB,SHORT,2016-02-26 11:45:00,2016-02-26 13:00:00,6988.5,-30.88
ORB,SHORT,2016-02-29 11:45:00,2016-02-29 12:00:00,6991.9,-36.22
TREND,SHORT,2016-02-29 12:00:00,2016-02-29 12:30:00,6967.35,103.31
TREND,LONG,2016-03-01 10:30:00,2016-03-01 15:15:00,7140.85,79.65
ORB,LONG,2016-03-02 11:45:00,2016-03-02 15:15:00,7362.8,4.35
ORB,LONG,2016-03-03 12:45:00,2016-03-03 15:15:00,7448.8,28.2
ORB,LONG,2016-03-09 12:15:00,2016-03-09 15:15:00,7459.6,73.45
TREND,LONG,2016-03-09 14:00:00,2016-03-09 15:15:00,7497.8,35.25
TREND,SHORT,2016-03-15 14:30:00,2016-03-15 15:15:00,7462.5,1.65
TREND,SHORT,2016-03-16 10:30:00,2016-03-16 14:30:00,7438.9,-21.06
TREND,LONG,2016-03-18 10:15:00,2016-03-18 15:15:00,7555.85,49.15
ORB,LONG,2016-03-18 12:45:00,2016-03-18 13:45:00,7561.0,-25.68
ORB,LONG,2016-03-21 10:45:00,2016-03-21 13:45:00,7658.1,-26.34
ORB,LONG,2016-03-21 14:00:00,2016-03-21 15:15:00,7655.8,53.75
TREND,SHORT,2016-03-29 10:30:00,2016-03-29 14:30:00,7611.65,-29.33
TREND,LONG,2016-03-29 14:30:00,2016-03-29 15:00:00,7643.2,-27.69
TREND,LONG,2016-03-30 10:30:00,2016-03-30 15:00:00,7660.95,74.01
ORB,LONG,2016-03-30 11:15:00,2016-03-30 15:15:00,7677.4,51.35
ORB,LONG,2016-03-31 11:15:00,2016-03-31 12:30:00,7773.4,-22.47
TREND,LONG,2016-04-04 13:00:00,2016-04-04 15:15:00,7723.2,36.65
TREND,SHORT,2016-04-05 12:30:00,2016-04-05 15:15:00,7654.0,46.9
ORB,SHORT,2016-04-11 13:00:00,2016-04-11 13:30:00,7533.35,-19.49
ORB,LONG,2016-04-12 11:45:00,2016-04-12 13:45:00,7705.45,-24.66
ORB,LONG,2016-04-12 14:30:00,2016-04-12 15:15:00,7710.1,-1.75
ORB,LONG,2016-04-13 10:45:00,2016-04-13 15:15:00,7837.05,9.6
ORB,LONG,2016-04-22 10:45:00,2016-04-22 14:30:00,7913.8,-25.7
ORB,LONG,2016-04-26 11:00:00,2016-04-26 12:45:00,7851.55,74.65
TREND,LONG,2016-04-26 12:45:00,2016-04-26 15:15:00,7924.2,38.95
ORB,LONG,2016-04-27 12:30:00,2016-04-27 14:15:00,7984.05,-21.12
TREND,SHORT,2016-04-28 14:30:00,2016-04-28 15:15:00,7872.15,25.0
TREND,SHORT,2016-05-02 11:15:00,2016-05-02 12:15:00,7794.85,-30.62
TREND,LONG,2016-05-03 10:30:00,2016-05-03 11:45:00,7869.05,-30.01
TREND,SHORT,2016-05-03 12:45:00,2016-05-03 13:45:00,7811.25,69.8
ORB,SHORT,2016-05-05 13:30:00,2016-05-05 14:00:00,7714.1,-24.22
TREND,LONG,2016-05-09 10:30:00,2016-05-09 15:15:00,7825.75,37.6
ORB,LONG,2016-05-10 13:15:00,2016-05-10 13:45:00,7886.4,-20.02
ORB,LONG,2016-05-10 14:00:00,2016-05-10 15:15:00,7884.15,1.9
ORB,LONG,2016-05-11 11:00:00,2016-05-11 12:30:00,7878.85,-29.63
TREND,SHORT,2016-05-13 10:30:00,2016-05-13 15:15:00,7834.85,11.5
ORB,LONG,2016-05-17 12:15:00,2016-05-17 14:45:00,7927.95,-23.51
TREND,SHORT,2016-05-18 10:30:00,2016-05-18 12:45:00,7817.35,-27.18
ORB,LONG,2016-05-18 13:00:00,2016-05-18 14:15:00,7865.8,-28.6
TREND,LONG,2016-05-18 13:45:00,2016-05-18 15:15:00,7856.45,9.25
ORB,LONG,2016-05-18 14:15:00,2016-05-18 15:15:00,7847.75,17.95
TREND,SHORT,2016-05-19 12:45:00,2016-05-19 15:15:00,7829.0,40.75
ORB,SHORT,2016-05-23 10:45:00,2016-05-23 14:00:00,7761.3,-25.6
TREND,LONG,2016-05-25 10:30:00,2016-05-25 15:00:00,7865.05,63.31
ORB,LONG,2016-05-26 12:45:00,2016-05-26 15:15:00,7987.7,82.65
ORB,LONG,2016-05-27 11:15:00,2016-05-27 15:15:00,8139.7,11.0
ORB,LONG,2016-06-01 11:15:00,2016-06-01 12:00:00,8210.15,-23.21
ORB,LONG,2016-06-02 14:15:00,2016-06-02 15:15:00,8186.15,31.95
ORB,LONG,2016-06-07 11:45:00,2016-06-07 13:00:00,8246.9,40.0
TREND,SHORT,2016-06-09 14:30:00,2016-06-09 15:15:00,8200.8,-4.85
TREND,LONG,2016-06-10 11:30:00,2016-06-10 13:00:00,8245.4,-23.85
TREND,SHORT,2016-06-10 13:30:00,2016-06-10 14:00:00,8167.2,-25.95
ORB,LONG,2016-06-13 13:45:00,2016-06-13 14:45:00,8120.3,-26.44
ORB,LONG,2016-06-15 12:45:00,2016-06-15 15:15:00,8151.2,49.05
TREND,LONG,2016-06-15 14:30:00,2016-06-15 15:15:00,8173.4,26.85
TREND,SHORT,2016-06-16 10:30:00,2016-06-16 14:15:00,8112.95,-14.4
TREND,LONG,2016-06-17 10:30:00,2016-06-17 14:45:00,8173.0,-28.21
ORB,LONG,2016-06-20 12:15:00,2016-06-20 15:15:00,8204.45,35.3
TREND,SHORT,2016-06-22 14:30:00,2016-06-22 14:45:00,8183.75,-20.97
TREND,LONG,2016-06-23 12:45:00,2016-06-23 14:45:00,8219.5,40.86
ORB,LONG,2016-06-23 12:45:00,2016-06-23 15:15:00,8219.5,46.65
TREND,SHORT,2016-06-24 10:30:00,2016-06-24 13:00:00,7947.15,-52.01
ORB,LONG,2016-06-24 14:15:00,2016-06-24 15:15:00,8078.05,9.3
TREND,LONG,2016-06-28 13:30:00,2016-06-28 14:30:00,8135.7,-20.14
TREND,LONG,2016-06-29 10:30:00,2016-06-29 11:30:00,8181.8,-21.27
ORB,LONG,2016-06-30 13:30:00,2016-06-30 15:15:00,8282.3,7.2
ORB,LONG,2016-07-01 11:00:00,2016-07-01 13:30:00,8355.45,-23.54
ORB,LONG,2016-07-04 11:00:00,2016-07-04 13:45:00,8390.15,-21.05
TREND,LONG,2016-07-07 14:15:00,2016-07-07 15:00:00,8358.5,-18.21
ORB,LONG,2016-07-07 14:15:00,2016-07-07 15:00:00,8358.5,-18.21
ORB,LONG,2016-07-11 12:30:00,2016-07-11 14:45:00,8461.75,-20.08
ORB,LONG,2016-07-12 12:45:00,2016-07-12 13:30:00,8502.95,-14.99
ORB,LONG,2016-07-14 12:00:00,2016-07-14 15:15:00,8533.9,32.1
TREND,LONG,2016-07-14 12:15:00,2016-07-14 15:15:00,8536.9,29.1
TREND,LONG,2016-07-15 13:15:00,2016-07-15 14:45:00,8558.85,-25.31
TREND,SHORT,2016-07-19 14:30:00,2016-07-19 15:15:00,8491.15,-22.41
ORB,LONG,2016-07-20 11:45:00,2016-07-20 15:15:00,8562.0,1.55
ORB,LONG,2016-07-22 11:45:00,2016-07-22 15:15:00,8523.2,12.25
TREND,LONG,2016-07-22 13:15:00,2016-07-22 14:00:00,8539.85,-22.25
TREND,LONG,2016-07-22 14:15:00,2016-07-22 15:15:00,8539.8,-4.35
ORB,LONG,2016-07-28 12:00:00,2016-07-28 15:00:00,8648.85,-22.08
TREND,SHORT,2016-08-01 13:30:00,2016-08-01 14:00:00,8615.7,-26.12
TREND,LONG,2016-08-02 13:00:00,2016-08-02 14:15:00,8648.0,-24.48
TREND,SHORT,2016-08-02 14:30:00,2016-08-02 15:15:00,8625.3,1.9
TREND,SHORT,2016-08-03 10:30:00,2016-08-03 15:15:00,8592.6,51.45
TREND,LONG,2016-08-05 10:30:00,2016-08-05 15:15:00,8644.9,38.05
TREND,SHORT,2016-08-10 10:30:00,2016-08-10 15:15:00,8615.4,38.7
ORB,SHORT,2016-08-11 14:15:00,2016-08-11 14:45:00,8546.4,-24.32
TREND,LONG,2016-08-12 10:30:00,2016-08-12 12:00:00,8668.1,-28.52
TREND,SHORT,2016-08-16 12:30:00,2016-08-16 14:45:00,8624.35,-26.79
TREND,SHORT,2016-08-17 14:30:00,2016-08-17 15:15:00,8611.7,-12.4
TREND,LONG,2016-08-18 10:30:00,2016-08-18 15:15:00,8673.4,-5.3
ORB,LONG,2016-08-18 14:30:00,2016-08-18 15:15:00,8670.6,-2.5
TREND,LONG,2016-08-19 13:30:00,2016-08-19 15:15:00,8661.45,4.85
TREND,SHORT,2016-08-22 10:30:00,2016-08-22 15:15:00,8630.4,-1.25
TREND,SHORT,2016-08-25 14:30:00,2016-08-25 15:15:00,8608.25,19.15
ORB,SHORT,2016-08-26 12:15:00,2016-08-26 15:15:00,8575.8,-1.1
ORB,LONG,2016-08-30 10:45:00,2016-08-30 15:15:00,8675.7,65.25
ORB,LONG,2016-08-31 13:30:00,2016-08-31 15:15:00,8803.95,-18.63
ORB,LONG,2016-09-02 14:30:00,2016-09-02 15:15:00,8806.25,2.3
ORB,LONG,2016-09-06 11:00:00,2016-09-06 15:15:00,8895.75,46.05
TREND,SHORT,2016-09-12 10:30:00,2016-09-12 15:15:00,8736.5,21.65
ORB,SHORT,2016-09-15 12:30:00,2016-09-15 14:15:00,8713.2,-20.32
TREND,LONG,2016-09-16 10:30:00,2016-09-16 13:45:00,8839.2,-25.56
ORB,LONG,2016-09-16 13:00:00,2016-09-16 13:45:00,8835.35,-19.19
TREND,SHORT,2016-09-16 14:30:00,2016-09-16 15:15:00,8770.55,-14.9
TREND,LONG,2016-09-19 10:30:00,2016-09-19 15:15:00,8813.05,-8.75
ORB,LONG,2016-09-19 13:15:00,2016-09-19 15:15:00,8812.65,-8.35
TREND,SHORT,2016-09-20 10:30:00,2016-09-20 15:15:00,8790.45,15.05
TREND,LONG,2016-09-21 10:30:00,2016-09-21 13:45:00,8801.45,-17.81
ORB,LONG,2016-09-21 10:45:00,2016-09-21 13:45:00,8812.3,-18.24
TREND,SHORT,2016-09-21 14:30:00,2016-09-21 15:15:00,8768.4,-13.1
TREND,LONG,2016-09-22 10:30:00,2016-09-22 11:45:00,8871.95,-29.34
TREND,SHORT,2016-09-26 10:30:00,2016-09-26 13:30:00,8792.0,47.55
ORB,SHORT,2016-09-27 11:15:00,2016-09-27 11:45:00,8736.0,-23.05
ORB,SHORT,2016-09-27 13:00:00,2016-09-27 15:15:00,8736.0,30.8
TREND,LONG,2016-09-29 10:30:00,2016-09-29 12:30:00,8774.0,-22.76
TREND,SHORT,2016-09-29 12:30:00,2016-09-29 12:45:00,8677.25,67.24
TREND,SHORT,2016-09-29 14:30:00,2016-09-29 15:15:00,8573.25,-16.0
TREND,LONG,2016-10-03 11:30:00,2016-10-03 15:15:00,8705.65,31.25
ORB,SHORT,2016-10-06 13:45:00,2016-10-06 15:15:00,8738.6,23.55
TREND,SHORT,2016-10-06 14:30:00,2016-10-06 15:15:00,8725.15,10.1
ORB,SHORT,2016-10-07 11:45:00,2016-10-07 14:00:00,8680.85,-23.7
TREND,LONG,2016-10-10 11:30:00,2016-10-10 15:15:00,8719.55,-15.7
ORB,SHORT,2016-10-13 11:45:00,2016-10-13 15:15:00,8616.45,35.3
ORB,SHORT,2016-10-17 12:00:00,2016-10-17 15:15:00,8547.95,25.55
TREND,LONG,2016-10-18 14:30:00,2016-10-18 15:15:00,8649.8,26.4
ORB,SHORT,2016-10-19 12:45:00,2016-10-19 14:00:00,8653.65,-19.16
ORB,SHORT,2016-10-20 13:00:00,2016-10-20 13:45:00,8685.6,-21.62
ORB,LONG,2016-10-24 13:30:00,2016-10-24 15:00:00,8727.5,-16.4
TREND,SHORT,2016-10-25 10:30:00,2016-10-25 11:45:00,8672.7,-21.03
TREND,SHORT,2016-10-26 10:30:00,2016-10-26 15:15:00,8630.25,7.8
ORB,SHORT,2016-10-27 12:00:00,2016-10-27 12:30:00,8555.4,-20.67
TREND,LONG,2016-11-01 12:30:00,2016-11-01 14:45:00,8655.2,-19.46
ORB,SHORT,2016-11-04 11:00:00,2016-11-04 15:15:00,8448.6,17.65
ORB,SHORT,2016-11-08 10:45:00,2016-11-08 15:15:00,8501.7,-25.61
TREND,LONG,2016-11-10 10:30:00,2016-11-10 15:15:00,8558.9,-34.75
TREND,SHORT,2016-11-11 10:30:00,2016-11-11 15:15:00,8391.85,95.25
ORB,SHORT,2016-11-11 11:15:00,2016-11-11 15:15:00,8380.6,84.0
ORB,SHORT,2016-11-17 13:45:00,2016-11-17 14:30:00,8082.35,-32.54
ORB,SHORT,2016-11-21 10:45:00,2016-11-21 15:15:00,7976.0,45.05
TREND,SHORT,2016-11-24 13:15:00,2016-11-24 14:15:00,7964.6,-25.15
ORB,SHORT,2016-11-24 13:15:00,2016-11-24 14:15:00,7964.6,-25.15
TREND,LONG,2016-11-25 12:30:00,2016-11-25 15:15:00,8067.95,47.0
TREND,LONG,2016-11-30 14:00:00,2016-11-30 15:15:00,8192.85,35.8
TREND,SHORT,2016-12-02 10:30:00,2016-12-02 13:45:00,8128.4,-27.9
ORB,SHORT,2016-12-02 10:45:00,2016-12-02 13:30:00,8113.6,-28.17
ORB,SHORT,2016-12-02 14:15:00,2016-12-02 15:15:00,8121.25,33.6
ORB,SHORT,2016-12-05 12:00:00,2016-12-05 13:45:00,8064.85,-24.59
TREND,LONG,2016-12-08 10:30:00,2016-12-08 15:15:00,8217.3,27.95
TREND,LONG,2016-12-13 14:30:00,2016-12-13 15:15:00,8207.65,8.35
TREND,LONG,2016-12-14 11:30:00,2016-12-14 13:15:00,8203.95,-18.98
TREND,SHORT,2016-12-14 13:30:00,2016-12-14 14:00:00,8185.65,-19.13
TREND,LONG,2016-12-15 10:30:00,2016-12-15 11:30:00,8216.1,-29.03
TREND,SHORT,2016-12-15 12:30:00,2016-12-15 15:15:00,8177.15,24.35
ORB,SHORT,2016-12-20 11:30:00,2016-12-20 15:15:00,8092.25,13.9
ORB,SHORT,2016-12-22 10:45:00,2016-12-22 15:15:00,7999.75,18.55
ORB,LONG,2016-12-30 11:30:00,2016-12-30 15:15:00,8169.35,13.7
TREND,LONG,2017-01-02 14:15:00,2017-01-02 15:00:00,8192.45,-19.94
ORB,LONG,2017-01-03 11:15:00,2017-01-03 13:30:00,8205.05,-23.43
ORB,LONG,2017-01-03 14:00:00,2017-01-03 15:15:00,8201.4,-13.2
ORB,LONG,2017-01-05 11:00:00,2017-01-05 15:15:00,8252.45,17.8
ORB,LONG,2017-01-11 12:30:00,2017-01-11 15:15:00,8351.95,25.3
TREND,LONG,2017-01-16 13:30:00,2017-01-16 15:15:00,8415.85,-8.0
ORB,LONG,2017-01-19 11:30:00,2017-01-19 14:15:00,8434.05,-18.29
TREND,SHORT,2017-01-20 13:30:00,2017-01-20 15:15:00,8364.8,15.75
ORB,LONG,2017-01-23 11:15:00,2017-01-23 12:00:00,8394.95,-20.93
TREND,SHORT,2017-01-23 12:45:00,2017-01-23 15:00:00,8362.7,-19.85
ORB,LONG,2017-01-24 11:00:00,2017-01-24 15:15:00,8439.55,31.9
ORB,LONG,2017-01-25 11:15:00,2017-01-25 15:15:00,8524.5,73.3
ORB,LONG,2017-01-27 10:45:00,2017-01-27 13:00:00,8663.05,-23.04
ORB,LONG,2017-01-27 14:00:00,2017-01-27 14:45:00,8662.95,-21.59
ORB,LONG,2017-01-30 13:45:00,2017-01-30 14:15:00,8657.3,-19.73
TREND,LONG,2017-02-01 13:00:00,2017-02-01 15:00:00,8611.55,90.25
ORB,LONG,2017-02-01 13:00:00,2017-02-01 15:00:00,8611.55,90.85
ORB,LONG,2017-02-02 13:45:00,2017-02-02 15:15:00,8727.9,-0.65
TREND,SHORT,2017-02-15 11:30:00,2017-02-15 15:15:00,8755.8,26.9
ORB,LONG,2017-02-16 11:45:00,2017-02-16 15:15:00,8771.75,5.05
TREND,LONG,2017-02-16 14:30:00,2017-02-16 15:15:00,8766.4,10.4
ORB,LONG,2017-02-20 11:00:00,2017-02-20 15:15:00,8836.3,25.35
TREND,LONG,2017-02-20 14:15:00,2017-02-20 15:15:00,8858.5,3.15
ORB,LONG,2017-02-22 10:45:00,2017-02-22 13:15:00,8942.9,-20.06
TREND,LONG,2017-02-23 10:45:00,2017-02-23 15:15:00,8953.6,-21.76
ORB,LONG,2017-02-23 11:15:00,2017-02-23 15:15:00,8960.25,-20.62
TREND,LONG,2017-03-01 10:30:00,2017-03-01 15:15:00,8935.8,10.05
ORB,LONG,2017-03-06 11:00:00,2017-03-06 13:15:00,8960.45,-20.18
TREND,SHORT,2017-03-08 11:30:00,2017-03-08 13:30:00,8905.35,-17.76
TREND,SHORT,2017-03-09 10:45:00,2017-03-09 14:30:00,8919.7,-20.61
TREND,LONG,2017-03-09 14:30:00,2017-03-09 15:00:00,8936.95,-16.85
ORB,LONG,2017-03-09 14:30:00,2017-03-09 15:00:00,8936.95,-16.85
TREND,SHORT,2017-03-10 14:30:00,2017-03-10 15:00:00,8909.95,-17.93
TREND,SHORT,2017-03-22 10:30:00,2017-03-22 15:15:00,9045.4,12.7
TREND,SHORT,2017-03-27 10:30:00,2017-03-27 14:15:00,9057.2,-9.35
TREND,LONG,2017-03-28 10:30:00,2017-03-28 15:15:00,9093.0,1.95
ORB,LONG,2017-03-28 10:45:00,2017-03-28 13:45:00,9107.3,-21.49
ORB,LONG,2017-03-28 14:15:00,2017-03-28 15:00:00,9097.45,-15.24
ORB,LONG,2017-03-29 12:00:00,2017-03-29 12:30:00,9134.85,-15.08
ORB,LONG,2017-03-29 14:00:00,2017-03-29 14:15:00,9139.05,-14.54
ORB,LONG,2017-03-31 14:15:00,2017-03-31 15:15:00,9188.05,-17.45
ORB,LONG,2017-04-03 13:15:00,2017-04-03 15:15:00,9222.1,12.6
ORB,LONG,2017-04-07 11:45:00,2017-04-07 14:45:00,9241.8,-18.76
TREND,SHORT,2017-04-10 13:30:00,2017-04-10 14:45:00,9182.4,-18.31
TREND,LONG,2017-04-11 10:30:00,2017-04-11 15:15:00,9218.65,15.45
TREND,SHORT,2017-04-12 10:30:00,2017-04-12 13:00:00,9184.45,-23.6
TREND,LONG,2017-04-12 13:30:00,2017-04-12 14:15:00,9222.25,-21.15
TREND,LONG,2017-04-18 10:30:00,2017-04-18 12:45:00,9214.65,-22.09
TREND,SHORT,2017-04-18 13:30:00,2017-04-18 15:00:00,9161.05,45.36
TREND,LONG,2017-04-21 10:30:00,2017-04-21 13:00:00,9151.0,-22.2
TREND,SHORT,2017-04-21 13:00:00,2017-04-21 15:15:00,9115.75,-4.3
TREND,LONG,2017-04-24 10:30:00,2017-04-24 13:45:00,9157.2,54.9
ORB,LONG,2017-04-25 12:15:00,2017-04-25 15:15:00,9279.8,24.6
ORB,LONG,2017-04-26 11:00:00,2017-04-26 14:30:00,9348.2,-18.57
TREND,LONG,2017-05-03 13:15:00,2017-05-03 15:15:00,9313.25,-4.3
ORB,LONG,2017-05-04 14:30:00,2017-05-04 15:00:00,9363.05,-16.47
TREND,SHORT,2017-05-05 12:30:00,2017-05-05 12:45:00,9287.0,-21.85
TREND,LONG,2017-05-08 10:30:00,2017-05-08 15:15:00,9318.8,-1.5
ORB,LONG,2017-05-08 10:45:00,2017-05-08 15:15:00,9324.3,-7.0
TREND,LONG,2017-05-09 12:45:00,2017-05-09 15:00:00,9326.45,-16.73
ORB,LONG,2017-05-10 14:15:00,2017-05-10 15:15:00,9391.7,12.3
ORB,LONG,2017-05-11 11:30:00,2017-05-11 13:15:00,9448.85,-16.46
ORB,LONG,2017-05-15 10:45:00,2017-05-15 15:15:00,9443.85,0.05
ORB,LONG,2017-05-16 14:00:00,2017-05-16 15:15:00,9498.3,10.3
ORB,LONG,2017-05-17 13:45:00,2017-05-17 15:15:00,9526.85,0.95
TREND,LONG,2017-05-19 10:30:00,2017-05-19 11:15:00,9498.85,-25.67
TREND,SHORT,2017-05-19 12:30:00,2017-05-19 14:15:00,9398.35,-29.03
TREND,LONG,2017-05-22 11:15:00,2017-05-22 13:15:00,9461.25,-29.85
ORB,LONG,2017-05-24 11:00:00,2017-05-24 12:45:00,9425.35,-28.67
ORB,LONG,2017-05-25 10:45:00,2017-05-25 15:15:00,9413.05,90.55
TREND,LONG,2017-05-25 12:00:00,2017-05-25 14:45:00,9417.7,58.1
ORB,LONG,2017-05-26 11:00:00,2017-05-26 15:15:00,9547.65,45.1
ORB,LONG,2017-05-29 14:15:00,2017-05-29 14:30:00,9637.25,-26.24
ORB,LONG,2017-05-31 14:15:00,2017-05-31 15:00:00,9639.05,-18.49
ORB,LONG,2017-06-05 11:00:00,2017-06-05 15:15:00,9671.95,0.5
TREND,LONG,2017-06-07 10:15:00,2017-06-07 12:30:00,9675.75,-18.8
TREND,SHORT,2017-06-09 10:30:00,2017-06-09 14:30:00,9631.95,-20.97
ORB,LONG,2017-06-09 14:30:00,2017-06-09 15:15:00,9650.2,14.65
TREND,SHORT,2017-06-12 10:30:00,2017-06-12 15:15:00,9620.8,2.4
TREND,LONG,2017-06-13 10:30:00,2017-06-13 14:45:00,9636.9,-19.75
ORB,LONG,2017-06-13 12:15:00,2017-06-13 13:00:00,9647.75,-16.62
ORB,LONG,2017-06-13 13:45:00,2017-06-13 14:00:00,9650.7,-15.91
TREND,SHORT,2017-06-16 14:30:00,2017-06-16 15:15:00,9573.85,-16.58
TREND,LONG,2017-06-19 10:30:00,2017-06-19 15:15:00,9628.6,27.1
ORB,LONG,2017-06-19 13:45:00,2017-06-19 15:15:00,9641.25,14.45
TREND,SHORT,2017-06-21 10:30:00,2017-06-21 14:15:00,9618.8,-17.39
TREND,LONG,2017-06-21 14:30:00,2017-06-21 15:15:00,9641.05,-13.45
ORB,LONG,2017-06-22 11:00:00,2017-06-22 14:30:00,9682.3,-17.0
ORB,SHORT,2017-06-27 12:30:00,2017-06-27 15:15:00,9521.85,1.3
TREND,SHORT,2017-06-29 13:00:00,2017-06-29 15:15:00,9527.15,25.5
ORB,SHORT,2017-06-29 13:15:00,2017-06-29 14:30:00,9517.35,-23.97
TREND,LONG,2017-07-03 10:30:00,2017-07-03 15:15:00,9577.05,32.45
ORB,LONG,2017-07-05 11:00:00,2017-07-05 15:15:00,9629.75,7.45
ORB,LONG,2017-07-07 14:00:00,2017-07-07 15:15:00,9674.05,-14.99
ORB,LONG,2017-07-10 14:15:00,2017-07-10 15:15:00,9768.8,0.65
ORB,LONG,2017-07-11 12:00:00,2017-07-11 15:00:00,9814.45,-19.12
ORB,LONG,2017-07-13 13:45:00,2017-07-13 15:15:00,9887.1,2.95
ORB,LONG,2017-07-17 10:45:00,2017-07-17 15:15:00,9917.75,-0.85
ORB,LONG,2017-07-19 11:30:00,2017-07-19 15:15:00,9877.45,18.5
TREND,LONG,2017-07-19 14:15:00,2017-07-19 15:15:00,9876.7,19.25
TREND,SHORT,2017-07-21 13:30:00,2017-07-21 14:30:00,9857.7,-22.97
ORB,LONG,2017-07-26 10:45:00,2017-07-26 15:15:00,9992.55,26.8
ORB,LONG,2017-07-27 11:00:00,2017-07-27 12:45:00,10101.6,-21.34
ORB,LONG,2017-07-31 12:30:00,2017-07-31 15:15:00,10057.55,19.0
TREND,SHORT,2017-08-03 10:30:00,2017-08-03 13:00:00,10027.25,-25.29
ORB,LONG,2017-08-04 14:15:00,2017-08-04 15:15:00,10046.9,21.55
TREND,LONG,2017-08-04 14:30:00,2017-08-04 15:15:00,10048.05,20.4
TREND,SHORT,2017-08-08 10:30:00,2017-08-08 11:30:00,9986.9,-30.54
ORB,SHORT,2017-08-11 14:15:00,2017-08-11 15:15:00,9702.05,-17.15
ORB,SHORT,2017-08-17 11:15:00,2017-08-17 12:30:00,9893.75,-27.26
TREND,SHORT,2017-08-18 10:30:00,2017-08-18 15:15:00,9843.5,-1.8
ORB,SHORT,2017-08-18 12:45:00,2017-08-18 14:45:00,9809.4,-27.46
ORB,SHORT,2017-08-21 10:45:00,2017-08-21 15:15:00,9828.0,71.6
TREND,SHORT,2017-08-21 13:00:00,2017-08-21 15:15:00,9818.95,61.62
ORB,SHORT,2017-08-22 14:15:00,2017-08-22 15:15:00,9762.2,-5.05
TREND,SHORT,2017-08-29 10:30:00,2017-08-29 14:15:00,9841.15,53.16
TREND,LONG,2017-08-30 10:30:00,2017-08-30 15:15:00,9870.35,9.8
ORB,LONG,2017-09-01 13:30:00,2017-09-01 15:15:00,9969.05,7.95
TREND,SHORT,2017-09-04 12:30:00,2017-09-04 13:00:00,9875.7,-24.21
TREND,LONG,2017-09-05 12:45:00,2017-09-05 15:15:00,9917.7,35.3
ORB,LONG,2017-09-05 14:30:00,2017-09-05 15:15:00,9956.0,-3.0
TREND,SHORT,2017-09-06 10:30:00,2017-09-06 13:15:00,9900.05,-24.24
ORB,LONG,2017-09-11 11:30:00,2017-09-11 15:15:00,10002.55,3.3
ORB,LONG,2017-09-12 11:00:00,2017-09-12 15:15:00,10057.05,33.55
ORB,LONG,2017-09-13 12:45:00,2017-09-13 14:30:00,10121.8,-16.02
ORB,LONG,2017-09-18 14:15:00,2017-09-18 15:15:00,10170.25,-15.88
TREND,SHORT,2017-09-21 10:30:00,2017-09-21 14:00:00,10091.4,-24.01
TREND,SHORT,2017-09-22 10:30:00,2017-09-22 15:15:00,10021.55,54.1
ORB,SHORT,2017-09-25 11:30:00,2017-09-25 15:15:00,9854.15,-24.0
ORB,SHORT,2017-09-26 10:45:00,2017-09-26 13:45:00,9832.95,-33.36
TREND,SHORT,2017-09-27 10:30:00,2017-09-27 14:45:00,9826.95,84.35
TREND,LONG,2017-10-04 10:30:00,2017-10-04 15:15:00,9909.45,-0.4
ORB,LONG,2017-10-10 11:15:00,2017-10-10 14:00:00,10026.9,-18.55
TREND,LONG,2017-10-12 10:30:00,2017-10-12 15:00:00,10018.85,68.83
ORB,LONG,2017-10-12 11:45:00,2017-10-12 13:00:00,10032.45,-24.68
ORB,LONG,2017-10-12 14:15:00,2017-10-12 15:15:00,10045.35,50.5
ORB,LONG,2017-10-13 11:00:00,2017-10-13 15:15:00,10161.85,4.9
ORB,LONG,2017-10-17 11:00:00,2017-10-17 12:45:00,10244.55,-23.01
ORB,LONG,2017-10-17 14:30:00,2017-10-17 15:15:00,10242.2,-9.5
ORB,LONG,2017-10-18 13:15:00,2017-10-18 15:15:00,10214.15,-12.95
TREND,LONG,2017-10-18 13:45:00,2017-10-18 15:15:00,10225.7,-21.6
TREND,SHORT,2017-10-23 12:30:00,2017-10-23 14:30:00,10140.25,-29.56
ORB,LONG,2017-10-26 11:30:00,2017-10-26 15:15:00,10294.1,48.6
ORB,LONG,2017-11-01 12:00:00,2017-11-01 15:15:00,10436.65,2.6
TREND,LONG,2017-11-03 14:00:00,2017-11-03 14:30:00,10457.4,-16.94
TREND,LONG,2017-11-06 12:45:00,2017-11-06 15:15:00,10464.25,-11.65
ORB,LONG,2017-11-06 12:45:00,2017-11-06 15:15:00,10464.25,-11.65
TREND,SHORT,2017-11-07 14:30:00,2017-11-07 15:15:00,10351.55,0.9
TREND,SHORT,2017-11-09 12:15:00,2017-11-09 15:15:00,10297.15,-8.9
ORB,LONG,2017-11-10 10:45:00,2017-11-10 14:45:00,10304.9,-29.5
TREND,SHORT,2017-11-13 11:00:00,2017-11-13 15:15:00,10274.5,45.1
ORB,SHORT,2017-11-14 12:00:00,2017-11-14 14:45:00,10189.85,-26.42
ORB,SHORT,2017-11-15 10:45:00,2017-11-15 15:15:00,10146.7,22.2
TREND,LONG,2017-11-17 10:30:00,2017-11-17 14:45:00,10327.4,-30.26
ORB,LONG,2017-11-21 10:45:00,2017-11-21 14:30:00,10348.85,-20.22
TREND,LONG,2017-11-23 11:30:00,2017-11-23 12:45:00,10363.85,-19.05
ORB,LONG,2017-11-23 12:00:00,2017-11-23 12:30:00,10372.85,-18.59
ORB,LONG,2017-11-24 12:15:00,2017-11-24 15:15:00,10391.1,-3.8
TREND,LONG,2017-11-27 14:15:00,2017-11-27 15:15:00,10377.0,20.95
ORB,LONG,2017-11-27 14:15:00,2017-11-27 15:15:00,10377.0,20.95
ORB,LONG,2017-11-28 13:30:00,2017-11-28 14:00:00,10400.45,-16.11
ORB,SHORT,2017-12-01 11:15:00,2017-12-01 15:15:00,10219.35,90.5
ORB,SHORT,2017-12-06 11:45:00,2017-12-06 15:15:00,10072.35,28.25
TREND,SHORT,2017-12-13 10:30:00,2017-12-13 11:15:00,10230.45,-22.93
TREND,LONG,2017-12-13 11:30:00,2017-12-13 14:00:00,10275.05,-25.89
ORB,SHORT,2017-12-13 14:15:00,2017-12-13 15:15:00,10210.75,12.15
TREND,SHORT,2017-12-13 14:30:00,2017-12-13 15:15:00,10217.6,19.0
ORB,SHORT,2017-12-14 11:15:00,2017-12-14 13:30:00,10163.55,-30.52
ORB,SHORT,2017-12-14 13:45:00,2017-12-14 14:45:00,10178.15,-30.54
ORB,LONG,2017-12-18 11:00:00,2017-12-18 15:15:00,10413.4,-23.9
ORB,LONG,2017-12-19 14:30:00,2017-12-19 15:15:00,10439.65,24.9
TREND,LONG,2017-12-22 10:30:00,2017-12-22 15:15:00,10477.65,18.55
ORB,LONG,2017-12-22 10:45:00,2017-12-22 15:15:00,10480.35,15.85
ORB,LONG,2017-12-28 14:15:00,2017-12-28 15:15:00,10518.95,-20.57
ORB,LONG,2017-12-29 11:15:00,2017-12-29 15:15:00,10521.15,11.45
TREND,SHORT,2018-01-02 10:15:00,2018-01-02 15:15:00,10428.2,-19.95
TREND,LONG,2018-01-03 10:30:00,2018-01-03 12:45:00,10493.9,-27.67
ORB,LONG,2018-01-04 12:15:00,2018-01-04 15:15:00,10473.7,27.75
TREND,LONG,2018-01-04 13:45:00,2018-01-04 15:15:00,10484.85,16.6
ORB,LONG,2018-01-08 11:30:00,2018-01-08 13:45:00,10620.45,-18.91
TREND,LONG,2018-01-11 12:30:00,2018-01-11 15:15:00,10644.15,5.3
ORB,LONG,2018-01-11 12:30:00,2018-01-11 15:15:00,10644.15,5.3
TREND,LONG,2018-01-12 14:30:00,2018-01-12 15:15:00,10662.5,22.5
ORB,LONG,2018-01-15 12:30:00,2018-01-15 15:15:00,10756.8,-18.6
ORB,LONG,2018-01-17 10:45:00,2018-01-17 15:15:00,10737.2,49.15
TREND,LONG,2018-01-17 12:30:00,2018-01-17 15:15:00,10752.05,34.3
ORB,LONG,2018-01-22 14:00:00,2018-01-22 15:15:00,10940.75,13.9
ORB,LONG,2018-01-23 11:45:00,2018-01-23 15:15:00,11046.3,39.15
ORB,LONG,2018-01-29 11:00:00,2018-01-29 14:30:00,11156.25,-33.2
TREND,SHORT,2018-01-31 13:30:00,2018-01-31 14:45:00,11004.45,-26.0
TREND,SHORT,2018-02-01 12:30:00,2018-02-01 12:45:00,10998.0,-40.89
TREND,LONG,2018-02-01 13:30:00,2018-02-01 15:15:00,11060.25,-42.75
ORB,SHORT,2018-02-07 10:45:00,2018-02-07 15:15:00,10519.0,37.0
ORB,SHORT,2018-02-16 11:15:00,2018-02-16 15:15:00,10543.95,86.85
TREND,SHORT,2018-02-16 11:30:00,2018-02-16 15:15:00,10526.15,69.05
ORB,SHORT,2018-02-19 12:45:00,2018-02-19 15:15:00,10345.3,-33.7
TREND,LONG,2018-02-23 12:30:00,2018-02-23 15:15:00,10467.6,17.7
TREND,SHORT,2018-02-28 13:30:00,2018-02-28 14:30:00,10474.05,-24.92
TREND,LONG,2018-03-01 13:30:00,2018-03-01 14:15:00,10504.35,-23.24
ORB,SHORT,2018-03-05 10:45:00,2018-03-05 15:15:00,10349.5,-12.3
ORB,SHORT,2018-03-06 11:00:00,2018-03-06 15:15:00,10396.95,114.25
TREND,SHORT,2018-03-06 14:15:00,2018-03-06 15:15:00,10358.4,66.59
ORB,SHORT,2018-03-07 11:15:00,2018-03-07 15:15:00,10193.8,41.9
TREND,SHORT,2018-03-08 10:30:00,2018-03-08 11:45:00,10153.7,-41.74
TREND,LONG,2018-03-12 10:30:00,2018-03-12 15:15:00,10332.3,92.53
ORB,LONG,2018-03-13 13:00:00,2018-03-13 14:00:00,10467.75,-25.6
ORB,SHORT,2018-03-15 11:15:00,2018-03-15 15:15:00,10383.95,17.2
ORB,SHORT,2018-03-16 11:30:00,2018-03-16 15:15:00,10294.55,103.5
ORB,SHORT,2018-03-19 11:30:00,2018-03-19 15:15:00,10153.25,64.25
ORB,SHORT,2018-03-21 12:45:00,2018-03-21 15:15:00,10168.35,2.05
TREND,SHORT,2018-03-21 14:15:00,2018-03-21 15:15:00,10155.4,-10.9
ORB,SHORT,2018-03-22 12:00:00,2018-03-22 15:15:00,10146.75,33.7
ORB,SHORT,2018-03-23 12:15:00,2018-03-23 13:30:00,9960.8,-33.35
ORB,SHORT,2018-03-26 10:45:00,2018-03-26 12:00:00,9966.15,-31.72
ORB,SHORT,2018-03-27 11:30:00,2018-03-27 12:30:00,10147.75,-33.21
TREND,LONG,2018-04-02 13:15:00,2018-04-02 15:15:00,10175.1,34.8
ORB,SHORT,2018-04-03 11:00:00,2018-04-03 12:00:00,10174.25,-28.2
ORB,LONG,2018-04-04 10:45:00,2018-04-04 11:30:00,10275.45,-24.55
TREND,SHORT,2018-04-04 14:30:00,2018-04-04 15:15:00,10139.95,2.6
TREND,LONG,2018-04-05 10:30:00,2018-04-05 15:15:00,10282.0,38.35
ORB,LONG,2018-04-09 12:30:00,2018-04-09 12:45:00,10393.75,-24.11
ORB,LONG,2018-04-09 14:15:00,2018-04-09 15:15:00,10393.5,-11.7
TREND,LONG,2018-04-11 13:45:00,2018-04-11 15:15:00,10411.25,8.95
ORB,LONG,2018-04-12 11:00:00,2018-04-12 15:15:00,10436.3,21.35
ORB,LONG,2018-04-13 10:45:00,2018-04-13 13:15:00,10507.0,-21.82
ORB,LONG,2018-04-16 13:00:00,2018-04-16 15:15:00,10481.3,40.05
TREND,LONG,2018-04-16 13:30:00,2018-04-16 15:15:00,10488.2,33.15
ORB,LONG,2018-04-18 13:15:00,2018-04-18 14:00:00,10584.45,-19.22
TREND,LONG,2018-04-20 12:15:00,2018-04-20 15:15:00,10540.25,17.55
ORB,LONG,2018-04-23 10:45:00,2018-04-23 15:15:00,10608.45,-25.99
ORB,LONG,2018-04-24 14:00:00,2018-04-24 15:15:00,10613.65,-5.4
TREND,LONG,2018-04-24 14:30:00,2018-04-24 15:15:00,10623.1,-14.85
ORB,LONG,2018-04-27 14:00:00,2018-04-27 14:30:00,10710.25,-21.68
TREND,SHORT,2018-05-03 11:30:00,2018-05-03 13:00:00,10657.65,-27.47
TREND,LONG,2018-05-03 13:30:00,2018-05-03 14:45:00,10705.65,-25.42
TREND,SHORT,2018-05-04 10:30:00,2018-05-04 15:15:00,10640.85,20.95
ORB,LONG,2018-05-07 11:15:00,2018-05-07 15:15:00,10659.35,52.55
TREND,LONG,2018-05-07 12:30:00,2018-05-07 15:00:00,10666.7,49.09
ORB,LONG,2018-05-09 11:00:00,2018-05-09 15:15:00,10726.35,18.1
TREND,LONG,2018-05-11 10:45:00,2018-05-11 15:15:00,10757.9,42.9
ORB,LONG,2018-05-11 14:15:00,2018-05-11 15:15:00,10768.6,32.2
TREND,SHORT,2018-05-16 10:30:00,2018-05-16 12:30:00,10731.25,-37.34
ORB,LONG,2018-05-16 12:30:00,2018-05-16 15:00:00,10766.1,-32.34
TREND,SHORT,2018-05-17 10:15:00,2018-05-17 15:15:00,10722.1,48.2
ORB,SHORT,2018-05-21 11:00:00,2018-05-21 15:15:00,10555.8,33.8
ORB,SHORT,2018-05-23 14:00:00,2018-05-23 15:15:00,10474.2,50.8
TREND,LONG,2018-05-25 11:30:00,2018-05-25 15:15:00,10570.05,25.15
ORB,LONG,2018-05-28 10:45:00,2018-05-28 15:15:00,10679.2,8.8
ORB,LONG,2018-05-29 10:45:00,2018-05-29 12:15:00,10707.5,-24.8
TREND,SHORT,2018-05-30 10:30:00,2018-05-30 13:00:00,10583.8,-31.43
TREND,LONG,2018-05-30 13:30:00,2018-05-30 14:15:00,10620.1,-29.62
TREND,SHORT,2018-06-04 14:30:00,2018-06-04 15:15:00,10647.45,9.85
ORB,SHORT,2018-06-05 10:45:00,2018-06-05 12:00:00,10586.7,-31.52
ORB,SHORT,2018-06-05 12:45:00,2018-06-05 15:15:00,10587.05,-3.2
TREND,LONG,2018-06-06 11:30:00,2018-06-06 15:15:00,10637.8,43.15
ORB,LONG,2018-06-07 10:45:00,2018-06-07 15:15:00,10777.4,-5.4
ORB,LONG,2018-06-11 12:45:00,2018-06-11 15:00:00,10838.75,-22.69
TREND,LONG,2018-06-12 10:30:00,2018-06-12 15:15:00,10832.65,2.5
ORB,LONG,2018-06-12 13:15:00,2018-06-12 15:15:00,10830.3,4.85
ORB,LONG,2018-06-13 14:15:00,2018-06-13 14:45:00,10890.2,-19.72
TREND,LONG,2018-06-15 10:15:00,2018-06-15 12:30:00,10822.25,-23.23
TREND,SHORT,2018-06-15 13:30:00,2018-06-15 14:45:00,10766.15,-23.13
TREND,LONG,2018-06-18 10:15:00,2018-06-18 15:15:00,10808.45,-13.65
TREND,SHORT,2018-06-19 10:30:00,2018-06-19 15:15:00,10742.75,27.65
TREND,LONG,2018-06-21 11:00:00,2018-06-21 11:45:00,10772.8,-22.13
TREND,SHORT,2018-06-21 11:45:00,2018-06-21 13:00:00,10750.7,-22.52
ORB,LONG,2018-06-22 12:15:00,2018-06-22 15:15:00,10749.55,76.65
TREND,LONG,2018-06-22 14:30:00,2018-06-22 15:15:00,10763.65,46.77
ORB,LONG,2018-06-26 11:00:00,2018-06-26 13:30:00,10785.0,-26.15
TREND,LONG,2018-06-26 11:30:00,2018-06-26 13:30:00,10789.25,-25.41
TREND,LONG,2018-06-26 14:00:00,2018-06-26 15:15:00,10785.9,-24.29
ORB,LONG,2018-06-26 14:00:00,2018-06-26 15:15:00,10785.9,-24.29
TREND,SHORT,2018-06-27 11:30:00,2018-06-27 13:30:00,10745.65,63.26
ORB,SHORT,2018-06-28 12:00:00,2018-06-28 15:15:00,10632.95,43.3
ORB,SHORT,2018-07-02 10:45:00,2018-07-02 15:00:00,10645.15,-29.65
TREND,LONG,2018-07-03 13:30:00,2018-07-03 15:15:00,10690.95,3.25
TREND,LONG,2018-07-04 12:30:00,2018-07-04 15:15:00,10723.95,45.15
ORB,LONG,2018-07-06 10:45:00,2018-07-06 12:30:00,10801.45,-26.09
ORB,LONG,2018-07-06 12:45:00,2018-07-06 15:15:00,10789.4,-23.4
ORB,LONG,2018-07-09 13:15:00,2018-07-09 15:15:00,10848.3,1.25
ORB,LONG,2018-07-10 11:00:00,2018-07-10 15:15:00,10920.5,22.55
ORB,LONG,2018-07-11 14:30:00,2018-07-11 15:15:00,10969.65,-23.61
ORB,LONG,2018-07-12 11:00:00,2018-07-12 15:15:00,11032.9,-7.95
ORB,LONG,2018-07-17 14:15:00,2018-07-17 15:15:00,10993.15,9.85
TREND,LONG,2018-07-17 14:15:00,2018-07-17 15:15:00,10993.15,9.85
TREND,SHORT,2018-07-19 14:30:00,2018-07-19 15:15:00,10961.8,4.95
TREND,LONG,2018-07-20 10:15:00,2018-07-20 15:15:00,11006.7,1.2
ORB,LONG,2018-07-23 14:15:00,2018-07-23 15:15:00,11056.25,28.55
ORB,LONG,2018-07-25 12:45:00,2018-07-25 14:45:00,11150.6,-20.91
ORB,LONG,2018-07-26 11:00:00,2018-07-26 13:45:00,11178.2,-23.25
ORB,LONG,2018-07-27 13:00:00,2018-07-27 15:15:00,11253.0,23.8
ORB,LONG,2018-07-30 13:45:00,2018-07-30 15:15:00,11312.0,9.85
ORB,LONG,2018-07-31 14:15:00,2018-07-31 15:15:00,11313.75,41.85
TREND,LONG,2018-07-31 14:30:00,2018-07-31 15:15:00,11323.6,32.0
TREND,LONG,2018-08-03 10:30:00,2018-08-03 15:15:00,11328.55,27.65
ORB,LONG,2018-08-03 14:00:00,2018-08-03 15:15:00,11340.0,16.2
TREND,LONG,2018-08-08 10:45:00,2018-08-08 15:15:00,11418.15,29.6
ORB,LONG,2018-08-08 11:00:00,2018-08-08 15:15:00,11428.8,18.95
TREND,SHORT,2018-08-13 10:30:00,2018-08-13 12:15:00,11354.85,-26.9
ORB,LONG,2018-08-13 12:15:00,2018-08-13 15:00:00,11379.8,-25.57
TREND,LONG,2018-08-14 10:30:00,2018-08-14 15:15:00,11413.0,23.7
ORB,LONG,2018-08-14 12:15:00,2018-08-14 15:15:00,11418.75,17.95
TREND,LONG,2018-08-16 11:15:00,2018-08-16 12:30:00,11444.55,-23.74
ORB,LONG,2018-08-16 11:15:00,2018-08-16 12:30:00,11444.55,-23.74
TREND,LONG,2018-08-17 10:30:00,2018-08-17 15:15:00,11462.1,8.85
ORB,LONG,2018-08-17 10:45:00,2018-08-17 15:15:00,11470.9,0.05
ORB,LONG,2018-08-20 12:00:00,2018-08-20 15:15:00,11543.45,4.2
ORB,LONG,2018-08-27 11:15:00,2018-08-27 15:15:00,11664.55,22.25
ORB,SHORT,2018-09-06 12:45:00,2018-09-06 13:45:00,11458.05,-35.68
TREND,SHORT,2018-09-06 13:00:00,2018-09-06 13:30:00,11436.55,-36.26
ORB,LONG,2018-09-07 11:15:00,2018-09-07 15:15:00,11559.85,33.25
TREND,LONG,2018-09-07 13:30:00,2018-09-07 15:15:00,11563.4,29.7
TREND,SHORT,2018-09-10 10:30:00,2018-09-10 15:00:00,11525.1,81.71
ORB,SHORT,2018-09-11 11:45:00,2018-09-11 15:15:00,11408.45,121.25
TREND,LONG,2018-09-14 11:30:00,2018-09-14 15:15:00,11453.55,60.15
TREND,SHORT,2018-09-17 10:30:00,2018-09-17 15:15:00,11409.35,30.6
ORB,SHORT,2018-09-18 13:45:00,2018-09-18 15:15:00,11352.45,74.15
ORB,SHORT,2018-09-19 13:15:00,2018-09-19 14:00:00,11260.15,-30.89
ORB,SHORT,2018-09-19 14:00:00,2018-09-19 15:15:00,11279.6,49.7
TREND,SHORT,2018-09-21 12:45:00,2018-09-21 13:15:00,11182.7,114.04
ORB,SHORT,2018-09-21 12:45:00,2018-09-21 13:15:00,11182.7,238.9
TREND,SHORT,2018-09-21 14:15:00,2018-09-21 15:15:00,11075.55,-76.5
TREND,SHORT,2018-09-24 12:00:00,2018-09-24 15:15:00,11031.45,68.5
ORB,SHORT,2018-09-24 12:00:00,2018-09-24 15:15:00,11031.45,68.5
ORB,SHORT,2018-09-26 10:45:00,2018-09-26 15:15:00,11058.55,-6.05
ORB,SHORT,2018-09-27 10:45:00,2018-09-27 15:15:00,11034.85,57.05
TREND,SHORT,2018-09-27 13:30:00,2018-09-27 15:15:00,10971.85,-5.95
ORB,SHORT,2018-09-28 14:15:00,2018-09-28 15:15:00,10914.15,-42.5
ORB,SHORT,2018-10-01 11:30:00,2018-10-01 13:00:00,10838.3,-56.05
ORB,SHORT,2018-10-03 10:45:00,2018-10-03 12:15:00,10908.1,-55.79
TREND,SHORT,2018-10-03 12:45:00,2018-10-03 15:15:00,10958.5,95.3
ORB,SHORT,2018-10-04 11:30:00,2018-10-04 15:15:00,10650.6,16.95
ORB,SHORT,2018-10-05 12:15:00,2018-10-05 15:15:00,10439.65,120.8
TREND,SHORT,2018-10-08 14:15:00,2018-10-08 15:15:00,10239.95,-64.08
ORB,SHORT,2018-10-09 10:45:00,2018-10-09 15:00:00,10315.9,-68.26
TREND,SHORT,2018-10-11 14:30:00,2018-10-11 15:15:00,10205.5,-23.4
TREND,LONG,2018-10-12 14:30:00,2018-10-12 15:15:00,10464.4,11.0
ORB,SHORT,2018-10-15 11:00:00,2018-10-15 12:30:00,10424.45,-42.61
TREND,LONG,2018-10-15 13:30:00,2018-10-15 14:00:00,10510.85,-40.06
ORB,SHORT,2018-10-17 10:45:00,2018-10-17 15:15:00,10612.85,155.4
ORB,SHORT,2018-10-19 11:00:00,2018-10-19 15:15:00,10307.2,3.15
ORB,SHORT,2018-10-23 13:45:00,2018-10-23 14:45:00,10121.45,-40.38
ORB,SHORT,2018-10-24 10:45:00,2018-10-24 15:15:00,10196.0,-47.6
TREND,SHORT,2018-10-24 14:00:00,2018-10-24 15:00:00,10165.45,-44.83
ORB,SHORT,2018-10-25 10:45:00,2018-10-25 13:15:00,10091.8,-54.86
TREND,LONG,2018-10-31 12:30:00,2018-10-31 14:45:00,10217.75,124.64
ORB,SHORT,2018-11-01 11:45:00,2018-11-01 13:15:00,10348.0,-46.26
ORB,LONG,2018-11-09 11:15:00,2018-11-09 13:00:00,10618.6,-36.1
TREND,SHORT,2018-11-13 11:30:00,2018-11-13 12:30:00,10477.4,-34.17
ORB,LONG,2018-11-13 13:00:00,2018-11-13 15:15:00,10503.8,83.1
TREND,LONG,2018-11-13 13:45:00,2018-11-13 15:15:00,10541.5,45.4
ORB,LONG,2018-11-15 11:30:00,2018-11-15 15:15:00,10612.0,8.45
TREND,LONG,2018-11-15 11:45:00,2018-11-15 15:15:00,10620.0,0.45
ORB,LONG,2018-11-19 14:15:00,2018-11-19 14:45:00,10735.7,-23.23
TREND,SHORT,2018-11-21 10:30:00,2018-11-21 12:30:00,10570.1,-33.8
TREND,SHORT,2018-11-22 13:30:00,2018-11-22 15:15:00,10568.95,42.65
ORB,SHORT,2018-11-26 11:00:00,2018-11-26 13:00:00,10525.25,-32.28
ORB,LONG,2018-11-27 13:15:00,2018-11-27 15:15:00,10645.8,34.1
ORB,LONG,2018-11-28 11:30:00,2018-11-28 15:15:00,10740.45,-12.2
TREND,SHORT,2018-12-05 11:30:00,2018-12-05 15:15:00,10795.3,9.4
ORB,SHORT,2018-12-07 11:45:00,2018-12-07 12:30:00,10618.4,-29.43
ORB,SHORT,2018-12-07 13:30:00,2018-12-07 14:00:00,10608.4,-30.05
TREND,LONG,2018-12-12 10:30:00,2018-12-12 15:15:00,10663.45,67.05
ORB,LONG,2018-12-13 13:45:00,2018-12-13 14:15:00,10835.45,-28.97
ORB,LONG,2018-12-17 14:30:00,2018-12-17 15:15:00,10882.1,3.4
ORB,LONG,2018-12-18 13:15:00,2018-12-18 15:15:00,10861.6,49.4
TREND,LONG,2018-12-18 14:15:00,2018-12-18 15:15:00,10878.0,33.0
ORB,LONG,2018-12-19 13:00:00,2018-12-19 15:15:00,10963.7,0.65
TREND,LONG,2018-12-20 13:00:00,2018-12-20 14:00:00,10941.3,-26.41
ORB,LONG,2018-12-20 13:00:00,2018-12-20 14:00:00,10941.3,-26.41
ORB,LONG,2018-12-20 14:30:00,2018-12-20 15:15:00,10937.7,19.25
TREND,SHORT,2018-12-21 11:30:00,2018-12-21 15:15:00,10837.35,87.9
ORB,SHORT,2018-12-24 14:30:00,2018-12-24 15:15:00,10693.5,25.15
TREND,LONG,2018-12-27 10:30:00,2018-12-27 15:15:00,10801.9,-22.95
TREND,LONG,2018-12-28 10:30:00,2018-12-28 15:15:00,10880.3,-29.95
ORB,LONG,2018-12-28 12:15:00,2018-12-28 15:15:00,10882.85,-29.68
TREND,SHORT,2019-01-02 13:30:00,2019-01-02 15:15:00,10797.45,4.95
ORB,SHORT,2019-01-03 11:30:00,2019-01-03 15:15:00,10740.6,67.3
TREND,LONG,2019-01-07 10:30:00,2019-01-07 14:00:00,10823.2,-42.59
TREND,LONG,2019-01-08 10:30:00,2019-01-08 11:00:00,10792.0,-34.31
TREND,LONG,2019-01-08 14:30:00,2019-01-08 15:15:00,10811.65,-4.15
TREND,LONG,2019-01-11 11:00:00,2019-01-11 11:45:00,10814.25,-27.5
TREND,SHORT,2019-01-11 12:30:00,2019-01-11 15:15:00,10774.8,-27.03
ORB,SHORT,2019-01-14 12:00:00,2019-01-14 13:45:00,10694.55,-29.09
TREND,LONG,2019-01-15 10:30:00,2019-01-15 15:15:00,10818.8,68.5
TREND,LONG,2019-01-17 14:30:00,2019-01-17 15:15:00,10907.25,-2.05
TREND,SHORT,2019-01-22 12:30:00,2019-01-22 14:00:00,10882.35,-24.0
ORB,LONG,2019-01-23 12:30:00,2019-01-23 13:30:00,10942.8,-23.18
TREND,LONG,2019-01-23 14:00:00,2019-01-23 14:30:00,10924.25,-22.36
TREND,LONG,2019-01-25 10:30:00,2019-01-25 13:45:00,10913.5,-32.02
TREND,SHORT,2019-01-25 14:30:00,2019-01-25 15:15:00,10817.85,37.05
ORB,SHORT,2019-01-28 11:15:00,2019-01-28 15:15:00,10696.95,39.6
ORB,SHORT,2019-01-29 13:15:00,2019-01-29 15:15:00,10592.6,-34.14
TREND,LONG,2019-01-31 12:30:00,2019-01-31 15:15:00,10747.1,81.34
ORB,LONG,2019-02-01 12:30:00,2019-02-01 14:15:00,10911.45,-35.51
ORB,LONG,2019-02-04 14:30:00,2019-02-04 15:15:00,10883.55,18.35
ORB,LONG,2019-02-05 12:00:00,2019-02-05 15:15:00,10935.05,-2.85
ORB,LONG,2019-02-06 12:30:00,2019-02-06 15:15:00,11028.05,31.55
ORB,LONG,2019-02-07 14:00:00,2019-02-07 15:15:00,11107.3,-29.54
ORB,SHORT,2019-02-13 13:45:00,2019-02-13 14:15:00,10836.05,-25.08
ORB,SHORT,2019-02-14 11:15:00,2019-02-14 14:15:00,10740.65,-27.96
ORB,SHORT,2019-02-15 11:00:00,2019-02-15 14:15:00,10668.95,-34.79
ORB,SHORT,2019-02-18 11:15:00,2019-02-18 15:15:00,10646.25,-2.75
ORB,SHORT,2019-02-20 14:15:00,2019-02-20 14:45:00,10647.8,-30.66
TREND,LONG,2019-02-21 11:30:00,2019-02-21 15:15:00,10767.7,15.3
TREND,SHORT,2019-02-26 10:30:00,2019-02-26 11:15:00,10773.8,-31.5
TREND,LONG,2019-02-26 11:30:00,2019-02-26 14:45:00,10797.3,82.68
ORB,LONG,2019-02-26 12:45:00,2019-02-26 15:00:00,10859.85,-34.47
ORB,LONG,2019-02-27 10:45:00,2019-02-27 11:30:00,10929.75,-34.53
TREND,SHORT,2019-02-27 12:30:00,2019-02-27 15:15:00,10799.0,-12.2
ORB,SHORT,2019-02-28 13:00:00,2019-02-28 14:00:00,10798.4,-31.48
TREND,SHORT,2019-02-28 13:30:00,2019-02-28 14:15:00,10804.7,-31.02
ORB,SHORT,2019-03-01 11:45:00,2019-03-01 15:15:00,10840.5,-27.81
ORB,LONG,2019-03-07 14:30:00,2019-03-07 15:15:00,11080.3,-23.89
ORB,LONG,2019-03-11 11:00:00,2019-03-11 15:15:00,11139.8,27.05
ORB,LONG,2019-03-12 13:00:00,2019-03-12 15:15:00,11281.6,17.85
ORB,LONG,2019-03-13 14:00:00,2019-03-13 14:30:00,11345.35,-25.04
ORB,LONG,2019-03-15 12:45:00,2019-03-15 15:15:00,11431.65,-23.41
TREND,LONG,2019-03-19 11:00:00,2019-03-19 15:15:00,11486.95,44.85
ORB,LONG,2019-03-19 14:00:00,2019-03-19 15:15:00,11501.0,30.8
TREND,SHORT,2019-03-25 10:30:00,2019-03-25 15:15:00,11357.8,1.5
ORB,LONG,2019-03-26 13:30:00,2019-03-26 15:15:00,11406.75,77.25
TREND,LONG,2019-03-26 14:30:00,2019-03-26 15:15:00,11427.3,56.7
ORB,LONG,2019-03-27 10:45:00,2019-03-27 11:45:00,11539.9,-31.14
ORB,LONG,2019-03-27 12:45:00,2019-03-27 13:45:00,11538.95,-31.41
ORB,LONG,2019-03-28 12:45:00,2019-03-28 15:15:00,11521.0,47.75
ORB,LONG,2019-04-01 12:45:00,2019-04-01 15:15:00,11710.45,-27.54
ORB,LONG,2019-04-02 12:45:00,2019-04-02 13:15:00,11711.95,-28.54
TREND,LONG,2019-04-05 13:45:00,2019-04-05 15:15:00,11648.55,5.9
TREND,SHORT,2019-04-08 14:30:00,2019-04-08 15:15:00,11563.75,-30.1
TREND,LONG,2019-04-09 14:30:00,2019-04-09 15:15:00,11650.4,22.7
ORB,LONG,2019-04-09 14:30:00,2019-04-09 15:15:00,11650.4,22.7
TREND,SHORT,2019-04-10 14:30:00,2019-04-10 15:15:00,11592.9,6.2
ORB,LONG,2019-04-12 14:15:00,2019-04-12 15:15:00,11634.55,8.75
TREND,LONG,2019-04-12 14:30:00,2019-04-12 15:15:00,11643.0,0.3
ORB,LONG,2019-04-15 12:15:00,2019-04-15 13:30:00,11685.15,-22.98
ORB,LONG,2019-04-15 13:45:00,2019-04-15 15:15:00,11683.7,4.35
ORB,LONG,2019-04-16 11:45:00,2019-04-16 15:15:00,11781.2,-1.75
TREND,SHORT,2019-04-22 10:30:00,2019-04-22 15:15:00,11670.3,79.39
ORB,SHORT,2019-04-24 11:00:00,2019-04-24 12:45:00,11582.8,-28.57
TREND,LONG,2019-04-24 14:30:00,2019-04-24 15:15:00,11655.65,66.22
ORB,LONG,2019-04-25 10:45:00,2019-04-25 13:30:00,11769.25,-30.1
TREND,SHORT,2019-04-26 10:15:00,2019-04-26 14:00:00,11682.0,-39.7
ORB,LONG,2019-04-26 14:00:00,2019-04-26 15:15:00,11722.5,30.45
TREND,LONG,2019-04-26 14:00:00,2019-04-26 15:15:00,11722.5,30.45
TREND,SHORT,2019-04-30 10:30:00,2019-04-30 11:15:00,11663.75,-32.79
ORB,SHORT,2019-05-07 11:00:00,2019-05-07 12:15:00,11597.05,-29.42
ORB,SHORT,2019-05-07 13:30:00,2019-05-07 15:15:00,11602.4,105.0
TREND,SHORT,2019-05-07 14:15:00,2019-05-07 15:00:00,11583.15,65.88
ORB,SHORT,2019-05-08 11:15:00,2019-05-08 14:00:00,11417.05,-31.34
ORB,SHORT,2019-05-08 14:15:00,2019-05-08 15:15:00,11413.75,54.85
ORB,SHORT,2019-05-09 13:15:00,2019-05-09 14:30:00,11278.6,-30.65
ORB,SHORT,2019-05-15 13:15:00,2019-05-15 14:00:00,11218.65,-36.64
ORB,SHORT,2019-05-15 14:30:00,2019-05-15 15:15:00,11220.75,65.75
ORB,SHORT,2019-05-16 11:15:00,2019-05-16 12:30:00,11150.65,-41.95
TREND,LONG,2019-05-17 10:30:00,2019-05-17 15:15:00,11301.25,107.14
ORB,LONG,2019-05-22 14:00:00,2019-05-22 14:45:00,11764.05,-38.87
ORB,LONG,2019-05-24 12:45:00,2019-05-24 15:15:00,11780.4,56.2
TREND,LONG,2019-05-24 13:00:00,2019-05-24 15:15:00,11792.9,43.7
ORB,LONG,2019-05-27 11:30:00,2019-05-27 15:15:00,11918.35,3.25
ORB,LONG,2019-05-30 11:15:00,2019-05-30 15:15:00,11920.25,22.4
ORB,LONG,2019-06-03 11:00:00,2019-06-03 15:15:00,11984.15,102.7
TREND,SHORT,2019-06-06 12:30:00,2019-06-06 14:30:00,11922.35,83.75
ORB,LONG,2019-06-07 14:30:00,2019-06-07 15:15:00,11874.9,-13.6
TREND,LONG,2019-06-10 10:30:00,2019-06-10 11:45:00,11945.25,-46.08
ORB,LONG,2019-06-11 12:00:00,2019-06-11 15:15:00,11961.55,0.1
TREND,SHORT,2019-06-12 10:30:00,2019-06-12 15:15:00,11901.4,-4.9
TREND,SHORT,2019-06-13 10:30:00,2019-06-13 14:15:00,11852.05,-30.19
ORB,LONG,2019-06-13 14:15:00,2019-06-13 15:15:00,11897.25,18.8
ORB,SHORT,2019-06-17 11:45:00,2019-06-17 15:15:00,11737.1,67.7
TREND,SHORT,2019-06-19 11:45:00,2019-06-19 15:15:00,11717.5,17.45
ORB,SHORT,2019-06-19 11:45:00,2019-06-19 15:15:00,11717.5,17.45
TREND,SHORT,2019-06-21 14:00:00,2019-06-21 15:15:00,11741.85,15.75
TREND,SHORT,2019-06-25 12:45:00,2019-06-25 13:15:00,11723.35,-28.22
TREND,LONG,2019-06-25 14:30:00,2019-06-25 15:15:00,11775.65,19.5
ORB,LONG,2019-06-27 10:45:00,2019-06-27 14:15:00,11887.85,-28.42
TREND,LONG,2019-07-01 10:30:00,2019-07-01 15:15:00,11848.05,15.8
ORB,LONG,2019-07-01 11:15:00,2019-07-01 15:15:00,11869.25,-5.4
TREND,LONG,2019-07-02 13:30:00,2019-07-02 15:15:00,11872.0,38.2
ORB,LONG,2019-07-03 14:30:00,2019-07-03 15:00:00,11936.0,-20.5
TREND,SHORT,2019-07-05 13:30:00,2019-07-05 13:45:00,11803.75,-43.62
ORB,SHORT,2019-07-08 10:45:00,2019-07-08 15:15:00,11657.7,96.2
ORB,SHORT,2019-07-10 12:15:00,2019-07-10 15:15:00,11505.45,6.05
TREND,SHORT,2019-07-10 12:45:00,2019-07-10 13:30:00,11490.75,-37.42
ORB,SHORT,2019-07-15 10:45:00,2019-07-15 14:30:00,11557.6,-36.29
TREND,LONG,2019-07-16 10:30:00,2019-07-16 15:15:00,11612.15,52.4
ORB,SHORT,2019-07-18 12:45:00,2019-07-18 15:15:00,11643.4,47.65
TREND,SHORT,2019-07-18 14:30:00,2019-07-18 15:15:00,11637.75,42.0
ORB,SHORT,2019-07-19 11:15:00,2019-07-19 15:15:00,11487.0,67.75
ORB,SHORT,2019-07-24 10:45:00,2019-07-24 13:30:00,11237.5,-41.4
TREND,SHORT,2019-07-25 12:00:00,2019-07-25 15:15:00,11277.7,21.75
ORB,SHORT,2019-07-25 12:15:00,2019-07-25 14:45:00,11264.55,-37.81
TREND,SHORT,2019-07-29 11:30:00,2019-07-29 15:15:00,11217.5,27.1
ORB,SHORT,2019-07-29 11:30:00,2019-07-29 15:15:00,11217.5,27.1
TREND,SHORT,2019-07-30 11:30:00,2019-07-30 12:30:00,11179.25,-35.32
ORB,SHORT,2019-07-30 11:30:00,2019-07-30 12:30:00,11179.25,-35.32
ORB,SHORT,2019-07-30 14:15:00,2019-07-30 15:15:00,11176.65,88.3
TREND,SHORT,2019-08-01 10:15:00,2019-08-01 14:30:00,11044.1,113.68
ORB,SHORT,2019-08-07 13:45:00,2019-08-07 15:15:00,10889.6,29.9
TREND,SHORT,2019-08-07 13:45:00,2019-08-07 15:15:00,10889.6,29.9
ORB,SHORT,2019-08-13 13:30:00,2019-08-13 15:15:00,11033.15,94.95
TREND,SHORT,2019-08-13 14:30:00,2019-08-13 15:15:00,10998.9,60.7
TREND,LONG,2019-08-14 11:30:00,2019-08-14 12:15:00,11048.25,-47.82
TREND,LONG,2019-08-14 13:30:00,2019-08-14 15:15:00,11045.45,-10.3
TREND,SHORT,2019-08-16 11:45:00,2019-08-16 13:00:00,11012.95,-34.25
TREND,LONG,2019-08-16 13:15:00,2019-08-16 15:15:00,11054.8,-6.5
ORB,SHORT,2019-08-19 14:30:00,2019-08-19 15:15:00,11058.15,0.85
TREND,SHORT,2019-08-20 10:30:00,2019-08-20 14:15:00,11020.15,-39.93
ORB,SHORT,2019-08-20 12:45:00,2019-08-20 13:30:00,10990.0,-33.69
ORB,SHORT,2019-08-21 12:00:00,2019-08-21 15:15:00,10975.9,56.25
ORB,SHORT,2019-08-22 13:15:00,2019-08-22 15:15:00,10850.4,98.85
TREND,LONG,2019-08-26 12:30:00,2019-08-26 15:15:00,10966.25,88.05
ORB,LONG,2019-08-27 10:45:00,2019-08-27 15:15:00,11125.7,-22.8
TREND,SHORT,2019-08-29 10:30:00,2019-08-29 15:15:00,10986.95,48.05
ORB,SHORT,2019-08-29 11:30:00,2019-08-29 14:00:00,10965.3,-38.91
ORB,SHORT,2019-08-30 10:45:00,2019-08-30 14:30:00,10941.55,-48.13
TREND,SHORT,2019-08-30 11:15:00,2019-08-30 14:00:00,10916.2,-47.39
TREND,SHORT,2019-09-03 10:30:00,2019-09-03 15:15:00,10894.5,84.45
ORB,SHORT,2019-09-03 12:30:00,2019-09-03 15:15:00,10883.45,73.4
ORB,SHORT,2019-09-05 11:45:00,2019-09-05 15:15:00,10850.15,-4.35
TREND,SHORT,2019-09-05 12:15:00,2019-09-05 15:15:00,10832.85,-21.65
TREND,SHORT,2019-09-06 10:30:00,2019-09-06 11:45:00,10876.4,-37.6
TREND,LONG,2019-09-06 12:30:00,2019-09-06 15:15:00,10909.55,37.15
ORB,LONG,2019-09-11 11:30:00,2019-09-11 12:45:00,11048.6,-26.53
ORB,LONG,2019-09-11 14:15:00,2019-09-11 15:15:00,11045.9,-7.6
TREND,SHORT,2019-09-13 10:30:00,2019-09-13 13:45:00,10961.25,-39.08
TREND,LONG,2019-09-13 14:30:00,2019-09-13 15:15:00,11034.05,41.95
ORB,LONG,2019-09-16 11:15:00,2019-09-16 12:30:00,11041.85,-38.22
TREND,SHORT,2019-09-16 13:30:00,2019-09-16 14:45:00,10979.05,-35.08
TREND,SHORT,2019-09-17 10:30:00,2019-09-17 13:30:00,10946.55,87.1
ORB,SHORT,2019-09-17 10:45:00,2019-09-17 15:15:00,10925.1,116.7
ORB,SHORT,2019-09-19 10:45:00,2019-09-19 15:15:00,10734.75,24.55
TREND,LONG,2019-09-20 11:30:00,2019-09-20 14:30:00,11163.2,212.28
ORB,LONG,2019-09-23 12:45:00,2019-09-23 13:30:00,11685.6,-83.13
ORB,LONG,2019-09-26 11:30:00,2019-09-26 12:15:00,11578.65,-46.93
TREND,LONG,2019-09-30 14:30:00,2019-09-30 14:45:00,11501.6,-42.47
TREND,SHORT,2019-10-01 14:30:00,2019-10-01 15:15:00,11318.55,-61.79
ORB,LONG,2019-10-03 12:30:00,2019-10-03 13:30:00,11360.0,-57.71
TREND,SHORT,2019-10-10 13:15:00,2019-10-10 15:15:00,11225.8,-10.05
TREND,LONG,2019-10-11 10:30:00,2019-10-11 10:45:00,11323.75,-43.68
TREND,SHORT,2019-10-11 11:45:00,2019-10-11 14:15:00,11240.55,-56.18
ORB,LONG,2019-10-15 11:00:00,2019-10-15 15:15:00,11397.25,26.3
TREND,LONG,2019-10-15 11:45:00,2019-10-15 15:15:00,11414.85,8.7
ORB,LONG,2019-10-17 12:45:00,2019-10-17 15:15:00,11494.8,97.6
ORB,LONG,2019-10-18 10:45:00,2019-10-18 15:15:00,11640.35,22.2
ORB,LONG,2019-10-23 11:30:00,2019-10-23 14:45:00,11646.9,-41.57
TREND,SHORT,2019-10-25 13:30:00,2019-10-25 14:15:00,11513.95,-41.21
ORB,LONG,2019-10-29 10:45:00,2019-10-29 15:15:00,11711.7,73.15
ORB,LONG,2019-10-31 11:00:00,2019-10-31 12:15:00,11921.75,-31.27
ORB,LONG,2019-10-31 12:45:00,2019-10-31 15:00:00,11920.9,-27.48
ORB,LONG,2019-11-04 11:15:00,2019-11-04 11:45:00,11981.4,-35.31
TREND,LONG,2019-11-06 11:45:00,2019-11-06 15:15:00,11944.65,18.75
ORB,LONG,2019-11-06 11:45:00,2019-11-06 15:15:00,11944.65,18.75
ORB,LONG,2019-11-08 12:45:00,2019-11-08 13:45:00,12002.95,-29.58
TREND,LONG,2019-11-13 10:30:00,2019-11-13 11:00:00,11930.2,-32.9
ORB,LONG,2019-11-14 11:15:00,2019-11-14 12:15:00,11873.95,-36.87
ORB,LONG,2019-11-14 14:15:00,2019-11-14 15:15:00,11860.75,11.65
TREND,LONG,2019-11-15 10:30:00,2019-11-15 10:45:00,11953.3,-39.74
ORB,LONG,2019-11-15 14:00:00,2019-11-15 15:15:00,11944.8,-30.8
TREND,SHORT,2019-11-18 12:30:00,2019-11-18 13:00:00,11869.9,-31.31
ORB,LONG,2019-11-19 12:00:00,2019-11-19 15:00:00,11931.95,-27.0
TREND,LONG,2019-11-19 12:30:00,2019-11-19 15:00:00,11938.85,-26.39
TREND,SHORT,2019-11-22 10:30:00,2019-11-22 15:15:00,11922.65,9.5
TREND,LONG,2019-11-25 10:30:00,2019-11-25 13:45:00,11979.65,67.64
ORB,LONG,2019-11-25 10:45:00,2019-11-25 15:15:00,12000.25,74.5
ORB,LONG,2019-11-28 12:45:00,2019-11-28 14:00:00,12137.4,-21.35
TREND,SHORT,2019-11-29 12:30:00,2019-11-29 15:15:00,12043.55,-27.4
TREND,SHORT,2019-12-02 13:30:00,2019-12-02 14:15:00,12029.7,-31.24
TREND,SHORT,2019-12-03 10:30:00,2019-12-03 15:15:00,12024.65,28.15
TREND,SHORT,2019-12-04 13:00:00,2019-12-04 14:45:00,11952.0,-29.07
TREND,SHORT,2019-12-06 11:30:00,2019-12-06 15:15:00,11971.0,50.2
TREND,SHORT,2019-12-10 10:30:00,2019-12-10 15:15:00,11909.65,54.25
ORB,SHORT,2019-12-10 11:00:00,2019-12-10 15:15:00,11909.8,54.4
ORB,SHORT,2019-12-11 11:45:00,2019-12-11 15:15:00,11864.0,-25.98
TREND,LONG,2019-12-12 10:30:00,2019-12-12 15:15:00,11949.65,21.3
ORB,LONG,2019-12-13 11:00:00,2019-12-13 15:15:00,12060.35,33.5
ORB,LONG,2019-12-17 12:00:00,2019-12-17 15:15:00,12138.2,26.25
ORB,LONG,2019-12-18 12:45:00,2019-12-18 15:15:00,12205.6,8.85
ORB,LONG,2019-12-19 11:15:00,2019-12-19 15:15:00,12226.2,30.25
TREND,SHORT,2019-12-26 11:30:00,2019-12-26 15:15:00,12192.55,44.8
ORB,LONG,2019-12-27 10:45:00,2019-12-27 15:15:00,12202.9,36.95
TREND,LONG,2019-12-27 12:15:00,2019-12-27 15:15:00,12214.15,25.7
TREND,SHORT,2019-12-31 11:30:00,2019-12-31 12:00:00,12201.85,-24.01
TREND,SHORT,2019-12-31 12:15:00,2019-12-31 15:15:00,12222.75,59.77
TREND,LONG,2020-01-02 10:30:00,2020-01-02 15:15:00,12225.25,56.06
ORB,LONG,2020-01-02 10:45:00,2020-01-02 15:15:00,12233.4,48.65
TREND,SHORT,2020-01-03 14:30:00,2020-01-03 15:15:00,12212.55,-20.27
TREND,SHORT,2020-01-06 10:30:00,2020-01-06 14:15:00,12081.5,86.03
ORB,SHORT,2020-01-07 11:15:00,2020-01-07 15:15:00,12063.3,6.15
TREND,SHORT,2020-01-07 11:15:00,2020-01-07 15:15:00,12063.3,6.15
TREND,LONG,2020-01-09 10:30:00,2020-01-09 15:15:00,12170.75,45.05
TREND,LONG,2020-01-17 10:15:00,2020-01-17 11:30:00,12377.65,-26.59
TREND,SHORT,2020-01-20 11:30:00,2020-01-20 15:15:00,12287.35,61.7
TREND,LONG,2020-01-24 10:30:00,2020-01-24 15:15:00,12233.9,12.85
TREND,SHORT,2020-01-27 10:45:00,2020-01-27 15:15:00,12198.7,74.15
ORB,SHORT,2020-01-28 14:15:00,2020-01-28 15:15:00,12076.4,7.8
ORB,SHORT,2020-01-30 11:15:00,2020-01-30 15:15:00,12054.1,16.25
ORB,SHORT,2020-01-31 11:00:00,2020-01-31 15:15:00,12023.1,63.1
TREND,SHORT,2020-01-31 11:15:00,2020-01-31 14:15:00,11997.05,-39.22
TREND,SHORT,2020-02-01 13:00:00,2020-02-01 13:15:00,11895.5,-52.3
ORB,SHORT,2020-02-01 13:30:00,2020-02-01 14:15:00,11774.9,-70.79
TREND,LONG,2020-02-04 14:30:00,2020-02-04 15:15:00,11962.25,12.6
ORB,LONG,2020-02-06 12:45:00,2020-02-06 14:00:00,12153.15,-37.01
TREND,SHORT,2020-02-10 10:30:00,2020-02-10 12:30:00,12009.75,-33.05
TREND,SHORT,2020-02-10 13:30:00,2020-02-10 15:15:00,12013.2,-27.79
ORB,SHORT,2020-02-18 10:45:00,2020-02-18 15:15:00,11942.0,-36.27
TREND,LONG,2020-02-19 10:45:00,2020-02-19 15:15:00,12055.1,65.9
ORB,LONG,2020-02-20 11:30:00,2020-02-20 14:45:00,12132.45,-28.27
ORB,SHORT,2020-02-24 14:00:00,2020-02-24 15:15:00,11917.9,84.6
ORB,SHORT,2020-02-25 14:15:00,2020-02-25 14:45:00,11793.15,-37.9
TREND,SHORT,2020-02-26 14:30:00,2020-02-26 15:15:00,11692.05,1.9
ORB,SHORT,2020-02-28 12:15:00,2020-02-28 13:15:00,11256.25,-57.38
ORB,SHORT,2020-02-28 14:30:00,2020-02-28 15:15:00,11261.8,62.5
ORB,SHORT,2020-03-03 10:45:00,2020-03-03 14:15:00,11203.45,-92.08
ORB,SHORT,2020-03-04 11:00:00,2020-03-04 15:15:00,11234.4,-26.1
TREND,SHORT,2020-03-04 13:15:00,2020-03-04 15:15:00,11171.15,-61.63
ORB,SHORT,2020-03-09 10:45:00,2020-03-09 15:15:00,10539.05,71.9
ORB,SHORT,2020-03-12 10:45:00,2020-03-12 15:15:00,9861.9,291.6
ORB,SHORT,2020-03-16 14:15:00,2020-03-16 15:15:00,9261.25,84.6
ORB,SHORT,2020-03-18 11:15:00,2020-03-18 15:15:00,8792.9,340.75
ORB,SHORT,2020-03-23 11:00:00,2020-03-23 15:15:00,7836.3,225.6
TREND,LONG,2020-03-26 10:30:00,2020-03-26 11:45:00,8655.75,-131.77
ORB,SHORT,2020-03-27 10:45:00,2020-03-27 15:15:00,8773.15,108.55
TREND,SHORT,2020-03-30 11:45:00,2020-03-30 15:15:00,8477.25,170.65
TREND,LONG,2020-03-31 12:30:00,2020-03-31 15:15:00,8556.7,44.05
TREND,SHORT,2020-04-01 10:30:00,2020-04-01 15:15:00,8378.6,124.65
ORB,SHORT,2020-04-01 10:45:00,2020-04-01 15:15:00,8343.95,90.0
ORB,SHORT,2020-04-03 11:00:00,2020-04-03 13:45:00,8098.55,-77.31
ORB,SHORT,2020-04-03 14:15:00,2020-04-03 15:15:00,8090.45,12.95
TREND,LONG,2020-04-07 10:30:00,2020-04-07 14:00:00,8425.45,252.06
ORB,SHORT,2020-04-15 13:45:00,2020-04-15 15:15:00,9109.45,181.4
TREND,LONG,2020-04-16 12:30:00,2020-04-16 15:15:00,9012.95,-20.6
TREND,SHORT,2020-04-21 10:30:00,2020-04-21 15:15:00,9018.65,30.55
TREND,LONG,2020-04-22 11:30:00,2020-04-22 15:15:00,9093.9,91.65
ORB,LONG,2020-04-23 10:45:00,2020-04-23 15:15:00,9284.6,28.95
ORB,LONG,2020-04-24 12:30:00,2020-04-24 14:15:00,9262.45,-57.82
ORB,LONG,2020-04-27 11:45:00,2020-04-27 14:30:00,9354.05,-60.54
ORB,LONG,2020-04-29 11:00:00,2020-04-29 15:15:00,9472.2,77.15
ORB,LONG,2020-04-30 11:15:00,2020-04-30 13:15:00,9842.95,-56.13
TREND,SHORT,2020-05-04 10:30:00,2020-05-04 15:15:00,9392.6,112.9
TREND,SHORT,2020-05-05 14:30:00,2020-05-05 15:15:00,9279.4,78.85
TREND,LONG,2020-05-08 11:30:00,2020-05-08 14:15:00,9336.7,-54.17
TREND,LONG,2020-05-11 10:30:00,2020-05-11 11:45:00,9384.5,-58.94
TREND,SHORT,2020-05-11 14:30:00,2020-05-11 15:15:00,9299.9,57.2
ORB,LONG,2020-05-12 14:30:00,2020-05-12 15:15:00,9175.45,-7.9
TREND,LONG,2020-05-13 10:30:00,2020-05-13 15:15:00,9397.1,-10.85
TREND,SHORT,2020-05-14 10:30:00,2020-05-14 15:15:00,9211.45,72.15
ORB,SHORT,2020-05-15 11:00:00,2020-05-15 13:00:00,9057.5,-54.11
ORB,SHORT,2020-05-18 11:00:00,2020-05-18 15:15:00,8864.9,39.75
TREND,SHORT,2020-05-19 14:00:00,2020-05-19 15:15:00,8894.4,9.95
TREND,SHORT,2020-05-22 10:30:00,2020-05-22 15:15:00,9046.35,13.2
ORB,SHORT,2020-05-22 10:45:00,2020-05-22 15:15:00,8999.5,-33.65
TREND,LONG,2020-05-26 10:30:00,2020-05-26 11:45:00,9126.75,-52.48
ORB,SHORT,2020-05-26 13:15:00,2020-05-26 15:15:00,9067.35,46.2
TREND,SHORT,2020-05-26 14:15:00,2020-05-26 15:00:00,9009.55,-43.11
TREND,LONG,2020-05-27 11:30:00,2020-05-27 13:45:00,9094.65,113.85
ORB,LONG,2020-05-28 11:00:00,2020-05-28 15:15:00,9438.65,44.45
ORB,LONG,2020-05-29 13:00:00,2020-05-29 15:15:00,9486.85,101.7
ORB,LONG,2020-06-01 11:00:00,2020-06-01 15:15:00,9861.15,-32.25
ORB,LONG,2020-06-02 12:45:00,2020-06-02 15:15:00,9946.1,28.85
ORB,LONG,2020-06-05 14:00:00,2020-06-05 15:15:00,10148.15,-11.6
TREND,LONG,2020-06-09 10:45:00,2020-06-09 13:00:00,10257.1,-60.82
ORB,LONG,2020-06-09 11:45:00,2020-06-09 13:00:00,10262.25,-54.7
ORB,LONG,2020-06-10 10:45:00,2020-06-10 12:15:00,10126.45,-65.21
ORB,LONG,2020-06-10 13:00:00,2020-06-10 14:45:00,10129.2,-58.58
TREND,SHORT,2020-06-11 11:30:00,2020-06-11 15:15:00,10035.15,139.19
ORB,LONG,2020-06-12 10:45:00,2020-06-12 15:15:00,9736.2,237.5
TREND,SHORT,2020-06-15 10:30:00,2020-06-15 15:00:00,9823.45,-48.6
TREND,LONG,2020-06-16 10:30:00,2020-06-16 12:30:00,9984.7,-79.5
TREND,SHORT,2020-06-16 13:30:00,2020-06-16 14:30:00,9819.2,-82.01
TREND,LONG,2020-06-17 12:30:00,2020-06-17 15:00:00,9948.95,-72.34
ORB,LONG,2020-06-17 13:00:00,2020-06-17 15:00:00,9963.8,-69.61
ORB,LONG,2020-06-18 11:15:00,2020-06-18 14:30:00,9913.6,179.2
TREND,LONG,2020-06-18 12:30:00,2020-06-18 14:30:00,9966.4,124.22
ORB,LONG,2020-06-19 11:30:00,2020-06-19 15:15:00,10165.05,82.85
ORB,LONG,2020-06-23 10:45:00,2020-06-23 15:15:00,10384.75,82.05
ORB,LONG,2020-06-25 13:45:00,2020-06-25 15:15:00,10313.9,-31.1
TREND,LONG,2020-06-25 14:15:00,2020-06-25 15:15:00,10344.2,-68.51
TREND,SHORT,2020-06-29 10:30:00,2020-06-29 15:15:00,10264.0,-59.06
ORB,LONG,2020-07-01 12:00:00,2020-07-01 15:15:00,10370.0,64.4
ORB,LONG,2020-07-02 12:15:00,2020-07-02 15:15:00,10556.85,-12.75
ORB,LONG,2020-07-06 11:30:00,2020-07-06 15:15:00,10756.3,8.75
TREND,LONG,2020-07-07 13:30:00,2020-07-07 14:00:00,10785.4,-39.48
TREND,LONG,2020-07-09 10:15:00,2020-07-09 15:15:00,10780.9,28.55
ORB,LONG,2020-07-09 12:30:00,2020-07-09 15:15:00,10792.0,17.45
TREND,SHORT,2020-07-14 10:30:00,2020-07-14 13:15:00,10694.0,122.78
TREND,LONG,2020-07-15 10:30:00,2020-07-15 14:30:00,10780.8,-51.14
ORB,LONG,2020-07-17 11:30:00,2020-07-17 15:15:00,10829.4,68.6
ORB,LONG,2020-07-20 14:15:00,2020-07-20 15:15:00,11022.4,7.1
ORB,LONG,2020-07-21 13:00:00,2020-07-21 15:15:00,11165.35,-2.8
ORB,LONG,2020-07-23 11:15:00,2020-07-23 15:15:00,11192.2,19.5
ORB,LONG,2020-07-24 14:15:00,2020-07-24 15:15:00,11184.4,15.45
TREND,LONG,2020-07-24 14:30:00,2020-07-24 14:45:00,11206.35,-42.41
TREND,LONG,2020-07-28 12:15:00,2020-07-28 15:15:00,11235.75,63.45
ORB,LONG,2020-07-28 12:15:00,2020-07-28 15:15:00,11235.75,63.45
TREND,SHORT,2020-07-30 14:30:00,2020-07-30 15:00:00,11100.9,-49.69
TREND,LONG,2020-08-06 11:00:00,2020-08-06 14:30:00,11181.85,-44.71
ORB,LONG,2020-08-06 12:30:00,2020-08-06 14:30:00,11214.65,-50.71
ORB,LONG,2020-08-07 14:30:00,2020-08-07 15:15:00,11217.65,-5.35
ORB,LONG,2020-08-10 11:45:00,2020-08-10 12:45:00,11330.6,-35.44
ORB,LONG,2020-08-12 11:15:00,2020-08-12 15:15:00,11293.65,14.85
TREND,SHORT,2020-08-14 14:30:00,2020-08-14 15:15:00,11143.5,-46.49
ORB,LONG,2020-08-18 13:45:00,2020-08-18 15:15:00,11328.45,53.3
ORB,LONG,2020-08-20 10:45:00,2020-08-20 12:45:00,11344.9,-37.74
ORB,LONG,2020-08-20 13:30:00,2020-08-20 14:00:00,11340.55,-34.13
TREND,SHORT,2020-08-20 14:30:00,2020-08-20 15:15:00,11319.45,7.5
TREND,LONG,2020-08-21 10:30:00,2020-08-21 15:15:00,11388.9,-21.65
ORB,LONG,2020-08-24 12:15:00,2020-08-24 15:15:00,11449.65,15.9
ORB,LONG,2020-08-26 14:30:00,2020-08-26 15:15:00,11518.3,30.5
ORB,LONG,2020-08-28 11:15:00,2020-08-28 15:15:00,11635.45,6.15
TREND,SHORT,2020-08-31 13:30:00,2020-08-31 15:15:00,11453.4,48.0
TREND,LONG,2020-09-02 14:30:00,2020-09-02 15:15:00,11532.0,-4.95
ORB,LONG,2020-09-02 14:30:00,2020-09-02 15:15:00,11532.0,-4.95
TREND,SHORT,2020-09-04 10:30:00,2020-09-04 13:30:00,11395.7,-52.24
ORB,SHORT,2020-09-09 12:15:00,2020-09-09 13:00:00,11196.3,-42.31
TREND,LONG,2020-09-10 11:30:00,2020-09-10 15:15:00,11400.7,50.2
TREND,LONG,2020-09-15 10:30:00,2020-09-15 15:15:00,11477.45,41.25
ORB,LONG,2020-09-15 14:15:00,2020-09-15 15:15:00,11517.75,0.95
ORB,LONG,2020-09-16 10:45:00,2020-09-16 15:15:00,11556.65,42.5
TREND,SHORT,2020-09-21 10:30:00,2020-09-21 13:45:00,11526.55,117.03
ORB,SHORT,2020-09-23 12:15:00,2020-09-23 15:15:00,11138.35,1.95
TREND,SHORT,2020-09-23 12:45:00,2020-09-23 15:15:00,11118.35,-18.05
TREND,LONG,2020-09-28 11:30:00,2020-09-28 15:15:00,11209.1,16.85
ORB,SHORT,2020-09-29 11:00:00,2020-09-29 14:30:00,11219.55,-48.86
ORB,LONG,2020-10-05 11:15:00,2020-10-05 11:45:00,11554.75,-40.31
ORB,LONG,2020-10-07 12:45:00,2020-10-07 15:15:00,11742.2,-10.8
ORB,LONG,2020-10-08 11:30:00,2020-10-08 14:00:00,11890.45,-37.56
ORB,LONG,2020-10-09 10:45:00,2020-10-09 15:15:00,11881.4,28.1
TREND,LONG,2020-10-09 11:15:00,2020-10-09 13:45:00,11915.15,-51.6
ORB,LONG,2020-10-13 10:45:00,2020-10-13 12:45:00,11975.25,-46.15
TREND,LONG,2020-10-14 14:30:00,2020-10-14 15:15:00,11915.75,49.25
TREND,SHORT,2020-10-15 14:30:00,2020-10-15 15:15:00,11752.7,85.55
TREND,LONG,2020-10-19 10:30:00,2020-10-19 12:00:00,11879.0,-55.08
ORB,LONG,2020-10-20 11:15:00,2020-10-20 14:15:00,11932.3,-40.98
TREND,SHORT,2020-10-21 14:30:00,2020-10-21 14:45:00,11790.5,-46.69
TREND,LONG,2020-10-22 11:00:00,2020-10-22 12:45:00,11907.7,-53.39
TREND,LONG,2020-10-22 14:00:00,2020-10-22 14:45:00,11896.6,-51.66
TREND,SHORT,2020-10-26 11:30:00,2020-10-26 13:00:00,11866.15,88.95
ORB,LONG,2020-10-27 11:45:00,2020-10-27 15:15:00,11830.2,53.35
TREND,SHORT,2020-10-28 11:30:00,2020-10-28 13:45:00,11848.45,120.61
ORB,SHORT,2020-10-30 11:15:00,2020-10-30 15:15:00,11643.7,-6.95
TREND,LONG,2020-11-03 10:30:00,2020-11-03 15:15:00,11796.9,16.2
ORB,LONG,2020-11-05 11:30:00,2020-11-05 15:15:00,12078.35,41.8
ORB,LONG,2020-11-06 12:30:00,2020-11-06 15:15:00,12210.1,53.7
ORB,LONG,2020-11-10 11:00:00,2020-11-10 14:15:00,12586.55,-47.03
ORB,LONG,2020-11-10 14:30:00,2020-11-10 15:15:00,12570.35,52.8
TREND,LONG,2020-11-11 14:15:00,2020-11-11 15:15:00,12717.9,27.15
ORB,LONG,2020-11-18 14:00:00,2020-11-18 15:15:00,12901.8,40.0
ORB,LONG,2020-11-19 12:30:00,2020-11-19 13:00:00,12960.05,-39.22
ORB,LONG,2020-11-20 14:00:00,2020-11-20 15:15:00,12861.7,2.4
TREND,LONG,2020-11-20 14:00:00,2020-11-20 15:15:00,12861.7,2.4
ORB,LONG,2020-11-24 14:00:00,2020-11-24 15:15:00,13049.8,-0.9
TREND,LONG,2020-11-26 14:15:00,2020-11-26 15:15:00,12932.7,53.95
ORB,LONG,2020-11-26 14:15:00,2020-11-26 15:15:00,12932.7,53.95
ORB,LONG,2020-12-01 10:45:00,2020-12-01 15:15:00,13069.0,36.7
ORB,LONG,2020-12-07 12:15:00,2020-12-07 15:15:00,13322.7,33.9
TREND,LONG,2020-12-08 14:30:00,2020-12-08 15:15:00,13419.85,-31.7
ORB,LONG,2020-12-09 11:15:00,2020-12-09 15:15:00,13488.7,41.9
TREND,LONG,2020-12-15 13:15:00,2020-12-15 15:15:00,13537.95,32.7
ORB,LONG,2020-12-15 14:00:00,2020-12-15 15:15:00,13547.45,23.2
ORB,LONG,2020-12-16 14:00:00,2020-12-16 15:15:00,13676.55,7.3
ORB,LONG,2020-12-17 12:15:00,2020-12-17 15:15:00,13728.05,14.8
TREND,LONG,2020-12-18 14:15:00,2020-12-18 15:15:00,13752.2,9.0
TREND,SHORT,2020-12-21 14:30:00,2020-12-21 14:45:00,13424.75,171.5
ORB,LONG,2020-12-23 12:00:00,2020-12-23 15:15:00,13538.6,64.65
TREND,LONG,2020-12-23 12:30:00,2020-12-23 15:15:00,13545.0,58.25
ORB,LONG,2020-12-28 13:00:00,2020-12-28 15:15:00,13865.95,2.95
ORB,LONG,2020-12-31 10:45:00,2020-12-31 11:15:00,14008.6,-38.09
ORB,LONG,2020-12-31 13:45:00,2020-12-31 14:30:00,14000.1,-34.34
ORB,LONG,2021-01-01 12:45:00,2021-01-01 15:15:00,14038.0,-25.0
TREND,LONG,2021-01-04 12:45:00,2021-01-04 15:15:00,14075.15,50.85
ORB,LONG,2021-01-04 14:00:00,2021-01-04 14:30:00,14114.85,-38.86
ORB,LONG,2021-01-05 11:15:00,2021-01-05 15:15:00,14119.75,85.45
ORB,LONG,2021-01-12 12:15:00,2021-01-12 15:15:00,14516.55,51.05
ORB,LONG,2021-01-14 11:15:00,2021-01-14 15:15:00,14567.55,18.05
TREND,SHORT,2021-01-15 14:30:00,2021-01-15 15:15:00,14433.05,-2.4
TREND,SHORT,2021-01-18 10:30:00,2021-01-18 14:15:00,14300.9,-66.72
TREND,LONG,2021-01-19 10:30:00,2021-01-19 15:15:00,14436.1,88.65
ORB,LONG,2021-01-20 10:45:00,2021-01-20 15:15:00,14605.7,36.15
ORB,LONG,2021-01-21 11:15:00,2021-01-21 14:15:00,14741.25,-38.2
TREND,SHORT,2021-01-22 11:30:00,2021-01-22 15:15:00,14501.1,135.55
ORB,SHORT,2021-01-27 11:45:00,2021-01-27 15:15:00,14106.45,139.15
ORB,SHORT,2021-01-28 12:45:00,2021-01-28 13:30:00,13767.5,-63.83
ORB,SHORT,2021-01-28 14:30:00,2021-01-28 15:15:00,13769.95,-54.85
ORB,SHORT,2021-01-29 11:45:00,2021-01-29 15:15:00,13811.4,183.8
TREND,SHORT,2021-01-29 12:15:00,2021-01-29 14:30:00,13786.95,-71.86
TREND,LONG,2021-02-01 14:30:00,2021-02-01 15:15:00,14202.65,65.25
ORB,LONG,2021-02-04 11:30:00,2021-02-04 15:15:00,14800.25,82.75
ORB,LONG,2021-02-08 13:15:00,2021-02-08 15:15:00,15124.55,-10.35
ORB,LONG,2021-02-09 11:00:00,2021-02-09 15:00:00,15204.45,-49.05
ORB,LONG,2021-02-12 11:00:00,2021-02-12 13:45:00,15229.5,-46.12
ORB,LONG,2021-02-15 11:15:00,2021-02-15 15:15:00,15314.9,0.05
ORB,LONG,2021-02-17 11:15:00,2021-02-17 13:15:00,15291.55,-56.07
TREND,SHORT,2021-02-18 12:30:00,2021-02-18 15:15:00,15120.6,5.15
ORB,LONG,2021-02-19 10:45:00,2021-02-19 11:15:00,15123.85,-57.33
TREND,LONG,2021-02-25 10:30:00,2021-02-25 15:15:00,15129.05,-35.55
TREND,SHORT,2021-02-26 10:30:00,2021-02-26 12:45:00,14810.6,229.13
TREND,LONG,2021-03-02 10:30:00,2021-03-02 11:15:00,14901.5,-74.03
ORB,SHORT,2021-03-02 11:15:00,2021-03-02 15:15:00,14809.95,-74.99
ORB,LONG,2021-03-03 10:45:00,2021-03-03 15:15:00,15089.05,156.65
ORB,LONG,2021-03-04 11:15:00,2021-03-04 15:15:00,15134.35,-73.62
TREND,LONG,2021-03-04 11:45:00,2021-03-04 15:15:00,15162.6,-74.67
TREND,SHORT,2021-03-05 14:30:00,2021-03-05 15:15:00,14914.05,-42.75
TREND,LONG,2021-03-08 10:30:00,2021-03-08 10:45:00,15069.8,-73.86
TREND,LONG,2021-03-08 11:15:00,2021-03-08 13:45:00,15025.2,-79.8
TREND,LONG,2021-03-09 10:30:00,2021-03-09 13:15:00,15064.2,-73.22
TREND,SHORT,2021-03-09 13:45:00,2021-03-09 14:30:00,14950.5,-60.56
TREND,SHORT,2021-03-12 14:30:00,2021-03-12 15:15:00,15004.7,-26.75
ORB,SHORT,2021-03-16 13:15:00,2021-03-16 15:15:00,14938.1,37.05
ORB,SHORT,2021-03-17 12:15:00,2021-03-17 15:15:00,14860.75,159.2
ORB,SHORT,2021-03-18 12:45:00,2021-03-18 13:45:00,14800.0,194.2
TREND,SHORT,2021-03-18 13:15:00,2021-03-18 14:15:00,14708.85,153.2
ORB,SHORT,2021-03-22 12:30:00,2021-03-22 14:15:00,14634.75,-76.87
TREND,LONG,2021-03-23 11:30:00,2021-03-23 15:15:00,14781.4,33.8
TREND,SHORT,2021-03-24 10:30:00,2021-03-24 15:15:00,14642.05,91.15
ORB,SHORT,2021-03-25 14:00:00,2021-03-25 15:00:00,14396.8,-72.77
TREND,LONG,2021-03-30 10:30:00,2021-03-30 15:15:00,14754.5,93.6
TREND,LONG,2021-04-01 13:30:00,2021-04-01 15:15:00,14820.4,52.95
TREND,SHORT,2021-04-05 10:30:00,2021-04-05 13:45:00,14561.05,-77.98
TREND,LONG,2021-04-06 10:30:00,2021-04-06 13:00:00,14700.55,-74.94
TREND,LONG,2021-04-06 13:15:00,2021-04-06 15:15:00,14688.4,-9.6
ORB,LONG,2021-04-08 11:00:00,2021-04-08 12:00:00,14951.95,-51.8
ORB,LONG,2021-04-08 13:30:00,2021-04-08 14:45:00,14956.7,-48.36
TREND,SHORT,2021-04-12 10:30:00,2021-04-12 15:15:00,14436.65,133.05
TREND,SHORT,2021-04-15 11:15:00,2021-04-15 12:00:00,14367.35,-77.46
ORB,SHORT,2021-04-15 13:15:00,2021-04-15 14:15:00,14427.4,-71.22
TREND,SHORT,2021-04-15 14:30:00,2021-04-15 15:00:00,14499.65,-37.6
ORB,SHORT,2021-04-20 11:15:00,2021-04-20 15:15:00,14433.35,116.0
TREND,SHORT,2021-04-20 12:45:00,2021-04-20 15:15:00,14352.25,34.9
ORB,SHORT,2021-04-23 14:30:00,2021-04-23 15:15:00,14313.2,-30.1
TREND,SHORT,2021-04-23 14:30:00,2021-04-23 15:15:00,14313.2,-30.1
TREND,LONG,2021-04-26 10:30:00,2021-04-26 14:30:00,14532.4,-73.03
ORB,LONG,2021-04-28 10:45:00,2021-04-28 15:15:00,14772.2,90.55
TREND,LONG,2021-04-29 13:30:00,2021-04-29 14:15:00,14941.3,-62.18
TREND,LONG,2021-05-04 11:45:00,2021-05-04 13:15:00,14691.45,-57.5
ORB,LONG,2021-05-06 13:00:00,2021-05-06 15:15:00,14713.1,5.9
ORB,LONG,2021-05-10 12:45:00,2021-05-10 15:15:00,14955.85,-16.65
ORB,LONG,2021-05-11 11:30:00,2021-05-11 13:30:00,14858.0,-41.69
TREND,LONG,2021-05-11 12:30:00,2021-05-11 13:00:00,14897.6,-39.2
TREND,SHORT,2021-05-12 10:30:00,2021-05-12 12:30:00,14718.85,-44.69
TREND,SHORT,2021-05-12 14:30:00,2021-05-12 15:15:00,14739.2,29.3
TREND,LONG,2021-05-17 10:30:00,2021-05-17 15:15:00,14802.9,115.65
ORB,LONG,2021-05-18 11:15:00,2021-05-18 14:45:00,15125.7,-52.01
TREND,LONG,2021-05-21 10:30:00,2021-05-21 15:15:00,15079.2,101.75
TREND,LONG,2021-05-26 10:30:00,2021-05-26 15:15:00,15269.4,31.15
ORB,LONG,2021-05-27 11:30:00,2021-05-27 14:15:00,15347.4,-33.34
ORB,LONG,2021-05-28 14:00:00,2021-05-28 15:00:00,15463.85,-38.08
TREND,LONG,2021-06-07 10:15:00,2021-06-07 15:15:00,15715.65,34.9
ORB,LONG,2021-06-07 11:00:00,2021-06-07 15:15:00,15733.65,16.9
TREND,LONG,2021-06-10 10:30:00,2021-06-10 15:15:00,15710.5,22.15
ORB,LONG,2021-06-10 11:45:00,2021-06-10 15:15:00,15709.7,22.95
TREND,LONG,2021-06-14 12:45:00,2021-06-14 15:15:00,15735.55,71.05
ORB,LONG,2021-06-14 14:15:00,2021-06-14 15:15:00,15799.9,6.7
ORB,LONG,2021-06-17 11:15:00,2021-06-17 12:00:00,15743.4,-41.21
TREND,SHORT,2021-06-21 10:30:00,2021-06-21 13:15:00,15617.6,-74.46
TREND,LONG,2021-06-21 14:30:00,2021-06-21 15:15:00,15720.65,22.0
TREND,SHORT,2021-06-23 13:30:00,2021-06-23 14:15:00,15740.1,-45.75
TREND,SHORT,2021-06-23 14:15:00,2021-06-23 15:15:00,15748.1,61.5
ORB,LONG,2021-06-24 12:15:00,2021-06-24 15:15:00,15763.95,28.0
TREND,LONG,2021-06-24 12:45:00,2021-06-24 15:15:00,15782.1,9.85
ORB,LONG,2021-06-25 12:45:00,2021-06-25 15:15:00,15842.35,22.6
TREND,SHORT,2021-06-29 10:30:00,2021-06-29 15:15:00,15767.1,20.7
TREND,LONG,2021-06-30 10:30:00,2021-06-30 14:15:00,15805.5,-35.68
ORB,LONG,2021-06-30 10:45:00,2021-06-30 13:45:00,15824.5,-35.99
ORB,LONG,2021-07-02 14:30:00,2021-07-02 15:15:00,15706.4,14.05
TREND,LONG,2021-07-05 10:30:00,2021-07-05 15:15:00,15823.85,12.2
ORB,LONG,2021-07-05 11:00:00,2021-07-05 15:15:00,15825.75,10.3
ORB,LONG,2021-07-06 11:15:00,2021-07-06 14:30:00,15881.85,-26.71
ORB,LONG,2021-07-07 14:15:00,2021-07-07 15:15:00,15854.5,25.35
TREND,SHORT,2021-07-08 12:30:00,2021-07-08 14:15:00,15790.7,73.75
ORB,LONG,2021-07-09 14:15:00,2021-07-09 14:45:00,15699.95,-38.54
TREND,LONG,2021-07-12 10:30:00,2021-07-12 13:15:00,15775.5,-40.14
TREND,SHORT,2021-07-12 13:15:00,2021-07-12 15:15:00,15702.35,12.95
ORB,SHORT,2021-07-12 13:15:00,2021-07-12 15:15:00,15702.35,12.95
TREND,LONG,2021-07-13 10:30:00,2021-07-13 15:15:00,15768.05,46.15
ORB,LONG,2021-07-14 10:45:00,2021-07-14 15:15:00,15821.25,40.5
ORB,LONG,2021-07-15 10:45:00,2021-07-15 15:15:00,15912.2,6.9
TREND,SHORT,2021-07-19 10:30:00,2021-07-19 14:45:00,15824.45,106.25
ORB,SHORT,2021-07-20 10:45:00,2021-07-20 13:00:00,15611.55,-46.39
TREND,LONG,2021-07-22 10:30:00,2021-07-22 15:15:00,15791.3,25.8
ORB,LONG,2021-07-23 13:45:00,2021-07-23 15:15:00,15883.15,-25.35
ORB,LONG,2021-07-26 10:45:00,2021-07-26 11:45:00,15882.3,-40.45
TREND,SHORT,2021-07-27 13:30:00,2021-07-27 15:15:00,15753.95,6.1
TREND,LONG,2021-07-29 11:30:00,2021-07-29 15:15:00,15792.95,-17.7
ORB,LONG,2021-07-30 13:45:00,2021-07-30 15:00:00,15832.5,-29.07
TREND,LONG,2021-08-02 10:30:00,2021-08-02 15:15:00,15855.3,31.55
ORB,LONG,2021-08-02 11:30:00,2021-08-02 15:00:00,15877.75,-35.58
ORB,LONG,2021-08-03 10:45:00,2021-08-03 15:15:00,15976.8,147.45
ORB,LONG,2021-08-04 13:45:00,2021-08-04 15:15:00,16265.3,-1.6
ORB,LONG,2021-08-05 13:00:00,2021-08-05 15:15:00,16311.6,-29.25
ORB,LONG,2021-08-10 11:00:00,2021-08-10 14:00:00,16348.3,-42.96
ORB,LONG,2021-08-12 11:45:00,2021-08-12 15:15:00,16335.8,19.85
ORB,LONG,2021-08-13 10:45:00,2021-08-13 15:15:00,16459.15,64.55
ORB,LONG,2021-08-16 11:15:00,2021-08-16 12:45:00,16571.1,-41.92
TREND,SHORT,2021-08-20 11:30:00,2021-08-20 14:30:00,16446.4,-58.18
ORB,LONG,2021-08-24 13:30:00,2021-08-24 15:15:00,16586.95,35.7
ORB,LONG,2021-08-25 11:30:00,2021-08-25 11:45:00,16703.3,-41.32
TREND,LONG,2021-08-27 11:15:00,2021-08-27 15:15:00,16667.25,42.65
ORB,LONG,2021-08-27 11:15:00,2021-08-27 15:15:00,16667.25,42.65
ORB,LONG,2021-08-30 12:00:00,2021-08-30 15:15:00,16859.15,73.15
ORB,LONG,2021-08-31 12:15:00,2021-08-31 15:15:00,16999.55,140.5
ORB,LONG,2021-09-02 10:45:00,2021-09-02 15:15:00,17135.7,94.35
TREND,LONG,2021-09-02 11:30:00,2021-09-02 15:15:00,17164.5,65.55
ORB,LONG,2021-09-03 13:45:00,2021-09-03 14:15:00,17313.1,-43.78
TREND,LONG,2021-09-07 12:30:00,2021-09-07 14:45:00,17410.0,-47.54
ORB,LONG,2021-09-07 13:30:00,2021-09-07 14:45:00,17423.55,-44.7
ORB,LONG,2021-09-09 10:45:00,2021-09-09 12:45:00,17367.3,-46.5
TREND,LONG,2021-09-09 13:00:00,2021-09-09 15:15:00,17325.2,37.3
ORB,LONG,2021-09-15 11:15:00,2021-09-15 15:15:00,17452.45,58.7
ORB,LONG,2021-09-16 12:15:00,2021-09-16 15:15:00,17578.45,45.05
TREND,LONG,2021-09-20 11:15:00,2021-09-20 12:15:00,17609.9,-71.99
TREND,SHORT,2021-09-20 14:30:00,2021-09-20 15:15:00,17478.8,60.25
ORB,LONG,2021-09-21 13:45:00,2021-09-21 15:15:00,17489.3,57.2
TREND,LONG,2021-09-21 14:30:00,2021-09-21 15:15:00,17507.3,39.2
ORB,LONG,2021-09-23 11:15:00,2021-09-23 15:15:00,17731.05,100.15
TREND,SHORT,2021-09-28 13:30:00,2021-09-28 15:00:00,17669.2,-58.55
TREND,SHORT,2021-09-29 10:45:00,2021-09-29 13:30:00,17628.7,-73.27
TREND,LONG,2021-09-29 14:30:00,2021-09-29 15:15:00,17758.15,-55.12
TREND,SHORT,2021-09-30 13:30:00,2021-09-30 15:15:00,17641.45,10.8
ORB,LONG,2021-10-01 11:00:00,2021-10-01 12:00:00,17544.65,-66.83
TREND,LONG,2021-10-04 10:30:00,2021-10-04 12:30:00,17724.0,-58.16
ORB,LONG,2021-10-05 11:30:00,2021-10-05 15:15:00,17698.25,127.95
TREND,LONG,2021-10-07 10:30:00,2021-10-07 15:15:00,17798.35,-10.1
ORB,LONG,2021-10-07 12:00:00,2021-10-07 15:15:00,17841.6,-53.35
ORB,LONG,2021-10-08 14:15:00,2021-10-08 15:15:00,17917.4,-23.5
ORB,LONG,2021-10-11 10:45:00,2021-10-11 15:15:00,17997.85,-49.1
ORB,LONG,2021-10-13 11:15:00,2021-10-13 15:15:00,18139.1,26.2
ORB,LONG,2021-10-14 11:15:00,2021-10-14 13:45:00,18299.7,-42.86
ORB,LONG,2021-10-14 13:45:00,2021-10-14 15:15:00,18297.7,40.35
ORB,LONG,2021-10-18 12:45:00,2021-10-18 13:30:00,18531.0,-45.4
ORB,LONG,2021-10-18 14:15:00,2021-10-18 14:45:00,18528.75,-45.5
TREND,SHORT,2021-10-21 10:30:00,2021-10-21 15:15:00,18232.35,61.5
TREND,LONG,2021-10-22 10:30:00,2021-10-22 11:30:00,18280.3,-75.57
TREND,SHORT,2021-10-22 12:30:00,2021-10-22 15:15:00,18161.95,35.45
TREND,LONG,2021-10-26 10:30:00,2021-10-26 11:00:00,18208.65,-77.49
TREND,LONG,2021-10-26 14:30:00,2021-10-26 15:15:00,18248.45,12.25
ORB,LONG,2021-10-27 11:45:00,2021-10-27 14:30:00,18337.7,-55.42
TREND,SHORT,2021-10-29 14:00:00,2021-10-29 15:15:00,17719.9,72.05
ORB,SHORT,2021-11-02 10:45:00,2021-11-02 15:15:00,17897.15,-0.95
ORB,SHORT,2021-11-03 12:00:00,2021-11-03 14:45:00,17918.65,137.05
TREND,SHORT,2021-11-03 13:15:00,2021-11-03 14:00:00,17808.85,-53.82
TREND,LONG,2021-11-08 12:30:00,2021-11-08 15:15:00,17964.05,97.45
TREND,SHORT,2021-11-10 10:30:00,2021-11-10 13:45:00,17955.65,-57.88
TREND,LONG,2021-11-10 14:15:00,2021-11-10 15:00:00,18049.8,-46.35
TREND,SHORT,2021-11-11 10:30:00,2021-11-11 13:30:00,17837.7,-52.39
TREND,LONG,2021-11-12 12:30:00,2021-11-12 14:15:00,17968.15,118.07
ORB,SHORT,2021-11-18 14:30:00,2021-11-18 15:15:00,17777.8,23.55
TREND,SHORT,2021-11-30 11:30:00,2021-11-30 15:15:00,17109.95,125.1
TREND,LONG,2021-12-02 13:30:00,2021-12-02 15:15:00,17312.45,89.65
ORB,SHORT,2021-12-03 12:30:00,2021-12-03 15:15:00,17359.5,160.5
TREND,SHORT,2021-12-03 13:30:00,2021-12-03 15:15:00,17277.35,78.35
ORB,SHORT,2021-12-06 11:30:00,2021-12-06 15:15:00,17075.55,163.8
TREND,LONG,2021-12-07 14:30:00,2021-12-07 15:15:00,17241.7,-51.27
TREND,LONG,2021-12-08 10:30:00,2021-12-08 15:15:00,17390.15,80.85
TREND,SHORT,2021-12-13 14:30:00,2021-12-13 15:15:00,17380.3,12.0
TREND,SHORT,2021-12-14 10:30:00,2021-12-14 12:15:00,17266.05,-70.81
ORB,SHORT,2021-12-15 10:45:00,2021-12-15 11:45:00,17208.35,-61.75
ORB,SHORT,2021-12-15 12:45:00,2021-12-15 14:00:00,17224.9,-54.78
ORB,SHORT,2021-12-16 12:00:00,2021-12-16 15:15:00,17237.75,-1.1
TREND,SHORT,2021-12-16 12:15:00,2021-12-16 13:00:00,17220.7,-56.69
ORB,SHORT,2021-12-17 10:45:00,2021-12-17 15:15:00,17042.5,59.45
ORB,SHORT,2021-12-20 11:00:00,2021-12-20 15:15:00,16583.9,-35.3
TREND,SHORT,2021-12-21 14:30:00,2021-12-21 15:15:00,16750.4,-27.55
TREND,LONG,2021-12-23 10:30:00,2021-12-23 15:15:00,17048.15,37.25
TREND,SHORT,2021-12-24 10:30:00,2021-12-24 14:00:00,16944.7,-66.58
TREND,LONG,2021-12-27 11:30:00,2021-12-27 15:15:00,17002.7,82.95
ORB,LONG,2021-12-30 13:15:00,2021-12-30 14:30:00,17251.75,-34.7
ORB,LONG,2021-12-31 12:00:00,2021-12-31 15:15:00,17363.7,-14.25
ORB,LONG,2022-01-04 12:15:00,2022-01-04 13:45:00,17732.6,-48.62
ORB,LONG,2022-01-04 14:15:00,2022-01-04 15:15:00,17725.95,69.65
ORB,LONG,2022-01-05 12:15:00,2022-01-05 15:15:00,17863.15,70.55
TREND,LONG,2022-01-06 14:30:00,2022-01-06 15:15:00,17773.9,-36.65
ORB,LONG,2022-01-10 13:45:00,2022-01-10 15:15:00,17973.5,29.0
ORB,LONG,2022-01-11 13:15:00,2022-01-11 14:45:00,18064.15,-41.74
ORB,LONG,2022-01-12 13:45:00,2022-01-12 15:15:00,18194.3,18.8
ORB,LONG,2022-01-14 14:00:00,2022-01-14 15:15:00,18244.05,9.15
ORB,LONG,2022-01-17 12:00:00,2022-01-17 13:45:00,18307.3,-41.76
ORB,LONG,2022-01-17 14:30:00,2022-01-17 15:15:00,18307.35,-3.7
TREND,LONG,2022-01-18 13:15:00,2022-01-18 14:00:00,18310.7,-43.0
ORB,SHORT,2022-01-24 11:00:00,2022-01-24 15:15:00,17403.8,224.25
ORB,SHORT,2022-01-27 12:15:00,2022-01-27 13:15:00,16882.8,-93.03
TREND,SHORT,2022-01-28 14:15:00,2022-01-28 15:15:00,17166.0,75.7
ORB,SHORT,2022-01-28 14:15:00,2022-01-28 15:15:00,17166.0,75.7
TREND,LONG,2022-02-01 10:30:00,2022-02-01 11:45:00,17579.9,-78.67
ORB,SHORT,2022-02-01 13:15:00,2022-02-01 13:30:00,17278.0,-111.48
TREND,LONG,2022-02-01 14:30:00,2022-02-01 15:15:00,17577.55,-16.35
ORB,LONG,2022-02-02 12:00:00,2022-02-02 15:15:00,17765.55,10.6
TREND,SHORT,2022-02-04 10:15:00,2022-02-04 15:15:00,17545.8,14.9
ORB,SHORT,2022-02-04 13:15:00,2022-02-04 14:00:00,17478.6,-60.03
ORB,SHORT,2022-02-07 11:00:00,2022-02-07 15:15:00,17380.1,158.2
ORB,SHORT,2022-02-08 13:15:00,2022-02-08 15:00:00,17137.05,-86.61
TREND,LONG,2022-02-09 10:30:00,2022-02-09 15:15:00,17392.65,68.7
TREND,SHORT,2022-02-11 10:30:00,2022-02-11 13:30:00,17347.25,-71.73
TREND,SHORT,2022-02-11 14:00:00,2022-02-11 15:15:00,17414.55,25.85
ORB,SHORT,2022-02-14 14:30:00,2022-02-14 15:15:00,16877.65,38.6
TREND,LONG,2022-02-15 14:30:00,2022-02-15 15:15:00,17284.35,64.55
ORB,SHORT,2022-02-16 11:00:00,2022-02-16 12:30:00,17286.35,-86.85
TREND,SHORT,2022-02-18 10:30:00,2022-02-18 12:45:00,17289.7,-73.8
TREND,LONG,2022-02-21 12:30:00,2022-02-21 14:45:00,17281.45,-69.76
ORB,SHORT,2022-02-23 10:45:00,2022-02-23 15:15:00,17124.35,74.6
ORB,SHORT,2022-02-24 13:30:00,2022-02-24 15:15:00,16450.65,175.55
ORB,SHORT,2022-03-02 12:00:00,2022-03-02 15:15:00,16527.45,-85.92
ORB,SHORT,2022-03-03 12:30:00,2022-03-03 15:15:00,16571.7,43.5
TREND,SHORT,2022-03-03 13:00:00,2022-03-03 15:15:00,16536.05,7.85
ORB,SHORT,2022-03-07 10:45:00,2022-03-07 11:30:00,15759.5,-152.97
ORB,SHORT,2022-03-07 14:15:00,2022-03-07 15:00:00,15754.8,-109.23
ORB,SHORT,2022-03-08 12:00:00,2022-03-08 14:00:00,15698.15,-93.42
TREND,LONG,2022-03-09 13:30:00,2022-03-09 15:15:00,16283.35,64.3
ORB,SHORT,2022-03-10 13:45:00,2022-03-10 15:15:00,16596.0,-21.85
ORB,LONG,2022-03-17 11:30:00,2022-03-17 15:15:00,17276.85,-5.95
TREND,LONG,2022-03-22 13:00:00,2022-03-22 15:15:00,17162.8,152.65
ORB,LONG,2022-03-22 13:00:00,2022-03-22 15:15:00,17162.8,152.65
ORB,LONG,2022-03-24 11:15:00,2022-03-24 12:15:00,17273.5,-72.04
TREND,SHORT,2022-03-28 10:30:00,2022-03-28 12:30:00,17028.05,-65.99
ORB,LONG,2022-03-28 13:00:00,2022-03-28 15:15:00,17196.75,22.75
TREND,LONG,2022-03-28 13:30:00,2022-03-28 15:15:00,17200.4,19.1
ORB,LONG,2022-03-30 10:45:00,2022-03-30 14:00:00,17485.4,-56.11
ORB,LONG,2022-03-30 14:30:00,2022-03-30 15:15:00,17478.5,17.95
TREND,LONG,2022-04-01 10:30:00,2022-04-01 15:15:00,17542.95,121.27
ORB,LONG,2022-04-01 11:15:00,2022-04-01 15:15:00,17548.55,119.75
ORB,LONG,2022-04-07 12:00:00,2022-04-07 13:45:00,17752.5,-55.02
TREND,SHORT,2022-04-07 14:30:00,2022-04-07 15:15:00,17668.45,35.2
ORB,LONG,2022-04-08 12:30:00,2022-04-08 15:15:00,17734.15,31.2
TREND,LONG,2022-04-08 13:45:00,2022-04-08 15:15:00,17772.75,-7.4
TREND,SHORT,2022-04-11 11:30:00,2022-04-11 13:30:00,17694.0,-60.48
TREND,SHORT,2022-04-13 11:45:00,2022-04-13 15:15:00,17516.95,44.95
TREND,LONG,2022-04-21 11:30:00,2022-04-21 15:15:00,17343.75,42.75
TREND,SHORT,2022-04-22 10:30:00,2022-04-22 11:15:00,17224.65,-60.63
TREND,SHORT,2022-04-22 13:30:00,2022-04-22 15:15:00,17278.25,102.75
ORB,SHORT,2022-04-25 12:45:00,2022-04-25 13:30:00,16931.4,-69.43
ORB,SHORT,2022-04-26 13:00:00,2022-04-26 13:45:00,17080.95,-58.13
ORB,SHORT,2022-04-27 11:45:00,2022-04-27 14:45:00,17026.65,-59.0
ORB,SHORT,2022-04-28 10:45:00,2022-04-28 11:45:00,17082.3,-59.23
TREND,LONG,2022-04-28 12:30:00,2022-04-28 15:00:00,17184.9,128.83
TREND,SHORT,2022-05-05 13:45:00,2022-05-05 15:15:00,16757.95,73.2
ORB,SHORT,2022-05-05 13:45:00,2022-05-05 15:15:00,16757.95,73.2
ORB,SHORT,2022-05-06 11:00:00,2022-05-06 14:30:00,16382.5,-96.0
ORB,SHORT,2022-05-11 12:00:00,2022-05-11 15:15:00,16141.9,-14.0
ORB,SHORT,2022-05-12 11:15:00,2022-05-12 15:15:00,15835.9,16.55
ORB,SHORT,2022-05-13 14:30:00,2022-05-13 15:15:00,15862.3,107.25
TREND,SHORT,2022-05-13 14:30:00,2022-05-13 15:15:00,15862.3,107.25
TREND,LONG,2022-05-17 13:30:00,2022-05-17 15:15:00,16142.9,103.3
ORB,SHORT,2022-05-18 12:30:00,2022-05-18 13:45:00,16246.6,-69.42
ORB,SHORT,2022-05-18 14:15:00,2022-05-18 15:15:00,16262.9,24.65
TREND,SHORT,2022-05-19 10:30:00,2022-05-19 15:15:00,15940.45,154.55
ORB,SHORT,2022-05-19 11:30:00,2022-05-19 15:15:00,15885.6,99.7
TREND,LONG,2022-05-20 10:30:00,2022-05-20 15:15:00,16160.4,117.05
TREND,SHORT,2022-05-24 10:30:00,2022-05-24 11:45:00,16152.4,-65.94
TREND,SHORT,2022-05-24 14:00:00,2022-05-24 15:15:00,16168.6,53.85
ORB,SHORT,2022-05-24 14:30:00,2022-05-24 15:15:00,16095.35,-19.4
ORB,SHORT,2022-05-25 11:45:00,2022-05-25 15:15:00,16097.55,67.85
TREND,SHORT,2022-05-25 12:30:00,2022-05-25 15:15:00,16073.75,44.05
ORB,SHORT,2022-05-27 11:00:00,2022-05-27 13:15:00,16245.7,-77.89
ORB,LONG,2022-05-30 10:45:00,2022-05-30 15:15:00,16637.2,21.55
TREND,LONG,2022-05-31 14:00:00,2022-05-31 15:15:00,16681.05,-52.27
ORB,LONG,2022-06-02 11:45:00,2022-06-02 15:15:00,16546.7,82.95
TREND,LONG,2022-06-02 12:30:00,2022-06-02 15:15:00,16575.4,54.25
TREND,SHORT,2022-06-06 10:30:00,2022-06-06 13:00:00,16513.0,-70.45
ORB,LONG,2022-06-06 13:30:00,2022-06-06 15:15:00,16579.8,-8.55
TREND,LONG,2022-06-06 13:45:00,2022-06-06 15:15:00,16590.7,-19.45
TREND,SHORT,2022-06-07 10:30:00,2022-06-07 15:15:00,16440.65,19.6
TREND,SHORT,2022-06-08 14:15:00,2022-06-08 15:15:00,16345.85,-18.45
TREND,SHORT,2022-06-10 10:30:00,2022-06-10 15:15:00,16286.9,73.0
ORB,SHORT,2022-06-13 13:15:00,2022-06-13 15:15:00,15755.75,-14.1
TREND,SHORT,2022-06-14 14:15:00,2022-06-14 15:15:00,15703.7,-20.8
TREND,SHORT,2022-06-16 10:45:00,2022-06-16 12:15:00,15713.35,167.88
TREND,LONG,2022-06-21 13:30:00,2022-06-21 15:00:00,15691.45,-60.32
TREND,SHORT,2022-06-22 11:15:00,2022-06-22 15:15:00,15487.55,65.9
ORB,SHORT,2022-06-22 13:00:00,2022-06-22 15:15:00,15422.15,0.5
TREND,LONG,2022-06-23 10:30:00,2022-06-23 12:00:00,15586.65,-65.04
TREND,SHORT,2022-06-23 12:30:00,2022-06-23 13:45:00,15459.4,-66.2
ORB,SHORT,2022-06-23 13:15:00,2022-06-23 13:45:00,15386.25,-69.6
TREND,LONG,2022-06-24 10:30:00,2022-06-24 15:15:00,15673.85,33.9
ORB,SHORT,2022-06-27 11:45:00,2022-06-27 13:15:00,15844.25,-61.67
ORB,LONG,2022-06-29 11:15:00,2022-06-29 15:15:00,15769.2,18.55
TREND,LONG,2022-06-29 13:15:00,2022-06-29 15:15:00,15829.75,-42.0
ORB,SHORT,2022-06-30 12:15:00,2022-06-30 12:45:00,15754.2,-59.43
TREND,LONG,2022-07-04 11:30:00,2022-07-04 15:15:00,15745.15,93.95
ORB,SHORT,2022-07-05 14:00:00,2022-07-05 15:15:00,15879.65,63.3
TREND,LONG,2022-07-06 11:00:00,2022-07-06 11:45:00,15916.05,-65.37
ORB,LONG,2022-07-11 13:45:00,2022-07-11 15:15:00,16191.35,24.7
TREND,LONG,2022-07-11 14:30:00,2022-07-11 15:15:00,16234.85,-18.8
TREND,SHORT,2022-07-13 13:30:00,2022-07-13 15:15:00,15981.65,19.85
TREND,SHORT,2022-07-14 12:15:00,2022-07-14 13:15:00,15956.7,-47.45
ORB,SHORT,2022-07-15 11:15:00,2022-07-15 14:30:00,15946.4,-53.26
ORB,LONG,2022-07-18 11:00:00,2022-07-18 15:15:00,16212.3,56.75
ORB,LONG,2022-07-19 10:45:00,2022-07-19 12:00:00,16303.8,-42.18
ORB,LONG,2022-07-19 12:15:00,2022-07-19 15:15:00,16304.65,43.9
ORB,LONG,2022-07-20 11:15:00,2022-07-20 15:15:00,16563.25,-49.05
ORB,LONG,2022-07-21 11:30:00,2022-07-21 13:15:00,16580.25,-38.72
ORB,LONG,2022-07-21 14:30:00,2022-07-21 15:15:00,16585.85,24.0
ORB,LONG,2022-07-22 14:00:00,2022-07-22 15:15:00,16706.0,21.05
TREND,LONG,2022-07-25 14:30:00,2022-07-25 15:15:00,16679.15,-42.76
TREND,LONG,2022-07-27 11:00:00,2022-07-27 15:15:00,16549.8,92.15
ORB,LONG,2022-08-01 10:45:00,2022-08-01 15:15:00,17284.0,48.9
TREND,LONG,2022-08-02 14:15:00,2022-08-02 15:15:00,17322.35,40.45
ORB,LONG,2022-08-02 14:30:00,2022-08-02 15:15:00,17347.2,15.6
ORB,LONG,2022-08-05 11:15:00,2022-08-05 13:15:00,17466.95,-65.77
ORB,LONG,2022-08-12 11:15:00,2022-08-12 15:15:00,17683.0,10.65
ORB,LONG,2022-08-17 11:00:00,2022-08-17 15:15:00,17917.5,27.65
TREND,SHORT,2022-08-23 11:15:00,2022-08-23 11:45:00,17431.5,-72.53
ORB,LONG,2022-08-24 11:15:00,2022-08-24 13:00:00,17614.35,-63.22
TREND,LONG,2022-08-25 10:30:00,2022-08-25 14:45:00,17684.2,-50.68
ORB,LONG,2022-08-25 13:00:00,2022-08-25 14:30:00,17724.35,-43.59
ORB,LONG,2022-08-29 11:45:00,2022-08-29 15:15:00,17331.9,-40.1
TREND,LONG,2022-08-30 12:30:00,2022-08-30 15:00:00,17591.05,123.03
TREND,LONG,2022-09-01 10:15:00,2022-09-01 12:00:00,17660.75,-79.48
TREND,SHORT,2022-09-01 14:00:00,2022-09-01 14:30:00,17472.45,-72.03
TREND,LONG,2022-09-05 10:30:00,2022-09-05 15:15:00,17653.75,16.2
ORB,LONG,2022-09-05 12:15:00,2022-09-05 15:15:00,17660.0,9.95
TREND,LONG,2022-09-06 12:45:00,2022-09-06 14:45:00,17708.45,-47.63
TREND,SHORT,2022-09-07 10:30:00,2022-09-07 12:30:00,17581.1,-54.35
TREND,LONG,2022-09-07 13:30:00,2022-09-07 14:45:00,17647.85,-43.56
ORB,LONG,2022-09-12 12:15:00,2022-09-12 15:15:00,17968.35,-39.14
ORB,LONG,2022-09-13 12:00:00,2022-09-13 15:15:00,18065.15,2.85
TREND,LONG,2022-09-14 11:00:00,2022-09-14 14:30:00,17944.5,139.84
ORB,LONG,2022-09-14 11:15:00,2022-09-14 15:15:00,17949.05,29.4
TREND,LONG,2022-09-20 10:30:00,2022-09-20 15:15:00,17858.25,-55.7
TREND,SHORT,2022-09-21 12:30:00,2022-09-21 13:00:00,17682.7,-56.85
ORB,SHORT,2022-09-23 10:45:00,2022-09-23 15:15:00,17436.35,111.85
ORB,SHORT,2022-09-26 11:00:00,2022-09-26 12:45:00,17019.05,-84.8
ORB,SHORT,2022-09-27 11:00:00,2022-09-27 13:30:00,17014.45,-92.37
TREND,SHORT,2022-09-27 11:15:00,2022-09-27 12:00:00,16946.3,-93.68
ORB,SHORT,2022-09-29 11:15:00,2022-09-29 15:15:00,16929.1,97.05
TREND,SHORT,2022-09-29 13:00:00,2022-09-29 15:15:00,16838.7,6.65
TREND,LONG,2022-09-30 14:30:00,2022-09-30 15:15:00,17170.55,-64.69
TREND,SHORT,2022-10-03 12:15:00,2022-10-03 15:15:00,17015.7,122.45
ORB,SHORT,2022-10-03 14:15:00,2022-10-03 15:15:00,16936.2,42.95
TREND,LONG,2022-10-04 10:30:00,2022-10-04 15:15:00,17232.05,39.7
ORB,SHORT,2022-10-07 12:15:00,2022-10-07 12:45:00,17230.35,-48.26
TREND,SHORT,2022-10-10 10:30:00,2022-10-10 12:00:00,17107.4,-63.38
TREND,LONG,2022-10-10 12:30:00,2022-10-10 14:15:00,17215.15,-56.4
TREND,SHORT,2022-10-11 10:30:00,2022-10-11 12:15:00,17134.35,-64.58
ORB,SHORT,2022-10-11 12:45:00,2022-10-11 15:15:00,17113.1,130.65
ORB,SHORT,2022-10-12 11:00:00,2022-10-12 11:45:00,16971.15,-68.18
TREND,SHORT,2022-10-13 10:30:00,2022-10-13 14:45:00,17014.0,-55.23
ORB,SHORT,2022-10-13 11:15:00,2022-10-13 14:45:00,17014.25,-52.96
TREND,LONG,2022-10-14 10:30:00,2022-10-14 14:45:00,17268.75,-73.6
TREND,LONG,2022-10-17 10:45:00,2022-10-17 15:15:00,17275.25,20.8
ORB,LONG,2022-10-20 10:45:00,2022-10-20 15:15:00,17498.45,66.75
ORB,LONG,2022-10-21 11:45:00,2022-10-21 12:45:00,17668.15,-42.4
ORB,LONG,2022-10-21 13:00:00,2022-10-21 13:45:00,17657.45,-40.55
ORB,LONG,2022-10-31 11:30:00,2022-10-31 15:15:00,17980.3,35.65
ORB,LONG,2022-11-01 10:45:00,2022-11-01 12:15:00,18167.95,-41.64
TREND,LONG,2022-11-03 10:30:00,2022-11-03 11:45:00,18098.35,-45.58
TREND,LONG,2022-11-07 14:30:00,2022-11-07 15:15:00,18155.9,44.35
TREND,SHORT,2022-11-10 10:30:00,2022-11-10 15:15:00,18036.2,6.8
TREND,LONG,2022-11-11 10:30:00,2022-11-11 15:15:00,18298.4,49.0
ORB,LONG,2022-11-11 12:30:00,2022-11-11 15:15:00,18338.2,9.2
ORB,LONG,2022-11-16 10:45:00,2022-11-16 14:30:00,18415.6,-40.77
TREND,SHORT,2022-11-18 11:30:00,2022-11-18 15:15:00,18246.65,-44.12
TREND,SHORT,2022-11-21 10:30:00,2022-11-21 15:15:00,18167.2,-6.1
ORB,LONG,2022-11-22 11:45:00,2022-11-22 15:15:00,18215.85,31.6
ORB,LONG,2022-11-28 11:00:00,2022-11-28 15:15:00,18553.6,9.1
TREND,LONG,2022-11-30 14:30:00,2022-11-30 15:15:00,18687.3,73.6
ORB,LONG,2022-11-30 14:30:00,2022-11-30 15:15:00,18687.3,75.9
TREND,SHORT,2022-12-05 10:30:00,2022-12-05 12:15:00,18623.7,-41.39
TREND,LONG,2022-12-05 12:30:00,2022-12-05 13:30:00,18712.2,-37.99
TREND,LONG,2022-12-05 14:30:00,2022-12-05 15:15:00,18680.7,33.4
TREND,SHORT,2022-12-06 11:30:00,2022-12-06 15:15:00,18612.3,-41.25
TREND,SHORT,2022-12-07 11:30:00,2022-12-07 15:15:00,18583.05,27.45
TREND,SHORT,2022-12-09 10:45:00,2022-12-09 13:00:00,18568.7,91.64
ORB,LONG,2022-12-12 12:30:00,2022-12-12 13:30:00,18503.4,-50.38
ORB,LONG,2022-12-13 11:00:00,2022-12-13 15:15:00,18543.35,60.5
TREND,LONG,2022-12-13 12:30:00,2022-12-13 15:15:00,18574.15,29.7
TREND,SHORT,2022-12-15 10:30:00,2022-12-15 14:00:00,18589.5,88.6
ORB,SHORT,2022-12-16 11:00:00,2022-12-16 11:45:00,18287.35,-55.46
TREND,SHORT,2022-12-16 14:30:00,2022-12-16 15:15:00,18289.75,27.4
ORB,SHORT,2022-12-16 14:30:00,2022-12-16 15:15:00,18289.75,27.4
ORB,SHORT,2022-12-20 11:45:00,2022-12-20 12:30:00,18210.0,-48.82
TREND,SHORT,2022-12-21 10:30:00,2022-12-21 14:00:00,18350.45,154.13
ORB,SHORT,2022-12-21 12:15:00,2022-12-21 15:15:00,18329.05,120.1
ORB,SHORT,2022-12-22 14:30:00,2022-12-22 15:15:00,18145.6,0.7
ORB,SHORT,2022-12-23 11:30:00,2022-12-23 15:15:00,17911.15,98.5
TREND,LONG,2022-12-28 14:30:00,2022-12-28 15:00:00,18162.75,-40.07
ORB,SHORT,2022-12-30 11:45:00,2022-12-30 15:15:00,18210.0,109.7
TREND,SHORT,2023-01-04 10:30:00,2023-01-04 12:15:00,18154.2,112.68
ORB,SHORT,2023-01-04 11:15:00,2023-01-04 15:15:00,18096.85,42.0
ORB,SHORT,2023-01-05 12:00:00,2023-01-05 15:15:00,17981.95,-9.5
TREND,SHORT,2023-01-06 11:30:00,2023-01-06 15:15:00,17906.4,34.55
TREND,LONG,2023-01-09 10:30:00,2023-01-09 13:45:00,18084.1,-59.1
TREND,SHORT,2023-01-10 10:30:00,2023-01-10 15:15:00,17991.05,67.2
ORB,SHORT,2023-01-10 10:45:00,2023-01-10 15:15:00,17957.0,33.15
TREND,LONG,2023-01-13 13:30:00,2023-01-13 15:15:00,17967.55,-11.75
ORB,SHORT,2023-01-16 11:45:00,2023-01-16 15:15:00,17939.6,42.75
TREND,SHORT,2023-01-16 12:30:00,2023-01-16 15:15:00,17904.3,7.45
TREND,LONG,2023-01-17 10:30:00,2023-01-17 13:00:00,18010.9,-48.33
ORB,LONG,2023-01-19 11:45:00,2023-01-19 14:30:00,18143.05,-43.13
TREND,LONG,2023-01-23 10:30:00,2023-01-23 12:30:00,18150.05,-43.77
TREND,SHORT,2023-01-25 10:30:00,2023-01-25 15:15:00,17945.2,46.7
ORB,SHORT,2023-01-27 11:15:00,2023-01-27 15:15:00,17680.65,67.05
TREND,SHORT,2023-01-30 13:00:00,2023-01-30 15:00:00,17499.85,-76.71
ORB,SHORT,2023-01-30 14:00:00,2023-01-30 14:15:00,17442.6,-79.31
TREND,LONG,2023-02-01 11:30:00,2023-02-01 13:00:00,17782.75,176.94
TREND,LONG,2023-02-01 13:30:00,2023-02-01 13:45:00,17808.25,-79.95
TREND,SHORT,2023-02-01 14:30:00,2023-02-01 15:15:00,17603.55,-33.05
TREND,LONG,2023-02-03 14:30:00,2023-02-03 15:15:00,17795.6,56.7
TREND,LONG,2023-02-06 14:30:00,2023-02-06 15:15:00,17757.4,2.35
ORB,SHORT,2023-02-07 12:15:00,2023-02-07 15:00:00,17723.95,-45.58
TREND,SHORT,2023-02-07 12:45:00,2023-02-07 14:15:00,17691.6,-44.39
TREND,LONG,2023-02-08 10:30:00,2023-02-08 15:15:00,17849.7,19.5
ORB,LONG,2023-02-09 14:00:00,2023-02-09 15:15:00,17893.2,-1.65
TREND,SHORT,2023-02-13 10:30:00,2023-02-13 15:00:00,17757.7,-44.29
TREND,LONG,2023-02-14 10:30:00,2023-02-14 15:15:00,17841.8,81.05
TREND,LONG,2023-02-15 11:15:00,2023-02-15 12:30:00,17940.75,-38.42
ORB,LONG,2023-02-15 11:15:00,2023-02-15 12:30:00,17940.75,-38.42
ORB,LONG,2023-02-15 12:45:00,2023-02-15 15:15:00,17932.05,81.05
TREND,SHORT,2023-02-17 14:30:00,2023-02-17 15:15:00,17933.4,-18.05
TREND,LONG,2023-02-20 10:45:00,2023-02-20 12:45:00,17959.8,-53.8
TREND,SHORT,2023-02-20 13:00:00,2023-02-20 15:15:00,17887.6,41.75
ORB,SHORT,2023-02-21 12:30:00,2023-02-21 13:45:00,17830.1,-48.5
ORB,SHORT,2023-02-21 14:30:00,2023-02-21 15:15:00,17824.25,3.1
ORB,SHORT,2023-02-22 10:45:00,2023-02-22 15:15:00,17656.0,96.3
ORB,SHORT,2023-02-24 11:00:00,2023-02-24 15:15:00,17511.8,35.65
TREND,SHORT,2023-02-24 11:45:00,2023-02-24 15:15:00,17499.4,23.25
ORB,SHORT,2023-02-28 10:45:00,2023-02-28 15:15:00,17363.35,47.8
TREND,SHORT,2023-02-28 14:00:00,2023-02-28 15:15:00,17310.0,-5.55
ORB,SHORT,2023-03-02 13:45:00,2023-03-02 15:15:00,17316.05,-15.35
TREND,LONG,2023-03-03 10:30:00,2023-03-03 15:15:00,17521.2,68.7
ORB,LONG,2023-03-08 14:30:00,2023-03-08 15:15:00,17714.25,40.35
TREND,SHORT,2023-03-13 11:45:00,2023-03-13 13:45:00,17363.4,146.57
ORB,SHORT,2023-03-13 11:45:00,2023-03-13 15:15:00,17363.4,220.4
ORB,SHORT,2023-03-14 12:45:00,2023-03-14 15:15:00,17105.05,43.6
ORB,SHORT,2023-03-15 10:45:00,2023-03-15 15:15:00,17119.3,152.85
TREND,SHORT,2023-03-15 14:00:00,2023-03-15 15:15:00,17030.45,64.0
ORB,SHORT,2023-03-17 11:15:00,2023-03-17 15:00:00,17028.55,-70.16
ORB,SHORT,2023-03-20 12:00:00,2023-03-20 15:15:00,16882.8,-71.53
TREND,LONG,2023-03-22 10:30:00,2023-03-22 15:15:00,17147.45,10.8
TREND,LONG,2023-03-23 10:30:00,2023-03-23 14:30:00,17168.35,-49.6
ORB,SHORT,2023-03-24 14:30:00,2023-03-24 15:15:00,16983.45,26.95
ORB,SHORT,2023-03-28 12:15:00,2023-03-28 15:15:00,16951.1,5.9
ORB,SHORT,2023-03-29 11:45:00,2023-03-29 13:30:00,16968.55,-47.49
TREND,LONG,2023-03-29 14:30:00,2023-03-29 15:15:00,17018.5,74.35
ORB,LONG,2023-04-05 11:30:00,2023-04-05 15:15:00,17495.35,55.2
ORB,LONG,2023-04-06 11:00:00,2023-04-06 14:00:00,17609.95,-41.27
ORB,LONG,2023-04-10 12:00:00,2023-04-10 14:15:00,17667.15,-39.49
ORB,LONG,2023-04-12 13:15:00,2023-04-12 15:15:00,17792.35,17.9
TREND,SHORT,2023-04-17 10:30:00,2023-04-17 14:00:00,17640.65,-48.5
TREND,LONG,2023-04-17 14:30:00,2023-04-17 15:15:00,17694.3,15.0
TREND,LONG,2023-04-18 12:45:00,2023-04-18 13:45:00,17694.2,-35.95
TREND,SHORT,2023-04-19 10:30:00,2023-04-19 15:15:00,17637.8,7.2
TREND,SHORT,2023-04-20 10:45:00,2023-04-20 11:45:00,17593.3,-41.04
TREND,SHORT,2023-04-21 12:30:00,2023-04-21 14:00:00,17582.7,-30.66
TREND,LONG,2023-04-24 10:45:00,2023-04-24 15:00:00,17633.25,95.72
ORB,LONG,2023-04-24 13:45:00,2023-04-24 15:15:00,17711.1,34.9
ORB,LONG,2023-04-25 10:45:00,2023-04-25 15:15:00,17772.3,2.15
ORB,LONG,2023-04-26 11:15:00,2023-04-26 15:15:00,17774.05,40.35
TREND,LONG,2023-04-26 12:00:00,2023-04-26 15:15:00,17788.5,25.9
ORB,LONG,2023-04-27 11:45:00,2023-04-27 15:15:00,17846.45,72.5
ORB,LONG,2023-04-28 12:15:00,2023-04-28 15:15:00,17963.9,98.15
TREND,LONG,2023-05-04 10:30:00,2023-05-04 15:00:00,18132.3,86.91
ORB,LONG,2023-05-04 10:45:00,2023-05-04 15:15:00,18144.85,116.3
ORB,LONG,2023-05-05 10:45:00,2023-05-05 11:15:00,18212.5,-39.61
ORB,LONG,2023-05-09 10:45:00,2023-05-09 13:00:00,18332.95,-35.86
ORB,LONG,2023-05-12 11:00:00,2023-05-12 15:15:00,18276.75,36.8
TREND,LONG,2023-05-12 12:45:00,2023-05-12 15:15:00,18297.95,15.6
ORB,LONG,2023-05-15 11:15:00,2023-05-15 15:15:00,18397.85,-9.85
TREND,SHORT,2023-05-18 13:00:00,2023-05-18 15:15:00,18186.25,49.05
TREND,LONG,2023-05-22 10:30:00,2023-05-22 15:15:00,18272.9,34.7
ORB,LONG,2023-05-22 11:00:00,2023-05-22 13:45:00,18303.15,-45.62
ORB,LONG,2023-05-22 14:15:00,2023-05-22 15:15:00,18303.35,4.25
ORB,LONG,2023-05-23 11:15:00,2023-05-23 14:45:00,18411.85,-39.68
TREND,LONG,2023-05-24 10:15:00,2023-05-24 12:45:00,18362.8,-39.08
ORB,LONG,2023-05-24 10:45:00,2023-05-24 12:30:00,18374.2,-39.55
TREND,SHORT,2023-05-25 10:30:00,2023-05-25 15:00:00,18252.85,-40.26
ORB,LONG,2023-05-26 11:15:00,2023-05-26 15:15:00,18413.85,89.15
TREND,LONG,2023-06-02 12:00:00,2023-06-02 14:45:00,18533.0,-37.92
ORB,LONG,2023-06-05 11:30:00,2023-06-05 13:15:00,18636.6,-35.11
ORB,LONG,2023-06-07 13:00:00,2023-06-07 15:15:00,18676.7,48.25
TREND,SHORT,2023-06-09 14:30:00,2023-06-09 15:15:00,18565.5,-0.85
TREND,SHORT,2023-06-12 13:30:00,2023-06-12 15:15:00,18605.05,6.35
ORB,LONG,2023-06-13 11:15:00,2023-06-13 15:15:00,18707.5,9.85
ORB,LONG,2023-06-14 13:15:00,2023-06-14 15:15:00,18757.6,-1.35
ORB,LONG,2023-06-16 14:15:00,2023-06-16 15:15:00,18789.85,31.15
TREND,SHORT,2023-06-20 10:30:00,2023-06-20 11:30:00,18668.4,-41.01
TREND,LONG,2023-06-20 13:15:00,2023-06-20 15:15:00,18743.45,74.95
ORB,LONG,2023-06-20 14:30:00,2023-06-20 15:15:00,18763.25,55.15
TREND,SHORT,2023-06-23 10:30:00,2023-06-23 15:15:00,18719.6,50.75
TREND,LONG,2023-06-27 12:30:00,2023-06-27 15:15:00,18745.55,66.66
ORB,LONG,2023-06-27 14:15:00,2023-06-27 15:15:00,18775.4,47.4
ORB,LONG,2023-06-28 10:45:00,2023-06-28 15:15:00,18920.35,50.6
ORB,LONG,2023-06-30 11:45:00,2023-06-30 15:15:00,19117.1,75.15
TREND,LONG,2023-07-04 13:00:00,2023-07-04 14:30:00,19400.75,-37.98
ORB,LONG,2023-07-04 13:30:00,2023-07-04 14:15:00,19432.5,-39.52
ORB,LONG,2023-07-06 11:00:00,2023-07-06 15:15:00,19456.45,47.0
TREND,LONG,2023-07-10 10:15:00,2023-07-10 11:45:00,19413.15,-52.29
TREND,LONG,2023-07-10 12:45:00,2023-07-10 15:15:00,19377.0,-47.15
ORB,LONG,2023-07-11 10:45:00,2023-07-11 14:30:00,19493.95,-43.58
TREND,LONG,2023-07-14 11:30:00,2023-07-14 15:15:00,19492.85,71.6
ORB,LONG,2023-07-17 13:00:00,2023-07-17 15:15:00,19639.85,88.3
ORB,LONG,2023-07-20 12:00:00,2023-07-20 15:15:00,19849.85,135.2
TREND,LONG,2023-07-26 10:30:00,2023-07-26 15:00:00,19819.5,-48.68
ORB,LONG,2023-07-26 14:30:00,2023-07-26 14:45:00,19822.85,-34.43
TREND,SHORT,2023-07-27 14:30:00,2023-07-27 15:15:00,19664.2,-2.5
ORB,LONG,2023-07-31 10:45:00,2023-07-31 15:15:00,19684.9,73.1
TREND,LONG,2023-07-31 13:00:00,2023-07-31 15:15:00,19698.35,59.65
TREND,SHORT,2023-08-02 10:30:00,2023-08-02 13:30:00,19601.15,108.43
ORB,SHORT,2023-08-03 12:30:00,2023-08-03 15:15:00,19418.1,26.0
TREND,SHORT,2023-08-03 12:30:00,2023-08-03 15:15:00,19418.1,26.0
TREND,LONG,2023-08-07 13:30:00,2023-08-07 15:15:00,19608.7,-12.45
TREND,LONG,2023-08-08 13:30:00,2023-08-08 15:15:00,19580.3,-14.7
TREND,SHORT,2023-08-10 11:30:00,2023-08-10 13:15:00,19537.1,-50.1
TREND,SHORT,2023-08-10 14:30:00,2023-08-10 15:15:00,19540.85,-7.1
ORB,SHORT,2023-08-11 11:45:00,2023-08-11 13:15:00,19442.6,-44.1
TREND,SHORT,2023-08-17 11:30:00,2023-08-17 15:15:00,19366.05,1.85
ORB,SHORT,2023-08-17 11:30:00,2023-08-17 15:15:00,19366.05,1.85
TREND,LONG,2023-08-22 11:30:00,2023-08-22 15:00:00,19420.75,-35.91
TREND,LONG,2023-08-23 11:30:00,2023-08-23 15:15:00,19422.25,18.5
ORB,SHORT,2023-08-24 11:00:00,2023-08-24 15:15:00,19498.6,99.55
ORB,SHORT,2023-08-29 14:30:00,2023-08-29 15:15:00,19319.8,-23.6
TREND,LONG,2023-08-30 10:30:00,2023-08-30 14:45:00,19437.1,-36.45
TREND,SHORT,2023-08-31 10:15:00,2023-08-31 15:15:00,19347.3,100.29
ORB,SHORT,2023-08-31 11:15:00,2023-08-31 15:15:00,19313.55,31.0
TREND,LONG,2023-09-01 13:30:00,2023-09-01 15:15:00,19394.7,38.45
ORB,LONG,2023-09-07 11:15:00,2023-09-07 11:45:00,19638.0,-40.28
ORB,LONG,2023-09-07 13:30:00,2023-09-07 15:15:00,19635.95,74.95
ORB,LONG,2023-09-08 11:45:00,2023-09-08 15:15:00,19808.95,6.3
ORB,LONG,2023-09-11 10:45:00,2023-09-11 15:15:00,19941.9,54.0
ORB,LONG,2023-09-13 11:30:00,2023-09-13 15:15:00,20027.3,38.35
TREND,LONG,2023-09-13 12:30:00,2023-09-13 15:15:00,20058.5,7.15
ORB,LONG,2023-09-15 11:15:00,2023-09-15 12:45:00,20182.4,-41.33
ORB,LONG,2023-09-15 13:30:00,2023-09-15 15:15:00,20175.95,8.3
TREND,SHORT,2023-09-20 10:30:00,2023-09-20 15:15:00,19959.45,54.9
ORB,SHORT,2023-09-25 11:15:00,2023-09-25 12:30:00,19612.1,-49.72
ORB,SHORT,2023-09-26 13:00:00,2023-09-26 13:45:00,19642.65,-35.72
TREND,SHORT,2023-09-28 11:15:00,2023-09-28 14:45:00,19659.05,122.45
ORB,SHORT,2023-09-28 11:15:00,2023-09-28 15:15:00,19659.05,157.8
TREND,LONG,2023-09-29 14:30:00,2023-09-29 15:00:00,19714.65,-37.59
ORB,SHORT,2023-10-04 12:00:00,2023-10-04 14:45:00,19362.0,-43.78
TREND,LONG,2023-10-06 10:30:00,2023-10-06 15:15:00,19599.65,58.8
TREND,SHORT,2023-10-09 10:45:00,2023-10-09 15:15:00,19556.95,42.5
TREND,LONG,2023-10-10 10:30:00,2023-10-10 14:30:00,19612.05,102.05
ORB,LONG,2023-10-11 10:45:00,2023-10-11 12:30:00,19832.75,-38.9
TREND,SHORT,2023-10-13 11:30:00,2023-10-13 13:15:00,19693.35,-36.99
ORB,LONG,2023-10-13 13:15:00,2023-10-13 15:15:00,19743.95,9.65
TREND,LONG,2023-10-13 13:45:00,2023-10-13 15:15:00,19749.85,3.75
ORB,LONG,2023-10-16 10:45:00,2023-10-16 11:15:00,19764.95,-40.14
ORB,LONG,2023-10-16 11:45:00,2023-10-16 15:15:00,19773.25,-40.65
TREND,SHORT,2023-10-18 11:30:00,2023-10-18 15:15:00,19738.8,64.75
ORB,SHORT,2023-10-23 11:30:00,2023-10-23 15:15:00,19479.35,204.65
ORB,SHORT,2023-10-25 11:30:00,2023-10-25 15:15:00,19256.1,124.6
TREND,SHORT,2023-10-31 10:45:00,2023-10-31 13:45:00,19066.4,-55.15
ORB,SHORT,2023-10-31 10:45:00,2023-10-31 13:45:00,19066.4,-55.15
TREND,SHORT,2023-10-31 13:45:00,2023-10-31 15:15:00,19104.25,11.05
ORB,SHORT,2023-11-01 13:15:00,2023-11-01 15:15:00,19002.95,10.35
ORB,SHORT,2023-11-02 11:45:00,2023-11-02 14:15:00,19091.55,-46.38
TREND,LONG,2023-11-03 10:30:00,2023-11-03 15:00:00,19259.1,-45.37
ORB,LONG,2023-11-08 14:00:00,2023-11-08 14:30:00,19461.6,-30.74
ORB,LONG,2023-11-10 10:45:00,2023-11-10 15:15:00,19372.4,51.0
TREND,LONG,2023-11-10 13:45:00,2023-11-10 14:30:00,19408.95,-30.28
ORB,LONG,2023-11-15 13:30:00,2023-11-15 15:15:00,19671.2,-29.5
ORB,LONG,2023-11-16 11:15:00,2023-11-16 15:15:00,19795.5,-42.61
ORB,LONG,2023-11-21 12:15:00,2023-11-21 15:15:00,19797.75,-16.1
TREND,LONG,2023-11-28 14:30:00,2023-11-28 15:15:00,19870.4,23.75
ORB,LONG,2023-11-28 14:30:00,2023-11-28 15:15:00,19870.4,23.75
ORB,LONG,2023-11-29 11:30:00,2023-11-29 15:15:00,20017.0,82.9
TREND,LONG,2023-11-30 13:45:00,2023-11-30 14:15:00,20102.45,-37.44
ORB,LONG,2023-12-01 11:30:00,2023-12-01 15:15:00,20279.9,-14.55
ORB,LONG,2023-12-04 13:30:00,2023-12-04 15:15:00,20608.65,67.65
ORB,LONG,2023-12-05 13:45:00,2023-12-05 15:15:00,20819.0,36.75
TREND,SHORT,2023-12-13 12:30:00,2023-12-13 13:00:00,20773.75,-42.56
ORB,LONG,2023-12-14 13:30:00,2023-12-14 15:15:00,21198.05,-27.3
ORB,LONG,2023-12-15 12:45:00,2023-12-15 15:15:00,21333.05,123.35
ORB,LONG,2023-12-18 11:30:00,2023-12-18 13:15:00,21473.6,-50.19
TREND,LONG,2023-12-19 12:45:00,2023-12-19 15:15:00,21469.25,-17.5
ORB,LONG,2023-12-19 14:15:00,2023-12-19 15:00:00,21481.05,-38.81
ORB,LONG,2023-12-21 10:45:00,2023-12-21 15:15:00,21148.85,106.65
ORB,LONG,2023-12-22 11:00:00,2023-12-22 12:45:00,21378.05,-67.33
ORB,LONG,2023-12-27 11:00:00,2023-12-27 12:45:00,21579.5,-47.08
ORB,LONG,2023-12-27 13:00:00,2023-12-27 13:15:00,21573.95,-44.24
ORB,LONG,2023-12-28 12:30:00,2023-12-28 15:15:00,21766.4,12.9
ORB,LONG,2024-01-01 11:15:00,2024-01-01 15:15:00,21741.25,-16.9
TREND,LONG,2024-01-01 14:15:00,2024-01-01 15:15:00,21792.65,-37.73
TREND,SHORT,2024-01-03 10:30:00,2024-01-03 15:15:00,21561.55,44.45
TREND,LONG,2024-01-04 10:30:00,2024-01-04 15:15:00,21636.6,13.15
TREND,SHORT,2024-01-08 11:30:00,2024-01-08 15:15:00,21628.25,118.95
TREND,LONG,2024-01-09 10:30:00,2024-01-09 14:30:00,21686.35,-66.5
ORB,LONG,2024-01-16 11:00:00,2024-01-16 12:15:00,22113.75,-47.75
TREND,SHORT,2024-01-17 10:30:00,2024-01-17 14:45:00,21783.5,209.17
ORB,LONG,2024-01-18 11:15:00,2024-01-18 15:15:00,21484.25,-27.95
ORB,SHORT,2024-01-19 11:15:00,2024-01-19 15:15:00,21586.9,-34.85
TREND,SHORT,2024-01-23 10:30:00,2024-01-23 12:15:00,21600.4,185.88
TREND,SHORT,2024-01-24 12:45:00,2024-01-24 13:15:00,21225.4,-92.17
TREND,SHORT,2024-01-25 10:45:00,2024-01-25 15:15:00,21307.75,-37.55
TREND,LONG,2024-01-29 10:30:00,2024-01-29 15:15:00,21583.7,155.85
TREND,LONG,2024-01-31 10:45:00,2024-01-31 15:15:00,21620.35,105.3
ORB,LONG,2024-02-02 11:15:00,2024-02-02 12:45:00,21989.65,-75.94
ORB,LONG,2024-02-06 12:00:00,2024-02-06 15:15:00,21898.25,19.2
TREND,LONG,2024-02-06 13:30:00,2024-02-06 15:15:00,21915.55,1.9
TREND,SHORT,2024-02-08 11:30:00,2024-02-08 15:15:00,21764.4,47.65
ORB,LONG,2024-02-14 11:00:00,2024-02-14 15:15:00,21635.1,177.15
ORB,LONG,2024-02-15 13:45:00,2024-02-15 14:30:00,21943.95,-69.98
ORB,LONG,2024-02-16 12:00:00,2024-02-16 15:15:00,22041.75,-7.35
ORB,LONG,2024-02-19 11:00:00,2024-02-19 15:15:00,22113.8,1.95
ORB,LONG,2024-02-20 11:30:00,2024-02-20 15:15:00,22123.1,75.75
TREND,SHORT,2024-02-22 10:30:00,2024-02-22 13:45:00,21923.9,-87.62
TREND,LONG,2024-02-22 14:30:00,2024-02-22 15:15:00,22080.55,124.15
ORB,LONG,2024-02-27 11:30:00,2024-02-27 12:15:00,22162.4,-48.74
ORB,LONG,2024-02-27 12:45:00,2024-02-27 15:15:00,22161.1,40.8
TREND,SHORT,2024-02-28 11:30:00,2024-02-28 15:15:00,22056.15,101.4
TREND,LONG,2024-03-01 10:30:00,2024-03-01 15:15:00,22200.05,127.05
ORB,LONG,2024-03-01 11:15:00,2024-03-01 15:15:00,22208.7,118.4
TREND,LONG,2024-03-05 13:00:00,2024-03-05 14:00:00,22402.7,-51.78
TREND,LONG,2024-03-06 14:00:00,2024-03-06 15:15:00,22381.15,90.15
ORB,LONG,2024-03-06 14:00:00,2024-03-06 15:15:00,22381.15,90.15
TREND,LONG,2024-03-12 10:30:00,2024-03-12 10:45:00,22434.75,-61.47
ORB,SHORT,2024-03-15 13:30:00,2024-03-15 14:00:00,21980.8,-60.37
ORB,SHORT,2024-03-19 11:45:00,2024-03-19 15:15:00,21810.85,-2.65
ORB,SHORT,2024-03-20 10:45:00,2024-03-20 11:00:00,21730.85,-66.7
TREND,LONG,2024-03-21 10:30:00,2024-03-21 12:15:00,22050.7,-73.12
ORB,SHORT,2024-03-21 12:15:00,2024-03-21 13:45:00,21952.25,-65.76
TREND,LONG,2024-03-22 11:30:00,2024-03-22 15:15:00,22074.1,3.55
TREND,LONG,2024-03-27 10:30:00,2024-03-27 15:15:00,22139.5,-25.35
ORB,LONG,2024-03-28 10:45:00,2024-03-28 15:15:00,22355.5,-60.5
ORB,LONG,2024-04-03 11:30:00,2024-04-03 15:15:00,22458.4,-29.7
TREND,LONG,2024-04-03 12:15:00,2024-04-03 15:00:00,22479.0,-44.49
TREND,LONG,2024-04-04 13:30:00,2024-04-04 15:15:00,22544.8,-39.55
ORB,LONG,2024-04-05 11:00:00,2024-04-05 15:15:00,22506.4,7.05
ORB,LONG,2024-04-08 11:45:00,2024-04-08 15:15:00,22651.0,18.65
TREND,LONG,2024-04-10 13:30:00,2024-04-10 15:15:00,22728.0,22.0
ORB,LONG,2024-04-10 13:30:00,2024-04-10 15:15:00,22728.0,22.0
TREND,SHORT,2024-04-12 13:30:00,2024-04-12 15:15:00,22583.8,65.95
ORB,LONG,2024-04-15 10:45:00,2024-04-15 14:30:00,22378.05,-73.44
ORB,SHORT,2024-04-16 13:15:00,2024-04-16 14:15:00,22099.2,-51.23
TREND,SHORT,2024-04-18 13:30:00,2024-04-18 13:45:00,22133.65,-76.87
ORB,SHORT,2024-04-18 13:30:00,2024-04-18 13:45:00,22133.65,-76.87
TREND,LONG,2024-04-22 11:30:00,2024-04-22 15:15:00,22281.95,63.45
TREND,LONG,2024-04-25 10:15:00,2024-04-25 11:00:00,22458.4,-51.48
ORB,LONG,2024-04-25 13:45:00,2024-04-25 15:15:00,22486.15,82.1
TREND,LONG,2024-04-29 10:30:00,2024-04-29 15:15:00,22528.6,122.45
ORB,LONG,2024-04-29 11:15:00,2024-04-29 15:15:00,22536.85,114.2
ORB,LONG,2024-04-30 14:15:00,2024-04-30 15:00:00,22768.05,-43.54
TREND,LONG,2024-05-02 10:45:00,2024-05-02 15:15:00,22686.95,-47.3
ORB,LONG,2024-05-02 10:45:00,2024-05-02 15:15:00,22686.95,-47.3
TREND,SHORT,2024-05-03 12:30:00,2024-05-03 15:15:00,22497.05,4.45
TREND,SHORT,2024-05-07 10:30:00,2024-05-07 15:15:00,22361.5,50.8
TREND,SHORT,2024-05-09 10:15:00,2024-05-09 14:45:00,22194.4,181.05
TREND,LONG,2024-05-14 13:30:00,2024-05-14 15:15:00,22230.8,-10.75
TREND,LONG,2024-05-15 11:30:00,2024-05-15 15:15:00,22177.7,25.35
TREND,SHORT,2024-05-16 11:30:00,2024-05-16 12:15:00,22139.7,-75.7
ORB,SHORT,2024-05-16 12:30:00,2024-05-16 15:00:00,22180.2,-91.57
TREND,LONG,2024-05-16 12:30:00,2024-05-16 13:30:00,22180.2,-91.57
TREND,SHORT,2024-05-16 13:30:00,2024-05-16 14:45:00,22075.05,-88.68
ORB,LONG,2024-05-17 10:45:00,2024-05-17 15:15:00,22458.0,14.4
ORB,LONG,2024-05-21 11:30:00,2024-05-21 15:15:00,22512.05,11.3
ORB,LONG,2024-05-22 13:45:00,2024-05-22 15:15:00,22577.65,18.25
ORB,LONG,2024-05-23 11:00:00,2024-05-23 15:15:00,22694.75,281.9
ORB,LONG,2024-05-24 13:30:00,2024-05-24 15:00:00,23013.4,-55.08
ORB,LONG,2024-05-27 12:00:00,2024-05-27 15:00:00,23068.4,-58.38
TREND,SHORT,2024-05-29 10:30:00,2024-05-29 13:00:00,22733.55,-62.13
TREND,SHORT,2024-05-29 14:30:00,2024-05-29 15:15:00,22737.3,24.0
ORB,SHORT,2024-05-31 10:45:00,2024-05-31 14:00:00,22532.8,-74.02
TREND,SHORT,2024-05-31 11:00:00,2024-05-31 14:00:00,22507.6,-74.27
ORB,SHORT,2024-05-31 14:30:00,2024-05-31 15:15:00,22523.35,-2.2
TREND,LONG,2024-06-03 10:30:00,2024-06-03 15:15:00,23203.0,59.7
TREND,SHORT,2024-06-04 11:30:00,2024-06-04 12:15:00,22245.1,690.37
ORB,LONG,2024-06-07 10:45:00,2024-06-07 15:15:00,23033.8,251.95
ORB,LONG,2024-06-11 11:15:00,2024-06-11 15:15:00,23328.5,-66.35
ORB,LONG,2024-06-12 10:45:00,2024-06-12 11:45:00,23436.15,-62.36
ORB,LONG,2024-06-12 12:00:00,2024-06-12 14:00:00,23435.05,-60.17
TREND,LONG,2024-06-19 11:45:00,2024-06-19 15:15:00,23542.1,-33.1
ORB,LONG,2024-06-20 13:30:00,2024-06-20 14:00:00,23607.05,-61.75
TREND,LONG,2024-06-20 13:45:00,2024-06-20 14:00:00,23612.35,-60.54
ORB,LONG,2024-06-24 10:45:00,2024-06-24 15:15:00,23480.1,63.85
TREND,LONG,2024-06-24 12:30:00,2024-06-24 15:15:00,23545.1,-1.15
ORB,LONG,2024-06-25 12:30:00,2024-06-25 15:15:00,23622.35,107.3
ORB,LONG,2024-06-26 11:00:00,2024-06-26 15:15:00,23764.3,108.9
ORB,LONG,2024-06-27 12:15:00,2024-06-27 13:45:00,24006.15,-71.51
ORB,LONG,2024-06-27 14:00:00,2024-06-27 15:15:00,23970.9,72.7
ORB,LONG,2024-07-01 11:30:00,2024-07-01 15:15:00,24115.1,30.3
TREND,LONG,2024-07-01 13:45:00,2024-07-01 15:15:00,24138.15,7.25
ORB,LONG,2024-07-05 11:45:00,2024-07-05 14:30:00,24277.15,-51.87
ORB,LONG,2024-07-09 11:45:00,2024-07-09 15:15:00,24398.95,33.1
TREND,SHORT,2024-07-10 11:30:00,2024-07-10 12:00:00,24216.3,-64.42
ORB,LONG,2024-07-12 11:00:00,2024-07-12 15:15:00,24526.85,-37.7
ORB,LONG,2024-07-15 12:15:00,2024-07-15 15:15:00,24598.9,-16.4
ORB,LONG,2024-07-16 10:45:00,2024-07-16 13:45:00,24657.2,-45.33
TREND,LONG,2024-07-18 10:15:00,2024-07-18 11:00:00,24655.5,-53.64
TREND,LONG,2024-07-18 12:45:00,2024-07-18 14:15:00,24647.1,159.39
ORB,LONG,2024-07-18 13:15:00,2024-07-18 15:15:00,24711.6,88.1
TREND,SHORT,2024-07-23 10:30:00,2024-07-23 11:15:00,24440.95,-60.84
TREND,SHORT,2024-07-23 12:30:00,2024-07-23 12:45:00,24141.25,-111.37
ORB,LONG,2024-07-25 10:45:00,2024-07-25 15:15:00,24317.8,77.7
TREND,LONG,2024-07-26 10:30:00,2024-07-26 13:15:00,24590.85,161.65
ORB,LONG,2024-07-26 10:45:00,2024-07-26 15:15:00,24598.95,248.1
ORB,LONG,2024-07-29 11:45:00,2024-07-29 12:15:00,24987.85,-63.85
ORB,LONG,2024-07-30 10:45:00,2024-07-30 15:15:00,24898.2,-52.7
TREND,LONG,2024-07-30 11:45:00,2024-07-30 13:30:00,24950.0,-63.07
ORB,LONG,2024-07-31 10:45:00,2024-07-31 15:15:00,24946.3,-2.5
TREND,SHORT,2024-08-02 10:30:00,2024-08-02 11:45:00,24754.1,-72.87
ORB,SHORT,2024-08-06 10:45:00,2024-08-06 15:15:00,24155.9,180.35
TREND,SHORT,2024-08-06 13:45:00,2024-08-06 15:15:00,24079.45,103.9
TREND,SHORT,2024-08-08 13:30:00,2024-08-08 15:15:00,24112.05,-5.15
ORB,SHORT,2024-08-08 13:30:00,2024-08-08 15:15:00,24112.05,-5.15
TREND,LONG,2024-08-09 14:30:00,2024-08-09 15:15:00,24365.4,3.65
TREND,LONG,2024-08-12 11:30:00,2024-08-12 12:30:00,24450.45,-69.89
TREND,SHORT,2024-08-13 10:30:00,2024-08-13 14:15:00,24295.65,163.84
ORB,SHORT,2024-08-13 12:15:00,2024-08-13 15:15:00,24296.0,171.1
TREND,LONG,2024-08-16 10:45:00,2024-08-16 13:45:00,24258.05,203.56
ORB,LONG,2024-08-20 13:00:00,2024-08-20 15:15:00,24729.4,-33.3
ORB,LONG,2024-08-21 11:30:00,2024-08-21 15:15:00,24738.0,27.05
ORB,LONG,2024-08-26 13:00:00,2024-08-26 15:15:00,25022.7,-16.8
ORB,LONG,2024-08-27 11:30:00,2024-08-27 15:00:00,25068.9,-46.1
ORB,LONG,2024-08-28 11:30:00,2024-08-28 15:15:00,25061.0,-12.55
ORB,LONG,2024-08-29 12:30:00,2024-08-29 14:15:00,25142.9,-44.22
ORB,LONG,2024-09-04 13:30:00,2024-09-04 15:15:00,25169.45,38.65
TREND,LONG,2024-09-05 11:15:00,2024-09-05 14:30:00,25193.6,-45.47
TREND,SHORT,2024-09-06 10:30:00,2024-09-06 15:15:00,24948.35,93.3
ORB,LONG,2024-09-10 12:00:00,2024-09-10 15:15:00,25024.55,16.4
TREND,LONG,2024-09-10 13:30:00,2024-09-10 14:45:00,25119.75,-54.04
ORB,LONG,2024-09-11 10:45:00,2024-09-11 13:45:00,25086.85,-60.38
TREND,SHORT,2024-09-11 14:30:00,2024-09-11 15:15:00,24951.05,48.4
ORB,LONG,2024-09-12 14:15:00,2024-09-12 15:15:00,25204.7,208.25
TREND,LONG,2024-09-12 14:30:00,2024-09-12 15:15:00,25251.8,161.15
ORB,LONG,2024-09-17 11:30:00,2024-09-17 15:15:00,25418.05,-1.6
ORB,LONG,2024-09-18 10:45:00,2024-09-18 13:00:00,25466.5,-38.96
ORB,LONG,2024-09-20 10:45:00,2024-09-20 13:45:00,25677.65,-90.84
ORB,LONG,2024-09-20 14:00:00,2024-09-20 15:15:00,25665.75,125.1
ORB,LONG,2024-09-23 14:30:00,2024-09-23 15:15:00,25929.6,7.15
ORB,LONG,2024-09-26 12:00:00,2024-09-26 14:15:00,26080.95,-42.89
TREND,SHORT,2024-09-30 12:30:00,2024-09-30 15:15:00,25900.8,86.55
TREND,SHORT,2024-10-04 12:45:00,2024-10-04 15:15:00,25203.1,180.15
ORB,SHORT,2024-10-04 13:45:00,2024-10-04 15:15:00,25061.4,38.45
ORB,SHORT,2024-10-07 10:45:00,2024-10-07 15:15:00,24972.35,192.2
TREND,SHORT,2024-10-10 10:30:00,2024-10-10 15:15:00,25090.5,89.95
ORB,SHORT,2024-10-11 11:30:00,2024-10-11 15:15:00,24934.3,-30.45
TREND,LONG,2024-10-14 12:30:00,2024-10-14 15:15:00,25120.75,0.45
TREND,SHORT,2024-10-15 10:30:00,2024-10-15 10:45:00,25033.2,-55.16
TREND,SHORT,2024-10-15 11:30:00,2024-10-15 15:15:00,25048.75,-5.9
ORB,SHORT,2024-10-15 13:15:00,2024-10-15 15:15:00,25025.35,-29.3
TREND,SHORT,2024-10-16 10:15:00,2024-10-16 12:00:00,25059.5,141.78
ORB,SHORT,2024-10-16 11:30:00,2024-10-16 14:15:00,24959.2,-56.51
ORB,SHORT,2024-10-17 11:15:00,2024-10-17 15:15:00,24790.95,29.6
TREND,SHORT,2024-10-21 14:15:00,2024-10-21 15:15:00,24819.7,26.45
TREND,SHORT,2024-10-22 10:15:00,2024-10-22 15:00:00,24757.85,232.25
ORB,SHORT,2024-10-30 14:15:00,2024-10-30 15:15:00,24324.1,-12.1
ORB,SHORT,2024-10-31 12:30:00,2024-10-31 15:15:00,24223.4,10.7
ORB,SHORT,2024-11-05 11:45:00,2024-11-05 13:30:00,23867.35,-87.66
TREND,LONG,2024-11-06 10:30:00,2024-11-06 15:15:00,24324.8,144.85
TREND,SHORT,2024-11-07 10:30:00,2024-11-07 15:15:00,24195.15,-5.6
ORB,SHORT,2024-11-07 12:15:00,2024-11-07 15:15:00,24198.85,-1.9
TREND,LONG,2024-11-11 11:30:00,2024-11-11 12:15:00,24311.3,-70.55
TREND,SHORT,2024-11-11 13:45:00,2024-11-11 15:15:00,24145.45,-14.85
TREND,SHORT,2024-11-12 10:15:00,2024-11-12 13:45:00,24164.35,238.95
ORB,SHORT,2024-11-12 12:15:00,2024-11-12 15:15:00,24110.9,238.1
ORB,SHORT,2024-11-13 11:45:00,2024-11-13 15:15:00,23684.55,138.75
ORB,SHORT,2024-11-14 11:15:00,2024-11-14 15:15:00,23490.9,-51.25
TREND,LONG,2024-11-22 13:30:00,2024-11-22 15:00:00,23700.65,218.85
ORB,SHORT,2024-11-25 13:00:00,2024-11-25 15:00:00,24158.0,-97.08
ORB,LONG,2024-11-27 12:45:00,2024-11-27 15:15:00,24290.25,-18.15
TREND,SHORT,2024-11-28 13:30:00,2024-11-28 15:15:00,24002.75,85.15
TREND,LONG,2024-11-29 11:30:00,2024-11-29 15:15:00,24132.0,-6.75
ORB,LONG,2024-12-02 11:45:00,2024-12-02 15:15:00,24155.25,118.3
TREND,LONG,2024-12-05 12:15:00,2024-12-05 14:45:00,24589.9,258.29
ORB,LONG,2024-12-05 12:15:00,2024-12-05 15:15:00,24589.9,159.1
ORB,LONG,2024-12-11 13:15:00,2024-12-11 15:15:00,24655.85,-7.25
ORB,LONG,2024-12-13 12:00:00,2024-12-13 15:15:00,24545.3,224.15
TREND,LONG,2024-12-13 12:30:00,2024-12-13 15:15:00,24584.2,185.25
TREND,SHORT,2024-12-17 10:30:00,2024-12-17 15:15:00,24437.7,101.3
ORB,SHORT,2024-12-18 11:00:00,2024-12-18 15:15:00,24226.2,34.9
ORB,SHORT,2024-12-20 12:45:00,2024-12-20 15:15:00,23801.35,260.05
ORB,SHORT,2024-12-23 13:00:00,2024-12-23 15:15:00,23686.1,-77.65
TREND,SHORT,2024-12-23 13:30:00,2024-12-23 14:45:00,23667.1,-87.86
ORB,SHORT,2024-12-26 11:00:00,2024-12-26 15:15:00,23726.55,-30.4
TREND,SHORT,2024-12-30 13:15:00,2024-12-30 15:15:00,23772.2,152.7
ORB,SHORT,2024-12-30 13:45:00,2024-12-30 15:15:00,23692.8,73.3
TREND,LONG,2025-01-02 10:30:00,2025-01-02 12:45:00,23878.5,186.06
ORB,SHORT,2025-01-06 10:45:00,2025-01-06 15:15:00,23882.95,295.35
TREND,SHORT,2025-01-06 11:30:00,2025-01-06 15:15:00,23782.35,194.75
TREND,SHORT,2025-01-08 10:45:00,2025-01-08 13:45:00,23553.65,-83.31
ORB,SHORT,2025-01-09 11:00:00,2025-01-09 15:15:00,23544.15,21.3
TREND,SHORT,2025-01-09 13:00:00,2025-01-09 15:15:00,23536.75,13.9
ORB,SHORT,2025-01-13 13:45:00,2025-01-13 15:15:00,23154.95,62.1
ORB,SHORT,2025-01-15 14:30:00,2025-01-15 15:00:00,23163.1,-54.54
ORB,SHORT,2025-01-16 11:00:00,2025-01-16 15:15:00,23289.75,-21.9
ORB,SHORT,2025-01-17 11:00:00,2025-01-17 12:15:00,23107.65,-73.68
TREND,LONG,2025-01-20 12:30:00,2025-01-20 15:15:00,23339.25,10.45
TREND,SHORT,2025-01-21 10:30:00,2025-01-21 11:00:00,23141.5,-77.61
TREND,SHORT,2025-01-21 12:30:00,2025-01-21 13:00:00,23138.55,-113.94
ORB,SHORT,2025-01-21 12:30:00,2025-01-21 13:00:00,23138.55,-113.94
TREND,SHORT,2025-01-21 13:45:00,2025-01-21 15:15:00,23254.65,230.2
ORB,SHORT,2025-01-21 14:00:00,2025-01-21 15:15:00,23216.85,192.4
ORB,SHORT,2025-01-22 11:45:00,2025-01-22 15:00:00,23044.15,-95.29
TREND,LONG,2025-01-23 13:30:00,2025-01-23 15:15:00,23242.3,-43.05
TREND,LONG,2025-01-24 11:30:00,2025-01-24 13:00:00,23278.55,-73.15
TREND,SHORT,2025-01-24 13:45:00,2025-01-24 15:15:00,23155.9,76.4
ORB,SHORT,2025-01-27 12:45:00,2025-01-27 15:15:00,22866.3,28.6
TREND,LONG,2025-01-29 12:30:00,2025-01-29 15:15:00,23135.9,21.45
ORB,LONG,2025-02-01 11:30:00,2025-02-01 12:00:00,23599.5,-69.56
TREND,SHORT,2025-02-03 10:30:00,2025-02-03 15:15:00,23282.1,-86.8
ORB,LONG,2025-02-04 12:45:00,2025-02-04 15:15:00,23590.85,151.15
TREND,LONG,2025-02-07 11:30:00,2025-02-07 12:15:00,23681.25,-71.84
TREND,LONG,2025-02-07 12:30:00,2025-02-07 14:00:00,23593.55,-73.42
TREND,SHORT,2025-02-07 14:30:00,2025-02-07 15:15:00,23466.95,-72.79
TREND,SHORT,2025-02-10 10:30:00,2025-02-10 15:15:00,23385.55,3.2
ORB,SHORT,2025-02-11 10:45:00,2025-02-11 15:15:00,23259.3,183.9
ORB,SHORT,2025-02-14 10:45:00,2025-02-14 15:15:00,22924.0,-11.4
TREND,SHORT,2025-02-17 10:15:00,2025-02-17 10:45:00,22756.85,-98.87
ORB,SHORT,2025-02-18 11:15:00,2025-02-18 12:45:00,22813.7,-89.22
ORB,SHORT,2025-02-18 13:00:00,2025-02-18 13:45:00,22854.1,-79.29
TREND,SHORT,2025-02-19 14:30:00,2025-02-19 15:15:00,22863.3,-68.61
ORB,SHORT,2025-02-21 13:30:00,2025-02-21 15:15:00,22753.55,-53.0
ORB,SHORT,2025-02-24 10:45:00,2025-02-24 12:00:00,22554.55,-65.4
ORB,SHORT,2025-02-24 13:30:00,2025-02-24 15:15:00,22560.2,3.85
ORB,SHORT,2025-02-27 12:00:00,2025-02-27 15:15:00,22525.0,-19.7
ORB,SHORT,2025-02-28 12:15:00,2025-02-28 15:15:00,22222.55,95.9
TREND,LONG,2025-03-05 12:30:00,2025-03-05 13:45:00,22368.55,-54.64
TREND,LONG,2025-03-06 11:30:00,2025-03-06 15:00:00,22340.2,208.72
ORB,SHORT,2025-03-10 14:30:00,2025-03-10 15:15:00,22460.1,-11.55
TREND,LONG,2025-03-11 14:30:00,2025-03-11 15:15:00,22500.75,-3.25
ORB,SHORT,2025-03-12 11:00:00,2025-03-12 14:45:00,22408.65,-67.66
TREND,SHORT,2025-03-12 11:30:00,2025-03-12 14:30:00,22385.25,-66.03
ORB,SHORT,2025-03-13 11:45:00,2025-03-13 15:15:00,22433.5,31.9
TREND,SHORT,2025-03-13 14:30:00,2025-03-13 15:15:00,22406.6,5.0
TREND,LONG,2025-03-17 10:30:00,2025-03-17 15:15:00,22490.15,18.35
ORB,LONG,2025-03-19 12:30:00,2025-03-19 15:15:00,22901.3,8.25
ORB,LONG,2025-03-20 12:15:00,2025-03-20 15:15:00,23072.55,109.3
ORB,LONG,2025-03-24 10:45:00,2025-03-24 15:15:00,23576.45,74.45
TREND,LONG,2025-03-28 11:00:00,2025-03-28 12:30:00,23623.95,-66.0
TREND,SHORT,2025-04-01 11:30:00,2025-04-01 15:15:00,23250.85,74.35
ORB,LONG,2025-04-02 13:30:00,2025-04-02 15:15:00,23298.25,37.5
ORB,LONG,2025-04-03 11:45:00,2025-04-03 15:15:00,23283.05,-32.0
ORB,SHORT,2025-04-08 10:45:00,2025-04-08 11:15:00,22292.65,-165.7
ORB,SHORT,2025-04-08 11:30:00,2025-04-08 12:15:00,22363.05,-171.73
TREND,SHORT,2025-04-09 10:15:00,2025-04-09 15:15:00,22371.2,-33.5
TREND,LONG,2025-04-11 10:30:00,2025-04-11 15:15:00,22799.85,28.5
ORB,LONG,2025-04-16 14:00:00,2025-04-16 15:15:00,23380.7,41.85
ORB,LONG,2025-04-17 11:15:00,2025-04-17 14:00:00,23440.1,406.15
TREND,LONG,2025-04-17 11:30:00,2025-04-17 12:45:00,23512.1,200.0
ORB,LONG,2025-04-21 10:45:00,2025-04-21 15:15:00,24067.65,44.75
ORB,LONG,2025-04-22 10:45:00,2025-04-22 15:00:00,24223.85,-65.72
TREND,LONG,2025-04-23 14:00:00,2025-04-23 15:15:00,24298.5,34.3
TREND,LONG,2025-04-25 13:45:00,2025-04-25 15:15:00,24084.6,-33.65
ORB,LONG,2025-04-28 12:15:00,2025-04-28 15:15:00,24289.65,32.45
ORB,LONG,2025-05-05 10:45:00,2025-05-05 12:00:00,24522.65,-89.4
TREND,LONG,2025-05-06 12:15:00,2025-05-06 15:15:00,24392.2,-6.55
TREND,SHORT,2025-05-08 14:30:00,2025-05-08 15:15:00,24349.75,38.6
TREND,LONG,2025-05-12 10:30:00,2025-05-12 15:15:00,24696.9,208.55
ORB,LONG,2025-05-12 12:45:00,2025-05-12 15:15:00,24790.0,115.45
TREND,LONG,2025-05-15 10:45:00,2025-05-15 11:15:00,24745.9,-108.87
ORB,LONG,2025-05-15 10:45:00,2025-05-15 11:15:00,24745.9,-108.87
ORB,LONG,2025-05-15 13:15:00,2025-05-15 15:15:00,24886.3,168.1
TREND,SHORT,2025-05-20 14:30:00,2025-05-20 15:15:00,24704.1,9.0
TREND,LONG,2025-05-21 10:30:00,2025-05-21 12:00:00,24893.65,-69.93
TREND,SHORT,2025-05-21 12:30:00,2025-05-21 13:30:00,24743.05,-80.34
TREND,SHORT,2025-05-22 10:30:00,2025-05-22 15:15:00,24580.25,-28.0
TREND,LONG,2025-05-23 10:30:00,2025-05-23 15:15:00,24774.7,74.05
ORB,LONG,2025-05-23 11:00:00,2025-05-23 15:15:00,24889.6,-40.85
TREND,SHORT,2025-05-27 10:30:00,2025-05-27 11:15:00,24755.7,-78.52
TREND,LONG,2025-05-27 11:30:00,2025-05-27 12:00:00,25013.65,-100.73
ORB,LONG,2025-05-27 11:30:00,2025-05-27 12:00:00,25013.65,-100.73
TREND,SHORT,2025-05-27 14:30:00,2025-05-27 15:15:00,24731.35,-102.98
TREND,SHORT,2025-05-28 10:30:00,2025-05-28 15:15:00,24750.5,0.0
TREND,SHORT,2025-05-30 10:45:00,2025-05-30 15:15:00,24737.6,-16.05
ORB,LONG,2025-06-02 12:45:00,2025-06-02 14:45:00,24723.85,-62.42
TREND,SHORT,2025-06-03 11:15:00,2025-06-03 15:15:00,24590.2,53.0
TREND,LONG,2025-06-05 10:30:00,2025-06-05 12:15:00,24723.85,121.59
TREND,LONG,2025-06-06 10:30:00,2025-06-06 15:15:00,24834.6,165.5
ORB,LONG,2025-06-11 10:45:00,2025-06-11 14:00:00,25173.75,-40.58
TREND,SHORT,2025-06-12 14:30:00,2025-06-12 15:15:00,24862.9,-26.65
ORB,LONG,2025-06-13 11:30:00,2025-06-13 15:15:00,24663.15,60.45
TREND,LONG,2025-06-16 11:45:00,2025-06-16 15:15:00,24908.85,39.85
TREND,SHORT,2025-06-17 13:00:00,2025-06-17 15:15:00,24827.9,-36.5
TREND,SHORT,2025-06-18 11:30:00,2025-06-18 15:15:00,24807.8,-7.25
TREND,LONG,2025-06-20 10:30:00,2025-06-20 15:15:00,25008.95,105.65
TREND,SHORT,2025-06-23 10:30:00,2025-06-23 11:45:00,24893.75,-75.11
ORB,LONG,2025-06-23 13:30:00,2025-06-23 15:00:00,25030.4,-59.89
TREND,LONG,2025-06-23 13:30:00,2025-06-23 15:00:00,25030.4,-59.89
ORB,LONG,2025-06-24 11:15:00,2025-06-24 12:45:00,25256.4,-86.15
ORB,LONG,2025-06-25 11:30:00,2025-06-25 15:15:00,25212.2,34.6
ORB,LONG,2025-06-26 13:45:00,2025-06-26 15:15:00,25442.05,98.05
ORB,LONG,2025-06-27 12:30:00,2025-06-27 15:15:00,25625.0,6.0
ORB,LONG,2025-07-03 13:45:00,2025-07-03 14:00:00,25570.5,-56.13
TREND,SHORT,2025-07-04 12:30:00,2025-07-04 14:45:00,25350.6,-52.8
TREND,LONG,2025-07-07 10:45:00,2025-07-07 15:15:00,25449.4,8.55
TREND,LONG,2025-07-08 11:00:00,2025-07-08 15:15:00,25451.35,82.65
ORB,LONG,2025-07-09 11:15:00,2025-07-09 13:15:00,25534.15,-39.31
ORB,LONG,2025-07-09 13:30:00,2025-07-09 14:30:00,25532.5,-36.29
TREND,SHORT,2025-07-10 10:30:00,2025-07-10 15:15:00,25421.25,56.5
ORB,SHORT,2025-07-14 11:30:00,2025-07-14 15:00:00,25036.35,-53.16
ORB,SHORT,2025-07-16 10:45:00,2025-07-16 12:00:00,25127.05,-48.72
TREND,SHORT,2025-07-17 10:45:00,2025-07-17 11:15:00,25148.9,-40.19
ORB,SHORT,2025-07-17 14:15:00,2025-07-17 15:15:00,25156.0,33.4
ORB,SHORT,2025-07-22 11:15:00,2025-07-22 15:15:00,25072.0,11.5
TREND,LONG,2025-07-23 11:30:00,2025-07-23 15:15:00,25125.05,102.3
TREND,SHORT,2025-07-24 12:30:00,2025-07-24 15:15:00,25078.05,7.05
