date,window,fall,stocks_held,stocks_fallen,pct_of_portfolio,symbols
2007-09-21,1d,>=5%,20,1,5.0,TFCILTD
2007-10-05,1d,>=5%,20,2,10.0,"JSWSTEEL, TFCILTD"
2007-10-08,1d,>=5%,20,5,25.0,"JSWSTEEL, ADANIENT, APTECHT, PRAJIND, UNITDSPR"
2007-10-16,1d,>=5%,20,1,5.0,THERMAX
2007-10-17,1d,>=5%,20,3,15.0,"JSWSTEEL, KOTAKBANK, DIVISLAB"
2007-10-18,1d,>=5%,20,4,20.0,"JSWSTEEL, APTECHT, BHARTIARTL, DIVISLAB"
2007-10-19,1d,>=5%,20,7,35.0,"ABB, ADANIENT, GMDCLTD, JINDALSTEL, CRISIL, KOTAKBANK, LT"
2007-11-01,1d,>=5%,20,3,15.0,"APTECHT, BHARTIARTL, UNITDSPR"
2007-11-08,1d,>=5%,20,1,5.0,JINDALSTEL
2007-11-21,1d,>=5%,20,8,40.0,"RELINFRA, VEDL, WELCORP, JINDALSTEL, ABAN, DIVISLAB, UNITDSPR, LT"
2007-11-22,1d,>=5%,20,2,10.0,"RELINFRA, GMDCLTD"
2007-11-27,1d,>=5%,20,1,5.0,JINDALSTEL
2007-12-17,1d,>=5%,20,7,35.0,"JSWSTEEL, VEDL, WELCORP, JINDALSTEL, KOTAKBANK, ABAN, DIVISLAB"
2007-12-18,1d,>=5%,20,1,5.0,JINDALSTEL
2007-12-19,1d,>=5%,20,1,5.0,BLUESTARCO
2008-01-08,1d,>=5%,20,1,5.0,STCINDIA
2008-01-10,1d,>=5%,20,1,5.0,DIVISLAB
2008-01-16,1d,>=5%,20,1,5.0,JSWSTEEL
2008-01-18,1d,>=5%,20,11,55.0,"INDIAGLYCO, JSWSTEEL, VEDL, RELIANCE, SOUTHBANK, WELCORP, GMDCLTD, JINDALSTEL, KOTAKBANK, ABAN, DIVISLAB"
2008-01-21,1d,>=5%,20,16,80.0,"BLUESTARCO, INDIAGLYCO, JSWSTEEL, RELINFRA, VEDL, RELIANCE, SOUTHBANK, WELCORP, RIIL, GMDCLTD, JINDALSTEL, KOTAKBANK, ABAN, DIVISLAB, RAJESHEXPO, LT"
2008-01-22,1d,>=5%,20,10,50.0,"INDIAGLYCO, STCINDIA, JSWSTEEL, RELINFRA, RELIANCE, SOUTHBANK, SHRIRAMFIN, RIIL, GMDCLTD, RAJESHEXPO"
2008-01-24,1d,>=5%,20,9,45.0,"INDIAGLYCO, STCINDIA, JSWSTEEL, RELINFRA, GMDCLTD, JINDALSTEL, ABAN, DIVISLAB, LT"
2009-04-16,1d,>=5%,17,9,52.94117647058823,"IDEA, DSKULKARNI, NOIDATOLL, FSL, MCLEODRUSS, EMBDL, IIFL, NIITLTD, ORIENTPPR"
2009-04-17,1d,>=5%,17,1,5.882352941176471,EMBDL
2009-04-22,1d,>=5%,17,5,29.41176470588235,"NOIDATOLL, FSL, SHREECEM, EMBDL, NIITLTD"
2009-04-23,1d,>=5%,17,1,5.882352941176471,DONEAR
2009-04-27,1d,>=5%,17,2,11.764705882352942,"DONEAR, EMBDL"
2009-04-28,1d,>=5%,17,4,23.529411764705884,"FSL, EMBDL, IIFL, NIITLTD"
2009-05-07,1d,>=5%,17,1,5.882352941176471,UNIONBANK
2009-05-11,1d,>=5%,17,3,17.647058823529413,"MCLEODRUSS, NIITLTD, ORIENTPPR"
2009-05-13,1d,>=5%,17,1,5.882352941176471,NIITLTD
2009-05-19,1d,>=5%,17,4,23.529411764705884,"FSL, SHREECEM, NIITLTD, HEROMOTOCO"
2009-05-21,1d,>=5%,17,4,23.529411764705884,"IDEA, UNIONBANK, PFC, IIFL"
2009-05-26,1d,>=5%,17,5,29.41176470588235,"NOIDATOLL, MCLEODRUSS, PFC, NIITLTD, ORIENTPPR"
2009-06-02,1d,>=5%,17,1,5.882352941176471,EMBDL
2009-06-05,1d,>=5%,17,1,5.882352941176471,NOIDATOLL
2009-06-08,1d,>=5%,17,11,64.70588235294117,"IDEA, DSKULKARNI, NOIDATOLL, FSL, MUNJALSHOW, MCLEODRUSS, EMBDL, PFC, IIFL, NIITLTD, ORIENTPPR"
2009-06-09,1d,>=5%,20,1,5.0,IOC
2009-06-12,1d,>=5%,20,1,5.0,COROMANDEL
2009-06-15,1d,>=5%,20,1,5.0,IIFL
2009-06-17,1d,>=5%,20,5,25.0,"COROMANDEL, IIFL, ONGC, LICHSGFIN, ORIENTPPR"
2009-06-18,1d,>=5%,20,3,15.0,"ENGINERSIN, BERGEPAINT, ONGC"
2009-06-22,1d,>=5%,20,1,5.0,COROMANDEL
2009-06-26,1d,>=5%,20,1,5.0,LUPIN
2009-06-29,1d,>=5%,20,1,5.0,RALLIS
2009-06-30,1d,>=5%,20,1,5.0,IIFL
2009-07-01,1d,>=5%,20,1,5.0,ENGINERSIN
2009-07-02,1d,>=5%,20,1,5.0,BANKBARODA
2009-07-06,1d,>=5%,20,9,45.0,"ENGINERSIN, UNIONBANK, BANKBARODA, COROMANDEL, PFC, IIFL, ONGC, LICHSGFIN, ORIENTPPR"
2009-07-08,1d,>=5%,20,3,15.0,"MUNJALSHOW, BANKBARODA, COROMANDEL"
2009-07-13,1d,>=5%,20,2,10.0,"ENGINERSIN, COROMANDEL"
2009-07-22,1d,>=5%,20,1,5.0,LICHSGFIN
2009-07-23,1d,>=5%,20,1,5.0,UNIONBANK
2009-07-24,1d,>=5%,20,1,5.0,UNIONBANK
2009-07-28,1d,>=5%,20,1,5.0,MUNJALSHOW
2009-07-30,1d,>=5%,20,1,5.0,PNB
2009-07-31,1d,>=5%,20,1,5.0,MUNJALSHOW
2009-08-06,1d,>=5%,20,2,10.0,"MARUTI, HEROMOTOCO"
2009-08-07,1d,>=5%,20,2,10.0,"MARUTI, RALLIS"
2009-08-10,1d,>=5%,20,1,5.0,MUNJALSHOW
2009-08-17,1d,>=5%,20,3,15.0,"GODREJCP, MARUTI, HEROMOTOCO"
2009-08-19,1d,>=5%,20,1,5.0,MCLEODRUSS
2009-09-09,1d,>=5%,20,1,5.0,GODREJCP
2009-10-12,1d,>=5%,20,1,5.0,MCLEODRUSS
2009-10-26,1d,>=5%,20,1,5.0,UNIONBANK
2009-10-27,1d,>=5%,20,4,20.0,"BIRLACORPN, MUNJALSHOW, LICHSGFIN, RALLIS"
2009-10-29,1d,>=5%,20,1,5.0,AUROPHARMA
2009-10-30,1d,>=5%,20,1,5.0,MUNJALSHOW
2009-11-03,1d,>=5%,20,5,25.0,"MUNJALSHOW, MCLEODRUSS, JAYSREETEA, PFC, LICHSGFIN"
2009-11-12,1d,>=5%,20,1,5.0,GODREJCP
2009-11-19,1d,>=5%,20,1,5.0,DHAMPURSUG
2009-11-23,1d,>=5%,20,1,5.0,DHAMPURSUG
2009-11-26,1d,>=5%,20,1,5.0,MCLEODRUSS
2009-12-03,1d,>=5%,20,1,5.0,SUPREMEIND
2010-01-08,1d,>=5%,20,1,5.0,MCLEODRUSS
2010-01-22,1d,>=5%,20,2,10.0,"MCLEODRUSS, JAYSREETEA"
2010-01-25,1d,>=5%,20,1,5.0,MCLEODRUSS
2010-01-27,1d,>=5%,20,7,35.0,"DHAMPURSUG, RECLTD, SEAMECLTD, VEDL, RENUKA, MARUTI, LICHSGFIN"
2010-02-04,1d,>=5%,20,2,10.0,"DHAMPURSUG, RENUKA"
2010-02-05,1d,>=5%,20,3,15.0,"RENUKA, MCLEODRUSS, AUROPHARMA"
2010-02-23,1d,>=5%,20,1,5.0,DHAMPURSUG
2010-03-02,1d,>=5%,20,1,5.0,DHAMPURSUG
2010-03-10,1d,>=5%,20,1,5.0,BSOFT
2010-03-30,1d,>=5%,20,1,5.0,ENGINERSIN
2010-05-03,1d,>=5%,20,2,10.0,"VEDL, SOUTHBANK"
2010-05-04,1d,>=5%,20,1,5.0,JSWSTEEL
2010-05-07,1d,>=5%,20,3,15.0,"MCLEODRUSS, TMPV, JINDALSAW"
2010-05-10,1d,>=5%,20,1,5.0,ENGINERSIN
2010-05-13,1d,>=5%,20,1,5.0,ENGINERSIN
2010-05-14,1d,>=5%,20,1,5.0,VEDL
2010-05-18,1d,>=5%,20,1,5.0,VEDL
2010-05-19,1d,>=5%,20,2,10.0,"TMPV, STLTECH"
2010-05-21,1d,>=5%,20,3,15.0,"ENGINERSIN, SHREECEM, INDUSINDBK"
2010-08-25,1d,>=5%,20,2,10.0,"SUDARCOLOR, SHOPERSTOP"
2010-09-14,1d,>=5%,20,1,5.0,COROMANDEL
2010-09-15,1d,>=5%,20,1,5.0,VENKEYS
2010-10-06,1d,>=5%,20,1,5.0,VIPIND
2010-10-20,1d,>=5%,20,1,5.0,JINDALPOLY
2010-10-22,1d,>=5%,20,1,5.0,M&MFIN
2010-10-27,1d,>=5%,20,1,5.0,VENKEYS
2010-10-29,1d,>=5%,20,1,5.0,3MINDIA
2010-11-12,1d,>=5%,20,2,10.0,"UFLEX, JINDALPOLY"
2010-11-15,1d,>=5%,20,2,10.0,"UFLEX, JINDALPOLY"
2010-11-16,1d,>=5%,20,1,5.0,JINDALPOLY
2010-11-22,1d,>=5%,20,1,5.0,COROMANDEL
2010-11-25,1d,>=5%,20,1,5.0,M&MFIN
2010-11-26,1d,>=5%,20,2,10.0,"UFLEX, JINDALPOLY"
2011-04-21,1d,>=5%,20,1,5.0,COROMANDEL
2011-04-26,1d,>=5%,20,1,5.0,BLUEDART
2011-04-28,1d,>=5%,20,1,5.0,BANKBARODA
2011-04-29,1d,>=5%,20,2,10.0,"UCOBANK, ELGIEQUIP"
2011-05-02,1d,>=5%,20,1,5.0,RALLIS
2011-05-03,1d,>=5%,20,1,5.0,BAJFINANCE
2011-05-13,1d,>=5%,20,1,5.0,ATUL
2011-05-16,1d,>=5%,20,1,5.0,FMGOETZE
2011-05-23,1d,>=5%,20,1,5.0,VIPIND
2011-06-10,1d,>=5%,20,1,5.0,VIPIND
2011-06-20,1d,>=5%,20,6,30.0,"ATUL, ARVIND, JINDALPOLY, WOCKPHARMA, UBL, VIPIND"
2011-06-22,1d,>=5%,20,1,5.0,TITAN
2011-06-24,1d,>=5%,20,1,5.0,TITAN
2012-02-22,1d,>=5%,20,1,5.0,ARVIND
2012-02-24,1d,>=5%,20,1,5.0,ARVIND
2012-03-22,1d,>=5%,20,1,5.0,ARVIND
2012-04-09,1d,>=5%,20,1,5.0,GFLLIMITED
2012-04-13,1d,>=5%,20,1,5.0,ASTRAZEN
2012-04-23,1d,>=5%,20,1,5.0,GFLLIMITED
2012-04-27,1d,>=5%,20,1,5.0,ASTRAZEN
2012-05-03,1d,>=5%,20,1,5.0,KAJARIACER
2012-05-04,1d,>=5%,20,3,15.0,"MRF, GFLLIMITED, ASTRAZEN"
2012-05-07,1d,>=5%,20,1,5.0,ARE&M
2012-05-08,1d,>=5%,20,1,5.0,VSTIND
2012-05-14,1d,>=5%,20,1,5.0,ASTRAZEN
2012-05-30,1d,>=5%,20,1,5.0,HAVELLS
2012-06-01,1d,>=5%,20,1,5.0,HAVELLS
2012-06-04,1d,>=5%,20,1,5.0,JUBLFOOD
2012-07-12,1d,>=5%,20,1,5.0,VSTIND
2012-08-28,1d,>=5%,20,1,5.0,DCW
2012-09-04,1d,>=5%,20,1,5.0,BLUEDART
2012-10-22,1d,>=5%,20,1,5.0,ARE&M
2012-10-29,1d,>=5%,20,1,5.0,HAVELLS
2012-11-05,1d,>=5%,20,1,5.0,GODREJCP
2012-11-08,1d,>=5%,20,1,5.0,IPCALAB
2012-11-20,1d,>=5%,20,1,5.0,DCW
2012-12-11,1d,>=5%,20,1,5.0,STAR
2012-12-13,1d,>=5%,20,1,5.0,KTKBANK
2013-01-11,1d,>=5%,20,1,5.0,ATUL
2013-01-18,1d,>=5%,20,1,5.0,ATUL
2013-01-21,1d,>=5%,20,1,5.0,KAJARIACER
2013-01-23,1d,>=5%,20,2,10.0,"BAJFINANCE, KTKBANK"
2013-01-24,1d,>=5%,20,2,10.0,"KTKBANK, AARTIIND"
2013-02-07,1d,>=5%,20,1,5.0,STAR
2013-02-13,1d,>=5%,20,1,5.0,KTKBANK
2013-11-12,1d,>=5%,20,1,5.0,RCOM
2013-12-20,1d,>=5%,20,1,5.0,MOTHERSON
2014-01-02,1d,>=5%,20,2,10.0,"RCOM, ESCORTS"
2014-01-16,1d,>=5%,20,1,5.0,IDEA
2014-01-17,1d,>=5%,20,1,5.0,TCS
2014-01-23,1d,>=5%,20,3,15.0,"BIOCON, M&MFIN, SUPREMEIND"
2014-01-24,1d,>=5%,20,1,5.0,BIOCON
2014-01-27,1d,>=5%,20,2,10.0,"IDEA, RCOM"
2014-02-10,1d,>=5%,20,1,5.0,IDEA
2014-03-07,1d,>=5%,20,1,5.0,ECLERX
2014-03-13,1d,>=5%,20,1,5.0,SUNPHARMA
2014-03-26,1d,>=5%,20,1,5.0,TATAELXSI
2014-04-22,1d,>=5%,20,1,5.0,MRF
2014-04-25,1d,>=5%,20,1,5.0,MRF
2014-04-30,1d,>=5%,20,2,10.0,"FSL, RCOM"
2014-05-05,1d,>=5%,20,2,10.0,"FSL, ESCORTS"
2014-05-15,1d,>=5%,20,1,5.0,FINCABLES
2014-05-16,1d,>=5%,20,1,5.0,ARVIND
2014-05-19,1d,>=5%,20,3,15.0,"FSL, IPCALAB, PERSISTENT"
2014-05-26,1d,>=5%,20,4,20.0,"TVSMOTOR, ARVIND, KAJARIACER, TATAELXSI"
2014-05-28,1d,>=5%,20,1,5.0,AIAENG
2014-06-13,1d,>=5%,20,1,5.0,TATAELXSI
2014-07-08,1d,>=5%,20,6,30.0,"TVSMOTOR, ARVIND, KEC, TATAELXSI, CANFINHOME, FINCABLES"
2014-07-09,1d,>=5%,20,1,5.0,AUROPHARMA
2014-07-11,1d,>=5%,20,3,15.0,"FSL, TVSMOTOR, KEC"
2014-07-24,1d,>=5%,20,1,5.0,TVSMOTOR
2014-07-25,1d,>=5%,20,3,15.0,"TVSMOTOR, ARVIND, CANFINHOME"
2014-08-01,1d,>=5%,20,1,5.0,KEC
2014-08-04,1d,>=5%,20,1,5.0,KEC
2014-08-08,1d,>=5%,20,4,20.0,"ARVIND, KEC, GPPL, SKFINDIA"
2014-08-13,1d,>=5%,20,2,10.0,"KEC, SRF"
2014-09-16,1d,>=5%,20,7,35.0,"EICHERMOT, ARVIND, SUNDRMFAST, KEC, BHARATFORG, GPPL, CANFINHOME"
2014-09-23,1d,>=5%,20,1,5.0,SKFINDIA
2014-09-25,1d,>=5%,20,1,5.0,SIMPLEXINF
2014-10-10,1d,>=5%,20,1,5.0,BHARATFORG
2014-10-16,1d,>=5%,20,4,20.0,"SUNDRMFAST, SRF, FINCABLES, AARTIIND"
2014-10-17,1d,>=5%,20,1,5.0,ATUL
2014-10-31,1d,>=5%,20,1,5.0,SRF
2014-11-03,1d,>=5%,20,1,5.0,KEC
2014-11-14,1d,>=5%,20,2,10.0,"BALKRISIND, FINCABLES"
2014-11-17,1d,>=5%,20,1,5.0,BALKRISIND
2014-12-17,1d,>=5%,20,1,5.0,ATUL
2015-01-06,1d,>=5%,20,1,5.0,BHARATFORG
2015-01-12,1d,>=5%,20,1,5.0,CANFINHOME
2015-01-23,1d,>=5%,20,1,5.0,CANFINHOME
2015-01-29,1d,>=5%,20,2,10.0,"TORNTPHARM, GPPL"
2015-02-02,1d,>=5%,20,1,5.0,TVSMOTOR
2015-02-04,1d,>=5%,20,1,5.0,SUNDRMFAST
2015-02-06,1d,>=5%,20,1,5.0,SUNDRMFAST
2015-02-09,1d,>=5%,20,1,5.0,AUROPHARMA
2015-02-11,1d,>=5%,20,1,5.0,SRF
2015-02-24,1d,>=5%,20,1,5.0,TVSMOTOR
2015-04-13,1d,>=5%,20,1,5.0,BEL
2015-04-17,1d,>=5%,20,4,20.0,"LUPIN, BHARATFORG, CANFINHOME, INDUSINDBK"
2015-04-20,1d,>=5%,20,1,5.0,HONAUT
2015-04-24,1d,>=5%,20,2,10.0,"BOSCHLTD, SRF"
2015-04-27,1d,>=5%,20,3,15.0,"KAJARIACER, SUNDRMFAST, GFLLIMITED"
2015-04-30,1d,>=5%,20,1,5.0,SRF
2015-05-06,1d,>=5%,20,3,15.0,"BHARATFORG, ASHOKLEY, CANFINHOME"
2015-05-12,1d,>=5%,20,1,5.0,FINCABLES
2015-05-26,1d,>=5%,20,1,5.0,HONAUT
2015-06-03,1d,>=5%,20,4,20.0,"BEL, JKLAKSHMI, SRF, JKIL"
2015-06-09,1d,>=5%,20,1,5.0,BHARATFORG
2015-06-11,1d,>=5%,20,1,5.0,PAGEIND
2016-08-23,1d,>=5%,4,1,25.0,HINDPETRO
2016-10-19,1d,>=5%,4,1,25.0,MPHASIS
2017-02-13,1d,>=5%,20,1,5.0,INDIANB
2017-03-02,1d,>=5%,20,1,5.0,BIOCON
2017-03-09,1d,>=5%,20,1,5.0,RAIN
2017-03-20,1d,>=5%,20,1,5.0,INDIANB
2017-04-11,1d,>=5%,20,1,5.0,VEDL
2017-04-13,1d,>=5%,20,2,10.0,"HINDALCO, VEDL"
2017-05-05,1d,>=5%,20,2,10.0,"TATACOMM, RAIN"
2017-05-12,1d,>=5%,20,1,5.0,YESBANK
2017-05-17,1d,>=5%,20,1,5.0,EDELWEISS
2017-05-18,1d,>=5%,20,1,5.0,CESC
2017-05-22,1d,>=5%,20,1,5.0,MOTILALOFS
2017-05-23,1d,>=5%,20,1,5.0,RAIN
2017-05-24,1d,>=5%,20,1,5.0,VGUARD
2017-05-31,1d,>=5%,20,1,5.0,RECLTD
2017-06-27,1d,>=5%,20,2,10.0,"INDIANB, MOTILALOFS"
2017-07-31,1d,>=5%,20,1,5.0,VGUARD
2017-08-10,1d,>=5%,20,5,25.0,"RAIN, AVANTIFEED, ESCORTS, CAPLIPOINT, EDELWEISS"
2017-08-11,1d,>=5%,20,2,10.0,"TVSMOTOR, ADANIENSOL"
2017-09-22,1d,>=5%,20,4,20.0,"RAIN, AVANTIFEED, IGL, EDELWEISS"
2017-09-27,1d,>=5%,20,2,10.0,"BOMDYEING, EDELWEISS"
2017-10-25,1d,>=5%,20,2,10.0,"LTF, EDELWEISS"
2017-11-15,1d,>=5%,20,1,5.0,AVANTIFEED
2017-11-21,1d,>=5%,20,1,5.0,LTF
2017-12-04,1d,>=5%,20,1,5.0,APLAPOLLO
2018-01-16,1d,>=5%,20,1,5.0,BOMDYEING
2018-01-18,1d,>=5%,20,2,10.0,"BOMDYEING, RAIN"
2018-01-29,1d,>=5%,20,1,5.0,APLAPOLLO
2018-01-30,1d,>=5%,20,2,10.0,"VAKRANGEE, APLAPOLLO"
2018-01-31,1d,>=5%,20,1,5.0,VAKRANGEE
2018-02-01,1d,>=5%,20,1,5.0,VAKRANGEE
2018-02-02,1d,>=5%,20,6,30.0,"BOMDYEING, BBTC, RAIN, ADANIENSOL, VAKRANGEE, EDELWEISS"
2018-02-05,1d,>=5%,20,2,10.0,"VAKRANGEE, MOTILALOFS"
2019-04-22,1d,>=5%,20,1,5.0,ADANIPOWER
2019-04-30,1d,>=5%,20,1,5.0,ADANIPOWER
2019-05-07,1d,>=5%,20,1,5.0,BALRAMCHIN
2019-05-13,1d,>=5%,20,2,10.0,"BALRAMCHIN, ADANIPOWER"
2019-05-15,1d,>=5%,20,1,5.0,ABFRL
2020-02-01,1d,>=5%,20,2,10.0,"SBILIFE, NAUKRI"
2020-02-04,1d,>=5%,20,1,5.0,MANAPPURAM
2020-02-10,1d,>=5%,20,1,5.0,WHIRLPOOL
2020-02-14,1d,>=5%,20,1,5.0,MASFIN
2020-02-17,1d,>=5%,20,1,5.0,MASFIN
2020-02-24,1d,>=5%,20,1,5.0,DIXON
2020-02-27,1d,>=5%,20,1,5.0,RELAXO
2020-02-28,1d,>=5%,20,3,15.0,"MASFIN, MANAPPURAM, SRF"
2020-06-30,1d,>=5%,20,1,5.0,TRENT
2020-07-16,1d,>=5%,20,1,5.0,DMART
2020-08-11,1d,>=5%,20,1,5.0,LAURUSLABS
2020-08-31,1d,>=5%,20,7,35.0,"FDC, IPCALAB, PERSISTENT, COROMANDEL, NAVINFLUOR, RALLIS, DEEPAKNTR"
2020-09-08,1d,>=5%,20,1,5.0,ASTRAZEN
2020-09-18,1d,>=5%,20,1,5.0,EPL
2020-09-21,1d,>=5%,20,5,25.0,"FDC, TORNTPHARM, BIOCON, DIXON, DIVISLAB"
2020-09-23,1d,>=5%,20,1,5.0,EPL
2020-09-24,1d,>=5%,20,2,10.0,"LAURUSLABS, DEEPAKNTR"
2020-10-15,1d,>=5%,20,1,5.0,PERSISTENT
2020-10-26,1d,>=5%,20,1,5.0,LAURUSLABS
2020-11-02,1d,>=5%,20,1,5.0,LAURUSLABS
2020-11-10,1d,>=5%,20,2,10.0,"IPCALAB, COROMANDEL"
2020-12-07,1d,>=5%,20,1,5.0,GRANULES
2020-12-21,1d,>=5%,20,9,45.0,"LAURUSLABS, APLLTD, TATAELXSI, ESCORTS, SYNGENE, DIVISLAB, APLAPOLLO, DEEPAKNTR, GRANULES"
2020-12-30,1d,>=5%,20,1,5.0,COROMANDEL
2021-01-15,1d,>=5%,20,2,10.0,"INDIAMART, TATAELXSI"
2021-01-21,1d,>=5%,20,1,5.0,TATAELXSI
2021-01-25,1d,>=5%,20,1,5.0,ESCORTS
2021-01-28,1d,>=5%,20,1,5.0,NAVINFLUOR
2021-01-29,1d,>=5%,20,1,5.0,DRREDDY
2021-02-05,1d,>=5%,20,1,5.0,SUZLON
2021-02-08,1d,>=5%,20,2,10.0,"INDIAMART, BSOFT"
2021-02-09,1d,>=5%,20,1,5.0,FSL
2021-02-17,1d,>=5%,20,1,5.0,SUZLON
2021-02-22,1d,>=5%,20,1,5.0,BAJAJELEC
2021-03-12,1d,>=5%,20,1,5.0,APLAPOLLO
2021-03-15,1d,>=5%,20,1,5.0,APLAPOLLO
2021-03-17,1d,>=5%,20,1,5.0,VAIBHAVGBL
2021-03-18,1d,>=5%,20,2,10.0,"VAIBHAVGBL, SYNGENE"
2021-03-22,1d,>=5%,20,1,5.0,DIXON
2021-04-01,1d,>=5%,20,1,5.0,APLAPOLLO
2021-04-05,1d,>=5%,20,1,5.0,APLAPOLLO
2021-04-07,1d,>=5%,20,1,5.0,ATGL
2021-04-08,1d,>=5%,20,1,5.0,ATGL
2021-04-12,1d,>=5%,20,11,55.0,"FSL, HINDCOPPER, AFFLE, CDSL, ATGL, INDIAMART, TATAELXSI, BSOFT, DIXON, APLAPOLLO, DEEPAKNTR"
2021-04-19,1d,>=5%,20,2,10.0,"HINDCOPPER, APLAPOLLO"
2021-04-30,1d,>=5%,20,1,5.0,INDIAMART
2021-05-12,1d,>=5%,20,2,10.0,"VAIBHAVGBL, HINDCOPPER"
2021-05-14,1d,>=5%,20,2,10.0,"ATGL, JINDALSTEL"
2021-05-20,1d,>=5%,20,1,5.0,TATASTEEL
2021-06-18,1d,>=5%,20,1,5.0,HINDCOPPER
2021-06-24,1d,>=5%,20,1,5.0,ATGL
2021-08-20,1d,>=5%,20,3,15.0,"FSL, JSWSTEEL, TATASTEEL"
2021-08-23,1d,>=5%,20,2,10.0,"FSL, LAURUSLABS"
2021-08-26,1d,>=5%,20,1,5.0,LINDEINDIA
2021-09-20,1d,>=5%,20,2,10.0,"JSWSTEEL, TATASTEEL"
2021-09-24,1d,>=5%,20,1,5.0,APOLLOHOSP
2021-10-19,1d,>=5%,20,1,5.0,FLUOROCHEM
2021-10-20,1d,>=5%,20,2,10.0,"DIXON, DEEPAKNTR"
2021-10-21,1d,>=5%,20,1,5.0,ECLERX
2021-10-25,1d,>=5%,20,3,15.0,"SRF, DIXON, APLAPOLLO"
2021-10-28,1d,>=5%,20,2,10.0,"ADANIENT, DEEPAKNTR"
2021-11-18,1d,>=5%,20,1,5.0,TATAPOWER
2021-11-22,1d,>=5%,20,5,25.0,"CENTURYPLY, POLYCAB, TATAELXSI, DIXON, DEEPAKNTR"
2021-11-26,1d,>=5%,20,3,15.0,"ADANIENT, TATAPOWER, TATASTEEL"
2021-11-29,1d,>=5%,20,2,10.0,"CENTURYPLY, ECLERX"
2021-12-01,1d,>=5%,20,1,5.0,TRIDENT
2021-12-15,1d,>=5%,20,1,5.0,IEX
2021-12-16,1d,>=5%,20,2,10.0,"FLUOROCHEM, BSE"
2021-12-17,1d,>=5%,20,2,10.0,"CENTURYPLY, BSE"
2021-12-20,1d,>=5%,20,4,20.0,"LTTS, IEX, CDSL, TATAELXSI"
2022-01-18,1d,>=5%,20,1,5.0,TRIDENT
2022-01-19,1d,>=5%,20,1,5.0,LTTS
2022-01-21,1d,>=5%,20,4,20.0,"POLYCAB, LTTS, ECLERX, DEEPAKNTR"
2022-01-24,1d,>=5%,20,9,45.0,"ADANIENT, GRASIM, LTTS, TATAPOWER, PERSISTENT, BSE, CDSL, ECLERX, DEEPAKNTR"
2022-01-25,1d,>=5%,20,1,5.0,DEEPAKNTR
2022-01-27,1d,>=5%,20,2,10.0,"LTTS, FLUOROCHEM"
2022-02-08,1d,>=5%,20,3,15.0,"TATAPOWER, UNOMINDA, FLUOROCHEM"
2022-02-14,1d,>=5%,20,7,35.0,"CENTURYPLY, ADANIENT, TATAPOWER, PERSISTENT, BSE, TATAELXSI, DEEPAKNTR"
2022-09-16,1d,>=5%,20,4,20.0,"SCHAEFFLER, ELGIEQUIP, TIMKEN, GNFC"
2022-09-19,1d,>=5%,20,1,5.0,GNFC
2022-09-21,1d,>=5%,20,1,5.0,ADANIENT
2022-09-26,1d,>=5%,20,5,25.0,"SOLARINDS, ELGIEQUIP, VBL, BDL, GNFC"
2022-09-29,1d,>=5%,20,1,5.0,ADANIENSOL
2022-10-03,1d,>=5%,20,4,20.0,"ADANIENT, ADANIGREEN, ADANIENSOL, ATGL"
2022-10-11,1d,>=5%,20,1,5.0,MAZDOCK
2022-10-19,1d,>=5%,20,1,5.0,FLUOROCHEM
2022-10-20,1d,>=5%,20,1,5.0,SCHAEFFLER
2022-10-28,1d,>=5%,20,1,5.0,FINEORG
2022-10-31,1d,>=5%,20,1,5.0,FINEORG
2022-11-01,1d,>=5%,20,1,5.0,TIMKEN
2022-11-09,1d,>=5%,20,1,5.0,TIINDIA
2022-11-10,1d,>=5%,20,1,5.0,TIINDIA
2022-11-11,1d,>=5%,20,1,5.0,INDHOTEL
2022-11-18,1d,>=5%,20,1,5.0,MAZDOCK
2022-11-21,1d,>=5%,20,1,5.0,MAZDOCK
2022-11-30,1d,>=5%,20,1,5.0,SCHAEFFLER
2022-12-05,1d,>=5%,20,1,5.0,FLUOROCHEM
2022-12-21,1d,>=5%,20,3,15.0,"RHIM, ADANIENT, BDL"
2022-12-22,1d,>=5%,20,2,10.0,"COCHINSHIP, MAZDOCK"
2022-12-23,1d,>=5%,20,8,40.0,"GESHIP, ADANIENT, COCHINSHIP, VBL, FLUOROCHEM, TIINDIA, ATGL, MAZDOCK"
2023-05-22,1d,>=5%,20,1,5.0,SIEMENS
2023-05-23,1d,>=5%,20,1,5.0,NCC
2023-05-24,1d,>=5%,20,1,5.0,CUMMINSIND
2023-05-29,1d,>=5%,20,1,5.0,FINCABLES
2023-06-21,1d,>=5%,20,1,5.0,MAZDOCK
2023-06-22,1d,>=5%,20,1,5.0,IDFCFIRSTB
2023-07-20,1d,>=5%,20,1,5.0,ABB
2023-07-21,1d,>=5%,20,1,5.0,CIEINDIA
2023-07-27,1d,>=5%,20,1,5.0,RVNL
2023-08-11,1d,>=5%,20,1,5.0,APOLLOTYRE
2023-08-14,1d,>=5%,20,2,10.0,"FACT, FINCABLES"
2023-08-29,1d,>=5%,20,1,5.0,UNIONBANK
2023-09-07,1d,>=5%,20,1,5.0,FACT
2023-09-12,1d,>=5%,20,9,45.0,"RECLTD, KALYANKJIL, RVNL, FACT, ZENSARTECH, PFC, NCC, FINCABLES, MAZDOCK"
2023-09-15,1d,>=5%,20,1,5.0,JSL
2023-09-25,1d,>=5%,20,1,5.0,KALYANKJIL
2023-09-29,1d,>=5%,20,1,5.0,FINCABLES
2023-10-09,1d,>=5%,20,2,10.0,"RVNL, UNIONBANK"
2023-10-18,1d,>=5%,20,1,5.0,ZENSARTECH
2023-10-23,1d,>=5%,20,9,45.0,"MAHABANK, RVNL, FACT, UNIONBANK, IRFC, ZENSARTECH, SUPREMEIND, NCC, MAZDOCK"
2023-11-09,1d,>=5%,20,1,5.0,BSE
2023-11-13,1d,>=5%,20,1,5.0,GLENMARK
2023-11-20,1d,>=5%,20,1,5.0,BSE
2023-11-21,1d,>=5%,20,1,5.0,BSE
2023-11-22,1d,>=5%,20,1,5.0,JSL
2023-12-05,1d,>=5%,20,1,5.0,CYIENT
2023-12-20,1d,>=5%,20,3,15.0,"RECLTD, FACT, PFC"
2024-01-09,1d,>=5%,20,1,5.0,POLYCAB
2024-01-11,1d,>=5%,20,1,5.0,POLYCAB
2024-01-23,1d,>=5%,20,6,30.0,"RECLTD, PRESTIGE, BSE, PFC, JSL, CYIENT"
2024-01-30,1d,>=5%,20,1,5.0,TRENT
2024-02-01,1d,>=5%,20,1,5.0,AUROPHARMA
2024-02-06,1d,>=5%,20,1,5.0,NBCC
2024-02-07,1d,>=5%,20,1,5.0,NLCINDIA
2024-02-09,1d,>=5%,20,4,20.0,"RECLTD, IRFC, PFC, NLCINDIA"
2024-02-12,1d,>=5%,20,6,30.0,"RECLTD, IRFC, BSE, HUDCO, NBCC, NLCINDIA"
2024-02-13,1d,>=5%,20,1,5.0,NBCC
2024-02-28,1d,>=5%,20,1,5.0,NLCINDIA
2024-02-29,1d,>=5%,20,1,5.0,PRESTIGE
2024-03-06,1d,>=5%,20,1,5.0,JBMA
2024-03-12,1d,>=5%,20,1,5.0,HUDCO
2024-03-13,1d,>=5%,20,8,40.0,"RECLTD, HAL, ETERNAL, IRFC, NTPC, BSE, PFC, HUDCO"
2024-04-15,1d,>=5%,20,1,5.0,NBCC
2024-04-29,1d,>=5%,20,1,5.0,BSE
2024-05-06,1d,>=5%,20,2,10.0,"RECLTD, PFC"
2024-05-07,1d,>=5%,20,1,5.0,PRESTIGE
2024-05-09,1d,>=5%,20,2,10.0,"PFC, MOTILALOFS"
2024-05-13,1d,>=5%,20,1,5.0,TMPV
2024-05-22,1d,>=5%,20,1,5.0,BHEL
2024-06-04,1d,>=5%,20,12,60.0,"RECLTD, HAL, IRFC, PRESTIGE, NTPC, BSE, PFC, SUZLON, DIXON, HUDCO, MOTILALOFS, BHEL"
2024-06-10,1d,>=5%,20,1,5.0,SUZLON
2024-06-19,1d,>=5%,20,1,5.0,SOBHA
2024-07-16,1d,>=5%,20,1,5.0,ETERNAL
2024-07-18,1d,>=5%,20,2,10.0,"HAL, TRENT"
2024-07-19,1d,>=5%,20,3,15.0,"APARINDS, MOTHERSON, DIXON"
2024-07-23,1d,>=5%,20,2,10.0,"IRFC, HUDCO"
2024-08-05,1d,>=5%,20,7,35.0,"RECLTD, MOTHERSON, IRFC, COCHINSHIP, BSE, PFC, HUDCO"
2024-08-06,1d,>=5%,20,1,5.0,COCHINSHIP
2024-08-13,1d,>=5%,20,2,10.0,"ZYDUSLIFE, COCHINSHIP"
2024-08-26,1d,>=5%,20,1,5.0,ZYDUSLIFE
2024-09-04,1d,>=5%,20,1,5.0,OIL
2024-09-12,1d,>=5%,20,1,5.0,GRANULES
2024-09-26,1d,>=5%,20,1,5.0,KALYANKJIL
2024-10-03,1d,>=5%,20,2,10.0,"OIL, SUZLON"
2024-10-07,1d,>=5%,20,3,15.0,"RVNL, IRFC, SUZLON"
2024-10-10,1d,>=5%,20,1,5.0,LUPIN
2024-10-16,1d,>=5%,20,1,5.0,OIL
2024-10-17,1d,>=5%,20,1,5.0,BAJAJ-AUTO
2024-10-22,1d,>=5%,20,2,10.0,"POWERINDIA, PCBL"
2024-10-25,1d,>=5%,20,1,5.0,DIXON
2024-10-30,1d,>=5%,20,2,10.0,"DIXON, MCX"
2024-10-31,1d,>=5%,20,1,5.0,PCBL
2024-11-07,1d,>=5%,20,2,10.0,"GLENMARK, TRENT"
2024-11-12,1d,>=5%,20,1,5.0,PPLPHARMA
2024-11-13,1d,>=5%,20,2,10.0,"POWERINDIA, MOTILALOFS"
2024-11-14,1d,>=5%,20,1,5.0,TORNTPOWER
2025-06-12,1d,>=5%,20,1,5.0,PAYTM
2025-06-20,1d,>=5%,20,1,5.0,ERIS
2025-06-24,1d,>=5%,20,1,5.0,GRSE
2025-06-25,1d,>=5%,20,1,5.0,GRSE
2025-07-01,1d,>=5%,20,1,5.0,COROMANDEL
2025-07-04,1d,>=5%,20,1,5.0,BSE
2025-07-07,1d,>=5%,20,1,5.0,DEEPAKFERT
2025-07-08,1d,>=5%,20,1,5.0,BSE
2025-07-24,1d,>=5%,20,1,5.0,COFORGE
2025-08-04,1d,>=5%,20,1,5.0,NH
2025-08-07,1d,>=5%,20,1,5.0,GODFRYPHLP
2025-08-08,1d,>=5%,20,1,5.0,RAMCOCEM
2025-08-11,1d,>=5%,20,1,5.0,AMBER
2025-08-13,1d,>=5%,20,1,5.0,COROMANDEL
2025-08-18,1d,>=5%,20,1,5.0,GODFRYPHLP
2025-08-19,1d,>=5%,20,1,5.0,BAJAJHLDNG
2025-08-21,1d,>=5%,20,2,10.0,"BSE, JKCEMENT"
2025-08-22,1d,>=5%,20,1,5.0,GODFRYPHLP
2026-05-12,1d,>=5%,20,3,15.0,"KIRLOSENG, NETWEB, ADANIPOWER"
2026-05-15,1d,>=5%,20,1,5.0,HINDCOPPER
2026-05-22,1d,>=5%,20,1,5.0,GLENMARK
2026-05-27,1d,>=5%,20,1,5.0,GESHIP
2026-05-29,1d,>=5%,20,2,10.0,"GESHIP, MCX"
2026-06-01,1d,>=5%,20,2,10.0,"POWERINDIA, GVT&D"
2026-06-04,1d,>=5%,20,1,5.0,NATIONALUM
2026-06-05,1d,>=5%,20,1,5.0,NETWEB
2026-06-08,1d,>=5%,20,4,20.0,"POWERINDIA, NETWEB, GMDCLTD, GVT&D"
2026-06-10,1d,>=5%,20,1,5.0,GESHIP
2026-06-23,1d,>=5%,20,2,10.0,"VEDL, NATIONALUM"
2026-06-24,1d,>=5%,20,2,10.0,"POWERINDIA, GVT&D"
2026-06-29,1d,>=5%,20,2,10.0,"SYRMA, NETWEB"
2026-07-01,1d,>=5%,20,1,5.0,APARINDS
2026-07-03,1d,>=5%,20,3,15.0,"POWERINDIA, APARINDS, GVT&D"
2026-07-08,1d,>=5%,20,1,5.0,APARINDS
2026-07-17,1d,>=5%,20,1,5.0,KIRLOSENG
2026-07-24,1d,>=5%,20,1,5.0,SYRMA
2026-08-10,1d,>=5%,20,1,5.0,BHARATFORG
2026-08-14,1d,>=5%,20,1,5.0,NATIONALUM
2026-08-19,1d,>=5%,20,1,5.0,NETWEB
2026-08-25,1d,>=5%,20,1,5.0,HINDCOPPER
2026-08-31,1d,>=5%,20,2,10.0,"ADANIENSOL, ADANIPOWER"
2007-10-08,1d,>=7%,20,3,15.0,"ADANIENT, APTECHT, PRAJIND"
2007-10-18,1d,>=7%,20,1,5.0,BHARTIARTL
2007-10-19,1d,>=7%,20,3,15.0,"ADANIENT, JINDALSTEL, KOTAKBANK"
2007-11-08,1d,>=7%,20,1,5.0,JINDALSTEL
2007-11-21,1d,>=7%,20,5,25.0,"VEDL, WELCORP, JINDALSTEL, ABAN, DIVISLAB"
2007-12-17,1d,>=7%,20,5,25.0,"JSWSTEEL, WELCORP, JINDALSTEL, KOTAKBANK, ABAN"
2008-01-18,1d,>=7%,20,3,15.0,"JINDALSTEL, KOTAKBANK, DIVISLAB"
2008-01-21,1d,>=7%,20,13,65.0,"INDIAGLYCO, JSWSTEEL, RELINFRA, VEDL, RELIANCE, SOUTHBANK, WELCORP, GMDCLTD, JINDALSTEL, KOTAKBANK, ABAN, DIVISLAB, RAJESHEXPO"
2008-01-22,1d,>=7%,20,7,35.0,"INDIAGLYCO, JSWSTEEL, RELIANCE, SOUTHBANK, SHRIRAMFIN, GMDCLTD, RAJESHEXPO"
2008-01-24,1d,>=7%,20,6,30.0,"INDIAGLYCO, JSWSTEEL, RELINFRA, GMDCLTD, JINDALSTEL, DIVISLAB"
2009-04-16,1d,>=7%,17,9,52.94117647058823,"IDEA, DSKULKARNI, NOIDATOLL, FSL, MCLEODRUSS, EMBDL, IIFL, NIITLTD, ORIENTPPR"
2009-04-22,1d,>=7%,17,3,17.647058823529413,"NOIDATOLL, FSL, NIITLTD"
2009-04-27,1d,>=7%,17,1,5.882352941176471,EMBDL
2009-05-11,1d,>=7%,17,2,11.764705882352942,"MCLEODRUSS, ORIENTPPR"
2009-05-19,1d,>=7%,17,1,5.882352941176471,HEROMOTOCO
2009-05-21,1d,>=7%,17,1,5.882352941176471,IIFL
2009-05-26,1d,>=7%,17,3,17.647058823529413,"PFC, NIITLTD, ORIENTPPR"
2009-06-08,1d,>=7%,17,8,47.05882352941177,"DSKULKARNI, NOIDATOLL, FSL, MUNJALSHOW, EMBDL, PFC, IIFL, NIITLTD"
2009-06-15,1d,>=7%,20,1,5.0,IIFL
2009-06-17,1d,>=7%,20,2,10.0,"IIFL, ORIENTPPR"
2009-06-18,1d,>=7%,20,1,5.0,BERGEPAINT
2009-06-22,1d,>=7%,20,1,5.0,COROMANDEL
2009-07-06,1d,>=7%,20,6,30.0,"ENGINERSIN, UNIONBANK, BANKBARODA, COROMANDEL, IIFL, LICHSGFIN"
2009-07-13,1d,>=7%,20,1,5.0,COROMANDEL
2009-10-27,1d,>=7%,20,1,5.0,BIRLACORPN
2009-10-30,1d,>=7%,20,1,5.0,MUNJALSHOW
2009-11-03,1d,>=7%,20,1,5.0,MUNJALSHOW
2010-01-25,1d,>=7%,20,1,5.0,MCLEODRUSS
2010-01-27,1d,>=7%,20,1,5.0,RECLTD
2010-02-23,1d,>=7%,20,1,5.0,DHAMPURSUG
2010-03-02,1d,>=7%,20,1,5.0,DHAMPURSUG
2010-05-03,1d,>=7%,20,1,5.0,SOUTHBANK
2010-05-13,1d,>=7%,20,1,5.0,ENGINERSIN
2010-05-19,1d,>=7%,20,1,5.0,TMPV
2010-10-06,1d,>=7%,20,1,5.0,VIPIND
2010-10-20,1d,>=7%,20,1,5.0,JINDALPOLY
2010-10-27,1d,>=7%,20,1,5.0,VENKEYS
2010-10-29,1d,>=7%,20,1,5.0,3MINDIA
2010-11-15,1d,>=7%,20,2,10.0,"UFLEX, JINDALPOLY"
2010-11-16,1d,>=7%,20,1,5.0,JINDALPOLY
2010-11-26,1d,>=7%,20,2,10.0,"UFLEX, JINDALPOLY"
2011-04-21,1d,>=7%,20,1,5.0,COROMANDEL
2011-04-26,1d,>=7%,20,1,5.0,BLUEDART
2011-04-29,1d,>=7%,20,2,10.0,"UCOBANK, ELGIEQUIP"
2011-05-13,1d,>=7%,20,1,5.0,ATUL
2011-05-16,1d,>=7%,20,1,5.0,FMGOETZE
2011-06-20,1d,>=7%,20,1,5.0,UBL
2012-02-22,1d,>=7%,20,1,5.0,ARVIND
2012-04-13,1d,>=7%,20,1,5.0,ASTRAZEN
2012-04-27,1d,>=7%,20,1,5.0,ASTRAZEN
2012-05-04,1d,>=7%,20,1,5.0,MRF
2012-05-08,1d,>=7%,20,1,5.0,VSTIND
2012-05-14,1d,>=7%,20,1,5.0,ASTRAZEN
2012-09-04,1d,>=7%,20,1,5.0,BLUEDART
2012-12-13,1d,>=7%,20,1,5.0,KTKBANK
2013-01-18,1d,>=7%,20,1,5.0,ATUL
2013-02-07,1d,>=7%,20,1,5.0,STAR
2013-12-20,1d,>=7%,20,1,5.0,MOTHERSON
2014-01-16,1d,>=7%,20,1,5.0,IDEA
2014-01-23,1d,>=7%,20,1,5.0,SUPREMEIND
2014-02-10,1d,>=7%,20,1,5.0,IDEA
2014-05-05,1d,>=7%,20,2,10.0,"FSL, ESCORTS"
2014-05-19,1d,>=7%,20,1,5.0,PERSISTENT
2014-07-08,1d,>=7%,20,1,5.0,CANFINHOME
2014-07-09,1d,>=7%,20,1,5.0,AUROPHARMA
2014-07-25,1d,>=7%,20,2,10.0,"TVSMOTOR, CANFINHOME"
2014-09-16,1d,>=7%,20,3,15.0,"ARVIND, KEC, GPPL"
2014-10-16,1d,>=7%,20,2,10.0,"SUNDRMFAST, AARTIIND"
2014-10-17,1d,>=7%,20,1,5.0,ATUL
2014-11-03,1d,>=7%,20,1,5.0,KEC
2014-11-14,1d,>=7%,20,1,5.0,BALKRISIND
2014-11-17,1d,>=7%,20,1,5.0,BALKRISIND
2015-01-23,1d,>=7%,20,1,5.0,CANFINHOME
2015-01-29,1d,>=7%,20,1,5.0,GPPL
2015-02-02,1d,>=7%,20,1,5.0,TVSMOTOR
2015-02-04,1d,>=7%,20,1,5.0,SUNDRMFAST
2015-04-17,1d,>=7%,20,1,5.0,BHARATFORG
2015-04-24,1d,>=7%,20,1,5.0,BOSCHLTD
2015-04-27,1d,>=7%,20,1,5.0,KAJARIACER
2015-05-06,1d,>=7%,20,1,5.0,CANFINHOME
2017-03-02,1d,>=7%,20,1,5.0,BIOCON
2017-04-11,1d,>=7%,20,1,5.0,VEDL
2017-05-05,1d,>=7%,20,1,5.0,TATACOMM
2017-05-18,1d,>=7%,20,1,5.0,CESC
2017-07-31,1d,>=7%,20,1,5.0,VGUARD
2017-08-10,1d,>=7%,20,4,20.0,"RAIN, AVANTIFEED, ESCORTS, EDELWEISS"
2017-08-11,1d,>=7%,20,2,10.0,"TVSMOTOR, ADANIENSOL"
2017-09-22,1d,>=7%,20,1,5.0,RAIN
2017-10-25,1d,>=7%,20,2,10.0,"LTF, EDELWEISS"
2017-11-15,1d,>=7%,20,1,5.0,AVANTIFEED
2018-01-31,1d,>=7%,20,1,5.0,VAKRANGEE
2018-02-01,1d,>=7%,20,1,5.0,VAKRANGEE
2018-02-02,1d,>=7%,20,5,25.0,"BOMDYEING, BBTC, RAIN, VAKRANGEE, EDELWEISS"
2018-02-05,1d,>=7%,20,1,5.0,VAKRANGEE
2019-04-30,1d,>=7%,20,1,5.0,ADANIPOWER
2019-05-13,1d,>=7%,20,1,5.0,ADANIPOWER
2019-05-15,1d,>=7%,20,1,5.0,ABFRL
2020-02-01,1d,>=7%,20,1,5.0,SBILIFE
2020-02-14,1d,>=7%,20,1,5.0,MASFIN
2020-02-17,1d,>=7%,20,1,5.0,MASFIN
2020-08-31,1d,>=7%,20,2,10.0,"NAVINFLUOR, DEEPAKNTR"
2020-09-08,1d,>=7%,20,1,5.0,ASTRAZEN
2020-09-18,1d,>=7%,20,1,5.0,EPL
2020-09-21,1d,>=7%,20,1,5.0,FDC
2020-11-10,1d,>=7%,20,1,5.0,IPCALAB
2020-12-21,1d,>=7%,20,2,10.0,"APLLTD, GRANULES"
2021-01-21,1d,>=7%,20,1,5.0,TATAELXSI
2021-02-22,1d,>=7%,20,1,5.0,BAJAJELEC
2021-03-15,1d,>=7%,20,1,5.0,APLAPOLLO
2021-03-17,1d,>=7%,20,1,5.0,VAIBHAVGBL
2021-04-07,1d,>=7%,20,1,5.0,ATGL
2021-04-08,1d,>=7%,20,1,5.0,ATGL
2021-04-12,1d,>=7%,20,3,15.0,"FSL, HINDCOPPER, ATGL"
2021-04-30,1d,>=7%,20,1,5.0,INDIAMART
2021-05-14,1d,>=7%,20,2,10.0,"ATGL, JINDALSTEL"
2021-08-20,1d,>=7%,20,2,10.0,"JSWSTEEL, TATASTEEL"
2021-08-26,1d,>=7%,20,1,5.0,LINDEINDIA
2021-09-20,1d,>=7%,20,2,10.0,"JSWSTEEL, TATASTEEL"
2021-10-20,1d,>=7%,20,2,10.0,"DIXON, DEEPAKNTR"
2021-10-28,1d,>=7%,20,2,10.0,"ADANIENT, DEEPAKNTR"
2021-11-22,1d,>=7%,20,1,5.0,DEEPAKNTR
2021-11-29,1d,>=7%,20,1,5.0,CENTURYPLY
2021-12-16,1d,>=7%,20,1,5.0,FLUOROCHEM
2021-12-17,1d,>=7%,20,1,5.0,BSE
2021-12-20,1d,>=7%,20,1,5.0,LTTS
2022-02-08,1d,>=7%,20,1,5.0,UNOMINDA
2022-02-14,1d,>=7%,20,1,5.0,CENTURYPLY
2022-09-16,1d,>=7%,20,1,5.0,TIMKEN
2022-10-03,1d,>=7%,20,3,15.0,"ADANIENT, ADANIGREEN, ATGL"
2022-10-11,1d,>=7%,20,1,5.0,MAZDOCK
2022-10-20,1d,>=7%,20,1,5.0,SCHAEFFLER
2022-10-31,1d,>=7%,20,1,5.0,FINEORG
2022-12-22,1d,>=7%,20,1,5.0,COCHINSHIP
2022-12-23,1d,>=7%,20,5,25.0,"GESHIP, COCHINSHIP, FLUOROCHEM, ATGL, MAZDOCK"
2023-05-22,1d,>=7%,20,1,5.0,SIEMENS
2023-05-23,1d,>=7%,20,1,5.0,NCC
2023-08-11,1d,>=7%,20,1,5.0,APOLLOTYRE
2023-08-29,1d,>=7%,20,1,5.0,UNIONBANK
2023-09-12,1d,>=7%,20,7,35.0,"RECLTD, KALYANKJIL, RVNL, FACT, PFC, NCC, MAZDOCK"
2023-10-23,1d,>=7%,20,3,15.0,"MAHABANK, FACT, SUPREMEIND"
2023-12-20,1d,>=7%,20,1,5.0,RECLTD
2024-01-09,1d,>=7%,20,1,5.0,POLYCAB
2024-01-11,1d,>=7%,20,1,5.0,POLYCAB
2024-01-23,1d,>=7%,20,2,10.0,"PRESTIGE, JSL"
2024-02-07,1d,>=7%,20,1,5.0,NLCINDIA
2024-02-09,1d,>=7%,20,1,5.0,PFC
2024-02-12,1d,>=7%,20,4,20.0,"IRFC, HUDCO, NBCC, NLCINDIA"
2024-03-13,1d,>=7%,20,4,20.0,"RECLTD, IRFC, PFC, HUDCO"
2024-04-29,1d,>=7%,20,1,5.0,BSE
2024-05-06,1d,>=7%,20,2,10.0,"RECLTD, PFC"
2024-05-09,1d,>=7%,20,1,5.0,MOTILALOFS
2024-05-13,1d,>=7%,20,1,5.0,TMPV
2024-06-04,1d,>=7%,20,10,50.0,"RECLTD, HAL, IRFC, PRESTIGE, NTPC, PFC, DIXON, HUDCO, MOTILALOFS, BHEL"
2024-08-05,1d,>=7%,20,1,5.0,MOTHERSON
2024-09-12,1d,>=7%,20,1,5.0,GRANULES
2024-10-07,1d,>=7%,20,1,5.0,RVNL
2024-10-17,1d,>=7%,20,1,5.0,BAJAJ-AUTO
2024-10-22,1d,>=7%,20,1,5.0,POWERINDIA
2024-10-25,1d,>=7%,20,1,5.0,DIXON
2024-11-12,1d,>=7%,20,1,5.0,PPLPHARMA
2024-11-13,1d,>=7%,20,1,5.0,MOTILALOFS
2025-06-24,1d,>=7%,20,1,5.0,GRSE
2025-07-01,1d,>=7%,20,1,5.0,COROMANDEL
2025-07-24,1d,>=7%,20,1,5.0,COFORGE
2025-08-07,1d,>=7%,20,1,5.0,GODFRYPHLP
2025-08-21,1d,>=7%,20,1,5.0,BSE
2026-05-27,1d,>=7%,20,1,5.0,GESHIP
2026-06-01,1d,>=7%,20,1,5.0,GVT&D
2026-06-08,1d,>=7%,20,2,10.0,"NETWEB, GMDCLTD"
2026-06-23,1d,>=7%,20,1,5.0,VEDL
2026-06-29,1d,>=7%,20,1,5.0,NETWEB
2026-07-03,1d,>=7%,20,2,10.0,"POWERINDIA, GVT&D"
2026-08-10,1d,>=7%,20,1,5.0,BHARATFORG
2026-08-25,1d,>=7%,20,1,5.0,HINDCOPPER
2026-08-31,1d,>=7%,20,1,5.0,ADANIENSOL
2007-10-08,1d,>=8%,20,1,5.0,PRAJIND
2007-10-18,1d,>=8%,20,1,5.0,BHARTIARTL
2007-10-19,1d,>=8%,20,2,10.0,"JINDALSTEL, KOTAKBANK"
2007-11-21,1d,>=8%,20,1,5.0,JINDALSTEL
2007-12-17,1d,>=8%,20,3,15.0,"JSWSTEEL, JINDALSTEL, KOTAKBANK"
2008-01-18,1d,>=8%,20,3,15.0,"JINDALSTEL, KOTAKBANK, DIVISLAB"
2008-01-21,1d,>=8%,20,13,65.0,"INDIAGLYCO, JSWSTEEL, RELINFRA, VEDL, RELIANCE, SOUTHBANK, WELCORP, GMDCLTD, JINDALSTEL, KOTAKBANK, ABAN, DIVISLAB, RAJESHEXPO"
2008-01-22,1d,>=8%,20,6,30.0,"INDIAGLYCO, JSWSTEEL, SOUTHBANK, SHRIRAMFIN, GMDCLTD, RAJESHEXPO"
2008-01-24,1d,>=8%,20,4,20.0,"JSWSTEEL, RELINFRA, GMDCLTD, JINDALSTEL"
2009-04-16,1d,>=8%,17,6,35.294117647058826,"DSKULKARNI, NOIDATOLL, FSL, EMBDL, IIFL, NIITLTD"
2009-04-22,1d,>=8%,17,2,11.764705882352942,"NOIDATOLL, NIITLTD"
2009-04-27,1d,>=8%,17,1,5.882352941176471,EMBDL
2009-05-19,1d,>=8%,17,1,5.882352941176471,HEROMOTOCO
2009-05-26,1d,>=8%,17,2,11.764705882352942,"PFC, NIITLTD"
2009-06-08,1d,>=8%,17,6,35.294117647058826,"DSKULKARNI, NOIDATOLL, FSL, EMBDL, IIFL, NIITLTD"
2009-06-15,1d,>=8%,20,1,5.0,IIFL
2009-06-17,1d,>=8%,20,1,5.0,IIFL
2009-07-06,1d,>=8%,20,4,20.0,"UNIONBANK, BANKBARODA, IIFL, LICHSGFIN"
2009-10-30,1d,>=8%,20,1,5.0,MUNJALSHOW
2009-11-03,1d,>=8%,20,1,5.0,MUNJALSHOW
2010-01-25,1d,>=8%,20,1,5.0,MCLEODRUSS
2010-02-23,1d,>=8%,20,1,5.0,DHAMPURSUG
2010-05-03,1d,>=8%,20,1,5.0,SOUTHBANK
2010-10-06,1d,>=8%,20,1,5.0,VIPIND
2010-10-27,1d,>=8%,20,1,5.0,VENKEYS
2010-10-29,1d,>=8%,20,1,5.0,3MINDIA
2010-11-15,1d,>=8%,20,1,5.0,UFLEX
2010-11-26,1d,>=8%,20,2,10.0,"UFLEX, JINDALPOLY"
2011-04-21,1d,>=8%,20,1,5.0,COROMANDEL
2011-04-29,1d,>=8%,20,2,10.0,"UCOBANK, ELGIEQUIP"
2011-05-13,1d,>=8%,20,1,5.0,ATUL
2012-02-22,1d,>=8%,20,1,5.0,ARVIND
2012-04-13,1d,>=8%,20,1,5.0,ASTRAZEN
2012-05-08,1d,>=8%,20,1,5.0,VSTIND
2012-05-14,1d,>=8%,20,1,5.0,ASTRAZEN
2012-09-04,1d,>=8%,20,1,5.0,BLUEDART
2012-12-13,1d,>=8%,20,1,5.0,KTKBANK
2013-01-18,1d,>=8%,20,1,5.0,ATUL
2013-02-07,1d,>=8%,20,1,5.0,STAR
2013-12-20,1d,>=8%,20,1,5.0,MOTHERSON
2014-02-10,1d,>=8%,20,1,5.0,IDEA
2014-05-05,1d,>=8%,20,1,5.0,FSL
2014-07-08,1d,>=8%,20,1,5.0,CANFINHOME
2014-07-25,1d,>=8%,20,2,10.0,"TVSMOTOR, CANFINHOME"
2014-09-16,1d,>=8%,20,1,5.0,ARVIND
2014-10-16,1d,>=8%,20,1,5.0,AARTIIND
2014-10-17,1d,>=8%,20,1,5.0,ATUL
2014-11-14,1d,>=8%,20,1,5.0,BALKRISIND
2015-01-23,1d,>=8%,20,1,5.0,CANFINHOME
2015-02-04,1d,>=8%,20,1,5.0,SUNDRMFAST
2017-05-05,1d,>=8%,20,1,5.0,TATACOMM
2017-05-18,1d,>=8%,20,1,5.0,CESC
2017-08-10,1d,>=8%,20,1,5.0,RAIN
2017-10-25,1d,>=8%,20,1,5.0,EDELWEISS
2018-01-31,1d,>=8%,20,1,5.0,VAKRANGEE
2018-02-01,1d,>=8%,20,1,5.0,VAKRANGEE
2018-02-02,1d,>=8%,20,4,20.0,"BOMDYEING, BBTC, RAIN, VAKRANGEE"
2018-02-05,1d,>=8%,20,1,5.0,VAKRANGEE
2019-05-15,1d,>=8%,20,1,5.0,ABFRL
2020-02-01,1d,>=8%,20,1,5.0,SBILIFE
2020-02-14,1d,>=8%,20,1,5.0,MASFIN
2020-02-17,1d,>=8%,20,1,5.0,MASFIN
2020-08-31,1d,>=8%,20,2,10.0,"NAVINFLUOR, DEEPAKNTR"
2020-11-10,1d,>=8%,20,1,5.0,IPCALAB
2021-03-15,1d,>=8%,20,1,5.0,APLAPOLLO
2021-03-17,1d,>=8%,20,1,5.0,VAIBHAVGBL
2021-04-07,1d,>=8%,20,1,5.0,ATGL
2021-04-08,1d,>=8%,20,1,5.0,ATGL
2021-04-12,1d,>=8%,20,2,10.0,"HINDCOPPER, ATGL"
2021-04-30,1d,>=8%,20,1,5.0,INDIAMART
2021-05-14,1d,>=8%,20,2,10.0,"ATGL, JINDALSTEL"
2021-08-20,1d,>=8%,20,1,5.0,TATASTEEL
2021-09-20,1d,>=8%,20,1,5.0,TATASTEEL
2021-10-20,1d,>=8%,20,2,10.0,"DIXON, DEEPAKNTR"
2021-10-28,1d,>=8%,20,1,5.0,ADANIENT
2021-11-29,1d,>=8%,20,1,5.0,CENTURYPLY
2021-12-16,1d,>=8%,20,1,5.0,FLUOROCHEM
2022-10-03,1d,>=8%,20,2,10.0,"ADANIENT, ADANIGREEN"
2022-10-31,1d,>=8%,20,1,5.0,FINEORG
2022-12-22,1d,>=8%,20,1,5.0,COCHINSHIP
2022-12-23,1d,>=8%,20,4,20.0,"GESHIP, COCHINSHIP, ATGL, MAZDOCK"
2023-05-22,1d,>=8%,20,1,5.0,SIEMENS
2023-05-23,1d,>=8%,20,1,5.0,NCC
2023-08-11,1d,>=8%,20,1,5.0,APOLLOTYRE
2023-09-12,1d,>=8%,20,4,20.0,"RECLTD, RVNL, NCC, MAZDOCK"
2023-10-23,1d,>=8%,20,2,10.0,"MAHABANK, SUPREMEIND"
2024-01-09,1d,>=8%,20,1,5.0,POLYCAB
2024-01-11,1d,>=8%,20,1,5.0,POLYCAB
2024-01-23,1d,>=8%,20,1,5.0,PRESTIGE
2024-02-07,1d,>=8%,20,1,5.0,NLCINDIA
2024-02-09,1d,>=8%,20,1,5.0,PFC
2024-02-12,1d,>=8%,20,4,20.0,"IRFC, HUDCO, NBCC, NLCINDIA"
2024-03-13,1d,>=8%,20,2,10.0,"IRFC, HUDCO"
2024-04-29,1d,>=8%,20,1,5.0,BSE
2024-05-06,1d,>=8%,20,1,5.0,PFC
2024-05-09,1d,>=8%,20,1,5.0,MOTILALOFS
2024-05-13,1d,>=8%,20,1,5.0,TMPV
2024-06-04,1d,>=8%,20,10,50.0,"RECLTD, HAL, IRFC, PRESTIGE, NTPC, PFC, DIXON, HUDCO, MOTILALOFS, BHEL"
2024-08-05,1d,>=8%,20,1,5.0,MOTHERSON
2024-09-12,1d,>=8%,20,1,5.0,GRANULES
2024-10-07,1d,>=8%,20,1,5.0,RVNL
2024-10-17,1d,>=8%,20,1,5.0,BAJAJ-AUTO
2025-06-24,1d,>=8%,20,1,5.0,GRSE
2025-07-24,1d,>=8%,20,1,5.0,COFORGE
2026-05-27,1d,>=8%,20,1,5.0,GESHIP
2026-06-08,1d,>=8%,20,1,5.0,NETWEB
2026-06-29,1d,>=8%,20,1,5.0,NETWEB
2026-07-03,1d,>=8%,20,2,10.0,"POWERINDIA, GVT&D"
2026-08-31,1d,>=8%,20,1,5.0,ADANIENSOL
2007-12-17,1d,>=10%,20,2,10.0,"JSWSTEEL, JINDALSTEL"
2008-01-18,1d,>=10%,20,1,5.0,KOTAKBANK
2008-01-21,1d,>=10%,20,11,55.0,"INDIAGLYCO, JSWSTEEL, RELINFRA, VEDL, SOUTHBANK, WELCORP, JINDALSTEL, KOTAKBANK, ABAN, DIVISLAB, RAJESHEXPO"
2008-01-22,1d,>=10%,20,4,20.0,"INDIAGLYCO, SOUTHBANK, SHRIRAMFIN, RAJESHEXPO"
2008-01-24,1d,>=10%,20,1,5.0,JINDALSTEL
2009-04-16,1d,>=10%,17,1,5.882352941176471,IIFL
2009-04-22,1d,>=10%,17,1,5.882352941176471,NOIDATOLL
2009-04-27,1d,>=10%,17,1,5.882352941176471,EMBDL
2009-05-19,1d,>=10%,17,1,5.882352941176471,HEROMOTOCO
2009-05-26,1d,>=10%,17,1,5.882352941176471,NIITLTD
2009-06-08,1d,>=10%,17,1,5.882352941176471,IIFL
2009-10-30,1d,>=10%,20,1,5.0,MUNJALSHOW
2010-05-03,1d,>=10%,20,1,5.0,SOUTHBANK
2010-10-06,1d,>=10%,20,1,5.0,VIPIND
2011-04-29,1d,>=10%,20,1,5.0,ELGIEQUIP
2012-09-04,1d,>=10%,20,1,5.0,BLUEDART
2012-12-13,1d,>=10%,20,1,5.0,KTKBANK
2013-02-07,1d,>=10%,20,1,5.0,STAR
2013-12-20,1d,>=10%,20,1,5.0,MOTHERSON
2014-05-05,1d,>=10%,20,1,5.0,FSL
2014-10-17,1d,>=10%,20,1,5.0,ATUL
2014-11-14,1d,>=10%,20,1,5.0,BALKRISIND
2017-05-18,1d,>=10%,20,1,5.0,CESC
2017-08-10,1d,>=10%,20,1,5.0,RAIN
2018-01-31,1d,>=10%,20,1,5.0,VAKRANGEE
2018-02-01,1d,>=10%,20,1,5.0,VAKRANGEE
2018-02-02,1d,>=10%,20,1,5.0,BOMDYEING
2020-02-01,1d,>=10%,20,1,5.0,SBILIFE
2020-02-17,1d,>=10%,20,1,5.0,MASFIN
2021-03-17,1d,>=10%,20,1,5.0,VAIBHAVGBL
2021-10-20,1d,>=10%,20,1,5.0,DEEPAKNTR
2021-10-28,1d,>=10%,20,1,5.0,ADANIENT
2022-12-23,1d,>=10%,20,1,5.0,MAZDOCK
2023-09-12,1d,>=10%,20,1,5.0,RVNL
2024-01-11,1d,>=10%,20,1,5.0,POLYCAB
2024-01-23,1d,>=10%,20,1,5.0,PRESTIGE
2024-02-12,1d,>=10%,20,3,15.0,"IRFC, NBCC, NLCINDIA"
2024-04-29,1d,>=10%,20,1,5.0,BSE
2024-06-04,1d,>=10%,20,10,50.0,"RECLTD, HAL, IRFC, PRESTIGE, NTPC, PFC, DIXON, HUDCO, MOTILALOFS, BHEL"
2024-09-12,1d,>=10%,20,1,5.0,GRANULES
2024-10-17,1d,>=10%,20,1,5.0,BAJAJ-AUTO
2026-08-31,1d,>=10%,20,1,5.0,ADANIENSOL
2007-12-17,1d,>=12%,20,1,5.0,JSWSTEEL
2008-01-21,1d,>=12%,20,8,40.0,"INDIAGLYCO, RELINFRA, VEDL, WELCORP, JINDALSTEL, KOTAKBANK, ABAN, RAJESHEXPO"
2008-01-22,1d,>=12%,20,2,10.0,"SHRIRAMFIN, RAJESHEXPO"
2009-04-16,1d,>=12%,17,1,5.882352941176471,IIFL
2010-05-03,1d,>=12%,20,1,5.0,SOUTHBANK
2010-10-06,1d,>=12%,20,1,5.0,VIPIND
2012-12-13,1d,>=12%,20,1,5.0,KTKBANK
2013-02-07,1d,>=12%,20,1,5.0,STAR
2013-12-20,1d,>=12%,20,1,5.0,MOTHERSON
2014-05-05,1d,>=12%,20,1,5.0,FSL
2014-11-14,1d,>=12%,20,1,5.0,BALKRISIND
2017-05-18,1d,>=12%,20,1,5.0,CESC
2017-08-10,1d,>=12%,20,1,5.0,RAIN
2018-01-31,1d,>=12%,20,1,5.0,VAKRANGEE
2018-02-01,1d,>=12%,20,1,5.0,VAKRANGEE
2018-02-02,1d,>=12%,20,1,5.0,BOMDYEING
2020-02-17,1d,>=12%,20,1,5.0,MASFIN
2021-10-20,1d,>=12%,20,1,5.0,DEEPAKNTR
2024-01-11,1d,>=12%,20,1,5.0,POLYCAB
2024-02-12,1d,>=12%,20,2,10.0,"IRFC, NLCINDIA"
2024-04-29,1d,>=12%,20,1,5.0,BSE
2024-06-04,1d,>=12%,20,9,45.0,"RECLTD, HAL, IRFC, PRESTIGE, NTPC, PFC, HUDCO, MOTILALOFS, BHEL"
2024-09-12,1d,>=12%,20,1,5.0,GRANULES
2024-10-17,1d,>=12%,20,1,5.0,BAJAJ-AUTO
2007-09-21,3d,>=5%,20,2,10.0,"CRISIL, UNITDSPR"
2007-09-27,3d,>=5%,20,2,10.0,"JINDALSTEL, TFCILTD"
2007-09-28,3d,>=5%,20,2,10.0,"JINDALSTEL, TFCILTD"
2007-10-03,3d,>=5%,20,1,5.0,RAJESHEXPO
2007-10-05,3d,>=5%,20,4,20.0,"APTECHT, PRAJIND, RAJESHEXPO, TFCILTD"
2007-10-08,3d,>=5%,20,6,30.0,"JSWSTEEL, APTECHT, PRAJIND, KOTAKBANK, TFCILTD, UNITDSPR"
2007-10-09,3d,>=5%,20,5,25.0,"BLUESTARCO, JSWSTEEL, APTECHT, PRAJIND, TFCILTD"
2007-10-10,3d,>=5%,20,1,5.0,CRISIL
2007-10-17,3d,>=5%,20,2,10.0,"CRISIL, RAJESHEXPO"
2007-10-18,3d,>=5%,20,15,75.0,"JSWSTEEL, ADANIENT, APTECHT, BHARTIARTL, PRAJIND, SOUTHBANK, JINDALSTEL, CRISIL, KOTAKBANK, DIVISLAB, RAJESHEXPO, TFCILTD, UNITDSPR, THERMAX, LT"
2007-10-19,3d,>=5%,20,14,70.0,"JSWSTEEL, ADANIENT, APTECHT, BHARTIARTL, RELIANCE, PRAJIND, SOUTHBANK, JINDALSTEL, CRISIL, KOTAKBANK, DIVISLAB, TFCILTD, UNITDSPR, LT"
2007-10-22,3d,>=5%,20,13,65.0,"ABB, APTECHT, BHARTIARTL, RELIANCE, PRAJIND, GMDCLTD, JINDALSTEL, CRISIL, KOTAKBANK, DIVISLAB, TFCILTD, UNITDSPR, LT"
2007-10-23,3d,>=5%,20,1,5.0,GMDCLTD
2007-10-31,3d,>=5%,20,1,5.0,ADANIENT
2007-11-01,3d,>=5%,20,5,25.0,"BHARTIARTL, RELIANCE, PRAJIND, TFCILTD, UNITDSPR"
2007-11-02,3d,>=5%,20,4,20.0,"BHARTIARTL, PRAJIND, TFCILTD, UNITDSPR"
2007-11-05,3d,>=5%,20,2,10.0,"BHARTIARTL, UNITDSPR"
2007-11-06,3d,>=5%,20,1,5.0,LT
2007-11-07,3d,>=5%,20,4,20.0,"JINDALSTEL, KOTAKBANK, DIVISLAB, LT"
2007-11-08,3d,>=5%,20,3,15.0,"RIIL, JINDALSTEL, DIVISLAB"
2007-11-09,3d,>=5%,20,4,20.0,"RIIL, JINDALSTEL, ABAN, DIVISLAB"
2007-11-12,3d,>=5%,20,4,20.0,"JSWSTEEL, RIIL, JINDALSTEL, DIVISLAB"
2007-11-13,3d,>=5%,20,1,5.0,RIIL
2007-11-14,3d,>=5%,20,1,5.0,RIIL
2007-11-15,3d,>=5%,20,2,10.0,"RIIL, GMDCLTD"
2007-11-16,3d,>=5%,20,2,10.0,"GMDCLTD, JINDALSTEL"
2007-11-19,3d,>=5%,20,1,5.0,WELCORP
2007-11-20,3d,>=5%,20,1,5.0,STCINDIA
2007-11-21,3d,>=5%,20,12,60.0,"STCINDIA, ABB, JSWSTEEL, RELINFRA, VEDL, RELIANCE, SOUTHBANK, WELCORP, JINDALSTEL, ABAN, UNITDSPR, LT"
2007-11-22,3d,>=5%,20,15,75.0,"STCINDIA, ABB, JSWSTEEL, ADANIENT, RELINFRA, VEDL, SOUTHBANK, WELCORP, RIIL, GMDCLTD, JINDALSTEL, ABAN, UNITDSPR, THERMAX, LT"
2007-11-23,3d,>=5%,20,8,40.0,"STCINDIA, VEDL, RIIL, GMDCLTD, ABAN, DIVISLAB, THERMAX, LT"
2007-11-26,3d,>=5%,20,2,10.0,"STCINDIA, GMDCLTD"
2007-11-27,3d,>=5%,20,2,10.0,"STCINDIA, GMDCLTD"
2007-11-28,3d,>=5%,20,2,10.0,"STCINDIA, ADANIENT"
2007-11-29,3d,>=5%,20,5,25.0,"STCINDIA, ADANIENT, RELINFRA, JINDALSTEL, ABAN"
2007-11-30,3d,>=5%,20,1,5.0,STCINDIA
2007-12-03,3d,>=5%,20,1,5.0,STCINDIA
2007-12-04,3d,>=5%,20,1,5.0,STCINDIA
2007-12-07,3d,>=5%,20,1,5.0,RIIL
2007-12-10,3d,>=5%,20,3,15.0,"STCINDIA, RIIL, GMDCLTD"
2007-12-11,3d,>=5%,20,2,10.0,"STCINDIA, RIIL"
2007-12-14,3d,>=5%,20,3,15.0,"STCINDIA, SOUTHBANK, THERMAX"
2007-12-17,3d,>=5%,20,10,50.0,"STCINDIA, ABB, JSWSTEEL, RELINFRA, SOUTHBANK, WELCORP, JINDALSTEL, KOTAKBANK, ABAN, THERMAX"
2007-12-18,3d,>=5%,20,12,60.0,"STCINDIA, JSWSTEEL, ADANIENT, RELINFRA, VEDL, WELCORP, RIIL, JINDALSTEL, KOTAKBANK, ABAN, DIVISLAB, LT"
2007-12-19,3d,>=5%,20,13,65.0,"BLUESTARCO, STCINDIA, ABB, JSWSTEEL, VEDL, RELIANCE, WELCORP, RIIL, JINDALSTEL, KOTAKBANK, ABAN, DIVISLAB, RAJESHEXPO"
2007-12-20,3d,>=5%,20,2,10.0,"STCINDIA, ABB"
2007-12-24,3d,>=5%,20,1,5.0,ABB
2008-01-03,3d,>=5%,20,1,5.0,GMDCLTD
2008-01-08,3d,>=5%,20,2,10.0,"JSWSTEEL, SOUTHBANK"
2008-01-09,3d,>=5%,20,6,30.0,"STCINDIA, JSWSTEEL, ADANIENT, VEDL, KOTAKBANK, ABAN"
2008-01-10,3d,>=5%,20,11,55.0,"STCINDIA, JSWSTEEL, ADANIENT, VEDL, SOUTHBANK, RIIL, JINDALSTEL, KOTAKBANK, ABAN, DIVISLAB, USHAMART"
2008-01-11,3d,>=5%,20,9,45.0,"BLUESTARCO, STCINDIA, ADANIENT, VEDL, SOUTHBANK, RIIL, JINDALSTEL, KOTAKBANK, USHAMART"
2008-01-14,3d,>=5%,20,3,15.0,"ADANIENT, SOUTHBANK, USHAMART"
2008-01-15,3d,>=5%,20,1,5.0,SOUTHBANK
2008-01-16,3d,>=5%,20,2,10.0,"RELINFRA, USHAMART"
2008-01-17,3d,>=5%,20,4,20.0,"JSWSTEEL, RELINFRA, RELIANCE, ABAN"
2008-01-18,3d,>=5%,20,9,45.0,"JSWSTEEL, ADANIENT, RELINFRA, VEDL, RELIANCE, JINDALSTEL, KOTAKBANK, ABAN, DIVISLAB"
2008-01-21,3d,>=5%,20,19,95.0,"BLUESTARCO, INDIAGLYCO, STCINDIA, JSWSTEEL, ADANIENT, RELINFRA, VEDL, RELIANCE, SOUTHBANK, WELCORP, RIIL, GMDCLTD, JINDALSTEL, KOTAKBANK, ABAN, DIVISLAB, RAJESHEXPO, USHAMART, LT"
2008-01-22,3d,>=5%,20,20,100.0,"BLUESTARCO, INDIAGLYCO, STCINDIA, JSWSTEEL, ADANIENT, RELINFRA, VEDL, RELIANCE, SOUTHBANK, WELCORP, SHRIRAMFIN, RIIL, GMDCLTD, JINDALSTEL, KOTAKBANK, ABAN, DIVISLAB, RAJESHEXPO, USHAMART, LT"
2008-01-23,3d,>=5%,20,16,80.0,"BLUESTARCO, INDIAGLYCO, STCINDIA, JSWSTEEL, ADANIENT, RELINFRA, VEDL, RELIANCE, SOUTHBANK, RIIL, GMDCLTD, JINDALSTEL, ABAN, DIVISLAB, RAJESHEXPO, USHAMART"
2008-01-24,3d,>=5%,20,10,50.0,"INDIAGLYCO, STCINDIA, JSWSTEEL, ADANIENT, RIIL, GMDCLTD, JINDALSTEL, ABAN, DIVISLAB, USHAMART"
2008-01-25,3d,>=5%,20,3,15.0,"STCINDIA, RIIL, USHAMART"
2008-01-28,3d,>=5%,20,2,10.0,"STCINDIA, USHAMART"
2009-04-17,3d,>=5%,17,4,23.529411764705884,"DSKULKARNI, NOIDATOLL, FSL, EMBDL"
2009-04-20,3d,>=5%,17,5,29.41176470588235,"DSKULKARNI, NOIDATOLL, MCLEODRUSS, EMBDL, IIFL"
2009-04-21,3d,>=5%,17,2,11.764705882352942,"DONEAR, MCLEODRUSS"
2009-04-23,3d,>=5%,17,2,11.764705882352942,"DONEAR, FSL"
2009-04-24,3d,>=5%,17,1,5.882352941176471,NOIDATOLL
2009-04-27,3d,>=5%,17,1,5.882352941176471,DONEAR
2009-04-28,3d,>=5%,17,2,11.764705882352942,"FSL, EMBDL"
2009-04-29,3d,>=5%,17,4,23.529411764705884,"FSL, EMBDL, NIITLTD, ORIENTPPR"
2009-05-04,3d,>=5%,17,1,5.882352941176471,JINDALPOLY
2009-05-06,3d,>=5%,17,1,5.882352941176471,JINDALPOLY
2009-05-07,3d,>=5%,17,1,5.882352941176471,UNIONBANK
2009-05-08,3d,>=5%,17,2,11.764705882352942,"UNIONBANK, ORIENTPPR"
2009-05-11,3d,>=5%,17,3,17.647058823529413,"UNIONBANK, NIITLTD, ORIENTPPR"
2009-05-12,3d,>=5%,17,1,5.882352941176471,ORIENTPPR
2009-05-13,3d,>=5%,17,1,5.882352941176471,NIITLTD
2009-05-15,3d,>=5%,17,1,5.882352941176471,NOIDATOLL
2009-05-21,3d,>=5%,17,2,11.764705882352942,"IDEA, HEROMOTOCO"
2009-05-22,3d,>=5%,17,2,11.764705882352942,"IDEA, UNIONBANK"
2009-05-25,3d,>=5%,17,2,11.764705882352942,"UNIONBANK, IIFL"
2009-05-26,3d,>=5%,17,4,23.529411764705884,"SHREECEM, JINDALPOLY, PFC, IIFL"
2009-05-28,3d,>=5%,17,3,17.647058823529413,"MCLEODRUSS, NIITLTD, ORIENTPPR"
2009-06-02,3d,>=5%,17,1,5.882352941176471,DONEAR
2009-06-03,3d,>=5%,17,1,5.882352941176471,EMBDL
2009-06-08,3d,>=5%,17,9,52.94117647058823,"NOIDATOLL, DONEAR, FSL, MUNJALSHOW, MCLEODRUSS, EMBDL, PFC, IIFL, NIITLTD"
2009-06-09,3d,>=5%,20,3,15.0,"MUNJALSHOW, PFC, ORIENTPPR"
2009-06-10,3d,>=5%,20,2,10.0,"MUNJALSHOW, IIFL"
2009-06-11,3d,>=5%,20,1,5.0,IOC
2009-06-12,3d,>=5%,20,3,15.0,"BERGEPAINT, MUNJALSHOW, IIFL"
2009-06-15,3d,>=5%,20,7,35.0,"BERGEPAINT, MUNJALSHOW, BANKBARODA, COROMANDEL, IIFL, LICHSGFIN, BHEL"
2009-06-16,3d,>=5%,20,2,10.0,"IIFL, BHEL"
2009-06-17,3d,>=5%,20,7,35.0,"GODREJCP, UNIONBANK, MUNJALSHOW, IIFL, ONGC, BHEL, RALLIS"
2009-06-18,3d,>=5%,20,8,40.0,"ENGINERSIN, BERGEPAINT, GODREJCP, UNIONBANK, ONGC, BHEL, RALLIS, ORIENTPPR"
2009-06-19,3d,>=5%,20,7,35.0,"ENGINERSIN, PFC, IIFL, ONGC, RALLIS, KSB, ORIENTPPR"
2009-06-22,3d,>=5%,20,7,35.0,"ENGINERSIN, BERGEPAINT, COROMANDEL, PFC, ONGC, RALLIS, ORIENTPPR"
2009-06-23,3d,>=5%,20,2,10.0,"COROMANDEL, RALLIS"
2009-06-24,3d,>=5%,20,1,5.0,COROMANDEL
2009-06-29,3d,>=5%,20,2,10.0,"LUPIN, KSB"
2009-06-30,3d,>=5%,20,2,10.0,"GODREJCP, LUPIN"
2009-07-01,3d,>=5%,20,2,10.0,"GODREJCP, RALLIS"
2009-07-02,3d,>=5%,20,1,5.0,ORIENTPPR
2009-07-03,3d,>=5%,20,1,5.0,ENGINERSIN
2009-07-06,3d,>=5%,20,7,35.0,"ENGINERSIN, UNIONBANK, BANKBARODA, IIFL, LICHSGFIN, BHEL, ORIENTPPR"
2009-07-07,3d,>=5%,20,5,25.0,"ENGINERSIN, UNIONBANK, BANKBARODA, PFC, ONGC"
2009-07-08,3d,>=5%,20,9,45.0,"ENGINERSIN, UNIONBANK, MUNJALSHOW, BANKBARODA, COROMANDEL, PFC, ONGC, LICHSGFIN, BHEL"
2009-07-09,3d,>=5%,20,4,20.0,"MUNJALSHOW, BANKBARODA, COROMANDEL, ONGC"
2009-07-10,3d,>=5%,20,6,30.0,"BANKBARODA, LUPIN, COROMANDEL, JAYSREETEA, ONGC, BHEL"
2009-07-13,3d,>=5%,20,3,15.0,"COROMANDEL, JAYSREETEA, IOC"
2009-07-14,3d,>=5%,20,2,10.0,"IOC, HEROMOTOCO"
2009-07-22,3d,>=5%,20,1,5.0,IOC
2009-07-23,3d,>=5%,20,3,15.0,"ENGINERSIN, COROMANDEL, LICHSGFIN"
2009-07-24,3d,>=5%,20,2,10.0,"UNIONBANK, LICHSGFIN"
2009-07-27,3d,>=5%,20,1,5.0,UNIONBANK
2009-07-28,3d,>=5%,20,1,5.0,UNIONBANK
2009-07-29,3d,>=5%,20,2,10.0,"HEROMOTOCO, RALLIS"
2009-08-03,3d,>=5%,20,1,5.0,PNB
2009-08-06,3d,>=5%,20,4,20.0,"MUNJALSHOW, PFC, MARUTI, HEROMOTOCO"
2009-08-07,3d,>=5%,20,9,45.0,"SHREECEM, PNB, GODREJCP, MUNJALSHOW, PFC, MARUTI, HEROMOTOCO, BHEL, RALLIS"
2009-08-10,3d,>=5%,20,13,65.0,"SHREECEM, PNB, GODREJCP, MUNJALSHOW, BANKBARODA, COROMANDEL, JAYSREETEA, PFC, MARUTI, HEROMOTOCO, LICHSGFIN, BHEL, RALLIS"
2009-08-11,3d,>=5%,20,6,30.0,"SHREECEM, MUNJALSHOW, MARUTI, HEROMOTOCO, RALLIS, KSB"
2009-08-12,3d,>=5%,20,5,25.0,"SHREECEM, UNIONBANK, MUNJALSHOW, LICHSGFIN, KSB"
2009-08-18,3d,>=5%,20,5,25.0,"SHREECEM, MUNJALSHOW, BANKBARODA, MARUTI, HEROMOTOCO"
2009-08-19,3d,>=5%,20,4,20.0,"MUNJALSHOW, MCLEODRUSS, BANKBARODA, HEROMOTOCO"
2009-08-20,3d,>=5%,20,1,5.0,MCLEODRUSS
2009-09-01,3d,>=5%,20,2,10.0,"LUPIN, SUPREMEIND"
2009-09-02,3d,>=5%,20,3,15.0,"LUPIN, SUPREMEIND, KSB"
2009-09-03,3d,>=5%,20,1,5.0,KSB
2009-09-08,3d,>=5%,20,1,5.0,MCLEODRUSS
2009-09-10,3d,>=5%,20,2,10.0,"MUNJALSHOW, IOC"
2009-09-11,3d,>=5%,20,4,20.0,"ENGINERSIN, MUNJALSHOW, IOC, HEROMOTOCO"
2009-09-17,3d,>=5%,20,1,5.0,BIRLACORPN
2009-09-22,3d,>=5%,20,1,5.0,BANKBARODA
2009-09-25,3d,>=5%,20,1,5.0,LICHSGFIN
2009-09-29,3d,>=5%,20,1,5.0,LICHSGFIN
2009-10-01,3d,>=5%,20,1,5.0,MCLEODRUSS
2009-10-05,3d,>=5%,20,1,5.0,MUNJALSHOW
2009-10-06,3d,>=5%,20,5,25.0,"EICHERMOT, SHREECEM, MUNJALSHOW, SUPREMEIND, MARUTI"
2009-10-07,3d,>=5%,20,2,10.0,"SHREECEM, MARUTI"
2009-10-08,3d,>=5%,20,1,5.0,MARUTI
2009-10-09,3d,>=5%,20,2,10.0,"EICHERMOT, MARUTI"
2009-10-12,3d,>=5%,20,1,5.0,MCLEODRUSS
2009-10-14,3d,>=5%,20,1,5.0,IOC
2009-10-22,3d,>=5%,20,2,10.0,"SHREECEM, AUROPHARMA"
2009-10-23,3d,>=5%,20,1,5.0,SUPREMEIND
2009-10-26,3d,>=5%,20,4,20.0,"ENGINERSIN, SHREECEM, UNIONBANK, SUPREMEIND"
2009-10-27,3d,>=5%,20,6,30.0,"SHREECEM, BIRLACORPN, UNIONBANK, MUNJALSHOW, JAYSREETEA, SUPREMEIND"
2009-10-28,3d,>=5%,20,5,25.0,"BIRLACORPN, MUNJALSHOW, MARUTI, LICHSGFIN, RALLIS"
2009-10-29,3d,>=5%,20,5,25.0,"MUNJALSHOW, AUROPHARMA, MARUTI, LICHSGFIN, RALLIS"
2009-10-30,3d,>=5%,20,5,25.0,"MUNJALSHOW, AUROPHARMA, MARUTI, JINDALSTEL, LICHSGFIN"
2009-11-03,3d,>=5%,20,9,45.0,"EICHERMOT, MUNJALSHOW, MCLEODRUSS, AUROPHARMA, PFC, JINDALSTEL, IOC, LICHSGFIN, RALLIS"
2009-11-04,3d,>=5%,20,1,5.0,MUNJALSHOW
2009-11-05,3d,>=5%,20,1,5.0,UNIONBANK
2009-11-16,3d,>=5%,20,2,10.0,"GODREJCP, AUROPHARMA"
2009-11-19,3d,>=5%,20,1,5.0,DABUR
2009-11-23,3d,>=5%,20,2,10.0,"DHAMPURSUG, RENUKA"
2009-11-25,3d,>=5%,20,1,5.0,EICHERMOT
2009-11-26,3d,>=5%,20,3,15.0,"SEAMECLTD, JINDALSTEL, RALLIS"
2009-12-07,3d,>=5%,20,1,5.0,SUPREMEIND
2009-12-08,3d,>=5%,20,1,5.0,BIRLACORPN
2009-12-09,3d,>=5%,20,2,10.0,"BIRLACORPN, MCLEODRUSS"
2009-12-10,3d,>=5%,20,1,5.0,MCLEODRUSS
2009-12-11,3d,>=5%,20,1,5.0,RENUKA
2009-12-14,3d,>=5%,20,1,5.0,RENUKA
2009-12-16,3d,>=5%,20,2,10.0,"RECLTD, GODREJCP"
2009-12-17,3d,>=5%,20,2,10.0,"RECLTD, GODREJCP"
2009-12-18,3d,>=5%,20,2,10.0,"RECLTD, GODREJCP"
2009-12-23,3d,>=5%,20,1,5.0,SEAMECLTD
2010-01-06,3d,>=5%,20,1,5.0,MARUTI
2010-01-07,3d,>=5%,20,2,10.0,"EICHERMOT, MARUTI"
2010-01-08,3d,>=5%,20,1,5.0,MARUTI
2010-01-11,3d,>=5%,20,1,5.0,MCLEODRUSS
2010-01-12,3d,>=5%,20,2,10.0,"RENUKA, MCLEODRUSS"
2010-01-13,3d,>=5%,20,1,5.0,EICHERMOT
2010-01-14,3d,>=5%,20,2,10.0,"DHAMPURSUG, EICHERMOT"
2010-01-15,3d,>=5%,20,1,5.0,DHAMPURSUG
2010-01-18,3d,>=5%,20,2,10.0,"JAYSREETEA, JINDALSTEL"
2010-01-19,3d,>=5%,20,2,10.0,"MCLEODRUSS, JAYSREETEA"
2010-01-20,3d,>=5%,20,2,10.0,"RENUKA, JAYSREETEA"
2010-01-21,3d,>=5%,20,5,25.0,"ENGINERSIN, DHAMPURSUG, BIRLACORPN, VEDL, RENUKA"
2010-01-22,3d,>=5%,20,4,20.0,"SEAMECLTD, VEDL, MCLEODRUSS, JAYSREETEA"
2010-01-25,3d,>=5%,20,6,30.0,"SEAMECLTD, SHREECEM, BIRLACORPN, VEDL, MCLEODRUSS, JAYSREETEA"
2010-01-27,3d,>=5%,20,9,45.0,"EICHERMOT, RECLTD, SEAMECLTD, SHREECEM, VEDL, MCLEODRUSS, JAYSREETEA, MARUTI, LICHSGFIN"
2010-01-28,3d,>=5%,20,9,45.0,"RECLTD, SEAMECLTD, VEDL, GODREJCP, RENUKA, MCLEODRUSS, AUROPHARMA, JAYSREETEA, LICHSGFIN"
2010-01-29,3d,>=5%,20,7,35.0,"DHAMPURSUG, RECLTD, SEAMECLTD, VEDL, RENUKA, JAYSREETEA, JINDALSTEL"
2010-02-04,3d,>=5%,20,4,20.0,"DHAMPURSUG, EICHERMOT, RENUKA, JAYSREETEA"
2010-02-05,3d,>=5%,20,3,15.0,"DHAMPURSUG, EICHERMOT, RENUKA"
2010-02-06,3d,>=5%,20,3,15.0,"DHAMPURSUG, RENUKA, LICHSGFIN"
2010-02-08,3d,>=5%,20,1,5.0,RECLTD
2010-02-19,3d,>=5%,20,1,5.0,DHAMPURSUG
2010-02-22,3d,>=5%,20,5,25.0,"DHAMPURSUG, VEDL, MCLEODRUSS, THERMAX, JINDALSAW"
2010-02-23,3d,>=5%,20,5,25.0,"DHAMPURSUG, MCLEODRUSS, SUPREMEIND, THERMAX, JINDALSAW"
2010-02-24,3d,>=5%,20,3,15.0,"DHAMPURSUG, MCLEODRUSS, THERMAX"
2010-02-25,3d,>=5%,20,3,15.0,"ENGINERSIN, DHAMPURSUG, SHREECEM"
2010-02-26,3d,>=5%,20,1,5.0,DHAMPURSUG
2010-03-02,3d,>=5%,20,1,5.0,DHAMPURSUG
2010-03-03,3d,>=5%,20,1,5.0,DHAMPURSUG
2010-03-12,3d,>=5%,20,1,5.0,BSOFT
2010-03-23,3d,>=5%,20,1,5.0,TMPV
2010-03-25,3d,>=5%,20,2,10.0,"SUPREMEIND, TMPV"
2010-03-29,3d,>=5%,20,1,5.0,ENGINERSIN
2010-03-30,3d,>=5%,20,1,5.0,ENGINERSIN
2010-03-31,3d,>=5%,20,1,5.0,ENGINERSIN
2010-04-05,3d,>=5%,20,1,5.0,MCLEODRUSS
2010-04-12,3d,>=5%,20,2,10.0,"VEDL, DRREDDY"
2010-04-13,3d,>=5%,20,2,10.0,"VEDL, DRREDDY"
2010-04-15,3d,>=5%,20,1,5.0,LICHSGFIN
2010-04-19,3d,>=5%,20,1,5.0,SOUTHBANK
2010-04-20,3d,>=5%,20,2,10.0,"SOUTHBANK, DRREDDY"
2010-04-26,3d,>=5%,20,1,5.0,MCLEODRUSS
2010-04-27,3d,>=5%,20,2,10.0,"VEDL, MCLEODRUSS"
2010-04-28,3d,>=5%,20,2,10.0,"MCLEODRUSS, STLTECH"
2010-04-29,3d,>=5%,20,1,5.0,MCLEODRUSS
2010-05-03,3d,>=5%,20,2,10.0,"VEDL, SOUTHBANK"
2010-05-04,3d,>=5%,20,6,30.0,"JSWSTEEL, SHREECEM, VEDL, SOUTHBANK, WIPRO, STLTECH"
2010-05-05,3d,>=5%,20,7,35.0,"ENGINERSIN, JSWSTEEL, VEDL, SOUTHBANK, MCLEODRUSS, JINDALSTEL, JINDALSAW"
2010-05-06,3d,>=5%,20,2,10.0,"JSWSTEEL, JINDALSTEL"
2010-05-07,3d,>=5%,20,6,30.0,"AUROPHARMA, JINDALSTEL, INDUSINDBK, THERMAX, TMPV, JINDALSAW"
2010-05-10,3d,>=5%,20,1,5.0,INDUSINDBK
2010-05-11,3d,>=5%,20,1,5.0,JINDALSAW
2010-05-12,3d,>=5%,20,1,5.0,ENGINERSIN
2010-05-13,3d,>=5%,20,1,5.0,ENGINERSIN
2010-05-14,3d,>=5%,20,2,10.0,"ENGINERSIN, VEDL"
2010-05-17,3d,>=5%,20,1,5.0,ENGINERSIN
2010-05-18,3d,>=5%,20,3,15.0,"VEDL, ESCORTS, TMPV"
2010-05-19,3d,>=5%,20,4,20.0,"ENGINERSIN, SHRIRAMFIN, ESCORTS, TMPV"
2010-05-20,3d,>=5%,20,6,30.0,"ENGINERSIN, VEDL, AUROPHARMA, ZENSARTECH, ESCORTS, TMPV"
2010-05-21,3d,>=5%,20,8,40.0,"ENGINERSIN, SHREECEM, VEDL, AUROPHARMA, ZENSARTECH, ASIANPAINT, ESCORTS, TMPV"
2010-05-24,3d,>=5%,20,2,10.0,"ENGINERSIN, VEDL"
2010-07-26,3d,>=5%,20,1,5.0,IPCALAB
2010-07-27,3d,>=5%,20,1,5.0,IPCALAB
2010-07-28,3d,>=5%,20,2,10.0,"IPCALAB, STLTECH"
2010-07-29,3d,>=5%,20,1,5.0,STLTECH
2010-07-30,3d,>=5%,20,1,5.0,STLTECH
2010-08-23,3d,>=5%,20,1,5.0,COROMANDEL
2010-08-24,3d,>=5%,20,1,5.0,COROMANDEL
2010-08-25,3d,>=5%,20,2,10.0,"VIPIND, SHOPERSTOP"
2010-08-26,3d,>=5%,20,3,15.0,"SUDARCOLOR, SHOPERSTOP, RALLIS"
2010-08-27,3d,>=5%,20,3,15.0,"SUDARCOLOR, CASTROLIND, SHOPERSTOP"
2010-09-15,3d,>=5%,20,1,5.0,VENKEYS
2010-09-16,3d,>=5%,20,3,15.0,"VENKEYS, COROMANDEL, RALLIS"
2010-09-20,3d,>=5%,20,1,5.0,KARURVYSYA
2010-09-21,3d,>=5%,20,1,5.0,KARURVYSYA
2010-09-22,3d,>=5%,20,4,20.0,"KARURVYSYA, TRENT, CASTROLIND, SHOPERSTOP"
2010-09-23,3d,>=5%,20,2,10.0,"VENKEYS, TRENT"
2010-09-24,3d,>=5%,20,1,5.0,TRENT
2010-10-07,3d,>=5%,20,1,5.0,VIPIND
2010-10-08,3d,>=5%,20,1,5.0,VIPIND
2010-10-15,3d,>=5%,20,1,5.0,CASTROLIND
2010-10-18,3d,>=5%,20,4,20.0,"VENKEYS, NILKAMAL, JINDALPOLY, CASTROLIND"
2010-10-19,3d,>=5%,20,2,10.0,"BAJFINANCE, JINDALPOLY"
2010-10-20,3d,>=5%,20,2,10.0,"M&MFIN, JINDALPOLY"
2010-10-21,3d,>=5%,20,1,5.0,JINDALPOLY
2010-10-22,3d,>=5%,20,3,15.0,"M&MFIN, JINDALPOLY, KANSAINER"
2010-10-25,3d,>=5%,20,1,5.0,KANSAINER
2010-10-26,3d,>=5%,20,1,5.0,KANSAINER
2010-10-27,3d,>=5%,20,1,5.0,VENKEYS
2010-10-28,3d,>=5%,20,2,10.0,"KARURVYSYA, VENKEYS"
2010-10-29,3d,>=5%,20,4,20.0,"KARURVYSYA, VENKEYS, JINDALPOLY, VIPIND"
2010-11-01,3d,>=5%,20,1,5.0,JINDALPOLY
2010-11-02,3d,>=5%,20,1,5.0,3MINDIA
2010-11-12,3d,>=5%,20,2,10.0,"UFLEX, JINDALPOLY"
2010-11-15,3d,>=5%,20,3,15.0,"UFLEX, TITAN, JINDALPOLY"
2010-11-16,3d,>=5%,20,6,30.0,"KARURVYSYA, UFLEX, VENKEYS, TITAN, JINDALPOLY, AGI"
2010-11-18,3d,>=5%,20,4,20.0,"UFLEX, VENKEYS, TITAN, JINDALPOLY"
2010-11-19,3d,>=5%,20,6,30.0,"M&MFIN, VENKEYS, TITAN, JINDALPOLY, 3MINDIA, VIPIND"
2010-11-22,3d,>=5%,20,2,10.0,"VENKEYS, COROMANDEL"
2010-11-23,3d,>=5%,20,3,15.0,"VENKEYS, NILKAMAL, COROMANDEL"
2010-11-24,3d,>=5%,20,1,5.0,COROMANDEL
2010-11-25,3d,>=5%,20,6,30.0,"UFLEX, M&MFIN, SUNDARMFIN, ELGIEQUIP, JINDALPOLY, COROMANDEL"
2010-11-26,3d,>=5%,20,7,35.0,"UFLEX, M&MFIN, SUNDARMFIN, ELGIEQUIP, JINDALPOLY, AGI, VIPIND"
2010-11-29,3d,>=5%,20,2,10.0,"BAJFINANCE, UFLEX"
2011-04-18,3d,>=5%,20,1,5.0,BLUEDART
2011-04-19,3d,>=5%,20,1,5.0,BLUEDART
2011-04-20,3d,>=5%,20,1,5.0,FMGOETZE
2011-04-21,3d,>=5%,20,2,10.0,"FMGOETZE, COROMANDEL"
2011-04-25,3d,>=5%,20,1,5.0,COROMANDEL
2011-04-26,3d,>=5%,20,1,5.0,COROMANDEL
2011-04-27,3d,>=5%,20,1,5.0,M&MFIN
2011-04-29,3d,>=5%,20,4,20.0,"UCOBANK, M&MFIN, ELGIEQUIP, BANKBARODA"
2011-05-02,3d,>=5%,20,7,35.0,"UCOBANK, M&MFIN, TITAN, ELGIEQUIP, BANKBARODA, VIPIND, RALLIS"
2011-05-03,3d,>=5%,20,11,55.0,"EICHERMOT, UCOBANK, BAJFINANCE, M&MFIN, TITAN, ELGIEQUIP, BANKBARODA, JINDALPOLY, VIPIND, RALLIS, BLUEDART"
2011-05-04,3d,>=5%,20,8,40.0,"EICHERMOT, UCOBANK, BAJFINANCE, M&MFIN, BANKBARODA, GFLLIMITED, RALLIS, BLUEDART"
2011-05-05,3d,>=5%,20,3,15.0,"BAJFINANCE, M&MFIN, GFLLIMITED"
2011-05-06,3d,>=5%,20,1,5.0,JINDALPOLY
2011-05-09,3d,>=5%,20,1,5.0,JINDALPOLY
2011-05-10,3d,>=5%,20,1,5.0,JINDALPOLY
2011-05-13,3d,>=5%,20,1,5.0,ATUL
2011-05-16,3d,>=5%,20,2,10.0,"FMGOETZE, JINDALPOLY"
2011-05-17,3d,>=5%,20,1,5.0,M&MFIN
2011-05-18,3d,>=5%,20,4,20.0,"M&MFIN, FMGOETZE, JINDALPOLY, BLUEDART"
2011-05-19,3d,>=5%,20,1,5.0,JINDALPOLY
2011-05-23,3d,>=5%,20,1,5.0,VIPIND
2011-06-03,3d,>=5%,20,1,5.0,OSWALGREEN
2011-06-06,3d,>=5%,20,1,5.0,AGI
2011-06-10,3d,>=5%,20,2,10.0,"ARVIND, VIPIND"
2011-06-13,3d,>=5%,20,1,5.0,VIPIND
2011-06-14,3d,>=5%,20,1,5.0,VIPIND
2011-06-15,3d,>=5%,20,2,10.0,"M&MFIN, UBL"
2011-06-16,3d,>=5%,20,2,10.0,"M&MFIN, TITAN"
2011-06-20,3d,>=5%,20,8,40.0,"ATUL, ARVIND, GFLLIMITED, JINDALPOLY, WOCKPHARMA, BATAINDIA, UBL, VIPIND"
2011-06-21,3d,>=5%,20,6,30.0,"ARVIND, JINDALPOLY, WOCKPHARMA, BATAINDIA, UBL, VIPIND"
2011-06-22,3d,>=5%,20,7,35.0,"ARVIND, TITAN, JINDALPOLY, WOCKPHARMA, BATAINDIA, UBL, VIPIND"
2011-06-23,3d,>=5%,20,1,5.0,JINDALPOLY
2011-06-24,3d,>=5%,20,1,5.0,TITAN
2012-02-13,3d,>=5%,20,1,5.0,KAJARIACER
2012-02-14,3d,>=5%,20,1,5.0,KAJARIACER
2012-02-21,3d,>=5%,20,1,5.0,INDUSINDBK
2012-02-22,3d,>=5%,20,5,25.0,"ARVIND, BATAINDIA, ARE&M, CRISIL, INDUSINDBK"
2012-02-23,3d,>=5%,20,5,25.0,"AMBUJACEM, ARVIND, GFLLIMITED, ARE&M, LICHSGFIN"
2012-02-24,3d,>=5%,20,6,30.0,"AMBUJACEM, ARVIND, ACC, HAVELLS, LICHSGFIN, ULTRACEMCO"
2012-02-27,3d,>=5%,20,4,20.0,"ARVIND, ACC, LICHSGFIN, ULTRACEMCO"
2012-03-02,3d,>=5%,20,1,5.0,GMDCLTD
2012-03-06,3d,>=5%,20,2,10.0,"ARVIND, GFLLIMITED"
2012-03-07,3d,>=5%,20,1,5.0,GFLLIMITED
2012-03-15,3d,>=5%,20,1,5.0,GMDCLTD
2012-03-16,3d,>=5%,20,3,15.0,"ARVIND, GMDCLTD, KOTAKBANK"
2012-03-19,3d,>=5%,20,3,15.0,"GMDCLTD, KOTAKBANK, INDUSINDBK"
2012-03-26,3d,>=5%,20,3,15.0,"ARVIND, GMDCLTD, HAVELLS"
2012-03-28,3d,>=5%,20,1,5.0,ARVIND
2012-04-09,3d,>=5%,20,2,10.0,"SHREECEM, GFLLIMITED"
2012-04-10,3d,>=5%,20,1,5.0,SHREECEM
2012-04-11,3d,>=5%,20,2,10.0,"SHREECEM, GFLLIMITED"
2012-04-12,3d,>=5%,20,1,5.0,SHREECEM
2012-04-17,3d,>=5%,20,1,5.0,ASTRAZEN
2012-04-23,3d,>=5%,20,2,10.0,"SHREECEM, GFLLIMITED"
2012-04-24,3d,>=5%,20,3,15.0,"EICHERMOT, GMDCLTD, HAVELLS"
2012-04-25,3d,>=5%,20,2,10.0,"EICHERMOT, GFLLIMITED"
2012-04-27,3d,>=5%,20,2,10.0,"ASTRAZEN, BLUEDART"
2012-04-28,3d,>=5%,20,2,10.0,"ASTRAZEN, BLUEDART"
2012-04-30,3d,>=5%,20,1,5.0,ASTRAZEN
2012-05-03,3d,>=5%,20,1,5.0,KAJARIACER
2012-05-04,3d,>=5%,20,7,35.0,"EICHERMOT, JUBLFOOD, KAJARIACER, MRF, GFLLIMITED, ASTRAZEN, ULTRACEMCO"
2012-05-07,3d,>=5%,20,5,25.0,"JUBLFOOD, KAJARIACER, MRF, GFLLIMITED, ASTRAZEN"
2012-05-08,3d,>=5%,20,4,20.0,"MRF, ARE&M, ASTRAZEN, VSTIND"
2012-05-09,3d,>=5%,20,1,5.0,VSTIND
2012-05-10,3d,>=5%,20,1,5.0,JUBLFOOD
2012-05-11,3d,>=5%,20,2,10.0,"GODREJCP, ASTRAZEN"
2012-05-14,3d,>=5%,20,3,15.0,"GODREJCP, ASTRAZEN, STAR"
2012-05-15,3d,>=5%,20,3,15.0,"EICHERMOT, ASTRAZEN, STAR"
2012-05-16,3d,>=5%,20,3,15.0,"EICHERMOT, ARE&M, ASTRAZEN"
2012-05-17,3d,>=5%,20,2,10.0,"KAJARIACER, ARE&M"
2012-05-31,3d,>=5%,20,3,15.0,"SHREECEM, ASTRAZEN, HAVELLS"
2012-06-01,3d,>=5%,20,6,30.0,"SHREECEM, KAJARIACER, BATAINDIA, ASTRAZEN, HAVELLS, BLUEDART"
2012-06-04,3d,>=5%,20,3,15.0,"JUBLFOOD, BATAINDIA, BLUEDART"
2012-06-05,3d,>=5%,20,5,25.0,"EICHERMOT, JUBLFOOD, GILLETTE, BATAINDIA, COLPAL"
2012-06-06,3d,>=5%,20,2,10.0,"COLPAL, ULTRACEMCO"
2012-06-11,3d,>=5%,20,1,5.0,STAR
2012-06-22,3d,>=5%,20,1,5.0,JUBLFOOD
2012-06-25,3d,>=5%,20,1,5.0,JUBLFOOD
2012-06-26,3d,>=5%,20,1,5.0,STAR
2012-07-06,3d,>=5%,20,1,5.0,SHREECEM
2012-07-10,3d,>=5%,20,1,5.0,SHREECEM
2012-07-12,3d,>=5%,20,1,5.0,DCW
2012-07-13,3d,>=5%,20,1,5.0,DCW
2012-07-16,3d,>=5%,20,1,5.0,DCW
2012-07-19,3d,>=5%,20,1,5.0,CRISIL
2012-07-23,3d,>=5%,20,1,5.0,CRISIL
2012-07-24,3d,>=5%,20,1,5.0,STAR
2012-07-25,3d,>=5%,20,1,5.0,JUBLFOOD
2012-07-26,3d,>=5%,20,3,15.0,"JUBLFOOD, ASTRAZEN, HAVELLS"
2012-07-27,3d,>=5%,20,4,20.0,"DCW, JUBLFOOD, ASTRAZEN, HAVELLS"
2012-07-30,3d,>=5%,20,2,10.0,"ASTRAZEN, HAVELLS"
2012-07-31,3d,>=5%,20,2,10.0,"CRISIL, HAVELLS"
2012-08-06,3d,>=5%,20,1,5.0,ZENSARTECH
2012-08-07,3d,>=5%,20,1,5.0,ZENSARTECH
2012-08-09,3d,>=5%,20,1,5.0,DCW
2012-08-21,3d,>=5%,20,1,5.0,VSTIND
2012-08-28,3d,>=5%,20,1,5.0,DCW
2012-08-29,3d,>=5%,20,2,10.0,"DCW, MRF"
2012-08-30,3d,>=5%,20,2,10.0,"KAJARIACER, MRF"
2012-09-04,3d,>=5%,20,1,5.0,BLUEDART
2012-09-05,3d,>=5%,20,1,5.0,BLUEDART
2012-09-06,3d,>=5%,20,1,5.0,BLUEDART
2012-09-14,3d,>=5%,20,2,10.0,"BSOFT, CIPLA"
2012-09-17,3d,>=5%,20,3,15.0,"DCW, BSOFT, DIVISLAB"
2012-09-18,3d,>=5%,20,1,5.0,BSOFT
2012-10-08,3d,>=5%,20,2,10.0,"ZENSARTECH, HCLTECH"
2012-10-09,3d,>=5%,20,1,5.0,ZEEL
2012-10-10,3d,>=5%,20,1,5.0,ZEEL
2012-10-16,3d,>=5%,20,1,5.0,SOBHA
2012-10-17,3d,>=5%,20,1,5.0,ZENSARTECH
2012-10-18,3d,>=5%,20,1,5.0,ZENSARTECH
2012-10-19,3d,>=5%,20,1,5.0,ZENSARTECH
2012-10-25,3d,>=5%,20,1,5.0,ARE&M
2012-10-29,3d,>=5%,20,3,15.0,"ZENSARTECH, ZEEL, HAVELLS"
2012-10-30,3d,>=5%,20,3,15.0,"ZENSARTECH, ZEEL, HAVELLS"
2012-10-31,3d,>=5%,20,1,5.0,HAVELLS
2012-11-06,3d,>=5%,20,3,15.0,"DCW, GODREJCP, DIVISLAB"
2012-11-08,3d,>=5%,20,1,5.0,IPCALAB
2012-11-09,3d,>=5%,20,1,5.0,IPCALAB
2012-11-12,3d,>=5%,20,2,10.0,"SOBHA, IPCALAB"
2012-11-13,3d,>=5%,20,1,5.0,STAR
2012-11-15,3d,>=5%,20,3,15.0,"SHREECEM, AARTIIND, ULTRACEMCO"
2012-11-16,3d,>=5%,20,2,10.0,"EICHERMOT, ULTRACEMCO"
2012-11-19,3d,>=5%,20,3,15.0,"EICHERMOT, SHREECEM, SOBHA"
2012-11-20,3d,>=5%,20,4,20.0,"DCW, EICHERMOT, SOBHA, ZEEL"
2012-11-21,3d,>=5%,20,1,5.0,DCW
2012-11-22,3d,>=5%,20,1,5.0,DCW
2012-12-07,3d,>=5%,20,3,15.0,"EICHERMOT, HCLTECH, STAR"
2012-12-11,3d,>=5%,20,2,10.0,"ZEEL, STAR"
2012-12-13,3d,>=5%,20,3,15.0,"SUNDARMFIN, KTKBANK, STAR"
2012-12-14,3d,>=5%,20,1,5.0,KTKBANK
2012-12-17,3d,>=5%,20,4,20.0,"DCW, SUNDARMFIN, KTKBANK, DIVISLAB"
2012-12-19,3d,>=5%,20,1,5.0,KAJARIACER
2012-12-20,3d,>=5%,20,1,5.0,KAJARIACER
2012-12-24,3d,>=5%,20,2,10.0,"DCW, KTKBANK"
2012-12-26,3d,>=5%,20,3,15.0,"DCW, ATUL, DIVISLAB"
2012-12-27,3d,>=5%,20,1,5.0,ATUL
2012-12-28,3d,>=5%,20,1,5.0,STAR
2013-01-08,3d,>=5%,20,1,5.0,ATUL
2013-01-10,3d,>=5%,20,1,5.0,ULTRACEMCO
2013-01-11,3d,>=5%,20,3,15.0,"M&MFIN, KTKBANK, ULTRACEMCO"
2013-01-14,3d,>=5%,20,2,10.0,"BAJAJFINSV, ULTRACEMCO"
2013-01-15,3d,>=5%,20,1,5.0,ATUL
2013-01-16,3d,>=5%,20,1,5.0,BAJAJFINSV
2013-01-18,3d,>=5%,20,1,5.0,ATUL
2013-01-21,3d,>=5%,20,1,5.0,KAJARIACER
2013-01-22,3d,>=5%,20,2,10.0,"KAJARIACER, M&MFIN"
2013-01-23,3d,>=5%,20,4,20.0,"DCW, KAJARIACER, M&MFIN, KTKBANK"
2013-01-24,3d,>=5%,20,7,35.0,"DCW, BAJFINANCE, M&MFIN, KTKBANK, HCLTECH, AARTIIND, STAR"
2013-01-25,3d,>=5%,20,2,10.0,"BAJFINANCE, KTKBANK"
2013-01-28,3d,>=5%,20,1,5.0,ATUL
2013-01-29,3d,>=5%,20,1,5.0,ULTRACEMCO
2013-02-01,3d,>=5%,20,1,5.0,ARE&M
2013-02-04,3d,>=5%,20,1,5.0,KTKBANK
2013-02-05,3d,>=5%,20,1,5.0,KTKBANK
2013-02-06,3d,>=5%,20,1,5.0,AARTIIND
2013-02-07,3d,>=5%,20,3,15.0,"DCW, AARTIIND, STAR"
2013-02-08,3d,>=5%,20,3,15.0,"KTKBANK, AARTIIND, STAR"
2013-02-11,3d,>=5%,20,4,20.0,"ATUL, GODREJCP, KTKBANK, STAR"
2013-02-13,3d,>=5%,20,2,10.0,"ATUL, BAJAJFINSV"
2013-02-14,3d,>=5%,20,3,15.0,"DCW, ATUL, BAJAJFINSV"
2013-02-15,3d,>=5%,20,4,20.0,"DCW, BAJAJFINSV, CHOLAFIN, STAR"
2013-11-01,3d,>=5%,20,1,5.0,M&MFIN
2013-11-07,3d,>=5%,20,3,15.0,"DABUR, RCOM, UNITDSPR"
2013-11-08,3d,>=5%,20,3,15.0,"DABUR, BERGEPAINT, UNITDSPR"
2013-11-11,3d,>=5%,20,6,30.0,"BRITANNIA, DABUR, FINPIPE, RCOM, EMAMILTD, UNITDSPR"
2013-11-12,3d,>=5%,20,3,15.0,"MOTHERSON, RCOM, EMAMILTD"
2013-11-13,3d,>=5%,20,2,10.0,"MOTHERSON, RCOM"
2013-11-14,3d,>=5%,20,1,5.0,MOTHERSON
2013-11-22,3d,>=5%,20,2,10.0,"RCOM, SUNPHARMA"
2013-12-06,3d,>=5%,20,1,5.0,EICHERMOT
2013-12-12,3d,>=5%,20,2,10.0,"RCOM, ESCORTS"
2013-12-13,3d,>=5%,20,3,15.0,"RCOM, ESCORTS, BLUEDART"
2013-12-20,3d,>=5%,20,1,5.0,MOTHERSON
2013-12-23,3d,>=5%,20,1,5.0,MOTHERSON
2013-12-24,3d,>=5%,20,1,5.0,MOTHERSON
2013-12-26,3d,>=5%,20,1,5.0,MOTHERSON
2014-01-02,3d,>=5%,20,2,10.0,"IDEA, ESCORTS"
2014-01-03,3d,>=5%,20,1,5.0,ESCORTS
2014-01-06,3d,>=5%,20,3,15.0,"IDEA, RCOM, ESCORTS"
2014-01-08,3d,>=5%,20,1,5.0,M&MFIN
2014-01-09,3d,>=5%,20,2,10.0,"RCOM, M&MFIN"
2014-01-10,3d,>=5%,20,4,20.0,"FINPIPE, BERGEPAINT, RCOM, M&MFIN"
2014-01-13,3d,>=5%,20,3,15.0,"FINPIPE, BERGEPAINT, AUROPHARMA"
2014-01-14,3d,>=5%,20,1,5.0,FINPIPE
2014-01-17,3d,>=5%,20,3,15.0,"IDEA, BIOCON, ESCORTS"
2014-01-20,3d,>=5%,20,1,5.0,IDEA
2014-01-22,3d,>=5%,20,1,5.0,M&MFIN
2014-01-23,3d,>=5%,20,2,10.0,"M&MFIN, SUPREMEIND"
2014-01-24,3d,>=5%,20,3,15.0,"BIOCON, M&MFIN, SUPREMEIND"
2014-01-27,3d,>=5%,20,7,35.0,"IDEA, RCOM, BIOCON, M&MFIN, MRF, AUROPHARMA, SUPREMEIND"
2014-01-28,3d,>=5%,20,4,20.0,"IDEA, RCOM, BIOCON, BLUEDART"
2014-01-29,3d,>=5%,20,4,20.0,"IDEA, RCOM, LUPIN, BLUEDART"
2014-01-30,3d,>=5%,20,2,10.0,"RCOM, BLUEDART"
2014-01-31,3d,>=5%,20,1,5.0,BLUEDART
2014-02-03,3d,>=5%,20,1,5.0,BLUEDART
2014-02-04,3d,>=5%,20,1,5.0,BLUEDART
2014-02-06,3d,>=5%,20,1,5.0,ESCORTS
2014-02-07,3d,>=5%,20,2,10.0,"IDEA, MRF"
2014-02-10,3d,>=5%,20,2,10.0,"IDEA, MRF"
2014-02-11,3d,>=5%,20,1,5.0,RCOM
2014-02-13,3d,>=5%,20,1,5.0,ESCORTS
2014-02-14,3d,>=5%,20,1,5.0,ESCORTS
2014-02-20,3d,>=5%,20,1,5.0,FSL
2014-02-21,3d,>=5%,20,1,5.0,RCOM
2014-02-24,3d,>=5%,20,1,5.0,RCOM
2014-03-04,3d,>=5%,20,1,5.0,HCLTECH
2014-03-05,3d,>=5%,20,1,5.0,HCLTECH
2014-03-07,3d,>=5%,20,2,10.0,"IPCALAB, ECLERX"
2014-03-10,3d,>=5%,20,4,20.0,"BIOCON, IPCALAB, AUROPHARMA, ECLERX"
2014-03-11,3d,>=5%,20,5,25.0,"AUROPHARMA, PERSISTENT, DRREDDY, SUNPHARMA, ECLERX"
2014-03-13,3d,>=5%,20,1,5.0,RCOM
2014-03-19,3d,>=5%,20,3,15.0,"PERSISTENT, TCS, ECLERX"
2014-03-21,3d,>=5%,20,1,5.0,ECLERX
2014-03-26,3d,>=5%,20,2,10.0,"DRREDDY, TATAELXSI"
2014-03-27,3d,>=5%,20,2,10.0,"DRREDDY, TATAELXSI"
2014-03-28,3d,>=5%,20,1,5.0,TATAELXSI
2014-04-03,3d,>=5%,20,1,5.0,PAGEIND
2014-04-04,3d,>=5%,20,1,5.0,PAGEIND
2014-04-07,3d,>=5%,20,1,5.0,PAGEIND
2014-04-09,3d,>=5%,20,1,5.0,PAGEIND
2014-04-10,3d,>=5%,20,1,5.0,FSL
2014-04-15,3d,>=5%,20,1,5.0,TVSMOTOR
2014-04-16,3d,>=5%,20,3,15.0,"EICHERMOT, TVSMOTOR, ESCORTS"
2014-04-22,3d,>=5%,20,1,5.0,MRF
2014-04-23,3d,>=5%,20,1,5.0,MRF
2014-04-25,3d,>=5%,20,3,15.0,"MRF, ESCORTS, SWARAJENG"
2014-04-28,3d,>=5%,20,1,5.0,MRF
2014-04-30,3d,>=5%,20,1,5.0,RCOM
2014-05-02,3d,>=5%,20,1,5.0,RCOM
2014-05-05,3d,>=5%,20,3,15.0,"FSL, RCOM, ESCORTS"
2014-05-06,3d,>=5%,20,3,15.0,"FSL, ESCORTS, FINCABLES"
2014-05-07,3d,>=5%,20,4,20.0,"FSL, HCLTECH, ESCORTS, FINCABLES"
2014-05-08,3d,>=5%,20,1,5.0,ESCORTS
2014-05-09,3d,>=5%,20,3,15.0,"TATAELXSI, ESCORTS, SWARAJENG"
2014-05-16,3d,>=5%,20,2,10.0,"ARVIND, TATAELXSI"
2014-05-19,3d,>=5%,20,6,30.0,"FSL, ARVIND, IPCALAB, PERSISTENT, HCLTECH, ECLERX"
2014-05-20,3d,>=5%,20,2,10.0,"IPCALAB, HCLTECH"
2014-05-21,3d,>=5%,20,1,5.0,ECLERX
2014-05-22,3d,>=5%,20,1,5.0,ECLERX
2014-05-23,3d,>=5%,20,1,5.0,ECLERX
2014-05-26,3d,>=5%,20,1,5.0,ECLERX
2014-05-27,3d,>=5%,20,1,5.0,KAJARIACER
2014-05-28,3d,>=5%,20,4,20.0,"EICHERMOT, ARVIND, KAJARIACER, FINCABLES"
2014-05-29,3d,>=5%,20,1,5.0,FINCABLES
2014-05-30,3d,>=5%,20,1,5.0,EICHERMOT
2014-06-04,3d,>=5%,20,3,15.0,"AUROPHARMA, HCLTECH, PAGEIND"
2014-06-12,3d,>=5%,20,1,5.0,GPPL
2014-06-13,3d,>=5%,20,3,15.0,"TATAELXSI, CANFINHOME, BEML"
2014-06-16,3d,>=5%,20,2,10.0,"KAJARIACER, SUNDRMFAST"
2014-06-17,3d,>=5%,20,1,5.0,KAJARIACER
2014-06-18,3d,>=5%,20,1,5.0,KAJARIACER
2014-06-19,3d,>=5%,20,1,5.0,KAJARIACER
2014-06-20,3d,>=5%,20,1,5.0,KAJARIACER
2014-06-27,3d,>=5%,20,1,5.0,BEML
2014-07-04,3d,>=5%,20,1,5.0,SRF
2014-07-07,3d,>=5%,20,2,10.0,"FINPIPE, SRF"
2014-07-08,3d,>=5%,20,4,20.0,"TVSMOTOR, ARVIND, SRF, BHARATFORG"
2014-07-09,3d,>=5%,20,9,45.0,"EICHERMOT, TVSMOTOR, ARVIND, KAJARIACER, BALKRISIND, AUROPHARMA, SRF, BHARATFORG, TATAELXSI"
2014-07-10,3d,>=5%,20,9,45.0,"FSL, AIAENG, ARVIND, AUROPHARMA, BHARATFORG, TATAELXSI, CANFINHOME, SWARAJENG, FINCABLES"
2014-07-11,3d,>=5%,20,6,30.0,"FSL, TVSMOTOR, AIAENG, ARVIND, AUROPHARMA, SWARAJENG"
2014-07-14,3d,>=5%,20,3,15.0,"FSL, KEC, SWARAJENG"
2014-07-21,3d,>=5%,20,1,5.0,FINPIPE
2014-07-22,3d,>=5%,20,2,10.0,"PERSISTENT, GPPL"
2014-07-23,3d,>=5%,20,1,5.0,PERSISTENT
2014-07-24,3d,>=5%,20,1,5.0,TVSMOTOR
2014-07-25,3d,>=5%,20,3,15.0,"TVSMOTOR, ARVIND, CANFINHOME"
2014-07-28,3d,>=5%,20,5,25.0,"TVSMOTOR, ARVIND, SUNDRMFAST, AUROPHARMA, CANFINHOME"
2014-07-30,3d,>=5%,20,4,20.0,"TVSMOTOR, AUROPHARMA, KEC, CANFINHOME"
2014-07-31,3d,>=5%,20,1,5.0,KEC
2014-08-01,3d,>=5%,20,1,5.0,KEC
2014-08-04,3d,>=5%,20,2,10.0,"SUNDRMFAST, KEC"
2014-08-05,3d,>=5%,20,2,10.0,"BALKRISIND, KEC"
2014-08-06,3d,>=5%,20,1,5.0,KEC
2014-08-08,3d,>=5%,20,4,20.0,"KAJARIACER, KEC, SRF, SKFINDIA"
2014-08-11,3d,>=5%,20,4,20.0,"KEC, CANFINHOME, FINCABLES, SKFINDIA"
2014-08-12,3d,>=5%,20,2,10.0,"CANFINHOME, SKFINDIA"
2014-08-13,3d,>=5%,20,1,5.0,FSL
2014-08-25,3d,>=5%,20,1,5.0,ATUL
2014-08-26,3d,>=5%,20,2,10.0,"ATUL, AIAENG"
2014-08-27,3d,>=5%,20,2,10.0,"BALKRISIND, KEC"
2014-08-28,3d,>=5%,20,1,5.0,KEC
2014-09-15,3d,>=5%,20,1,5.0,SIMPLEXINF
2014-09-16,3d,>=5%,20,7,35.0,"TVSMOTOR, ARVIND, KEC, BHARATFORG, SIMPLEXINF, TATAELXSI, CANFINHOME"
2014-09-17,3d,>=5%,20,8,40.0,"EICHERMOT, TVSMOTOR, AIAENG, SUNDRMFAST, BALKRISIND, KEC, GPPL, CANFINHOME"
2014-09-18,3d,>=5%,20,2,10.0,"GPPL, CANFINHOME"
2014-09-23,3d,>=5%,20,6,30.0,"ARVIND, AUROPHARMA, KEC, SIMPLEXINF, FINCABLES, SKFINDIA"
2014-09-24,3d,>=5%,20,9,45.0,"ARVIND, AUROPHARMA, KEC, SRF, BHARATFORG, SIMPLEXINF, GPPL, FINCABLES, SKFINDIA"
2014-09-25,3d,>=5%,20,7,35.0,"ARVIND, KEC, BHARATFORG, SIMPLEXINF, TATAELXSI, GPPL, FINCABLES"
2014-09-26,3d,>=5%,20,2,10.0,"SIMPLEXINF, AARTIIND"
2014-09-29,3d,>=5%,20,2,10.0,"ATUL, SIMPLEXINF"
2014-09-30,3d,>=5%,20,1,5.0,SIMPLEXINF
2014-10-07,3d,>=5%,20,1,5.0,ARVIND
2014-10-08,3d,>=5%,20,1,5.0,SRF
2014-10-10,3d,>=5%,20,3,15.0,"SUNDARMFIN, AUROPHARMA, BHARATFORG"
2014-10-14,3d,>=5%,20,1,5.0,BALKRISIND
2014-10-16,3d,>=5%,20,4,20.0,"KAJARIACER, SUNDRMFAST, SRF, AARTIIND"
2014-10-17,3d,>=5%,20,7,35.0,"ATUL, KAJARIACER, SUNDRMFAST, SRF, TATAELXSI, FINCABLES, AARTIIND"
2014-10-20,3d,>=5%,20,2,10.0,"ATUL, SUNDRMFAST"
2014-10-21,3d,>=5%,20,1,5.0,ATUL
2014-10-28,3d,>=5%,20,1,5.0,ATUL
2014-10-29,3d,>=5%,20,2,10.0,"ATUL, GPPL"
2014-11-03,3d,>=5%,20,1,5.0,KEC
2014-11-05,3d,>=5%,20,2,10.0,"KEC, SRF"
2014-11-07,3d,>=5%,20,1,5.0,KEC
2014-11-10,3d,>=5%,20,1,5.0,SRF
2014-11-11,3d,>=5%,20,1,5.0,ARVIND
2014-11-13,3d,>=5%,20,1,5.0,JKLAKSHMI
2014-11-14,3d,>=5%,20,1,5.0,BALKRISIND
2014-11-17,3d,>=5%,20,2,10.0,"TVSMOTOR, BALKRISIND"
2014-11-18,3d,>=5%,20,1,5.0,BALKRISIND
2014-11-19,3d,>=5%,20,1,5.0,BALKRISIND
2014-11-20,3d,>=5%,20,1,5.0,BALKRISIND
2014-11-21,3d,>=5%,20,1,5.0,GPPL
2014-11-25,3d,>=5%,20,3,15.0,"TVSMOTOR, SUNDRMFAST, AARTIIND"
2014-11-26,3d,>=5%,20,2,10.0,"ATUL, AARTIIND"
2014-11-28,3d,>=5%,20,1,5.0,GPPL
2014-12-05,3d,>=5%,20,1,5.0,AIAENG
2014-12-08,3d,>=5%,20,1,5.0,AIAENG
2014-12-09,3d,>=5%,20,3,15.0,"EICHERMOT, AIAENG, SKFINDIA"
2014-12-10,3d,>=5%,20,2,10.0,"EICHERMOT, AIAENG"
2014-12-11,3d,>=5%,20,3,15.0,"EICHERMOT, BHARATFORG, SKFINDIA"
2014-12-12,3d,>=5%,20,2,10.0,"SHREECEM, FINCABLES"
2014-12-15,3d,>=5%,20,3,15.0,"BHARATFORG, GPPL, FINCABLES"
2014-12-16,3d,>=5%,20,3,15.0,"HONAUT, JKLAKSHMI, FINCABLES"
2014-12-17,3d,>=5%,20,5,25.0,"HONAUT, SUNDRMFAST, AUROPHARMA, JKLAKSHMI, BHARATFORG"
2014-12-18,3d,>=5%,20,1,5.0,ATUL
2014-12-29,3d,>=5%,20,1,5.0,AARTIIND
2014-12-30,3d,>=5%,20,1,5.0,AARTIIND
2014-12-31,3d,>=5%,20,1,5.0,AARTIIND
2015-01-06,3d,>=5%,20,1,5.0,ATUL
2015-01-07,3d,>=5%,20,1,5.0,SRF
2015-01-08,3d,>=5%,20,1,5.0,AIAENG
2015-01-14,3d,>=5%,20,1,5.0,CANFINHOME
2015-01-15,3d,>=5%,20,1,5.0,GPPL
2015-01-21,3d,>=5%,20,1,5.0,TVSMOTOR
2015-01-23,3d,>=5%,20,2,10.0,"ATUL, CANFINHOME"
2015-01-27,3d,>=5%,20,1,5.0,CANFINHOME
2015-01-28,3d,>=5%,20,3,15.0,"ATUL, JKLAKSHMI, CANFINHOME"
2015-01-30,3d,>=5%,20,1,5.0,TORNTPHARM
2015-02-02,3d,>=5%,20,3,15.0,"TVSMOTOR, TORNTPHARM, GPPL"
2015-02-03,3d,>=5%,20,1,5.0,TVSMOTOR
2015-02-04,3d,>=5%,20,1,5.0,ZFCVINDIA
2015-02-05,3d,>=5%,20,2,10.0,"SUNDRMFAST, AUROPHARMA"
2015-02-06,3d,>=5%,20,4,20.0,"AIAENG, ZFCVINDIA, SUNDRMFAST, AUROPHARMA"
2015-02-09,3d,>=5%,20,8,40.0,"EICHERMOT, AIAENG, ZFCVINDIA, SUNDRMFAST, AUROPHARMA, SRF, GPPL, AARTIIND"
2015-02-10,3d,>=5%,20,3,15.0,"SUNDRMFAST, AUROPHARMA, JKLAKSHMI"
2015-02-13,3d,>=5%,20,1,5.0,SRF
2015-02-18,3d,>=5%,20,1,5.0,AARTIIND
2015-02-19,3d,>=5%,20,2,10.0,"AUROPHARMA, AARTIIND"
2015-02-20,3d,>=5%,20,1,5.0,KAJARIACER
2015-02-23,3d,>=5%,20,3,15.0,"EICHERMOT, BEL, KAJARIACER"
2015-02-24,3d,>=5%,20,2,10.0,"TVSMOTOR, ZFCVINDIA"
2015-02-25,3d,>=5%,20,1,5.0,TVSMOTOR
2015-02-26,3d,>=5%,20,1,5.0,TVSMOTOR
2015-03-09,3d,>=5%,20,4,20.0,"ATUL, BEL, KAJARIACER, SRF"
2015-03-10,3d,>=5%,20,2,10.0,"BEL, KAJARIACER"
2015-03-11,3d,>=5%,20,2,10.0,"BEL, KAJARIACER"
2015-03-12,3d,>=5%,20,1,5.0,HONAUT
2015-03-13,3d,>=5%,20,1,5.0,TVSMOTOR
2015-03-16,3d,>=5%,20,1,5.0,CANFINHOME
2015-03-20,3d,>=5%,20,4,20.0,"TVSMOTOR, BEL, SUNDRMFAST, FINCABLES"
2015-03-23,3d,>=5%,20,4,20.0,"SUNDRMFAST, CANFINHOME, FINCABLES, AARTIIND"
2015-03-24,3d,>=5%,20,2,10.0,"CANFINHOME, AARTIIND"
2015-03-25,3d,>=5%,20,1,5.0,BOSCHLTD
2015-03-26,3d,>=5%,20,1,5.0,BHARATFORG
2015-03-27,3d,>=5%,20,2,10.0,"JKLAKSHMI, BHARATFORG"
2015-04-01,3d,>=5%,20,1,5.0,TVSMOTOR
2015-04-06,3d,>=5%,20,1,5.0,TVSMOTOR
2015-04-10,3d,>=5%,20,1,5.0,LUPIN
2015-04-13,3d,>=5%,20,2,10.0,"BEL, GFLLIMITED"
2015-04-15,3d,>=5%,20,2,10.0,"SHREECEM, BEL"
2015-04-16,3d,>=5%,20,2,10.0,"BEL, JKIL"
2015-04-17,3d,>=5%,20,7,35.0,"BEL, SUNDRMFAST, LUPIN, BHARATFORG, FINCABLES, INDUSINDBK, JKIL"
2015-04-20,3d,>=5%,20,11,55.0,"BOSCHLTD, HONAUT, EICHERMOT, BEL, SUNDRMFAST, GFLLIMITED, LUPIN, BHARATFORG, ASHOKLEY, CANFINHOME, INDUSINDBK"
2015-04-21,3d,>=5%,20,11,55.0,"BOSCHLTD, HONAUT, EICHERMOT, BEL, SUNDARMFIN, SUNDRMFAST, LUPIN, BHARATFORG, ASHOKLEY, CANFINHOME, INDUSINDBK"
2015-04-22,3d,>=5%,20,4,20.0,"BOSCHLTD, HONAUT, EICHERMOT, ZFCVINDIA"
2015-04-24,3d,>=5%,20,3,15.0,"BOSCHLTD, GFLLIMITED, SRF"
2015-04-27,3d,>=5%,20,7,35.0,"BOSCHLTD, BEL, KAJARIACER, GFLLIMITED, SRF, ASHOKLEY, CANFINHOME"
2015-04-28,3d,>=5%,20,9,45.0,"BOSCHLTD, ZFCVINDIA, BEL, KAJARIACER, SUNDRMFAST, GFLLIMITED, SRF, CANFINHOME, JKIL"
2015-04-29,3d,>=5%,20,1,5.0,JKIL
2015-04-30,3d,>=5%,20,1,5.0,JKIL
2015-05-05,3d,>=5%,20,1,5.0,SRF
2015-05-06,3d,>=5%,20,2,10.0,"JKLAKSHMI, CANFINHOME"
2015-05-07,3d,>=5%,20,9,45.0,"BOSCHLTD, HONAUT, SUNDARMFIN, SUNDRMFAST, JKLAKSHMI, SRF, ASHOKLEY, CANFINHOME, INDUSINDBK"
2015-05-08,3d,>=5%,20,3,15.0,"BEL, BHARATFORG, CANFINHOME"
2015-05-12,3d,>=5%,20,1,5.0,FINCABLES
2015-05-14,3d,>=5%,20,2,10.0,"LUPIN, FINCABLES"
2015-05-22,3d,>=5%,20,1,5.0,BHARATFORG
2015-05-26,3d,>=5%,20,1,5.0,HONAUT
2015-05-28,3d,>=5%,20,2,10.0,"EICHERMOT, SHREECEM"
2015-06-01,3d,>=5%,20,1,5.0,SUNDRMFAST
2015-06-02,3d,>=5%,20,3,15.0,"SUNDARMFIN, SUNDRMFAST, CANFINHOME"
2015-06-03,3d,>=5%,20,7,35.0,"BOSCHLTD, HONAUT, BEL, SUNDARMFIN, SUNDRMFAST, ASHOKLEY, JKIL"
2015-06-04,3d,>=5%,20,8,40.0,"EICHERMOT, BEL, SUNDRMFAST, JKLAKSHMI, SRF, ASHOKLEY, FINCABLES, JKIL"
2015-06-05,3d,>=5%,20,2,10.0,"JKLAKSHMI, JKIL"
2015-06-09,3d,>=5%,20,2,10.0,"BOSCHLTD, BHARATFORG"
2015-06-11,3d,>=5%,20,1,5.0,PAGEIND
2015-06-15,3d,>=5%,20,2,10.0,"BHARATFORG, ARE&M"
2016-08-11,3d,>=5%,4,1,25.0,HINDPETRO
2016-08-12,3d,>=5%,4,1,25.0,HINDPETRO
2016-08-23,3d,>=5%,4,1,25.0,HINDPETRO
2016-08-24,3d,>=5%,4,1,25.0,HINDPETRO
2016-10-19,3d,>=5%,4,1,25.0,MPHASIS
2016-10-21,3d,>=5%,4,1,25.0,MPHASIS
2016-11-04,3d,>=5%,4,1,25.0,HINDPETRO
2016-11-11,3d,>=5%,4,1,25.0,BAJAJ-AUTO
2016-11-15,3d,>=5%,4,1,25.0,BAJAJ-AUTO
2017-02-09,3d,>=5%,20,1,5.0,CUB
2017-02-14,3d,>=5%,20,2,10.0,"JSWSTEEL, INDIANB"
2017-02-15,3d,>=5%,20,5,25.0,"JSWSTEEL, HINDZINC, FLFL, INDIANB, EDELWEISS"
2017-02-16,3d,>=5%,20,2,10.0,"FLFL, FINCABLES"
2017-02-27,3d,>=5%,20,1,5.0,VEDL
2017-03-02,3d,>=5%,20,3,15.0,"BIOCON, INDIANB, EDELWEISS"
2017-03-08,3d,>=5%,20,1,5.0,VEDL
2017-03-09,3d,>=5%,20,3,15.0,"HINDALCO, VEDL, INDIANB"
2017-03-10,3d,>=5%,20,2,10.0,"RAIN, INDIANB"
2017-03-21,3d,>=5%,20,1,5.0,INDIANB
2017-03-22,3d,>=5%,20,1,5.0,INDIANB
2017-04-07,3d,>=5%,20,1,5.0,RAIN
2017-04-10,3d,>=5%,20,1,5.0,INDIANB
2017-04-11,3d,>=5%,20,1,5.0,VEDL
2017-04-13,3d,>=5%,20,2,10.0,"HINDALCO, VEDL"
2017-04-17,3d,>=5%,20,4,20.0,"HINDALCO, VEDL, INDIANB, EDELWEISS"
2017-04-18,3d,>=5%,20,2,10.0,"RECLTD, VEDL"
2017-04-19,3d,>=5%,20,1,5.0,BAJAJFINSV
2017-04-27,3d,>=5%,20,1,5.0,EDELWEISS
2017-04-28,3d,>=5%,20,2,10.0,"BIOCON, EDELWEISS"
2017-05-03,3d,>=5%,20,1,5.0,BIOCON
2017-05-05,3d,>=5%,20,4,20.0,"TATACOMM, HINDALCO, VEDL, RAIN"
2017-05-08,3d,>=5%,20,4,20.0,"TATACOMM, HINDALCO, VEDL, RAIN"
2017-05-09,3d,>=5%,20,2,10.0,"RAIN, SUNDRMFAST"
2017-05-10,3d,>=5%,20,1,5.0,RAIN
2017-05-12,3d,>=5%,20,1,5.0,YESBANK
2017-05-15,3d,>=5%,20,1,5.0,YESBANK
2017-05-16,3d,>=5%,20,1,5.0,YESBANK
2017-05-18,3d,>=5%,20,4,20.0,"FEDERALBNK, CESC, BAJAJFINSV, EDELWEISS"
2017-05-19,3d,>=5%,20,7,35.0,"RAIN, CESC, LTF, VGUARD, INDIANB, BAJAJFINSV, EDELWEISS"
2017-05-22,3d,>=5%,20,10,50.0,"VEDL, RAIN, MRF, CESC, LTF, VGUARD, ESCORTS, INDIANB, BAJAJFINSV, MOTILALOFS"
2017-05-23,3d,>=5%,20,6,30.0,"RAIN, VGUARD, ESCORTS, INDIANB, BAJAJFINSV, MOTILALOFS"
2017-05-24,3d,>=5%,20,7,35.0,"RAIN, MRF, VGUARD, ESCORTS, INDIANB, BAJAJFINSV, MOTILALOFS"
2017-05-25,3d,>=5%,20,1,5.0,VGUARD
2017-05-29,3d,>=5%,20,1,5.0,RECLTD
2017-05-30,3d,>=5%,20,1,5.0,INDIANB
2017-05-31,3d,>=5%,20,1,5.0,RECLTD
2017-06-01,3d,>=5%,20,1,5.0,VEDL
2017-06-02,3d,>=5%,20,2,10.0,"RECLTD, VEDL"
2017-06-06,3d,>=5%,20,1,5.0,RAIN
2017-06-08,3d,>=5%,20,1,5.0,ADANIENSOL
2017-06-09,3d,>=5%,20,1,5.0,ADANIENSOL
2017-06-12,3d,>=5%,20,2,10.0,"ADANIENSOL, INDIANB"
2017-06-20,3d,>=5%,20,2,10.0,"VAKRANGEE, EDELWEISS"
2017-06-23,3d,>=5%,20,3,15.0,"RECLTD, ESCORTS, IOC"
2017-06-27,3d,>=5%,20,8,40.0,"RECLTD, SUNDRMFAST, VAKRANGEE, ESCORTS, INDIANB, BAJAJFINSV, MOTILALOFS, EDELWEISS"
2017-06-28,3d,>=5%,20,4,20.0,"RECLTD, SUNDRMFAST, ESCORTS, INDIANB"
2017-07-04,3d,>=5%,20,1,5.0,MOTILALOFS
2017-07-17,3d,>=5%,20,2,10.0,"CAPLIPOINT, IOC"
2017-07-18,3d,>=5%,20,1,5.0,CAPLIPOINT
2017-07-31,3d,>=5%,20,1,5.0,VGUARD
2017-08-01,3d,>=5%,20,2,10.0,"VGUARD, MOTILALOFS"
2017-08-02,3d,>=5%,20,1,5.0,VGUARD
2017-08-03,3d,>=5%,20,1,5.0,INDIANB
2017-08-09,3d,>=5%,20,2,10.0,"FEDERALBNK, ESCORTS"
2017-08-10,3d,>=5%,20,10,50.0,"FEDERALBNK, RAIN, MRF, AVANTIFEED, ADANIENSOL, BALKRISIND, LTF, ESCORTS, BAJAJFINSV, CAPLIPOINT"
2017-08-11,3d,>=5%,20,11,55.0,"FEDERALBNK, TVSMOTOR, RAIN, AVANTIFEED, ADANIENSOL, BALKRISIND, KEC, LTF, ESCORTS, BAJAJFINSV, CAPLIPOINT"
2017-08-14,3d,>=5%,20,3,15.0,"TVSMOTOR, RAIN, ADANIENSOL"
2017-08-16,3d,>=5%,20,1,5.0,ADANIENSOL
2017-08-21,3d,>=5%,20,2,10.0,"BALKRISIND, ESCORTS"
2017-08-22,3d,>=5%,20,1,5.0,EDELWEISS
2017-08-29,3d,>=5%,20,1,5.0,AVANTIFEED
2017-09-11,3d,>=5%,20,1,5.0,VAKRANGEE
2017-09-12,3d,>=5%,20,1,5.0,VAKRANGEE
2017-09-14,3d,>=5%,20,1,5.0,RAIN
2017-09-18,3d,>=5%,20,1,5.0,ADANIENSOL
2017-09-19,3d,>=5%,20,2,10.0,"ADANIENSOL, KEC"
2017-09-20,3d,>=5%,20,1,5.0,ADANIENSOL
2017-09-21,3d,>=5%,20,1,5.0,ADANIENSOL
2017-09-22,3d,>=5%,20,6,30.0,"RAIN, ADANIENSOL, ESCORTS, BAJAJFINSV, CAPLIPOINT, EDELWEISS"
2017-09-25,3d,>=5%,20,9,45.0,"RAIN, AVANTIFEED, ADANIENSOL, LTF, ESCORTS, BAJAJFINSV, CAPLIPOINT, MOTILALOFS, EDELWEISS"
2017-09-26,3d,>=5%,20,4,20.0,"BOMDYEING, LTF, IGL, BAJAJFINSV"
2017-09-27,3d,>=5%,20,3,15.0,"BOMDYEING, VAKRANGEE, LTF"
2017-09-28,3d,>=5%,20,1,5.0,BOMDYEING
2017-09-29,3d,>=5%,20,1,5.0,BOMDYEING
2017-10-12,3d,>=5%,20,1,5.0,BOMDYEING
2017-10-13,3d,>=5%,20,1,5.0,BOMDYEING
2017-10-16,3d,>=5%,20,1,5.0,BOMDYEING
2017-10-17,3d,>=5%,20,1,5.0,BOMDYEING
2017-10-18,3d,>=5%,20,1,5.0,KRBL
2017-10-24,3d,>=5%,20,1,5.0,BBTC
2017-10-25,3d,>=5%,20,5,25.0,"BOMDYEING, BBTC, BAJAJFINSV, MOTILALOFS, EDELWEISS"
2017-10-26,3d,>=5%,20,4,20.0,"SUNTECK, LTF, BAJAJFINSV, EDELWEISS"
2017-10-27,3d,>=5%,20,2,10.0,"LTF, EDELWEISS"
2017-10-30,3d,>=5%,20,1,5.0,ADANIENSOL
2017-10-31,3d,>=5%,20,1,5.0,ADANIENSOL
2017-11-01,3d,>=5%,20,1,5.0,ADANIENSOL
2017-11-02,3d,>=5%,20,1,5.0,ESCORTS
2017-11-03,3d,>=5%,20,1,5.0,VAKRANGEE
2017-11-07,3d,>=5%,20,1,5.0,EDELWEISS
2017-11-08,3d,>=5%,20,3,15.0,"BBTC, MOTILALOFS, EDELWEISS"
2017-11-13,3d,>=5%,20,1,5.0,KEC
2017-11-14,3d,>=5%,20,2,10.0,"BOMDYEING, AVANTIFEED"
2017-11-15,3d,>=5%,20,4,20.0,"BOMDYEING, RAIN, AVANTIFEED, IGL"
2017-11-16,3d,>=5%,20,4,20.0,"BOMDYEING, BBTC, RAIN, AVANTIFEED"
2017-11-17,3d,>=5%,20,2,10.0,"BBTC, RAIN"
2017-11-20,3d,>=5%,20,1,5.0,RAIN
2017-11-21,3d,>=5%,20,1,5.0,RAIN
2017-11-22,3d,>=5%,20,1,5.0,LTF
2017-11-23,3d,>=5%,20,1,5.0,EDELWEISS
2017-11-27,3d,>=5%,20,1,5.0,AVANTIFEED
2017-11-28,3d,>=5%,20,1,5.0,ADANIENSOL
2017-11-29,3d,>=5%,20,1,5.0,ADANIENSOL
2017-11-30,3d,>=5%,20,1,5.0,ADANIENSOL
2017-12-01,3d,>=5%,20,2,10.0,"ADANIENSOL, LTF"
2017-12-04,3d,>=5%,20,3,15.0,"BOMDYEING, LTF, ESCORTS"
2017-12-05,3d,>=5%,20,3,15.0,"BOMDYEING, ESCORTS, APLAPOLLO"
2017-12-06,3d,>=5%,20,1,5.0,ESCORTS
2017-12-13,3d,>=5%,20,3,15.0,"RAIN, AVANTIFEED, NBCC"
2017-12-14,3d,>=5%,20,1,5.0,KEC
2017-12-28,3d,>=5%,20,2,10.0,"BOMDYEING, ADANIENSOL"
2017-12-29,3d,>=5%,20,1,5.0,BOMDYEING
2018-01-02,3d,>=5%,20,1,5.0,ADANIENSOL
2018-01-03,3d,>=5%,20,1,5.0,ADANIENSOL
2018-01-16,3d,>=5%,20,3,15.0,"BOMDYEING, RAIN, MOTILALOFS"
2018-01-17,3d,>=5%,20,1,5.0,BOMDYEING
2018-01-18,3d,>=5%,20,6,30.0,"BOMDYEING, BBTC, TATACONSUM, KEC, ESCORTS, MOTILALOFS"
2018-01-25,3d,>=5%,20,3,15.0,"BOMDYEING, BBTC, MOTILALOFS"
2018-01-29,3d,>=5%,20,5,25.0,"BOMDYEING, BBTC, RAIN, AVANTIFEED, MOTILALOFS"
2018-01-30,3d,>=5%,20,7,35.0,"BBTC, AVANTIFEED, VAKRANGEE, VIPIND, MOTILALOFS, APLAPOLLO, RKFORGE"
2018-01-31,3d,>=5%,20,7,35.0,"BBTC, RAIN, AVANTIFEED, VAKRANGEE, MOTILALOFS, APLAPOLLO, RKFORGE"
2018-02-01,3d,>=5%,20,5,25.0,"TVSMOTOR, BOMDYEING, RAIN, VAKRANGEE, APLAPOLLO"
2018-02-02,3d,>=5%,20,10,50.0,"TVSMOTOR, BOMDYEING, BBTC, RAIN, TATACONSUM, ADANIENSOL, VAKRANGEE, MARUTI, APLAPOLLO, EDELWEISS"
2018-02-05,3d,>=5%,20,8,40.0,"TVSMOTOR, BBTC, RAIN, TATACONSUM, ADANIENSOL, VAKRANGEE, MOTILALOFS, EDELWEISS"
2019-03-25,3d,>=5%,20,1,5.0,ADANIPOWER
2019-04-04,3d,>=5%,20,1,5.0,PRAJIND
2019-04-08,3d,>=5%,20,1,5.0,TORNTPHARM
2019-04-22,3d,>=5%,20,1,5.0,ADANIPOWER
2019-04-23,3d,>=5%,20,1,5.0,ADANIPOWER
2019-04-30,3d,>=5%,20,1,5.0,ADANIPOWER
2019-05-02,3d,>=5%,20,1,5.0,ADANIPOWER
2019-05-03,3d,>=5%,20,1,5.0,ADANIPOWER
2019-05-06,3d,>=5%,20,2,10.0,"HINDUNILVR, BATAINDIA"
2019-05-07,3d,>=5%,20,3,15.0,"PRAJIND, ADANIPOWER, BATAINDIA"
2019-05-08,3d,>=5%,20,8,40.0,"MUTHOOTFIN, BAJFINANCE, RELIANCE, PRAJIND, VINATIORGA, GFLLIMITED, ADANIPOWER, BATAINDIA"
2019-05-09,3d,>=5%,20,4,20.0,"RELIANCE, PRAJIND, BALRAMCHIN, GFLLIMITED"
2019-05-10,3d,>=5%,20,2,10.0,"RELIANCE, GFLLIMITED"
2019-05-13,3d,>=5%,20,2,10.0,"RELIANCE, ADANIPOWER"
2019-05-15,3d,>=5%,20,2,10.0,"ADANIPOWER, ABFRL"
2019-05-17,3d,>=5%,20,1,5.0,ABFRL
2020-01-16,3d,>=5%,20,1,5.0,ADANIGREEN
2020-01-17,3d,>=5%,20,1,5.0,ADANIGREEN
2020-01-21,3d,>=5%,20,1,5.0,ICICIGI
2020-01-22,3d,>=5%,20,1,5.0,ICICIGI
2020-01-24,3d,>=5%,20,1,5.0,ADANIGREEN
2020-01-27,3d,>=5%,20,1,5.0,BALRAMCHIN
2020-01-28,3d,>=5%,20,1,5.0,BALRAMCHIN
2020-01-30,3d,>=5%,20,2,10.0,"ADANIGREEN, COFORGE"
2020-02-01,3d,>=5%,20,4,20.0,"SBILIFE, NAUKRI, BALRAMCHIN, JKCEMENT"
2020-02-03,3d,>=5%,20,2,10.0,"SBILIFE, BALRAMCHIN"
2020-02-04,3d,>=5%,20,3,15.0,"SBILIFE, MANAPPURAM, BALRAMCHIN"
2020-02-05,3d,>=5%,20,1,5.0,MANAPPURAM
2020-02-06,3d,>=5%,20,2,10.0,"LALPATHLAB, MANAPPURAM"
2020-02-07,3d,>=5%,20,1,5.0,LALPATHLAB
2020-02-11,3d,>=5%,20,1,5.0,WHIRLPOOL
2020-02-12,3d,>=5%,20,1,5.0,WHIRLPOOL
2020-02-13,3d,>=5%,20,1,5.0,ADANIGREEN
2020-02-17,3d,>=5%,20,3,15.0,"MASFIN, IGL, GUJENERGY"
2020-02-18,3d,>=5%,20,3,15.0,"MASFIN, ADANIGREEN, IGL"
2020-02-19,3d,>=5%,20,1,5.0,MASFIN
2020-02-24,3d,>=5%,20,1,5.0,DIXON
2020-02-25,3d,>=5%,20,6,30.0,"NAUKRI, ADANIGREEN, NH, ICICIGI, IGL, DIXON"
2020-02-26,3d,>=5%,20,6,30.0,"NAUKRI, ADANIGREEN, ICICIGI, RELAXO, BATAINDIA, DIXON"
2020-02-27,3d,>=5%,20,5,25.0,"NAUKRI, ADANIGREEN, JKCEMENT, RELAXO, TRENT"
2020-02-28,3d,>=5%,20,6,30.0,"ADANIGREEN, MANAPPURAM, TATACONSUM, SRF, RELAXO, DIXON"
2020-03-02,3d,>=5%,20,7,35.0,"MASFIN, ADANIGREEN, MANAPPURAM, TATACONSUM, SRF, RELAXO, IGL"
2020-07-02,3d,>=5%,20,3,15.0,"ADANIGREEN, TRENT, DIVISLAB"
2020-07-08,3d,>=5%,20,1,5.0,GUJENERGY
2020-07-09,3d,>=5%,20,2,10.0,"ADANIGREEN, GUJENERGY"
2020-07-10,3d,>=5%,20,1,5.0,ADANIGREEN
2020-07-13,3d,>=5%,20,1,5.0,ADANIGREEN
2020-07-14,3d,>=5%,20,2,10.0,"DMART, ADANIGREEN"
2020-07-15,3d,>=5%,20,1,5.0,DMART
2020-07-16,3d,>=5%,20,2,10.0,"DMART, DEEPAKNTR"
2020-07-17,3d,>=5%,20,1,5.0,DMART
2020-07-20,3d,>=5%,20,1,5.0,DMART
2020-07-23,3d,>=5%,20,2,10.0,"ADANIGREEN, APLLTD"
2020-07-24,3d,>=5%,20,1,5.0,TRENT
2020-07-27,3d,>=5%,20,3,15.0,"BIOCON, TRENT, ESCORTS"
2020-07-28,3d,>=5%,20,3,15.0,"BIOCON, TRENT, DIXON"
2020-07-29,3d,>=5%,20,2,10.0,"DIXON, GRANULES"
2020-07-30,3d,>=5%,20,2,10.0,"NAVINFLUOR, GRANULES"
2020-07-31,3d,>=5%,20,2,10.0,"RALLIS, GRANULES"
2020-08-10,3d,>=5%,20,1,5.0,DEEPAKNTR
2020-08-11,3d,>=5%,20,1,5.0,DEEPAKNTR
2020-08-13,3d,>=5%,20,6,30.0,"FDC, TORNTPHARM, IPCALAB, LAURUSLABS, COROMANDEL, NAVINFLUOR"
2020-08-14,3d,>=5%,20,1,5.0,NAVINFLUOR
2020-08-17,3d,>=5%,20,1,5.0,APLLTD
2020-08-18,3d,>=5%,20,2,10.0,"APLLTD, GUJENERGY"
2020-08-24,3d,>=5%,20,1,5.0,FDC
2020-08-31,3d,>=5%,20,7,35.0,"FDC, IPCALAB, PERSISTENT, COROMANDEL, NAVINFLUOR, RALLIS, DEEPAKNTR"
2020-09-01,3d,>=5%,20,8,40.0,"FDC, LAURUSLABS, PERSISTENT, COROMANDEL, NAVINFLUOR, APLLTD, RALLIS, DEEPAKNTR"
2020-09-02,3d,>=5%,20,3,15.0,"COROMANDEL, NAVINFLUOR, APLLTD"
2020-09-03,3d,>=5%,20,1,5.0,GUJENERGY
2020-09-07,3d,>=5%,20,1,5.0,ESCORTS
2020-09-08,3d,>=5%,20,4,20.0,"NAVINFLUOR, ESCORTS, GUJENERGY, DIVISLAB"
2020-09-09,3d,>=5%,20,3,15.0,"COROMANDEL, GUJENERGY, RALLIS"
2020-09-10,3d,>=5%,20,1,5.0,ASTRAZEN
2020-09-17,3d,>=5%,20,1,5.0,EPL
2020-09-18,3d,>=5%,20,3,15.0,"EPL, NAVINFLUOR, DIXON"
2020-09-21,3d,>=5%,20,6,30.0,"FDC, IPCALAB, EPL, NAVINFLUOR, DIXON, DEEPAKNTR"
2020-09-22,3d,>=5%,20,6,30.0,"ADANIGREEN, EPL, NAVINFLUOR, APLLTD, DIXON, RALLIS"
2020-09-23,3d,>=5%,20,9,45.0,"ADANIGREEN, TORNTPHARM, BIOCON, LAURUSLABS, EPL, APLLTD, DIXON, GUJENERGY, DIVISLAB"
2020-09-24,3d,>=5%,20,4,20.0,"ADANIGREEN, LAURUSLABS, DIXON, RALLIS"
2020-09-25,3d,>=5%,20,3,15.0,"LAURUSLABS, DIVISLAB, DEEPAKNTR"
2020-10-01,3d,>=5%,20,1,5.0,APLLTD
2020-10-05,3d,>=5%,20,2,10.0,"FDC, ESCORTS"
2020-10-06,3d,>=5%,20,2,10.0,"NAVINFLUOR, ESCORTS"
2020-10-07,3d,>=5%,20,3,15.0,"ADANIGREEN, IPCALAB, COROMANDEL"
2020-10-08,3d,>=5%,20,2,10.0,"ADANIGREEN, DEEPAKNTR"
2020-10-09,3d,>=5%,20,2,10.0,"ADANIGREEN, DEEPAKNTR"
2020-10-12,3d,>=5%,20,2,10.0,"FDC, DEEPAKNTR"
2020-10-13,3d,>=5%,20,1,5.0,GUJENERGY
2020-10-15,3d,>=5%,20,2,10.0,"BIOCON, CDSL"
2020-10-16,3d,>=5%,20,2,10.0,"CDSL, ESCORTS"
2020-10-19,3d,>=5%,20,2,10.0,"PERSISTENT, DEEPAKNTR"
2020-10-20,3d,>=5%,20,1,5.0,PERSISTENT
2020-10-21,3d,>=5%,20,1,5.0,PERSISTENT
2020-10-22,3d,>=5%,20,1,5.0,PERSISTENT
2020-10-23,3d,>=5%,20,1,5.0,BIOCON
2020-10-26,3d,>=5%,20,2,10.0,"BIOCON, LAURUSLABS"
2020-10-27,3d,>=5%,20,1,5.0,APLLTD
2020-10-28,3d,>=5%,20,3,15.0,"TORNTPHARM, EPL, DIXON"
2020-10-29,3d,>=5%,20,1,5.0,TORNTPHARM
2020-11-02,3d,>=5%,20,2,10.0,"LAURUSLABS, DEEPAKNTR"
2020-11-03,3d,>=5%,20,1,5.0,LAURUSLABS
2020-11-04,3d,>=5%,20,2,10.0,"FDC, LAURUSLABS"
2020-11-05,3d,>=5%,20,1,5.0,LAURUSLABS
2020-11-10,3d,>=5%,20,4,20.0,"IPCALAB, LAURUSLABS, DRREDDY, APLLTD"
2020-11-11,3d,>=5%,20,2,10.0,"IPCALAB, COROMANDEL"
2020-11-12,3d,>=5%,20,1,5.0,IPCALAB
2020-11-19,3d,>=5%,20,1,5.0,LAURUSLABS
2020-11-26,3d,>=5%,20,2,10.0,"ADANIGREEN, NAVINFLUOR"
2020-11-27,3d,>=5%,20,1,5.0,ADANIGREEN
2020-12-07,3d,>=5%,20,1,5.0,GRANULES
2020-12-08,3d,>=5%,20,1,5.0,GRANULES
2020-12-09,3d,>=5%,20,2,10.0,"ADANIGREEN, GRANULES"
2020-12-10,3d,>=5%,20,2,10.0,"ADANIGREEN, TATAELXSI"
2020-12-11,3d,>=5%,20,1,5.0,ADANIGREEN
2020-12-14,3d,>=5%,20,1,5.0,ADANIGREEN
2020-12-21,3d,>=5%,20,6,30.0,"APLLTD, TATAELXSI, ESCORTS, SYNGENE, APLAPOLLO, GRANULES"
2020-12-22,3d,>=5%,20,6,30.0,"FDC, APLLTD, ESCORTS, DIXON, APLAPOLLO, DEEPAKNTR"
2020-12-23,3d,>=5%,20,3,15.0,"FDC, ESCORTS, DIXON"
2020-12-31,3d,>=5%,20,1,5.0,GRANULES
2021-01-08,3d,>=5%,20,1,5.0,ADANIGREEN
2021-01-11,3d,>=5%,20,3,15.0,"VAIBHAVGBL, ADANIGREEN, SUZLON"
2021-01-12,3d,>=5%,20,3,15.0,"ADANIGREEN, NAVINFLUOR, SUZLON"
2021-01-13,3d,>=5%,20,3,15.0,"ADANIGREEN, SUZLON, DIXON"
2021-01-14,3d,>=5%,20,1,5.0,SUZLON
2021-01-15,3d,>=5%,20,1,5.0,INDIAMART
2021-01-18,3d,>=5%,20,5,25.0,"INDIAMART, BSOFT, ESCORTS, SYNGENE, GRANULES"
2021-01-19,3d,>=5%,20,4,20.0,"PERSISTENT, APLLTD, INDIAMART, ESCORTS"
2021-01-20,3d,>=5%,20,2,10.0,"APLLTD, INDIAMART"
2021-01-21,3d,>=5%,20,1,5.0,APLLTD
2021-01-22,3d,>=5%,20,3,15.0,"APLLTD, SUZLON, DIXON"
2021-01-25,3d,>=5%,20,7,35.0,"IPCALAB, PERSISTENT, CDSL, TATAELXSI, ESCORTS, SUZLON, DIXON"
2021-01-27,3d,>=5%,20,4,20.0,"IPCALAB, PERSISTENT, CDSL, SUZLON"
2021-01-28,3d,>=5%,20,4,20.0,"IPCALAB, NAVINFLUOR, ESCORTS, SUZLON"
2021-01-29,3d,>=5%,20,5,25.0,"IPCALAB, LAURUSLABS, DRREDDY, NAVINFLUOR, DIVISLAB"
2021-02-01,3d,>=5%,20,3,15.0,"DRREDDY, NAVINFLUOR, GRANULES"
2021-02-02,3d,>=5%,20,2,10.0,"DRREDDY, GRANULES"
2021-02-05,3d,>=5%,20,1,5.0,SUZLON
2021-02-09,3d,>=5%,20,2,10.0,"SUZLON, GRANULES"
2021-02-10,3d,>=5%,20,2,10.0,"BSOFT, SUZLON"
2021-02-16,3d,>=5%,20,2,10.0,"INDIAMART, SUZLON"
2021-02-17,3d,>=5%,20,2,10.0,"INDIAMART, SUZLON"
2021-02-18,3d,>=5%,20,3,15.0,"BAJAJELEC, PERSISTENT, SUZLON"
2021-02-19,3d,>=5%,20,4,20.0,"BAJAJELEC, TATAELXSI, SUZLON, GRANULES"
2021-02-22,3d,>=5%,20,5,25.0,"BAJAJELEC, TATAELXSI, SYNGENE, CIPLA, GRANULES"
2021-02-26,3d,>=5%,20,1,5.0,INDIAMART
2021-03-02,3d,>=5%,20,1,5.0,DIXON
2021-03-05,3d,>=5%,20,1,5.0,SUZLON
2021-03-08,3d,>=5%,20,2,10.0,"LAURUSLABS, GRANULES"
2021-03-09,3d,>=5%,20,4,20.0,"FSL, LAURUSLABS, INDIAMART, GRANULES"
2021-03-12,3d,>=5%,20,2,10.0,"HINDCOPPER, APLAPOLLO"
2021-03-15,3d,>=5%,20,1,5.0,APLAPOLLO
2021-03-16,3d,>=5%,20,2,10.0,"APLAPOLLO, GRANULES"
2021-03-17,3d,>=5%,20,4,20.0,"BAJAJELEC, HINDCOPPER, APLAPOLLO, GRANULES"
2021-03-18,3d,>=5%,20,6,30.0,"BAJAJELEC, VAIBHAVGBL, HINDCOPPER, SYNGENE, CIPLA, GRANULES"
2021-03-19,3d,>=5%,20,4,20.0,"BAJAJELEC, VAIBHAVGBL, AFFLE, GRANULES"
2021-03-22,3d,>=5%,20,2,10.0,"AFFLE, SYNGENE"
2021-03-23,3d,>=5%,20,1,5.0,DIXON
2021-03-24,3d,>=5%,20,1,5.0,DIXON
2021-03-25,3d,>=5%,20,2,10.0,"PERSISTENT, DIXON"
2021-03-26,3d,>=5%,20,8,40.0,"FSL, VAIBHAVGBL, HINDCOPPER, AFFLE, ADANIGREEN, PERSISTENT, DIXON, GRANULES"
2021-03-30,3d,>=5%,20,2,10.0,"VAIBHAVGBL, ADANIGREEN"
2021-03-31,3d,>=5%,20,1,5.0,ADANIGREEN
2021-04-05,3d,>=5%,20,1,5.0,APLAPOLLO
2021-04-06,3d,>=5%,20,2,10.0,"DIXON, APLAPOLLO"
2021-04-07,3d,>=5%,20,1,5.0,APLAPOLLO
2021-04-08,3d,>=5%,20,2,10.0,"ADANIENSOL, ATGL"
2021-04-09,3d,>=5%,20,2,10.0,"ADANIENSOL, ATGL"
2021-04-12,3d,>=5%,20,9,45.0,"FSL, HINDCOPPER, AFFLE, ADANIGREEN, ADANIENSOL, CDSL, ATGL, BSOFT, DEEPAKNTR"
2021-04-13,3d,>=5%,20,4,20.0,"ADANIENSOL, CDSL, DIXON, DEEPAKNTR"
2021-04-15,3d,>=5%,20,7,35.0,"GRASIM, PERSISTENT, TIINDIA, TATAELXSI, BSOFT, DIXON, APLAPOLLO"
2021-04-19,3d,>=5%,20,2,10.0,"VAIBHAVGBL, ADANIGREEN"
2021-04-20,3d,>=5%,20,2,10.0,"VAIBHAVGBL, ADANIGREEN"
2021-04-22,3d,>=5%,20,4,20.0,"FSL, VAIBHAVGBL, HINDCOPPER, ADANIGREEN"
2021-04-30,3d,>=5%,20,1,5.0,INDIAMART
2021-05-03,3d,>=5%,20,1,5.0,INDIAMART
2021-05-04,3d,>=5%,20,2,10.0,"INDIAMART, LINDEINDIA"
2021-05-05,3d,>=5%,20,1,5.0,INDIAMART
2021-05-06,3d,>=5%,20,1,5.0,BAJAJELEC
2021-05-10,3d,>=5%,20,3,15.0,"TATAELXSI, DIXON, DEEPAKNTR"
2021-05-11,3d,>=5%,20,2,10.0,"FSL, TATAELXSI"
2021-05-12,3d,>=5%,20,1,5.0,VAIBHAVGBL
2021-05-14,3d,>=5%,20,8,40.0,"VAIBHAVGBL, HINDCOPPER, JSWSTEEL, GRASIM, TATASTEEL, ATGL, JINDALSTEL, APLAPOLLO"
2021-05-17,3d,>=5%,20,5,25.0,"VAIBHAVGBL, HINDCOPPER, TATASTEEL, JINDALSTEL, LINDEINDIA"
2021-05-20,3d,>=5%,20,1,5.0,JINDALSTEL
2021-05-21,3d,>=5%,20,3,15.0,"HINDCOPPER, TATASTEEL, JINDALSTEL"
2021-05-24,3d,>=5%,20,2,10.0,"TATASTEEL, JINDALSTEL"
2021-05-27,3d,>=5%,20,2,10.0,"ADANIGREEN, ADANIENSOL"
2021-05-28,3d,>=5%,20,1,5.0,ADANIGREEN
2021-06-01,3d,>=5%,20,1,5.0,HINDCOPPER
2021-06-02,3d,>=5%,20,1,5.0,HINDCOPPER
2021-06-03,3d,>=5%,20,2,10.0,"HINDCOPPER, PERSISTENT"
2021-06-15,3d,>=5%,20,2,10.0,"ADANIENSOL, ATGL"
2021-06-16,3d,>=5%,20,4,20.0,"HINDCOPPER, ADANIENSOL, TIINDIA, ATGL"
2021-06-17,3d,>=5%,20,6,30.0,"HINDCOPPER, ADANIGREEN, TATASTEEL, ADANIENSOL, TIINDIA, ATGL"
2021-06-18,3d,>=5%,20,8,40.0,"HINDCOPPER, JSWSTEEL, AFFLE, ADANIGREEN, TATASTEEL, ADANIENSOL, TIINDIA, ATGL"
2021-06-21,3d,>=5%,20,6,30.0,"HINDCOPPER, AFFLE, ADANIGREEN, ADANIENSOL, TIINDIA, ATGL"
2021-06-22,3d,>=5%,20,2,10.0,"AFFLE, TIINDIA"
2021-06-24,3d,>=5%,20,1,5.0,ATGL
2021-06-25,3d,>=5%,20,2,10.0,"ADANIENSOL, ATGL"
2021-06-28,3d,>=5%,20,2,10.0,"ADANIENSOL, ATGL"
2021-06-29,3d,>=5%,20,2,10.0,"ADANIENSOL, ATGL"
2021-06-30,3d,>=5%,20,4,20.0,"HINDCOPPER, AFFLE, ADANIENSOL, ATGL"
2021-07-01,3d,>=5%,20,3,15.0,"AFFLE, ADANIENSOL, ATGL"
2021-07-02,3d,>=5%,20,3,15.0,"ADANIGREEN, ADANIENSOL, ATGL"
2021-07-05,3d,>=5%,20,3,15.0,"ADANIGREEN, ADANIENSOL, ATGL"
2021-07-06,3d,>=5%,20,3,15.0,"ADANIENSOL, TIINDIA, ATGL"
2021-07-07,3d,>=5%,20,1,5.0,TIINDIA
2021-07-12,3d,>=5%,20,1,5.0,APLAPOLLO
2021-07-13,3d,>=5%,20,1,5.0,APLAPOLLO
2021-07-14,3d,>=5%,20,1,5.0,APLAPOLLO
2021-07-16,3d,>=5%,20,1,5.0,LINDEINDIA
2021-07-20,3d,>=5%,20,3,15.0,"ADANIENSOL, ATGL, TATAELXSI"
2021-07-22,3d,>=5%,20,1,5.0,ADANIENSOL
2021-07-23,3d,>=5%,20,1,5.0,CDSL
2021-07-26,3d,>=5%,20,2,10.0,"CDSL, ECLERX"
2021-07-27,3d,>=5%,20,2,10.0,"ADANIENSOL, CDSL"
2021-07-28,3d,>=5%,20,1,5.0,FSL
2021-07-29,3d,>=5%,20,4,20.0,"FSL, LAURUSLABS, CDSL, DIXON"
2021-07-30,3d,>=5%,20,1,5.0,FSL
2021-08-05,3d,>=5%,20,1,5.0,ECLERX
2021-08-06,3d,>=5%,20,1,5.0,ECLERX
2021-08-09,3d,>=5%,20,1,5.0,ECLERX
2021-08-10,3d,>=5%,20,3,15.0,"FSL, JSWSTEEL, TATASTEEL"
2021-08-11,3d,>=5%,20,3,15.0,"FSL, CDSL, APLAPOLLO"
2021-08-12,3d,>=5%,20,1,5.0,CDSL
2021-08-20,3d,>=5%,20,3,15.0,"FSL, JSWSTEEL, TATASTEEL"
2021-08-23,3d,>=5%,20,7,35.0,"FSL, JSWSTEEL, JSWENERGY, LAURUSLABS, TATASTEEL, APLAPOLLO, ECLERX"
2021-08-24,3d,>=5%,20,6,30.0,"FSL, JSWSTEEL, JSWENERGY, TATASTEEL, DIXON, APLAPOLLO"
2021-08-25,3d,>=5%,20,1,5.0,DIXON
2021-08-30,3d,>=5%,20,1,5.0,LINDEINDIA
2021-09-06,3d,>=5%,20,1,5.0,ATGL
2021-09-07,3d,>=5%,20,1,5.0,ATGL
2021-09-08,3d,>=5%,20,1,5.0,ATGL
2021-09-09,3d,>=5%,20,1,5.0,APOLLOHOSP
2021-09-17,3d,>=5%,20,1,5.0,ADANIENSOL
2021-09-20,3d,>=5%,20,7,35.0,"JSWSTEEL, TATASTEEL, ADANIENSOL, LUXIND, CDSL, SRF, LINDEINDIA"
2021-09-21,3d,>=5%,20,6,30.0,"TATASTEEL, ADANIENSOL, LUXIND, CDSL, SRF, APLAPOLLO"
2021-09-22,3d,>=5%,20,6,30.0,"TATASTEEL, ADANIENSOL, LUXIND, CDSL, APLAPOLLO, ECLERX"
2021-09-23,3d,>=5%,20,1,5.0,ADANIENSOL
2021-09-24,3d,>=5%,20,1,5.0,ADANIENSOL
2021-09-27,3d,>=5%,20,1,5.0,APOLLOHOSP
2021-09-28,3d,>=5%,20,5,25.0,"PERSISTENT, LUXIND, LINDEINDIA, APOLLOHOSP, APLAPOLLO"
2021-09-29,3d,>=5%,20,3,15.0,"PERSISTENT, APOLLOHOSP, APLAPOLLO"
2021-09-30,3d,>=5%,20,1,5.0,APLAPOLLO
2021-10-18,3d,>=5%,20,1,5.0,SRF
2021-10-19,3d,>=5%,20,2,10.0,"POLYCAB, FLUOROCHEM"
2021-10-20,3d,>=5%,20,6,30.0,"POLYCAB, FLUOROCHEM, SRF, DIXON, LINDEINDIA, DEEPAKNTR"
2021-10-21,3d,>=5%,20,11,55.0,"POLYCAB, JSWSTEEL, KAJARIACER, JSWENERGY, TATASTEEL, FLUOROCHEM, TATAELXSI, DIXON, LINDEINDIA, ECLERX, DEEPAKNTR"
2021-10-22,3d,>=5%,20,8,40.0,"KAJARIACER, TATASTEEL, PERSISTENT, FLUOROCHEM, DIXON, APLAPOLLO, ECLERX, DEEPAKNTR"
2021-10-25,3d,>=5%,20,8,40.0,"PERSISTENT, FLUOROCHEM, TATAELXSI, DIXON, LINDEINDIA, APLAPOLLO, ECLERX, DEEPAKNTR"
2021-10-26,3d,>=5%,20,2,10.0,"FLUOROCHEM, SRF"
2021-10-28,3d,>=5%,20,2,10.0,"ADANIENT, JSWENERGY"
2021-10-29,3d,>=5%,20,3,15.0,"ADANIENT, JSWENERGY, DEEPAKNTR"
2021-11-01,3d,>=5%,20,4,20.0,"ADANIENT, JSWENERGY, ADANIENSOL, DEEPAKNTR"
2021-11-03,3d,>=5%,20,1,5.0,JSWENERGY
2021-11-08,3d,>=5%,20,1,5.0,JSWENERGY
2021-11-16,3d,>=5%,20,1,5.0,TATASTEEL
2021-11-17,3d,>=5%,20,2,10.0,"TATASTEEL, ADANIENSOL"
2021-11-18,3d,>=5%,20,1,5.0,JSWENERGY
2021-11-22,3d,>=5%,20,11,55.0,"CENTURYPLY, POLYCAB, TATAPOWER, JSWENERGY, TATASTEEL, CDSL, TATAELXSI, DIXON, BAJAJFINSV, ECLERX, DEEPAKNTR"
2021-11-23,3d,>=5%,20,7,35.0,"CENTURYPLY, POLYCAB, TATAPOWER, CDSL, TATAELXSI, DIXON, DEEPAKNTR"
2021-11-24,3d,>=5%,20,5,25.0,"POLYCAB, TATAELXSI, DIXON, LINDEINDIA, DEEPAKNTR"
2021-11-26,3d,>=5%,20,4,20.0,"POLYCAB, GRASIM, TATASTEEL, PERSISTENT"
2021-11-29,3d,>=5%,20,9,45.0,"CENTURYPLY, POLYCAB, ADANIENT, TATAPOWER, JSWENERGY, TATASTEEL, CDSL, TATAELXSI, ECLERX"
2021-11-30,3d,>=5%,20,11,55.0,"TRIDENT, CENTURYPLY, ADANIENT, GRASIM, TATAPOWER, JSWENERGY, TATASTEEL, ADANIENSOL, FLUOROCHEM, SRF, ECLERX"
2021-12-01,3d,>=5%,20,4,20.0,"TRIDENT, CENTURYPLY, ADANIENSOL, ECLERX"
2021-12-02,3d,>=5%,20,1,5.0,TRIDENT
2021-12-03,3d,>=5%,20,1,5.0,TRIDENT
2021-12-06,3d,>=5%,20,2,10.0,"TRIDENT, LINDEINDIA"
2021-12-15,3d,>=5%,20,1,5.0,IEX
2021-12-16,3d,>=5%,20,3,15.0,"IEX, FLUOROCHEM, LINDEINDIA"
2021-12-17,3d,>=5%,20,9,45.0,"CENTURYPLY, POLYCAB, TATAPOWER, ADANIENSOL, IEX, FLUOROCHEM, BSE, CDSL, LINDEINDIA"
2021-12-20,3d,>=5%,20,16,80.0,"TRIDENT, CENTURYPLY, POLYCAB, ADANIENT, GRASIM, LTTS, TATAPOWER, ADANIENSOL, IEX, FLUOROCHEM, BSE, CDSL, ATGL, TATAELXSI, LINDEINDIA, DEEPAKNTR"
2021-12-21,3d,>=5%,20,7,35.0,"TRIDENT, LTTS, IEX, BSE, CDSL, ATGL, TATAELXSI"
2021-12-22,3d,>=5%,20,1,5.0,ATGL
2021-12-27,3d,>=5%,20,1,5.0,SFL
2022-01-06,3d,>=5%,20,1,5.0,PERSISTENT
2022-01-07,3d,>=5%,20,1,5.0,PERSISTENT
2022-01-19,3d,>=5%,20,2,10.0,"TRIDENT, LTTS"
2022-01-20,3d,>=5%,20,3,15.0,"TRIDENT, LTTS, ECLERX"
2022-01-21,3d,>=5%,20,3,15.0,"POLYCAB, LTTS, ECLERX"
2022-01-24,3d,>=5%,20,12,60.0,"CENTURYPLY, POLYCAB, ADANIENT, GRASIM, LTTS, TATAPOWER, IEX, UNOMINDA, BSE, CDSL, ECLERX, DEEPAKNTR"
2022-01-25,3d,>=5%,20,11,55.0,"POLYCAB, ADANIENT, GRASIM, LTTS, IEX, UNOMINDA, FLUOROCHEM, BSE, CDSL, ECLERX, DEEPAKNTR"
2022-01-27,3d,>=5%,20,11,55.0,"TRIDENT, ADANIENT, GRASIM, LTTS, IEX, PERSISTENT, UNOMINDA, FLUOROCHEM, CDSL, ECLERX, DEEPAKNTR"
2022-01-28,3d,>=5%,20,1,5.0,DEEPAKNTR
2022-01-31,3d,>=5%,20,1,5.0,ECLERX
2022-02-07,3d,>=5%,20,2,10.0,"LTTS, IEX"
2022-02-08,3d,>=5%,20,7,35.0,"POLYCAB, TATAPOWER, IEX, UNOMINDA, FLUOROCHEM, BSE, LINDEINDIA"
2022-02-09,3d,>=5%,20,2,10.0,"TATAPOWER, FLUOROCHEM"
2022-02-10,3d,>=5%,20,1,5.0,UNOMINDA
2022-02-11,3d,>=5%,20,2,10.0,"TRIDENT, GRINDWELL"
2022-02-14,3d,>=5%,20,10,50.0,"TRIDENT, CENTURYPLY, POLYCAB, ADANIENT, TATAPOWER, IEX, PERSISTENT, UNOMINDA, TATAELXSI, DEEPAKNTR"
2022-02-15,3d,>=5%,20,6,30.0,"CENTURYPLY, GRINDWELL, ADANIENSOL, PERSISTENT, TATAELXSI, DEEPAKNTR"
2022-02-16,3d,>=5%,20,2,10.0,"ATGL, TATAELXSI"
2022-02-18,3d,>=5%,20,3,15.0,"TRIDENT, PERSISTENT, ECLERX"
2022-02-21,3d,>=5%,20,6,30.0,"TRIDENT, UNOMINDA, CDSL, ATGL, ECLERX, DEEPAKNTR"
2022-09-15,3d,>=5%,20,2,10.0,"ELGIEQUIP, TIMKEN"
2022-09-16,3d,>=5%,20,4,20.0,"ABB, ELGIEQUIP, TIMKEN, GNFC"
2022-09-19,3d,>=5%,20,4,20.0,"SCHAEFFLER, ELGIEQUIP, TIMKEN, GNFC"
2022-09-20,3d,>=5%,20,4,20.0,"SCHAEFFLER, ELGIEQUIP, TIMKEN, GNFC"
2022-09-21,3d,>=5%,20,3,15.0,"SCHAEFFLER, ADANIENSOL, GNFC"
2022-09-23,3d,>=5%,20,1,5.0,ELGIEQUIP
2022-09-26,3d,>=5%,20,7,35.0,"SOLARINDS, ADANIGREEN, ELGIEQUIP, M&M, ATGL, BDL, GNFC"
2022-09-27,3d,>=5%,20,11,55.0,"SOLARINDS, HAL, ADANIGREEN, ELGIEQUIP, VBL, ADANIENSOL, TIINDIA, M&M, ATGL, BDL, GNFC"
2022-09-28,3d,>=5%,20,8,40.0,"HAL, ADANIGREEN, ELGIEQUIP, VBL, ADANIENSOL, BDL, ITC, GNFC"
2022-09-29,3d,>=5%,20,2,10.0,"ADANIGREEN, ADANIENSOL"
2022-09-30,3d,>=5%,20,1,5.0,ADANIENSOL
2022-10-03,3d,>=5%,20,4,20.0,"ADANIENT, FINEORG, ADANIENSOL, ATGL"
2022-10-04,3d,>=5%,20,1,5.0,ADANIENT
2022-10-11,3d,>=5%,20,3,15.0,"ELGIEQUIP, VBL, ADANIENSOL"
2022-10-12,3d,>=5%,20,3,15.0,"SOLARINDS, ELGIEQUIP, VBL"
2022-10-13,3d,>=5%,20,2,10.0,"INDHOTEL, BDL"
2022-10-14,3d,>=5%,20,2,10.0,"INDHOTEL, TIMKEN"
2022-10-17,3d,>=5%,20,2,10.0,"VBL, TIMKEN"
2022-10-18,3d,>=5%,20,1,5.0,VBL
2022-10-19,3d,>=5%,20,1,5.0,FLUOROCHEM
2022-10-20,3d,>=5%,20,1,5.0,SCHAEFFLER
2022-10-21,3d,>=5%,20,1,5.0,ABB
2022-10-24,3d,>=5%,20,1,5.0,ABB
2022-10-27,3d,>=5%,20,1,5.0,SCHAEFFLER
2022-10-28,3d,>=5%,20,2,10.0,"SCHAEFFLER, FINEORG"
2022-10-31,3d,>=5%,20,3,15.0,"SCHAEFFLER, FINEORG, ELGIEQUIP"
2022-11-01,3d,>=5%,20,3,15.0,"FINEORG, ELGIEQUIP, FLUOROCHEM"
2022-11-02,3d,>=5%,20,1,5.0,FINEORG
2022-11-03,3d,>=5%,20,1,5.0,TIMKEN
2022-11-09,3d,>=5%,20,2,10.0,"FINEORG, TIINDIA"
2022-11-10,3d,>=5%,20,2,10.0,"HAL, TIINDIA"
2022-11-11,3d,>=5%,20,3,15.0,"INDHOTEL, FLUOROCHEM, TIINDIA"
2022-11-14,3d,>=5%,20,4,20.0,"VBL, INDHOTEL, FLUOROCHEM, TIINDIA"
2022-11-15,3d,>=5%,20,3,15.0,"INDHOTEL, FLUOROCHEM, BDL"
2022-11-17,3d,>=5%,20,1,5.0,ADANIENSOL
2022-11-18,3d,>=5%,20,3,15.0,"ADANIGREEN, ADANIENSOL, ATGL"
2022-11-21,3d,>=5%,20,5,25.0,"TVSMOTOR, ADANIGREEN, ADANIENSOL, M&M, MAZDOCK"
2022-11-22,3d,>=5%,20,3,15.0,"TVSMOTOR, ADANIGREEN, ADANIENSOL"
2022-11-23,3d,>=5%,20,1,5.0,ADANIENSOL
2022-11-24,3d,>=5%,20,1,5.0,ADANIENSOL
2022-11-29,3d,>=5%,20,2,10.0,"SCHAEFFLER, ELGIEQUIP"
2022-11-30,3d,>=5%,20,2,10.0,"SCHAEFFLER, TIMKEN"
2022-12-05,3d,>=5%,20,2,10.0,"ADANIENSOL, FLUOROCHEM"
2022-12-06,3d,>=5%,20,1,5.0,FLUOROCHEM
2022-12-07,3d,>=5%,20,1,5.0,FLUOROCHEM
2022-12-09,3d,>=5%,20,1,5.0,RVNL
2022-12-15,3d,>=5%,20,1,5.0,TIINDIA
2022-12-16,3d,>=5%,20,1,5.0,MAZDOCK
2022-12-19,3d,>=5%,20,2,10.0,"RVNL, FLUOROCHEM"
2022-12-20,3d,>=5%,20,1,5.0,FLUOROCHEM
2022-12-21,3d,>=5%,20,1,5.0,INDHOTEL
2022-12-22,3d,>=5%,20,6,30.0,"ADANIENT, RVNL, COCHINSHIP, INDHOTEL, BDL, MAZDOCK"
2022-12-23,3d,>=5%,20,13,65.0,"RHIM, GESHIP, HAL, ADANIENT, RVNL, COCHINSHIP, VBL, INDHOTEL, FLUOROCHEM, TIINDIA, ATGL, BDL, MAZDOCK"
2022-12-26,3d,>=5%,20,5,25.0,"GESHIP, RVNL, COCHINSHIP, ATGL, TIMKEN"
2023-05-22,3d,>=5%,20,3,15.0,"SIEMENS, WESTLIFE, MAZDOCK"
2023-05-23,3d,>=5%,20,3,15.0,"RVNL, SIEMENS, NCC"
2023-05-24,3d,>=5%,20,2,10.0,"SIEMENS, NCC"
2023-05-29,3d,>=5%,20,1,5.0,FINCABLES
2023-05-30,3d,>=5%,20,1,5.0,FINCABLES
2023-05-31,3d,>=5%,20,1,5.0,FINCABLES
2023-06-08,3d,>=5%,20,1,5.0,VBL
2023-06-09,3d,>=5%,20,1,5.0,VBL
2023-06-21,3d,>=5%,20,1,5.0,FINCABLES
2023-06-23,3d,>=5%,20,4,20.0,"HAL, VBL, IDFCFIRSTB, MAZDOCK"
2023-06-26,3d,>=5%,20,1,5.0,IDFCFIRSTB
2023-07-10,3d,>=5%,20,1,5.0,KARURVYSYA
2023-07-12,3d,>=5%,20,1,5.0,CERA
2023-07-21,3d,>=5%,20,2,10.0,"ABB, CIEINDIA"
2023-07-24,3d,>=5%,20,1,5.0,CIEINDIA
2023-07-25,3d,>=5%,20,2,10.0,"ITC, CIEINDIA"
2023-07-27,3d,>=5%,20,1,5.0,RVNL
2023-07-28,3d,>=5%,20,1,5.0,RVNL
2023-07-31,3d,>=5%,20,1,5.0,RVNL
2023-08-02,3d,>=5%,20,1,5.0,MAZDOCK
2023-08-04,3d,>=5%,20,1,5.0,CUMMINSIND
2023-08-07,3d,>=5%,20,1,5.0,CUMMINSIND
2023-08-11,3d,>=5%,20,2,10.0,"FACT, APOLLOTYRE"
2023-08-14,3d,>=5%,20,3,15.0,"FACT, APOLLOTYRE, FINCABLES"
2023-08-16,3d,>=5%,20,2,10.0,"APOLLOTYRE, FINCABLES"
2023-08-17,3d,>=5%,20,1,5.0,FINCABLES
2023-08-21,3d,>=5%,20,1,5.0,TRITURBINE
2023-08-22,3d,>=5%,20,1,5.0,UNIONBANK
2023-08-29,3d,>=5%,20,1,5.0,UNIONBANK
2023-08-31,3d,>=5%,20,1,5.0,UNIONBANK
2023-09-06,3d,>=5%,20,2,10.0,"CERA, NCC"
2023-09-08,3d,>=5%,20,1,5.0,NCC
2023-09-12,3d,>=5%,20,2,10.0,"KALYANKJIL, ZENSARTECH"
2023-09-13,3d,>=5%,20,6,30.0,"RECLTD, KALYANKJIL, ZENSARTECH, PFC, NCC, MAZDOCK"
2023-09-14,3d,>=5%,20,7,35.0,"RECLTD, KALYANKJIL, RVNL, PFC, SUPREMEIND, NCC, MAZDOCK"
2023-09-15,3d,>=5%,20,1,5.0,SUPREMEIND
2023-09-18,3d,>=5%,20,2,10.0,"SUPREMEIND, JSL"
2023-09-20,3d,>=5%,20,1,5.0,JSL
2023-09-21,3d,>=5%,20,5,25.0,"KALYANKJIL, RVNL, FACT, IRFC, JSL"
2023-09-22,3d,>=5%,20,4,20.0,"KALYANKJIL, GLENMARK, ZYDUSLIFE, JSL"
2023-09-25,3d,>=5%,20,3,15.0,"KALYANKJIL, GLENMARK, JSL"
2023-09-26,3d,>=5%,20,1,5.0,GLENMARK
2023-10-04,3d,>=5%,20,1,5.0,FINCABLES
2023-10-05,3d,>=5%,20,2,10.0,"GLENMARK, SUPREMEIND"
2023-10-06,3d,>=5%,20,3,15.0,"UNIONBANK, GLENMARK, CGPOWER"
2023-10-09,3d,>=5%,20,4,20.0,"RVNL, UNIONBANK, IRFC, JSL"
2023-10-13,3d,>=5%,20,1,5.0,FINCABLES
2023-10-16,3d,>=5%,20,1,5.0,FINCABLES
2023-10-17,3d,>=5%,20,1,5.0,FINCABLES
2023-10-18,3d,>=5%,20,1,5.0,FINCABLES
2023-10-19,3d,>=5%,20,1,5.0,ZENSARTECH
2023-10-20,3d,>=5%,20,3,15.0,"MAHABANK, ZENSARTECH, NCC"
2023-10-23,3d,>=5%,20,9,45.0,"MAHABANK, RVNL, FACT, UNIONBANK, IRFC, ZENSARTECH, SUPREMEIND, NCC, MAZDOCK"
2023-10-25,3d,>=5%,20,12,60.0,"POLYCAB, MAHABANK, RECLTD, RVNL, FACT, UNIONBANK, GLENMARK, IRFC, ZENSARTECH, SUPREMEIND, NCC, MAZDOCK"
2023-10-26,3d,>=5%,20,15,75.0,"POLYCAB, MAHABANK, RECLTD, RVNL, FACT, UNIONBANK, IRFC, ZENSARTECH, PFC, SUPREMEIND, NCC, CGPOWER, JSL, FINCABLES, MAZDOCK"
2023-11-01,3d,>=5%,20,2,10.0,"IDFCFIRSTB, MAZDOCK"
2023-11-02,3d,>=5%,20,1,5.0,BSE
2023-11-13,3d,>=5%,20,1,5.0,GLENMARK
2023-11-16,3d,>=5%,20,2,10.0,"KALYANKJIL, SUPREMEIND"
2023-11-17,3d,>=5%,20,1,5.0,KALYANKJIL
2023-11-21,3d,>=5%,20,2,10.0,"BSE, SUZLON"
2023-11-22,3d,>=5%,20,2,10.0,"BSE, SUZLON"
2023-11-23,3d,>=5%,20,3,15.0,"BSE, SUZLON, SONATSOFTW"
2023-11-24,3d,>=5%,20,1,5.0,SONATSOFTW
2023-11-30,3d,>=5%,20,1,5.0,JSL
2023-12-07,3d,>=5%,20,1,5.0,CYIENT
2023-12-08,3d,>=5%,20,1,5.0,RATNAMANI
2023-12-11,3d,>=5%,20,1,5.0,BSE
2023-12-12,3d,>=5%,20,2,10.0,"RATNAMANI, BSE"
2023-12-14,3d,>=5%,20,1,5.0,RATNAMANI
2023-12-20,3d,>=5%,20,4,20.0,"RECLTD, FACT, PFC, SUZLON"
2023-12-21,3d,>=5%,20,2,10.0,"RECLTD, PFC"
2023-12-22,3d,>=5%,20,2,10.0,"RECLTD, PFC"
2024-01-03,3d,>=5%,20,1,5.0,ZENSARTECH
2024-01-09,3d,>=5%,20,1,5.0,POLYCAB
2024-01-10,3d,>=5%,20,1,5.0,POLYCAB
2024-01-11,3d,>=5%,20,1,5.0,POLYCAB
2024-01-12,3d,>=5%,20,1,5.0,POLYCAB
2024-01-15,3d,>=5%,20,2,10.0,"POLYCAB, JBMA"
2024-01-16,3d,>=5%,20,1,5.0,KALYANKJIL
2024-01-17,3d,>=5%,20,3,15.0,"KALYANKJIL, PRESTIGE, SUZLON"
2024-01-18,3d,>=5%,20,1,5.0,KALYANKJIL
2024-01-23,3d,>=5%,20,4,20.0,"POLYCAB, PRESTIGE, BSE, JSL"
2024-01-24,3d,>=5%,20,4,20.0,"PRESTIGE, BSE, JSL, CYIENT"
2024-01-25,3d,>=5%,20,4,20.0,"PRESTIGE, BSE, JSL, CYIENT"
2024-01-29,3d,>=5%,20,1,5.0,CYIENT
2024-01-30,3d,>=5%,20,1,5.0,TRENT
2024-02-01,3d,>=5%,20,3,15.0,"KALYANKJIL, AUROPHARMA, LT"
2024-02-02,3d,>=5%,20,3,15.0,"KALYANKJIL, AUROPHARMA, LT"
2024-02-05,3d,>=5%,20,2,10.0,"PRESTIGE, AUROPHARMA"
2024-02-06,3d,>=5%,20,1,5.0,AUROPHARMA
2024-02-07,3d,>=5%,20,1,5.0,AUROPHARMA
2024-02-08,3d,>=5%,20,1,5.0,NBCC
2024-02-09,3d,>=5%,20,3,15.0,"PFC, NBCC, NLCINDIA"
2024-02-12,3d,>=5%,20,8,40.0,"RECLTD, IRFC, BSE, PFC, SUZLON, HUDCO, NBCC, NLCINDIA"
2024-02-13,3d,>=5%,20,10,50.0,"RECLTD, HAL, IRFC, PRESTIGE, BSE, PFC, SUZLON, HUDCO, NBCC, NLCINDIA"
2024-02-14,3d,>=5%,20,4,20.0,"PRESTIGE, BSE, NBCC, NLCINDIA"
2024-02-21,3d,>=5%,20,1,5.0,BSOFT
2024-02-22,3d,>=5%,20,1,5.0,JBMA
2024-02-26,3d,>=5%,20,1,5.0,JBMA
2024-02-27,3d,>=5%,20,2,10.0,"NBCC, NLCINDIA"
2024-02-28,3d,>=5%,20,5,25.0,"RECLTD, PFC, BSOFT, NBCC, NLCINDIA"
2024-02-29,3d,>=5%,20,3,15.0,"HUDCO, BAJAJ-AUTO, NLCINDIA"
2024-03-01,3d,>=5%,20,3,15.0,"BAJAJ-AUTO, CHALET, NLCINDIA"
2024-03-04,3d,>=5%,20,1,5.0,SUZLON
2024-03-05,3d,>=5%,20,2,10.0,"SUZLON, JBMA"
2024-03-06,3d,>=5%,20,5,25.0,"IRFC, SUZLON, JBMA, NBCC, CHALET"
2024-03-07,3d,>=5%,20,4,20.0,"ETERNAL, SUZLON, JBMA, CHALET"
2024-03-11,3d,>=5%,20,4,20.0,"ETERNAL, JBMA, NBCC, CHALET"
2024-03-12,3d,>=5%,20,4,20.0,"BSE, HUDCO, JBMA, NBCC"
2024-03-13,3d,>=5%,20,16,80.0,"RECLTD, TVSMOTOR, HAL, ETERNAL, IRFC, AUROPHARMA, NTPC, BSE, PFC, BSOFT, SUZLON, HUDCO, JBMA, NBCC, BAJAJ-AUTO, TMPV"
2024-03-14,3d,>=5%,20,9,45.0,"TVSMOTOR, HAL, PRESTIGE, AUROPHARMA, NTPC, BSE, PFC, HUDCO, TMPV"
2024-03-15,3d,>=5%,20,7,35.0,"RECLTD, TVSMOTOR, HAL, PRESTIGE, NTPC, PFC, TMPV"
2024-03-18,3d,>=5%,20,3,15.0,"TVSMOTOR, PRESTIGE, PFC"
2024-03-19,3d,>=5%,20,6,30.0,"RECLTD, TVSMOTOR, PRESTIGE, PFC, BSOFT, NBCC"
2024-03-20,3d,>=5%,20,5,25.0,"RECLTD, PFC, BSOFT, SUZLON, HUDCO"
2024-03-27,3d,>=5%,20,1,5.0,JBMA
2024-04-04,3d,>=5%,20,1,5.0,CHALET
2024-04-08,3d,>=5%,20,1,5.0,BSOFT
2024-04-09,3d,>=5%,20,2,10.0,"RECLTD, BSOFT"
2024-04-12,3d,>=5%,20,1,5.0,PRESTIGE
2024-04-15,3d,>=5%,20,2,10.0,"HUDCO, NBCC"
2024-04-16,3d,>=5%,20,4,20.0,"TVSMOTOR, ETERNAL, HUDCO, NBCC"
2024-04-18,3d,>=5%,20,4,20.0,"TVSMOTOR, HUDCO, DLF, NBCC"
2024-04-19,3d,>=5%,20,1,5.0,TVSMOTOR
2024-04-22,3d,>=5%,20,1,5.0,BSOFT
2024-04-23,3d,>=5%,20,1,5.0,BSOFT
2024-04-29,3d,>=5%,20,1,5.0,BSE
2024-04-30,3d,>=5%,20,1,5.0,BSE
2024-05-02,3d,>=5%,20,1,5.0,BSE
2024-05-03,3d,>=5%,20,1,5.0,BSOFT
2024-05-07,3d,>=5%,20,6,30.0,"RECLTD, HAL, IRFC, NTPC, PFC, HUDCO"
2024-05-08,3d,>=5%,20,1,5.0,PFC
2024-05-09,3d,>=5%,20,4,20.0,"IRFC, LUPIN, MOTILALOFS, BHEL"
2024-05-10,3d,>=5%,20,3,15.0,"BSE, MOTILALOFS, CHALET"
2024-05-13,3d,>=5%,20,4,20.0,"BSE, PFC, CHALET, TMPV"
2024-05-14,3d,>=5%,20,1,5.0,TMPV
2024-05-15,3d,>=5%,20,2,10.0,"CHALET, TMPV"
2024-05-22,3d,>=5%,20,1,5.0,MOTILALOFS
2024-05-23,3d,>=5%,20,2,10.0,"BSE, MOTILALOFS"
2024-05-27,3d,>=5%,20,1,5.0,LUPIN
2024-05-28,3d,>=5%,20,3,15.0,"PRESTIGE, SUZLON, HUDCO"
2024-05-29,3d,>=5%,20,1,5.0,PRESTIGE
2024-05-30,3d,>=5%,20,3,15.0,"RECLTD, KALYANKJIL, BSE"
2024-05-31,3d,>=5%,20,1,5.0,RECLTD
2024-06-04,3d,>=5%,20,8,40.0,"RECLTD, HAL, IRFC, NTPC, PFC, HUDCO, MOTILALOFS, BHEL"
2024-06-05,3d,>=5%,20,7,35.0,"RECLTD, HAL, IRFC, NTPC, PFC, HUDCO, BHEL"
2024-06-06,3d,>=5%,20,7,35.0,"RECLTD, HAL, IRFC, NTPC, PFC, HUDCO, BHEL"
2024-06-19,3d,>=5%,20,1,5.0,SOBHA
2024-06-20,3d,>=5%,20,2,10.0,"SOBHA, PFC"
2024-06-21,3d,>=5%,20,4,20.0,"HAL, COCHINSHIP, BSE, PFC"
2024-06-24,3d,>=5%,20,3,15.0,"COCHINSHIP, BSE, MOTILALOFS"
2024-06-25,3d,>=5%,20,1,5.0,MOTILALOFS
2024-06-26,3d,>=5%,20,1,5.0,MOTILALOFS
2024-06-27,3d,>=5%,20,1,5.0,PRESTIGE
2024-07-01,3d,>=5%,20,1,5.0,SOBHA
2024-07-02,3d,>=5%,20,1,5.0,MOTILALOFS
2024-07-03,3d,>=5%,20,1,5.0,MOTILALOFS
2024-07-10,3d,>=5%,20,1,5.0,BSE
2024-07-15,3d,>=5%,20,1,5.0,SOBHA
2024-07-18,3d,>=5%,20,5,25.0,"HAL, IRFC, COCHINSHIP, TRENT, BHEL"
2024-07-19,3d,>=5%,20,8,40.0,"RECLTD, APARINDS, HAL, COCHINSHIP, TRENT, DIXON, HUDCO, BHEL"
2024-07-22,3d,>=5%,20,7,35.0,"APARINDS, HAL, MOTHERSON, SOBHA, BSE, TRENT, DIXON"
2024-07-23,3d,>=5%,20,5,25.0,"APARINDS, MOTHERSON, SOBHA, IRFC, DIXON"
2024-07-24,3d,>=5%,20,1,5.0,IRFC
2024-07-25,3d,>=5%,20,2,10.0,"IRFC, COCHINSHIP"
2024-07-26,3d,>=5%,20,2,10.0,"IRFC, COCHINSHIP"
2024-08-01,3d,>=5%,20,1,5.0,PRESTIGE
2024-08-02,3d,>=5%,20,6,30.0,"APARINDS, HAL, SOBHA, COCHINSHIP, PRESTIGE, PFC"
2024-08-05,3d,>=5%,20,14,70.0,"RECLTD, APARINDS, KALYANKJIL, HAL, MOTHERSON, IRFC, COCHINSHIP, PRESTIGE, BSE, PFC, TRENT, DIXON, HUDCO, BHEL"
2024-08-06,3d,>=5%,20,10,50.0,"RECLTD, APARINDS, HAL, IRFC, COCHINSHIP, PRESTIGE, BSE, TRENT, HUDCO, BHEL"
2024-08-07,3d,>=5%,20,3,15.0,"IRFC, COCHINSHIP, BSE"
2024-08-09,3d,>=5%,20,1,5.0,RVNL
2024-08-13,3d,>=5%,20,1,5.0,ZYDUSLIFE
2024-08-14,3d,>=5%,20,3,15.0,"TORNTPOWER, ZYDUSLIFE, COCHINSHIP"
2024-08-16,3d,>=5%,20,2,10.0,"ZYDUSLIFE, COCHINSHIP"
2024-08-20,3d,>=5%,20,1,5.0,COCHINSHIP
2024-08-22,3d,>=5%,20,1,5.0,PRESTIGE
2024-08-23,3d,>=5%,20,2,10.0,"TORNTPOWER, PRESTIGE"
2024-08-26,3d,>=5%,20,2,10.0,"TORNTPOWER, ZYDUSLIFE"
2024-08-27,3d,>=5%,20,1,5.0,ZYDUSLIFE
2024-08-30,3d,>=5%,20,1,5.0,COCHINSHIP
2024-09-02,3d,>=5%,20,3,15.0,"COCHINSHIP, SUZLON, HUDCO"
2024-09-03,3d,>=5%,20,1,5.0,HUDCO
2024-09-04,3d,>=5%,20,2,10.0,"OIL, HUDCO"
2024-09-05,3d,>=5%,20,2,10.0,"TORNTPOWER, OIL"
2024-09-06,3d,>=5%,20,5,25.0,"RVNL, OIL, DIXON, HUDCO, BHEL"
2024-09-09,3d,>=5%,20,6,30.0,"RECLTD, RVNL, COCHINSHIP, OIL, HUDCO, BHEL"
2024-09-10,3d,>=5%,20,1,5.0,OIL
2024-09-11,3d,>=5%,20,1,5.0,OIL
2024-09-12,3d,>=5%,20,2,10.0,"OIL, GRANULES"
2024-09-13,3d,>=5%,20,1,5.0,GRANULES
2024-09-16,3d,>=5%,20,1,5.0,GRANULES
2024-09-18,3d,>=5%,20,2,10.0,"IRFC, COCHINSHIP"
2024-09-19,3d,>=5%,20,5,25.0,"HAL, RVNL, IRFC, COCHINSHIP, OIL"
2024-09-20,3d,>=5%,20,2,10.0,"OIL, LUPIN"
2024-09-25,3d,>=5%,20,1,5.0,COCHINSHIP
2024-09-26,3d,>=5%,20,1,5.0,KALYANKJIL
2024-09-27,3d,>=5%,20,1,5.0,KALYANKJIL
2024-09-30,3d,>=5%,20,1,5.0,HEROMOTOCO
2024-10-01,3d,>=5%,20,1,5.0,HEROMOTOCO
2024-10-03,3d,>=5%,20,5,25.0,"PRESTIGE, OIL, SUZLON, HEROMOTOCO, BAJAJ-AUTO"
2024-10-04,3d,>=5%,20,4,20.0,"RVNL, COCHINSHIP, PRESTIGE, SUZLON"
2024-10-07,3d,>=5%,20,7,35.0,"KALYANKJIL, HAL, RVNL, IRFC, COCHINSHIP, SUZLON, GRANULES"
2024-10-14,3d,>=5%,20,1,5.0,COLPAL
2024-10-16,3d,>=5%,20,3,15.0,"OIL, TRENT, COLPAL"
2024-10-17,3d,>=5%,20,5,25.0,"VEDL, OIL, TRENT, HEROMOTOCO, BAJAJ-AUTO"
2024-10-18,3d,>=5%,20,4,20.0,"ETERNAL, PRESTIGE, HEROMOTOCO, BAJAJ-AUTO"
2024-10-21,3d,>=5%,20,6,30.0,"POWERINDIA, KALYANKJIL, PCBL, PRESTIGE, SUZLON, BAJAJ-AUTO"
2024-10-22,3d,>=5%,20,5,25.0,"POWERINDIA, KALYANKJIL, ETERNAL, PCBL, SUZLON"
2024-10-23,3d,>=5%,20,4,20.0,"POWERINDIA, HAL, PCBL, OIL"
2024-10-24,3d,>=5%,20,3,15.0,"POWERINDIA, HAL, PCBL"
2024-10-25,3d,>=5%,20,3,15.0,"OIL, DIXON, COLPAL"
2024-10-28,3d,>=5%,20,5,25.0,"TORNTPOWER, OIL, DIXON, COLPAL, BAJAJ-AUTO"
2024-10-29,3d,>=5%,20,4,20.0,"TORNTPOWER, PRESTIGE, OIL, HEROMOTOCO"
2024-10-30,3d,>=5%,20,1,5.0,TORNTPHARM
2024-10-31,3d,>=5%,20,2,10.0,"PCBL, SUZLON"
2024-11-01,3d,>=5%,20,1,5.0,DIXON
2024-11-05,3d,>=5%,20,1,5.0,TORNTPOWER
2024-11-07,3d,>=5%,20,1,5.0,TRENT
2024-11-08,3d,>=5%,20,1,5.0,TRENT
2024-11-11,3d,>=5%,20,6,30.0,"POWERINDIA, TORNTPOWER, GLENMARK, TRENT, COHANCE, PPLPHARMA"
2024-11-12,3d,>=5%,20,5,25.0,"POWERINDIA, TORNTPOWER, JUBLPHARMA, COHANCE, PPLPHARMA"
2024-11-13,3d,>=5%,20,9,45.0,"POWERINDIA, HAL, VEDL, GLENMARK, DIXON, JUBLPHARMA, MOTILALOFS, MCX, PPLPHARMA"
2024-11-14,3d,>=5%,20,8,40.0,"POWERINDIA, TORNTPOWER, KALYANKJIL, HAL, VEDL, GLENMARK, MOTILALOFS, MCX"
2024-11-18,3d,>=5%,20,4,20.0,"POWERINDIA, KALYANKJIL, GLENMARK, MOTILALOFS"
2025-06-12,3d,>=5%,20,4,20.0,"BSE, PAYTM, GRSE, MCX"
2025-06-13,3d,>=5%,20,4,20.0,"BSE, PAYTM, GRSE, MAZDOCK"
2025-06-16,3d,>=5%,20,2,10.0,"BSE, PAYTM"
2025-06-19,3d,>=5%,20,1,5.0,ERIS
2025-06-20,3d,>=5%,20,1,5.0,ERIS
2025-06-23,3d,>=5%,20,2,10.0,"ERIS, KIMS"
2025-06-24,3d,>=5%,20,1,5.0,ERIS
2025-06-25,3d,>=5%,20,1,5.0,GRSE
2025-06-26,3d,>=5%,20,2,10.0,"GRSE, MAZDOCK"
2025-07-01,3d,>=5%,20,1,5.0,FSL
2025-07-02,3d,>=5%,20,1,5.0,COROMANDEL
2025-07-03,3d,>=5%,20,1,5.0,COROMANDEL
2025-07-04,3d,>=5%,20,1,5.0,BSE
2025-07-07,3d,>=5%,20,1,5.0,DEEPAKFERT
2025-07-08,3d,>=5%,20,3,15.0,"DEEPAKFERT, BSE, MCX"
2025-07-09,3d,>=5%,20,1,5.0,DEEPAKFERT
2025-07-10,3d,>=5%,20,1,5.0,BSE
2025-07-11,3d,>=5%,20,2,10.0,"SOLARINDS, MCX"
2025-07-14,3d,>=5%,20,1,5.0,SOLARINDS
2025-07-24,3d,>=5%,20,1,5.0,COFORGE
2025-07-25,3d,>=5%,20,1,5.0,COFORGE
2025-07-28,3d,>=5%,20,2,10.0,"COFORGE, MCX"
2025-07-29,3d,>=5%,20,1,5.0,KIMS
2025-08-01,3d,>=5%,20,1,5.0,LAURUSLABS
2025-08-04,3d,>=5%,20,1,5.0,NH
2025-08-05,3d,>=5%,20,1,5.0,NH
2025-08-06,3d,>=5%,20,1,5.0,NH
2025-08-07,3d,>=5%,20,2,10.0,"ERIS, DIVISLAB"
2025-08-08,3d,>=5%,20,5,25.0,"DEEPAKFERT, RAMCOCEM, COROMANDEL, DIVISLAB, AMBER"
2025-08-11,3d,>=5%,20,3,15.0,"RAMCOCEM, GODFRYPHLP, AMBER"
2025-08-12,3d,>=5%,20,2,10.0,"RAMCOCEM, AMBER"
2025-08-13,3d,>=5%,20,2,10.0,"COROMANDEL, AMBER"
2025-08-21,3d,>=5%,20,2,10.0,"BAJAJHLDNG, BSE"
2025-08-22,3d,>=5%,20,2,10.0,"BSE, JKCEMENT"
2025-08-25,3d,>=5%,20,4,20.0,"LLOYDSME, FORTIS, BSE, JKCEMENT"
2025-08-26,3d,>=5%,20,4,20.0,"LLOYDSME, RAMCOCEM, BAJAJHLDNG, GODFRYPHLP"
2025-08-28,3d,>=5%,20,4,20.0,"DEEPAKFERT, COROMANDEL, BSE, MCX"
2025-08-29,3d,>=5%,20,4,20.0,"DEEPAKFERT, BSE, PAYTM, MCX"
2026-05-11,3d,>=5%,20,2,10.0,"VEDL, GMDCLTD"
2026-05-12,3d,>=5%,20,8,40.0,"POWERINDIA, KIRLOSENG, NETWEB, ABCAPITAL, ADANIPOWER, GMDCLTD, GVT&D, SCHNEIDER"
2026-05-13,3d,>=5%,20,7,35.0,"POWERINDIA, GESHIP, KIRLOSENG, NETWEB, ABCAPITAL, ADANIPOWER, GVT&D"
2026-05-14,3d,>=5%,20,2,10.0,"GESHIP, NETWEB"
2026-05-18,3d,>=5%,20,1,5.0,SCHNEIDER
2026-05-19,3d,>=5%,20,2,10.0,"HINDCOPPER, SCHNEIDER"
2026-05-22,3d,>=5%,20,1,5.0,GLENMARK
2026-05-27,3d,>=5%,20,1,5.0,GESHIP
2026-05-29,3d,>=5%,20,2,10.0,"GESHIP, MCX"
2026-06-01,3d,>=5%,20,5,25.0,"GESHIP, GLENMARK, ADANIPOWER, SCHNEIDER, MCX"
2026-06-02,3d,>=5%,20,8,40.0,"POWERINDIA, VEDL, GLENMARK, ADANIPOWER, GVT&D, SCHNEIDER, MCX, CUMMINSIND"
2026-06-03,3d,>=5%,20,3,15.0,"POWERINDIA, VEDL, SCHNEIDER"
2026-06-04,3d,>=5%,20,1,5.0,SCHNEIDER
2026-06-05,3d,>=5%,20,2,10.0,"VEDL, NATIONALUM"
2026-06-08,3d,>=5%,20,6,30.0,"HINDALCO, HINDCOPPER, VEDL, NETWEB, NATIONALUM, GMDCLTD"
2026-06-09,3d,>=5%,20,6,30.0,"POWERINDIA, KIRLOSENG, VEDL, NETWEB, NATIONALUM, GMDCLTD"
2026-06-10,3d,>=5%,20,6,30.0,"POWERINDIA, GESHIP, VEDL, NETWEB, ADANIPOWER, GMDCLTD"
2026-06-11,3d,>=5%,20,1,5.0,POWERINDIA
2026-06-12,3d,>=5%,20,1,5.0,HINDALCO
2026-06-23,3d,>=5%,20,1,5.0,VEDL
2026-06-24,3d,>=5%,20,5,25.0,"POWERINDIA, VEDL, NATIONALUM, GVT&D, CUMMINSIND"
2026-06-25,3d,>=5%,20,5,25.0,"POWERINDIA, HINDALCO, VEDL, NATIONALUM, GVT&D"
2026-06-29,3d,>=5%,20,2,10.0,"NETWEB, GVT&D"
2026-06-30,3d,>=5%,20,3,15.0,"APARINDS, KIRLOSENG, NETWEB"
2026-07-01,3d,>=5%,20,4,20.0,"APARINDS, GESHIP, KIRLOSENG, NETWEB"
2026-07-02,3d,>=5%,20,2,10.0,"APARINDS, GESHIP"
2026-07-03,3d,>=5%,20,4,20.0,"POWERINDIA, APARINDS, KIRLOSENG, GVT&D"
2026-07-06,3d,>=5%,20,3,15.0,"POWERINDIA, GVT&D, MCX"
2026-07-07,3d,>=5%,20,3,15.0,"APARINDS, GVT&D, MCX"
2026-07-08,3d,>=5%,20,2,10.0,"APARINDS, NETWEB"
2026-07-17,3d,>=5%,20,3,15.0,"VEDL, NATIONALUM, ADANIPOWER"
2026-07-20,3d,>=5%,20,4,20.0,"HFCL, KIRLOSENG, NATIONALUM, GVT&D"
2026-07-21,3d,>=5%,20,1,5.0,KIRLOSENG
2026-07-24,3d,>=5%,20,3,15.0,"SYRMA, HFCL, GVT&D"
2026-07-27,3d,>=5%,20,2,10.0,"HFCL, GVT&D"
2026-07-28,3d,>=5%,20,2,10.0,"SYRMA, HFCL"
2026-07-30,3d,>=5%,20,1,5.0,KIRLOSENG
2026-08-11,3d,>=5%,20,2,10.0,"KIRLOSENG, BHARATFORG"
2026-08-12,3d,>=5%,20,2,10.0,"KIRLOSENG, BHARATFORG"
2026-08-17,3d,>=5%,20,2,10.0,"APARINDS, NATIONALUM"
2026-08-19,3d,>=5%,20,1,5.0,HONASA
2026-08-25,3d,>=5%,20,1,5.0,KIRLOSENG
2026-08-26,3d,>=5%,20,1,5.0,NETWEB
2026-08-27,3d,>=5%,20,1,5.0,HINDCOPPER
2026-08-31,3d,>=5%,20,2,10.0,"HINDCOPPER, ADANIENSOL"
2026-09-01,3d,>=5%,20,1,5.0,ADANIENSOL
2026-09-02,3d,>=5%,20,5,25.0,"HFCL, APARINDS, VEDL, ADANIENSOL, NATIONALUM"
2026-09-03,3d,>=5%,20,3,15.0,"HFCL, BHARATFORG, MCX"
2007-09-27,3d,>=7%,20,2,10.0,"JINDALSTEL, TFCILTD"
2007-09-28,3d,>=7%,20,1,5.0,TFCILTD
2007-10-03,3d,>=7%,20,1,5.0,RAJESHEXPO
2007-10-05,3d,>=7%,20,1,5.0,TFCILTD
2007-10-08,3d,>=7%,20,5,25.0,"JSWSTEEL, APTECHT, PRAJIND, KOTAKBANK, TFCILTD"
2007-10-09,3d,>=7%,20,3,15.0,"APTECHT, PRAJIND, TFCILTD"
2007-10-17,3d,>=7%,20,1,5.0,RAJESHEXPO
2007-10-18,3d,>=7%,20,11,55.0,"JSWSTEEL, ADANIENT, APTECHT, BHARTIARTL, PRAJIND, JINDALSTEL, CRISIL, KOTAKBANK, TFCILTD, UNITDSPR, LT"
2007-10-19,3d,>=7%,20,13,65.0,"JSWSTEEL, ADANIENT, APTECHT, BHARTIARTL, PRAJIND, SOUTHBANK, JINDALSTEL, CRISIL, KOTAKBANK, DIVISLAB, TFCILTD, UNITDSPR, LT"
2007-10-22,3d,>=7%,20,7,35.0,"ABB, BHARTIARTL, RELIANCE, GMDCLTD, JINDALSTEL, KOTAKBANK, TFCILTD"
2007-10-23,3d,>=7%,20,1,5.0,GMDCLTD
2007-11-01,3d,>=7%,20,3,15.0,"PRAJIND, TFCILTD, UNITDSPR"
2007-11-02,3d,>=7%,20,3,15.0,"BHARTIARTL, PRAJIND, UNITDSPR"
2007-11-07,3d,>=7%,20,4,20.0,"JINDALSTEL, KOTAKBANK, DIVISLAB, LT"
2007-11-08,3d,>=7%,20,2,10.0,"RIIL, JINDALSTEL"
2007-11-09,3d,>=7%,20,1,5.0,JINDALSTEL
2007-11-12,3d,>=7%,20,2,10.0,"JSWSTEEL, JINDALSTEL"
2007-11-14,3d,>=7%,20,1,5.0,RIIL
2007-11-21,3d,>=7%,20,5,25.0,"STCINDIA, RELINFRA, VEDL, ABAN, UNITDSPR"
2007-11-22,3d,>=7%,20,13,65.0,"STCINDIA, ABB, JSWSTEEL, RELINFRA, VEDL, WELCORP, RIIL, GMDCLTD, JINDALSTEL, ABAN, UNITDSPR, THERMAX, LT"
2007-11-23,3d,>=7%,20,6,30.0,"STCINDIA, RIIL, GMDCLTD, ABAN, DIVISLAB, THERMAX"
2007-11-26,3d,>=7%,20,2,10.0,"STCINDIA, GMDCLTD"
2007-11-27,3d,>=7%,20,2,10.0,"STCINDIA, GMDCLTD"
2007-11-28,3d,>=7%,20,1,5.0,ADANIENT
2007-11-29,3d,>=7%,20,3,15.0,"ADANIENT, RELINFRA, JINDALSTEL"
2007-12-07,3d,>=7%,20,1,5.0,RIIL
2007-12-10,3d,>=7%,20,2,10.0,"STCINDIA, RIIL"
2007-12-17,3d,>=7%,20,4,20.0,"STCINDIA, WELCORP, JINDALSTEL, KOTAKBANK"
2007-12-18,3d,>=7%,20,7,35.0,"STCINDIA, JSWSTEEL, WELCORP, RIIL, JINDALSTEL, KOTAKBANK, DIVISLAB"
2007-12-19,3d,>=7%,20,7,35.0,"STCINDIA, JSWSTEEL, VEDL, JINDALSTEL, KOTAKBANK, ABAN, DIVISLAB"
2008-01-09,3d,>=7%,20,2,10.0,"JSWSTEEL, ADANIENT"
2008-01-10,3d,>=7%,20,7,35.0,"STCINDIA, JSWSTEEL, ADANIENT, RIIL, KOTAKBANK, DIVISLAB, USHAMART"
2008-01-11,3d,>=7%,20,6,30.0,"STCINDIA, ADANIENT, VEDL, RIIL, KOTAKBANK, USHAMART"
2008-01-14,3d,>=7%,20,2,10.0,"ADANIENT, USHAMART"
2008-01-16,3d,>=7%,20,1,5.0,RELINFRA
2008-01-17,3d,>=7%,20,2,10.0,"RELINFRA, ABAN"
2008-01-18,3d,>=7%,20,7,35.0,"JSWSTEEL, RELINFRA, RELIANCE, JINDALSTEL, KOTAKBANK, ABAN, DIVISLAB"
2008-01-21,3d,>=7%,20,15,75.0,"INDIAGLYCO, JSWSTEEL, ADANIENT, RELINFRA, VEDL, RELIANCE, SOUTHBANK, WELCORP, GMDCLTD, JINDALSTEL, KOTAKBANK, ABAN, DIVISLAB, RAJESHEXPO, LT"
2008-01-22,3d,>=7%,20,19,95.0,"INDIAGLYCO, STCINDIA, JSWSTEEL, ADANIENT, RELINFRA, VEDL, RELIANCE, SOUTHBANK, WELCORP, SHRIRAMFIN, RIIL, GMDCLTD, JINDALSTEL, KOTAKBANK, ABAN, DIVISLAB, RAJESHEXPO, USHAMART, LT"
2008-01-23,3d,>=7%,20,14,70.0,"INDIAGLYCO, STCINDIA, JSWSTEEL, ADANIENT, VEDL, RELIANCE, SOUTHBANK, RIIL, GMDCLTD, JINDALSTEL, ABAN, DIVISLAB, RAJESHEXPO, USHAMART"
2008-01-24,3d,>=7%,20,8,40.0,"INDIAGLYCO, STCINDIA, JSWSTEEL, ADANIENT, RIIL, GMDCLTD, JINDALSTEL, USHAMART"
2008-01-25,3d,>=7%,20,2,10.0,"STCINDIA, USHAMART"
2008-01-28,3d,>=7%,20,1,5.0,STCINDIA
2009-04-17,3d,>=7%,17,4,23.529411764705884,"DSKULKARNI, NOIDATOLL, FSL, EMBDL"
2009-04-20,3d,>=7%,17,5,29.41176470588235,"DSKULKARNI, NOIDATOLL, MCLEODRUSS, EMBDL, IIFL"
2009-04-24,3d,>=7%,17,1,5.882352941176471,NOIDATOLL
2009-04-27,3d,>=7%,17,1,5.882352941176471,DONEAR
2009-04-28,3d,>=7%,17,2,11.764705882352942,"FSL, EMBDL"
2009-04-29,3d,>=7%,17,2,11.764705882352942,"FSL, EMBDL"
2009-05-07,3d,>=7%,17,1,5.882352941176471,UNIONBANK
2009-05-08,3d,>=7%,17,1,5.882352941176471,UNIONBANK
2009-05-11,3d,>=7%,17,2,11.764705882352942,"UNIONBANK, ORIENTPPR"
2009-05-13,3d,>=7%,17,1,5.882352941176471,NIITLTD
2009-05-21,3d,>=7%,17,2,11.764705882352942,"IDEA, HEROMOTOCO"
2009-05-25,3d,>=7%,17,1,5.882352941176471,IIFL
2009-05-26,3d,>=7%,17,2,11.764705882352942,"PFC, IIFL"
2009-05-28,3d,>=7%,17,1,5.882352941176471,ORIENTPPR
2009-06-02,3d,>=7%,17,1,5.882352941176471,DONEAR
2009-06-08,3d,>=7%,17,7,41.1764705882353,"NOIDATOLL, DONEAR, FSL, MUNJALSHOW, MCLEODRUSS, EMBDL, NIITLTD"
2009-06-09,3d,>=7%,20,1,5.0,ORIENTPPR
2009-06-10,3d,>=7%,20,1,5.0,IIFL
2009-06-12,3d,>=7%,20,1,5.0,IIFL
2009-06-15,3d,>=7%,20,3,15.0,"COROMANDEL, IIFL, BHEL"
2009-06-16,3d,>=7%,20,1,5.0,IIFL
2009-06-17,3d,>=7%,20,1,5.0,IIFL
2009-06-18,3d,>=7%,20,5,25.0,"ENGINERSIN, GODREJCP, UNIONBANK, ONGC, ORIENTPPR"
2009-06-19,3d,>=7%,20,5,25.0,"ENGINERSIN, PFC, IIFL, ONGC, ORIENTPPR"
2009-06-22,3d,>=7%,20,1,5.0,BERGEPAINT
2009-06-23,3d,>=7%,20,1,5.0,COROMANDEL
2009-06-24,3d,>=7%,20,1,5.0,COROMANDEL
2009-06-30,3d,>=7%,20,1,5.0,LUPIN
2009-07-01,3d,>=7%,20,1,5.0,RALLIS
2009-07-06,3d,>=7%,20,4,20.0,"ENGINERSIN, BANKBARODA, IIFL, ORIENTPPR"
2009-07-07,3d,>=7%,20,4,20.0,"ENGINERSIN, UNIONBANK, BANKBARODA, ONGC"
2009-07-08,3d,>=7%,20,8,40.0,"ENGINERSIN, UNIONBANK, MUNJALSHOW, BANKBARODA, COROMANDEL, PFC, ONGC, LICHSGFIN"
2009-07-09,3d,>=7%,20,2,10.0,"MUNJALSHOW, ONGC"
2009-07-10,3d,>=7%,20,2,10.0,"COROMANDEL, JAYSREETEA"
2009-07-13,3d,>=7%,20,2,10.0,"COROMANDEL, JAYSREETEA"
2009-07-23,3d,>=7%,20,1,5.0,LICHSGFIN
2009-07-24,3d,>=7%,20,2,10.0,"UNIONBANK, LICHSGFIN"
2009-07-27,3d,>=7%,20,1,5.0,UNIONBANK
2009-08-06,3d,>=7%,20,2,10.0,"MUNJALSHOW, MARUTI"
2009-08-07,3d,>=7%,20,4,20.0,"PFC, MARUTI, HEROMOTOCO, RALLIS"
2009-08-10,3d,>=7%,20,7,35.0,"SHREECEM, PNB, MUNJALSHOW, JAYSREETEA, MARUTI, HEROMOTOCO, RALLIS"
2009-08-11,3d,>=7%,20,3,15.0,"SHREECEM, MUNJALSHOW, RALLIS"
2009-08-18,3d,>=7%,20,1,5.0,HEROMOTOCO
2009-08-19,3d,>=7%,20,2,10.0,"MUNJALSHOW, HEROMOTOCO"
2009-08-20,3d,>=7%,20,1,5.0,MCLEODRUSS
2009-09-02,3d,>=7%,20,2,10.0,"LUPIN, KSB"
2009-09-10,3d,>=7%,20,1,5.0,MUNJALSHOW
2009-10-09,3d,>=7%,20,1,5.0,MARUTI
2009-10-22,3d,>=7%,20,1,5.0,AUROPHARMA
2009-10-26,3d,>=7%,20,1,5.0,UNIONBANK
2009-10-27,3d,>=7%,20,2,10.0,"JAYSREETEA, SUPREMEIND"
2009-10-28,3d,>=7%,20,2,10.0,"LICHSGFIN, RALLIS"
2009-10-29,3d,>=7%,20,5,25.0,"MUNJALSHOW, AUROPHARMA, MARUTI, LICHSGFIN, RALLIS"
2009-10-30,3d,>=7%,20,3,15.0,"MUNJALSHOW, AUROPHARMA, LICHSGFIN"
2009-11-03,3d,>=7%,20,5,25.0,"MUNJALSHOW, MCLEODRUSS, AUROPHARMA, JINDALSTEL, LICHSGFIN"
2009-11-04,3d,>=7%,20,1,5.0,MUNJALSHOW
2009-11-23,3d,>=7%,20,1,5.0,DHAMPURSUG
2009-12-07,3d,>=7%,20,1,5.0,SUPREMEIND
2009-12-14,3d,>=7%,20,1,5.0,RENUKA
2010-01-11,3d,>=7%,20,1,5.0,MCLEODRUSS
2010-01-12,3d,>=7%,20,1,5.0,MCLEODRUSS
2010-01-20,3d,>=7%,20,1,5.0,RENUKA
2010-01-21,3d,>=7%,20,1,5.0,DHAMPURSUG
2010-01-22,3d,>=7%,20,1,5.0,MCLEODRUSS
2010-01-25,3d,>=7%,20,4,20.0,"SHREECEM, VEDL, MCLEODRUSS, JAYSREETEA"
2010-01-27,3d,>=7%,20,6,30.0,"RECLTD, SEAMECLTD, VEDL, MCLEODRUSS, JAYSREETEA, LICHSGFIN"
2010-01-28,3d,>=7%,20,4,20.0,"VEDL, MCLEODRUSS, JAYSREETEA, LICHSGFIN"
2010-01-29,3d,>=7%,20,3,15.0,"RECLTD, VEDL, RENUKA"
2010-02-04,3d,>=7%,20,2,10.0,"DHAMPURSUG, RENUKA"
2010-02-05,3d,>=7%,20,3,15.0,"DHAMPURSUG, EICHERMOT, RENUKA"
2010-02-06,3d,>=7%,20,1,5.0,RENUKA
2010-02-19,3d,>=7%,20,1,5.0,DHAMPURSUG
2010-02-22,3d,>=7%,20,2,10.0,"DHAMPURSUG, MCLEODRUSS"
2010-02-23,3d,>=7%,20,2,10.0,"DHAMPURSUG, THERMAX"
2010-02-24,3d,>=7%,20,1,5.0,DHAMPURSUG
2010-02-25,3d,>=7%,20,1,5.0,DHAMPURSUG
2010-03-02,3d,>=7%,20,1,5.0,DHAMPURSUG
2010-03-25,3d,>=7%,20,1,5.0,TMPV
2010-03-30,3d,>=7%,20,1,5.0,ENGINERSIN
2010-03-31,3d,>=7%,20,1,5.0,ENGINERSIN
2010-04-13,3d,>=7%,20,1,5.0,VEDL
2010-04-27,3d,>=7%,20,1,5.0,MCLEODRUSS
2010-04-28,3d,>=7%,20,1,5.0,MCLEODRUSS
2010-05-03,3d,>=7%,20,1,5.0,SOUTHBANK
2010-05-04,3d,>=7%,20,3,15.0,"JSWSTEEL, VEDL, SOUTHBANK"
2010-05-05,3d,>=7%,20,4,20.0,"VEDL, SOUTHBANK, MCLEODRUSS, JINDALSTEL"
2010-05-06,3d,>=7%,20,1,5.0,JINDALSTEL
2010-05-07,3d,>=7%,20,2,10.0,"JINDALSTEL, TMPV"
2010-05-12,3d,>=7%,20,1,5.0,ENGINERSIN
2010-05-13,3d,>=7%,20,1,5.0,ENGINERSIN
2010-05-17,3d,>=7%,20,1,5.0,ENGINERSIN
2010-05-18,3d,>=7%,20,1,5.0,TMPV
2010-05-19,3d,>=7%,20,2,10.0,"ENGINERSIN, TMPV"
2010-05-20,3d,>=7%,20,4,20.0,"ENGINERSIN, VEDL, ESCORTS, TMPV"
2010-05-21,3d,>=7%,20,4,20.0,"ENGINERSIN, VEDL, ESCORTS, TMPV"
2010-05-24,3d,>=7%,20,1,5.0,ENGINERSIN
2010-08-26,3d,>=7%,20,2,10.0,"SHOPERSTOP, RALLIS"
2010-08-27,3d,>=7%,20,1,5.0,SUDARCOLOR
2010-09-15,3d,>=7%,20,1,5.0,VENKEYS
2010-09-16,3d,>=7%,20,2,10.0,"VENKEYS, COROMANDEL"
2010-09-21,3d,>=7%,20,1,5.0,KARURVYSYA
2010-09-22,3d,>=7%,20,1,5.0,KARURVYSYA
2010-09-23,3d,>=7%,20,1,5.0,VENKEYS
2010-10-07,3d,>=7%,20,1,5.0,VIPIND
2010-10-08,3d,>=7%,20,1,5.0,VIPIND
2010-10-15,3d,>=7%,20,1,5.0,CASTROLIND
2010-10-18,3d,>=7%,20,1,5.0,CASTROLIND
2010-10-19,3d,>=7%,20,1,5.0,JINDALPOLY
2010-10-20,3d,>=7%,20,1,5.0,JINDALPOLY
2010-10-21,3d,>=7%,20,1,5.0,JINDALPOLY
2010-10-22,3d,>=7%,20,1,5.0,JINDALPOLY
2010-10-25,3d,>=7%,20,1,5.0,KANSAINER
2010-10-27,3d,>=7%,20,1,5.0,VENKEYS
2010-10-28,3d,>=7%,20,1,5.0,VENKEYS
2010-10-29,3d,>=7%,20,1,5.0,VENKEYS
2010-11-12,3d,>=7%,20,1,5.0,JINDALPOLY
2010-11-15,3d,>=7%,20,2,10.0,"UFLEX, JINDALPOLY"
2010-11-16,3d,>=7%,20,3,15.0,"UFLEX, TITAN, JINDALPOLY"
2010-11-18,3d,>=7%,20,2,10.0,"UFLEX, JINDALPOLY"
2010-11-19,3d,>=7%,20,3,15.0,"M&MFIN, VENKEYS, JINDALPOLY"
2010-11-22,3d,>=7%,20,1,5.0,VENKEYS
2010-11-23,3d,>=7%,20,2,10.0,"VENKEYS, COROMANDEL"
2010-11-24,3d,>=7%,20,1,5.0,COROMANDEL
2010-11-25,3d,>=7%,20,4,20.0,"UFLEX, M&MFIN, SUNDARMFIN, JINDALPOLY"
2010-11-26,3d,>=7%,20,3,15.0,"UFLEX, SUNDARMFIN, JINDALPOLY"
2011-04-19,3d,>=7%,20,1,5.0,BLUEDART
2011-04-21,3d,>=7%,20,1,5.0,COROMANDEL
2011-04-25,3d,>=7%,20,1,5.0,COROMANDEL
2011-04-26,3d,>=7%,20,1,5.0,COROMANDEL
2011-04-29,3d,>=7%,20,3,15.0,"UCOBANK, ELGIEQUIP, BANKBARODA"
2011-05-02,3d,>=7%,20,3,15.0,"UCOBANK, ELGIEQUIP, BANKBARODA"
2011-05-03,3d,>=7%,20,6,30.0,"UCOBANK, BAJFINANCE, M&MFIN, TITAN, ELGIEQUIP, BANKBARODA"
2011-05-04,3d,>=7%,20,4,20.0,"EICHERMOT, BAJFINANCE, BANKBARODA, RALLIS"
2011-05-05,3d,>=7%,20,1,5.0,BAJFINANCE
2011-05-09,3d,>=7%,20,1,5.0,JINDALPOLY
2011-05-13,3d,>=7%,20,1,5.0,ATUL
2011-05-17,3d,>=7%,20,1,5.0,M&MFIN
2011-05-18,3d,>=7%,20,2,10.0,"M&MFIN, FMGOETZE"
2011-06-20,3d,>=7%,20,4,20.0,"ARVIND, JINDALPOLY, UBL, VIPIND"
2011-06-21,3d,>=7%,20,5,25.0,"ARVIND, JINDALPOLY, BATAINDIA, UBL, VIPIND"
2011-06-22,3d,>=7%,20,3,15.0,"ARVIND, JINDALPOLY, UBL"
2011-06-23,3d,>=7%,20,1,5.0,JINDALPOLY
2012-02-22,3d,>=7%,20,1,5.0,ARVIND
2012-02-23,3d,>=7%,20,1,5.0,ARVIND
2012-02-24,3d,>=7%,20,3,15.0,"ARVIND, ACC, LICHSGFIN"
2012-02-27,3d,>=7%,20,1,5.0,ARVIND
2012-03-16,3d,>=7%,20,1,5.0,GMDCLTD
2012-03-26,3d,>=7%,20,2,10.0,"ARVIND, HAVELLS"
2012-04-09,3d,>=7%,20,1,5.0,SHREECEM
2012-04-11,3d,>=7%,20,1,5.0,SHREECEM
2012-04-17,3d,>=7%,20,1,5.0,ASTRAZEN
2012-04-27,3d,>=7%,20,1,5.0,ASTRAZEN
2012-04-28,3d,>=7%,20,1,5.0,ASTRAZEN
2012-05-03,3d,>=7%,20,1,5.0,KAJARIACER
2012-05-04,3d,>=7%,20,4,20.0,"JUBLFOOD, KAJARIACER, MRF, ASTRAZEN"
2012-05-07,3d,>=7%,20,1,5.0,KAJARIACER
2012-05-08,3d,>=7%,20,2,10.0,"MRF, VSTIND"
2012-05-11,3d,>=7%,20,1,5.0,ASTRAZEN
2012-05-14,3d,>=7%,20,1,5.0,ASTRAZEN
2012-05-15,3d,>=7%,20,2,10.0,"EICHERMOT, ASTRAZEN"
2012-05-16,3d,>=7%,20,1,5.0,ASTRAZEN
2012-06-01,3d,>=7%,20,2,10.0,"ASTRAZEN, HAVELLS"
2012-06-04,3d,>=7%,20,2,10.0,"JUBLFOOD, BLUEDART"
2012-06-05,3d,>=7%,20,2,10.0,"JUBLFOOD, BATAINDIA"
2012-07-13,3d,>=7%,20,1,5.0,DCW
2012-07-26,3d,>=7%,20,1,5.0,JUBLFOOD
2012-07-27,3d,>=7%,20,2,10.0,"ASTRAZEN, HAVELLS"
2012-07-30,3d,>=7%,20,1,5.0,ASTRAZEN
2012-08-09,3d,>=7%,20,1,5.0,DCW
2012-08-21,3d,>=7%,20,1,5.0,VSTIND
2012-08-29,3d,>=7%,20,1,5.0,DCW
2012-09-04,3d,>=7%,20,1,5.0,BLUEDART
2012-09-05,3d,>=7%,20,1,5.0,BLUEDART
2012-09-06,3d,>=7%,20,1,5.0,BLUEDART
2012-09-17,3d,>=7%,20,2,10.0,"DCW, BSOFT"
2012-10-17,3d,>=7%,20,1,5.0,ZENSARTECH
2012-10-18,3d,>=7%,20,1,5.0,ZENSARTECH
2012-10-29,3d,>=7%,20,2,10.0,"ZENSARTECH, HAVELLS"
2012-10-30,3d,>=7%,20,1,5.0,HAVELLS
2012-10-31,3d,>=7%,20,1,5.0,HAVELLS
2012-11-09,3d,>=7%,20,1,5.0,IPCALAB
2012-11-12,3d,>=7%,20,1,5.0,SOBHA
2012-11-19,3d,>=7%,20,1,5.0,EICHERMOT
2012-11-20,3d,>=7%,20,1,5.0,DCW
2012-12-07,3d,>=7%,20,1,5.0,STAR
2012-12-13,3d,>=7%,20,1,5.0,KTKBANK
2012-12-14,3d,>=7%,20,1,5.0,KTKBANK
2012-12-17,3d,>=7%,20,1,5.0,KTKBANK
2012-12-24,3d,>=7%,20,1,5.0,KTKBANK
2012-12-26,3d,>=7%,20,1,5.0,ATUL
2012-12-28,3d,>=7%,20,1,5.0,STAR
2013-01-10,3d,>=7%,20,1,5.0,ULTRACEMCO
2013-01-11,3d,>=7%,20,3,15.0,"M&MFIN, KTKBANK, ULTRACEMCO"
2013-01-21,3d,>=7%,20,1,5.0,KAJARIACER
2013-01-22,3d,>=7%,20,1,5.0,M&MFIN
2013-01-24,3d,>=7%,20,2,10.0,"KTKBANK, STAR"
2013-01-25,3d,>=7%,20,1,5.0,KTKBANK
2013-02-04,3d,>=7%,20,1,5.0,KTKBANK
2013-02-07,3d,>=7%,20,2,10.0,"AARTIIND, STAR"
2013-02-08,3d,>=7%,20,2,10.0,"AARTIIND, STAR"
2013-02-11,3d,>=7%,20,1,5.0,STAR
2013-02-14,3d,>=7%,20,2,10.0,"DCW, BAJAJFINSV"
2013-11-07,3d,>=7%,20,2,10.0,"RCOM, UNITDSPR"
2013-11-11,3d,>=7%,20,3,15.0,"BRITANNIA, FINPIPE, EMAMILTD"
2013-11-12,3d,>=7%,20,1,5.0,RCOM
2013-12-13,3d,>=7%,20,1,5.0,ESCORTS
2013-12-20,3d,>=7%,20,1,5.0,MOTHERSON
2013-12-23,3d,>=7%,20,1,5.0,MOTHERSON
2013-12-24,3d,>=7%,20,1,5.0,MOTHERSON
2014-01-03,3d,>=7%,20,1,5.0,ESCORTS
2014-01-06,3d,>=7%,20,1,5.0,ESCORTS
2014-01-08,3d,>=7%,20,1,5.0,M&MFIN
2014-01-09,3d,>=7%,20,1,5.0,M&MFIN
2014-01-10,3d,>=7%,20,2,10.0,"FINPIPE, M&MFIN"
2014-01-13,3d,>=7%,20,1,5.0,FINPIPE
2014-01-17,3d,>=7%,20,1,5.0,IDEA
2014-01-20,3d,>=7%,20,1,5.0,IDEA
2014-01-22,3d,>=7%,20,1,5.0,M&MFIN
2014-01-23,3d,>=7%,20,2,10.0,"M&MFIN, SUPREMEIND"
2014-01-24,3d,>=7%,20,3,15.0,"BIOCON, M&MFIN, SUPREMEIND"
2014-01-27,3d,>=7%,20,2,10.0,"RCOM, BIOCON"
2014-01-28,3d,>=7%,20,2,10.0,"IDEA, RCOM"
2014-01-29,3d,>=7%,20,2,10.0,"IDEA, BLUEDART"
2014-01-30,3d,>=7%,20,1,5.0,BLUEDART
2014-01-31,3d,>=7%,20,1,5.0,BLUEDART
2014-02-03,3d,>=7%,20,1,5.0,BLUEDART
2014-02-06,3d,>=7%,20,1,5.0,ESCORTS
2014-02-07,3d,>=7%,20,1,5.0,IDEA
2014-02-10,3d,>=7%,20,1,5.0,IDEA
2014-02-13,3d,>=7%,20,1,5.0,ESCORTS
2014-02-14,3d,>=7%,20,1,5.0,ESCORTS
2014-03-05,3d,>=7%,20,1,5.0,HCLTECH
2014-03-07,3d,>=7%,20,1,5.0,IPCALAB
2014-03-10,3d,>=7%,20,1,5.0,ECLERX
2014-03-11,3d,>=7%,20,3,15.0,"AUROPHARMA, PERSISTENT, ECLERX"
2014-03-26,3d,>=7%,20,1,5.0,TATAELXSI
2014-03-28,3d,>=7%,20,1,5.0,TATAELXSI
2014-04-07,3d,>=7%,20,1,5.0,PAGEIND
2014-04-16,3d,>=7%,20,1,5.0,TVSMOTOR
2014-04-23,3d,>=7%,20,1,5.0,MRF
2014-04-25,3d,>=7%,20,1,5.0,MRF
2014-04-28,3d,>=7%,20,1,5.0,MRF
2014-04-30,3d,>=7%,20,1,5.0,RCOM
2014-05-02,3d,>=7%,20,1,5.0,RCOM
2014-05-05,3d,>=7%,20,3,15.0,"FSL, RCOM, ESCORTS"
2014-05-06,3d,>=7%,20,3,15.0,"FSL, ESCORTS, FINCABLES"
2014-05-07,3d,>=7%,20,4,20.0,"FSL, HCLTECH, ESCORTS, FINCABLES"
2014-05-16,3d,>=7%,20,1,5.0,ARVIND
2014-05-19,3d,>=7%,20,5,25.0,"FSL, ARVIND, IPCALAB, PERSISTENT, HCLTECH"
2014-05-23,3d,>=7%,20,1,5.0,ECLERX
2014-05-28,3d,>=7%,20,2,10.0,"ARVIND, KAJARIACER"
2014-06-04,3d,>=7%,20,1,5.0,HCLTECH
2014-06-13,3d,>=7%,20,2,10.0,"TATAELXSI, BEML"
2014-06-18,3d,>=7%,20,1,5.0,KAJARIACER
2014-06-19,3d,>=7%,20,1,5.0,KAJARIACER
2014-07-07,3d,>=7%,20,1,5.0,SRF
2014-07-08,3d,>=7%,20,2,10.0,"TVSMOTOR, SRF"
2014-07-09,3d,>=7%,20,5,25.0,"TVSMOTOR, ARVIND, AUROPHARMA, SRF, BHARATFORG"
2014-07-10,3d,>=7%,20,4,20.0,"ARVIND, AUROPHARMA, TATAELXSI, CANFINHOME"
2014-07-11,3d,>=7%,20,2,10.0,"FSL, ARVIND"
2014-07-14,3d,>=7%,20,2,10.0,"KEC, SWARAJENG"
2014-07-25,3d,>=7%,20,3,15.0,"TVSMOTOR, ARVIND, CANFINHOME"
2014-07-28,3d,>=7%,20,3,15.0,"TVSMOTOR, ARVIND, CANFINHOME"
2014-07-30,3d,>=7%,20,1,5.0,CANFINHOME
2014-07-31,3d,>=7%,20,1,5.0,KEC
2014-08-01,3d,>=7%,20,1,5.0,KEC
2014-08-04,3d,>=7%,20,1,5.0,KEC
2014-08-05,3d,>=7%,20,1,5.0,KEC
2014-08-08,3d,>=7%,20,2,10.0,"KEC, SKFINDIA"
2014-08-11,3d,>=7%,20,2,10.0,"KEC, SKFINDIA"
2014-09-16,3d,>=7%,20,4,20.0,"TVSMOTOR, KEC, BHARATFORG, SIMPLEXINF"
2014-09-17,3d,>=7%,20,3,15.0,"KEC, GPPL, CANFINHOME"
2014-09-23,3d,>=7%,20,4,20.0,"ARVIND, AUROPHARMA, FINCABLES, SKFINDIA"
2014-09-24,3d,>=7%,20,4,20.0,"ARVIND, AUROPHARMA, GPPL, FINCABLES"
2014-09-25,3d,>=7%,20,4,20.0,"ARVIND, SIMPLEXINF, TATAELXSI, FINCABLES"
2014-09-26,3d,>=7%,20,1,5.0,SIMPLEXINF
2014-09-29,3d,>=7%,20,1,5.0,SIMPLEXINF
2014-10-16,3d,>=7%,20,2,10.0,"KAJARIACER, SRF"
2014-10-17,3d,>=7%,20,2,10.0,"ATUL, AARTIIND"
2014-10-20,3d,>=7%,20,2,10.0,"ATUL, SUNDRMFAST"
2014-10-21,3d,>=7%,20,1,5.0,ATUL
2014-11-07,3d,>=7%,20,1,5.0,KEC
2014-11-11,3d,>=7%,20,1,5.0,ARVIND
2014-11-14,3d,>=7%,20,1,5.0,BALKRISIND
2014-11-17,3d,>=7%,20,1,5.0,BALKRISIND
2014-11-18,3d,>=7%,20,1,5.0,BALKRISIND
2014-11-19,3d,>=7%,20,1,5.0,BALKRISIND
2014-12-08,3d,>=7%,20,1,5.0,AIAENG
2014-12-17,3d,>=7%,20,2,10.0,"AUROPHARMA, JKLAKSHMI"
2014-12-29,3d,>=7%,20,1,5.0,AARTIIND
2015-01-08,3d,>=7%,20,1,5.0,AIAENG
2015-01-23,3d,>=7%,20,1,5.0,CANFINHOME
2015-01-27,3d,>=7%,20,1,5.0,CANFINHOME
2015-01-28,3d,>=7%,20,1,5.0,CANFINHOME
2015-02-02,3d,>=7%,20,1,5.0,TVSMOTOR
2015-02-03,3d,>=7%,20,1,5.0,TVSMOTOR
2015-02-05,3d,>=7%,20,1,5.0,AUROPHARMA
2015-02-06,3d,>=7%,20,2,10.0,"SUNDRMFAST, AUROPHARMA"
2015-02-09,3d,>=7%,20,3,15.0,"AIAENG, AUROPHARMA, GPPL"
2015-02-10,3d,>=7%,20,3,15.0,"SUNDRMFAST, AUROPHARMA, JKLAKSHMI"
2015-02-18,3d,>=7%,20,1,5.0,AARTIIND
2015-02-19,3d,>=7%,20,2,10.0,"AUROPHARMA, AARTIIND"
2015-02-20,3d,>=7%,20,1,5.0,KAJARIACER
2015-02-24,3d,>=7%,20,1,5.0,TVSMOTOR
2015-02-25,3d,>=7%,20,1,5.0,TVSMOTOR
2015-03-10,3d,>=7%,20,1,5.0,BEL
2015-03-23,3d,>=7%,20,2,10.0,"SUNDRMFAST, AARTIIND"
2015-03-24,3d,>=7%,20,1,5.0,AARTIIND
2015-04-13,3d,>=7%,20,1,5.0,GFLLIMITED
2015-04-15,3d,>=7%,20,1,5.0,BEL
2015-04-16,3d,>=7%,20,1,5.0,BEL
2015-04-17,3d,>=7%,20,4,20.0,"SUNDRMFAST, LUPIN, BHARATFORG, INDUSINDBK"
2015-04-20,3d,>=7%,20,5,25.0,"SUNDRMFAST, LUPIN, BHARATFORG, CANFINHOME, INDUSINDBK"
2015-04-21,3d,>=7%,20,7,35.0,"BOSCHLTD, HONAUT, EICHERMOT, SUNDRMFAST, LUPIN, BHARATFORG, INDUSINDBK"
2015-04-22,3d,>=7%,20,2,10.0,"BOSCHLTD, HONAUT"
2015-04-24,3d,>=7%,20,2,10.0,"BOSCHLTD, SRF"
2015-04-27,3d,>=7%,20,6,30.0,"BOSCHLTD, KAJARIACER, GFLLIMITED, SRF, ASHOKLEY, CANFINHOME"
2015-04-28,3d,>=7%,20,3,15.0,"BOSCHLTD, KAJARIACER, GFLLIMITED"
2015-05-06,3d,>=7%,20,1,5.0,CANFINHOME
2015-05-07,3d,>=7%,20,3,15.0,"BOSCHLTD, ASHOKLEY, CANFINHOME"
2015-05-08,3d,>=7%,20,1,5.0,CANFINHOME
2015-05-12,3d,>=7%,20,1,5.0,FINCABLES
2015-05-14,3d,>=7%,20,1,5.0,LUPIN
2015-06-02,3d,>=7%,20,1,5.0,SUNDRMFAST
2015-06-03,3d,>=7%,20,2,10.0,"BOSCHLTD, BEL"
2015-06-04,3d,>=7%,20,5,25.0,"EICHERMOT, BEL, JKLAKSHMI, ASHOKLEY, JKIL"
2015-06-05,3d,>=7%,20,2,10.0,"JKLAKSHMI, JKIL"
2015-06-09,3d,>=7%,20,1,5.0,BHARATFORG
2016-08-11,3d,>=7%,4,1,25.0,HINDPETRO
2016-11-11,3d,>=7%,4,1,25.0,BAJAJ-AUTO
2016-11-15,3d,>=7%,4,1,25.0,BAJAJ-AUTO
2017-02-09,3d,>=7%,20,1,5.0,CUB
2017-02-15,3d,>=7%,20,1,5.0,INDIANB
2017-03-02,3d,>=7%,20,1,5.0,BIOCON
2017-03-22,3d,>=7%,20,1,5.0,INDIANB
2017-04-13,3d,>=7%,20,1,5.0,VEDL
2017-04-17,3d,>=7%,20,2,10.0,"HINDALCO, VEDL"
2017-04-18,3d,>=7%,20,1,5.0,VEDL
2017-05-03,3d,>=7%,20,1,5.0,BIOCON
2017-05-05,3d,>=7%,20,3,15.0,"TATACOMM, HINDALCO, VEDL"
2017-05-08,3d,>=7%,20,3,15.0,"TATACOMM, VEDL, RAIN"
2017-05-09,3d,>=7%,20,1,5.0,RAIN
2017-05-12,3d,>=7%,20,1,5.0,YESBANK
2017-05-15,3d,>=7%,20,1,5.0,YESBANK
2017-05-18,3d,>=7%,20,1,5.0,CESC
2017-05-19,3d,>=7%,20,3,15.0,"CESC, BAJAJFINSV, EDELWEISS"
2017-05-22,3d,>=7%,20,6,30.0,"RAIN, CESC, VGUARD, INDIANB, BAJAJFINSV, MOTILALOFS"
2017-05-23,3d,>=7%,20,5,25.0,"RAIN, VGUARD, INDIANB, BAJAJFINSV, MOTILALOFS"
2017-05-24,3d,>=7%,20,3,15.0,"RAIN, VGUARD, MOTILALOFS"
2017-06-02,3d,>=7%,20,2,10.0,"RECLTD, VEDL"
2017-06-08,3d,>=7%,20,1,5.0,ADANIENSOL
2017-06-09,3d,>=7%,20,1,5.0,ADANIENSOL
2017-06-23,3d,>=7%,20,1,5.0,IOC
2017-06-27,3d,>=7%,20,4,20.0,"RECLTD, ESCORTS, INDIANB, MOTILALOFS"
2017-06-28,3d,>=7%,20,2,10.0,"SUNDRMFAST, ESCORTS"
2017-07-18,3d,>=7%,20,1,5.0,CAPLIPOINT
2017-08-10,3d,>=7%,20,8,40.0,"FEDERALBNK, RAIN, AVANTIFEED, ADANIENSOL, BALKRISIND, ESCORTS, BAJAJFINSV, CAPLIPOINT"
2017-08-11,3d,>=7%,20,4,20.0,"TVSMOTOR, RAIN, ADANIENSOL, ESCORTS"
2017-08-14,3d,>=7%,20,2,10.0,"RAIN, ADANIENSOL"
2017-09-22,3d,>=7%,20,2,10.0,"RAIN, BAJAJFINSV"
2017-09-25,3d,>=7%,20,5,25.0,"AVANTIFEED, LTF, ESCORTS, BAJAJFINSV, CAPLIPOINT"
2017-09-26,3d,>=7%,20,2,10.0,"BOMDYEING, LTF"
2017-09-27,3d,>=7%,20,2,10.0,"BOMDYEING, LTF"
2017-09-28,3d,>=7%,20,1,5.0,BOMDYEING
2017-10-13,3d,>=7%,20,1,5.0,BOMDYEING
2017-10-16,3d,>=7%,20,1,5.0,BOMDYEING
2017-10-17,3d,>=7%,20,1,5.0,BOMDYEING
2017-10-25,3d,>=7%,20,1,5.0,EDELWEISS
2017-10-26,3d,>=7%,20,1,5.0,EDELWEISS
2017-10-31,3d,>=7%,20,1,5.0,ADANIENSOL
2017-11-01,3d,>=7%,20,1,5.0,ADANIENSOL
2017-11-07,3d,>=7%,20,1,5.0,EDELWEISS
2017-11-08,3d,>=7%,20,1,5.0,MOTILALOFS
2017-11-13,3d,>=7%,20,1,5.0,KEC
2017-11-15,3d,>=7%,20,2,10.0,"BOMDYEING, AVANTIFEED"
2017-11-16,3d,>=7%,20,3,15.0,"BOMDYEING, RAIN, AVANTIFEED"
2017-11-17,3d,>=7%,20,1,5.0,RAIN
2017-11-20,3d,>=7%,20,1,5.0,RAIN
2017-11-21,3d,>=7%,20,1,5.0,RAIN
2017-12-01,3d,>=7%,20,1,5.0,ADANIENSOL
2017-12-05,3d,>=7%,20,2,10.0,"BOMDYEING, ESCORTS"
2018-01-18,3d,>=7%,20,3,15.0,"BOMDYEING, BBTC, MOTILALOFS"
2018-01-25,3d,>=7%,20,2,10.0,"BOMDYEING, MOTILALOFS"
2018-01-29,3d,>=7%,20,1,5.0,MOTILALOFS
2018-01-30,3d,>=7%,20,6,30.0,"BBTC, AVANTIFEED, VAKRANGEE, VIPIND, MOTILALOFS, APLAPOLLO"
2018-01-31,3d,>=7%,20,6,30.0,"BBTC, RAIN, AVANTIFEED, VAKRANGEE, APLAPOLLO, RKFORGE"
2018-02-01,3d,>=7%,20,4,20.0,"BOMDYEING, RAIN, VAKRANGEE, APLAPOLLO"
2018-02-02,3d,>=7%,20,8,40.0,"TVSMOTOR, BOMDYEING, BBTC, RAIN, TATACONSUM, ADANIENSOL, VAKRANGEE, EDELWEISS"
2018-02-05,3d,>=7%,20,4,20.0,"RAIN, VAKRANGEE, MOTILALOFS, EDELWEISS"
2019-04-30,3d,>=7%,20,1,5.0,ADANIPOWER
2019-05-02,3d,>=7%,20,1,5.0,ADANIPOWER
2019-05-03,3d,>=7%,20,1,5.0,ADANIPOWER
2019-05-07,3d,>=7%,20,2,10.0,"PRAJIND, BATAINDIA"
2019-05-08,3d,>=7%,20,2,10.0,"RELIANCE, PRAJIND"
2019-05-09,3d,>=7%,20,3,15.0,"RELIANCE, PRAJIND, GFLLIMITED"
2019-05-10,3d,>=7%,20,1,5.0,GFLLIMITED
2019-05-15,3d,>=7%,20,1,5.0,ABFRL
2020-01-16,3d,>=7%,20,1,5.0,ADANIGREEN
2020-01-22,3d,>=7%,20,1,5.0,ICICIGI
2020-01-28,3d,>=7%,20,1,5.0,BALRAMCHIN
2020-02-01,3d,>=7%,20,1,5.0,SBILIFE
2020-02-03,3d,>=7%,20,2,10.0,"SBILIFE, BALRAMCHIN"
2020-02-04,3d,>=7%,20,2,10.0,"SBILIFE, MANAPPURAM"
2020-02-05,3d,>=7%,20,1,5.0,MANAPPURAM
2020-02-06,3d,>=7%,20,2,10.0,"LALPATHLAB, MANAPPURAM"
2020-02-11,3d,>=7%,20,1,5.0,WHIRLPOOL
2020-02-12,3d,>=7%,20,1,5.0,WHIRLPOOL
2020-02-17,3d,>=7%,20,2,10.0,"MASFIN, IGL"
2020-02-18,3d,>=7%,20,1,5.0,MASFIN
2020-02-19,3d,>=7%,20,1,5.0,MASFIN
2020-02-24,3d,>=7%,20,1,5.0,DIXON
2020-02-25,3d,>=7%,20,3,15.0,"NAUKRI, ADANIGREEN, DIXON"
2020-02-26,3d,>=7%,20,5,25.0,"NAUKRI, ADANIGREEN, ICICIGI, BATAINDIA, DIXON"
2020-02-27,3d,>=7%,20,3,15.0,"ADANIGREEN, RELAXO, TRENT"
2020-02-28,3d,>=7%,20,4,20.0,"ADANIGREEN, MANAPPURAM, RELAXO, DIXON"
2020-03-02,3d,>=7%,20,5,25.0,"MASFIN, ADANIGREEN, MANAPPURAM, TATACONSUM, RELAXO"
2020-07-08,3d,>=7%,20,1,5.0,GUJENERGY
2020-07-09,3d,>=7%,20,1,5.0,GUJENERGY
2020-07-10,3d,>=7%,20,1,5.0,ADANIGREEN
2020-07-13,3d,>=7%,20,1,5.0,ADANIGREEN
2020-07-14,3d,>=7%,20,1,5.0,DMART
2020-07-15,3d,>=7%,20,1,5.0,DMART
2020-07-16,3d,>=7%,20,1,5.0,DMART
2020-07-17,3d,>=7%,20,1,5.0,DMART
2020-07-23,3d,>=7%,20,1,5.0,ADANIGREEN
2020-07-27,3d,>=7%,20,3,15.0,"BIOCON, TRENT, ESCORTS"
2020-07-28,3d,>=7%,20,2,10.0,"BIOCON, DIXON"
2020-08-10,3d,>=7%,20,1,5.0,DEEPAKNTR
2020-08-11,3d,>=7%,20,1,5.0,DEEPAKNTR
2020-08-13,3d,>=7%,20,3,15.0,"TORNTPHARM, LAURUSLABS, NAVINFLUOR"
2020-08-31,3d,>=7%,20,4,20.0,"PERSISTENT, NAVINFLUOR, RALLIS, DEEPAKNTR"
2020-09-01,3d,>=7%,20,5,25.0,"FDC, PERSISTENT, COROMANDEL, APLLTD, DEEPAKNTR"
2020-09-08,3d,>=7%,20,1,5.0,ESCORTS
2020-09-10,3d,>=7%,20,1,5.0,ASTRAZEN
2020-09-17,3d,>=7%,20,1,5.0,EPL
2020-09-18,3d,>=7%,20,1,5.0,EPL
2020-09-21,3d,>=7%,20,2,10.0,"EPL, DIXON"
2020-09-22,3d,>=7%,20,4,20.0,"ADANIGREEN, EPL, DIXON, RALLIS"
2020-09-23,3d,>=7%,20,3,15.0,"ADANIGREEN, TORNTPHARM, LAURUSLABS"
2020-09-24,3d,>=7%,20,1,5.0,LAURUSLABS
2020-10-07,3d,>=7%,20,1,5.0,COROMANDEL
2020-10-08,3d,>=7%,20,1,5.0,ADANIGREEN
2020-10-09,3d,>=7%,20,1,5.0,ADANIGREEN
2020-10-12,3d,>=7%,20,1,5.0,DEEPAKNTR
2020-10-13,3d,>=7%,20,1,5.0,GUJENERGY
2020-10-19,3d,>=7%,20,1,5.0,PERSISTENT
2020-10-26,3d,>=7%,20,1,5.0,BIOCON
2020-11-03,3d,>=7%,20,1,5.0,LAURUSLABS
2020-11-04,3d,>=7%,20,1,5.0,LAURUSLABS
2020-11-10,3d,>=7%,20,2,10.0,"IPCALAB, LAURUSLABS"
2020-11-11,3d,>=7%,20,1,5.0,IPCALAB
2020-11-12,3d,>=7%,20,1,5.0,IPCALAB
2020-11-19,3d,>=7%,20,1,5.0,LAURUSLABS
2020-11-26,3d,>=7%,20,1,5.0,NAVINFLUOR
2020-12-08,3d,>=7%,20,1,5.0,GRANULES
2020-12-09,3d,>=7%,20,1,5.0,GRANULES
2020-12-21,3d,>=7%,20,3,15.0,"SYNGENE, APLAPOLLO, GRANULES"
2020-12-22,3d,>=7%,20,3,15.0,"FDC, ESCORTS, DIXON"
2021-01-08,3d,>=7%,20,1,5.0,ADANIGREEN
2021-01-11,3d,>=7%,20,2,10.0,"VAIBHAVGBL, ADANIGREEN"
2021-01-12,3d,>=7%,20,2,10.0,"ADANIGREEN, SUZLON"
2021-01-13,3d,>=7%,20,2,10.0,"ADANIGREEN, SUZLON"
2021-01-14,3d,>=7%,20,1,5.0,SUZLON
2021-01-18,3d,>=7%,20,1,5.0,INDIAMART
2021-01-19,3d,>=7%,20,1,5.0,INDIAMART
2021-01-20,3d,>=7%,20,1,5.0,APLLTD
2021-01-21,3d,>=7%,20,1,5.0,APLLTD
2021-01-22,3d,>=7%,20,2,10.0,"APLLTD, DIXON"
2021-01-25,3d,>=7%,20,3,15.0,"TATAELXSI, SUZLON, DIXON"
2021-01-27,3d,>=7%,20,1,5.0,SUZLON
2021-01-28,3d,>=7%,20,1,5.0,IPCALAB
2021-01-29,3d,>=7%,20,3,15.0,"LAURUSLABS, DRREDDY, NAVINFLUOR"
2021-02-01,3d,>=7%,20,2,10.0,"DRREDDY, GRANULES"
2021-02-02,3d,>=7%,20,2,10.0,"DRREDDY, GRANULES"
2021-02-09,3d,>=7%,20,1,5.0,SUZLON
2021-02-16,3d,>=7%,20,1,5.0,SUZLON
2021-02-17,3d,>=7%,20,2,10.0,"INDIAMART, SUZLON"
2021-02-18,3d,>=7%,20,1,5.0,SUZLON
2021-02-19,3d,>=7%,20,1,5.0,SUZLON
2021-02-22,3d,>=7%,20,1,5.0,BAJAJELEC
2021-03-12,3d,>=7%,20,1,5.0,APLAPOLLO
2021-03-15,3d,>=7%,20,1,5.0,APLAPOLLO
2021-03-16,3d,>=7%,20,1,5.0,APLAPOLLO
2021-03-17,3d,>=7%,20,3,15.0,"BAJAJELEC, APLAPOLLO, GRANULES"
2021-03-18,3d,>=7%,20,4,20.0,"VAIBHAVGBL, HINDCOPPER, SYNGENE, GRANULES"
2021-03-19,3d,>=7%,20,3,15.0,"BAJAJELEC, VAIBHAVGBL, AFFLE"
2021-03-22,3d,>=7%,20,1,5.0,AFFLE
2021-03-23,3d,>=7%,20,1,5.0,DIXON
2021-03-24,3d,>=7%,20,1,5.0,DIXON
2021-03-25,3d,>=7%,20,2,10.0,"PERSISTENT, DIXON"
2021-03-26,3d,>=7%,20,2,10.0,"VAIBHAVGBL, ADANIGREEN"
2021-03-30,3d,>=7%,20,2,10.0,"VAIBHAVGBL, ADANIGREEN"
2021-03-31,3d,>=7%,20,1,5.0,ADANIGREEN
2021-04-05,3d,>=7%,20,1,5.0,APLAPOLLO
2021-04-06,3d,>=7%,20,1,5.0,APLAPOLLO
2021-04-08,3d,>=7%,20,2,10.0,"ADANIENSOL, ATGL"
2021-04-09,3d,>=7%,20,2,10.0,"ADANIENSOL, ATGL"
2021-04-12,3d,>=7%,20,6,30.0,"FSL, HINDCOPPER, AFFLE, ADANIGREEN, ADANIENSOL, ATGL"
2021-04-13,3d,>=7%,20,2,10.0,"ADANIENSOL, DEEPAKNTR"
2021-04-19,3d,>=7%,20,1,5.0,VAIBHAVGBL
2021-04-20,3d,>=7%,20,2,10.0,"VAIBHAVGBL, ADANIGREEN"
2021-04-22,3d,>=7%,20,3,15.0,"VAIBHAVGBL, HINDCOPPER, ADANIGREEN"
2021-05-03,3d,>=7%,20,1,5.0,INDIAMART
2021-05-04,3d,>=7%,20,1,5.0,INDIAMART
2021-05-12,3d,>=7%,20,1,5.0,VAIBHAVGBL
2021-05-14,3d,>=7%,20,5,25.0,"VAIBHAVGBL, HINDCOPPER, TATASTEEL, ATGL, JINDALSTEL"
2021-05-17,3d,>=7%,20,3,15.0,"VAIBHAVGBL, HINDCOPPER, JINDALSTEL"
2021-05-20,3d,>=7%,20,1,5.0,JINDALSTEL
2021-05-21,3d,>=7%,20,1,5.0,JINDALSTEL
2021-06-15,3d,>=7%,20,2,10.0,"ADANIENSOL, ATGL"
2021-06-16,3d,>=7%,20,3,15.0,"HINDCOPPER, ADANIENSOL, ATGL"
2021-06-17,3d,>=7%,20,4,20.0,"HINDCOPPER, ADANIGREEN, ADANIENSOL, ATGL"
2021-06-18,3d,>=7%,20,8,40.0,"HINDCOPPER, JSWSTEEL, AFFLE, ADANIGREEN, TATASTEEL, ADANIENSOL, TIINDIA, ATGL"
2021-06-21,3d,>=7%,20,2,10.0,"AFFLE, TIINDIA"
2021-06-22,3d,>=7%,20,1,5.0,AFFLE
2021-06-25,3d,>=7%,20,2,10.0,"ADANIENSOL, ATGL"
2021-06-28,3d,>=7%,20,2,10.0,"ADANIENSOL, ATGL"
2021-06-29,3d,>=7%,20,2,10.0,"ADANIENSOL, ATGL"
2021-06-30,3d,>=7%,20,2,10.0,"ADANIENSOL, ATGL"
2021-07-01,3d,>=7%,20,3,15.0,"AFFLE, ADANIENSOL, ATGL"
2021-07-02,3d,>=7%,20,3,15.0,"ADANIGREEN, ADANIENSOL, ATGL"
2021-07-05,3d,>=7%,20,3,15.0,"ADANIGREEN, ADANIENSOL, ATGL"
2021-07-16,3d,>=7%,20,1,5.0,LINDEINDIA
2021-07-20,3d,>=7%,20,1,5.0,ATGL
2021-07-23,3d,>=7%,20,1,5.0,CDSL
2021-07-28,3d,>=7%,20,1,5.0,FSL
2021-07-29,3d,>=7%,20,1,5.0,LAURUSLABS
2021-07-30,3d,>=7%,20,1,5.0,FSL
2021-08-05,3d,>=7%,20,1,5.0,ECLERX
2021-08-06,3d,>=7%,20,1,5.0,ECLERX
2021-08-11,3d,>=7%,20,1,5.0,FSL
2021-08-20,3d,>=7%,20,2,10.0,"JSWSTEEL, TATASTEEL"
2021-08-23,3d,>=7%,20,6,30.0,"FSL, JSWSTEEL, JSWENERGY, LAURUSLABS, TATASTEEL, ECLERX"
2021-08-24,3d,>=7%,20,2,10.0,"FSL, JSWENERGY"
2021-08-30,3d,>=7%,20,1,5.0,LINDEINDIA
2021-09-06,3d,>=7%,20,1,5.0,ATGL
2021-09-07,3d,>=7%,20,1,5.0,ATGL
2021-09-20,3d,>=7%,20,3,15.0,"JSWSTEEL, TATASTEEL, ADANIENSOL"
2021-09-21,3d,>=7%,20,4,20.0,"TATASTEEL, ADANIENSOL, CDSL, APLAPOLLO"
2021-09-22,3d,>=7%,20,2,10.0,"ADANIENSOL, APLAPOLLO"
2021-09-23,3d,>=7%,20,1,5.0,ADANIENSOL
2021-09-28,3d,>=7%,20,2,10.0,"APOLLOHOSP, APLAPOLLO"
2021-09-29,3d,>=7%,20,1,5.0,APLAPOLLO
2021-10-20,3d,>=7%,20,3,15.0,"POLYCAB, SRF, DEEPAKNTR"
2021-10-21,3d,>=7%,20,7,35.0,"POLYCAB, TATASTEEL, FLUOROCHEM, DIXON, LINDEINDIA, ECLERX, DEEPAKNTR"
2021-10-22,3d,>=7%,20,6,30.0,"PERSISTENT, FLUOROCHEM, DIXON, APLAPOLLO, ECLERX, DEEPAKNTR"
2021-10-25,3d,>=7%,20,5,25.0,"FLUOROCHEM, DIXON, APLAPOLLO, ECLERX, DEEPAKNTR"
2021-10-28,3d,>=7%,20,1,5.0,ADANIENT
2021-10-29,3d,>=7%,20,2,10.0,"ADANIENT, DEEPAKNTR"
2021-11-01,3d,>=7%,20,1,5.0,ADANIENT
2021-11-18,3d,>=7%,20,1,5.0,JSWENERGY
2021-11-22,3d,>=7%,20,6,30.0,"CENTURYPLY, JSWENERGY, CDSL, TATAELXSI, DIXON, DEEPAKNTR"
2021-11-23,3d,>=7%,20,2,10.0,"CENTURYPLY, TATAELXSI"
2021-11-29,3d,>=7%,20,2,10.0,"CENTURYPLY, TATAPOWER"
2021-11-30,3d,>=7%,20,5,25.0,"TATAPOWER, JSWENERGY, TATASTEEL, ADANIENSOL, SRF"
2021-12-01,3d,>=7%,20,4,20.0,"TRIDENT, CENTURYPLY, ADANIENSOL, ECLERX"
2021-12-02,3d,>=7%,20,1,5.0,TRIDENT
2021-12-03,3d,>=7%,20,1,5.0,TRIDENT
2021-12-15,3d,>=7%,20,1,5.0,IEX
2021-12-16,3d,>=7%,20,1,5.0,FLUOROCHEM
2021-12-17,3d,>=7%,20,4,20.0,"POLYCAB, IEX, FLUOROCHEM, BSE"
2021-12-20,3d,>=7%,20,11,55.0,"CENTURYPLY, POLYCAB, TATAPOWER, ADANIENSOL, IEX, FLUOROCHEM, BSE, CDSL, ATGL, TATAELXSI, LINDEINDIA"
2021-12-21,3d,>=7%,20,6,30.0,"TRIDENT, IEX, BSE, CDSL, ATGL, TATAELXSI"
2021-12-27,3d,>=7%,20,1,5.0,SFL
2022-01-19,3d,>=7%,20,1,5.0,LTTS
2022-01-20,3d,>=7%,20,2,10.0,"LTTS, ECLERX"
2022-01-21,3d,>=7%,20,2,10.0,"LTTS, ECLERX"
2022-01-24,3d,>=7%,20,9,45.0,"POLYCAB, ADANIENT, LTTS, TATAPOWER, IEX, UNOMINDA, BSE, ECLERX, DEEPAKNTR"
2022-01-25,3d,>=7%,20,9,45.0,"POLYCAB, LTTS, IEX, UNOMINDA, FLUOROCHEM, BSE, CDSL, ECLERX, DEEPAKNTR"
2022-01-27,3d,>=7%,20,7,35.0,"ADANIENT, LTTS, IEX, UNOMINDA, FLUOROCHEM, ECLERX, DEEPAKNTR"
2022-02-07,3d,>=7%,20,1,5.0,LTTS
2022-02-08,3d,>=7%,20,2,10.0,"TATAPOWER, FLUOROCHEM"
2022-02-09,3d,>=7%,20,1,5.0,FLUOROCHEM
2022-02-14,3d,>=7%,20,7,35.0,"TRIDENT, CENTURYPLY, TATAPOWER, PERSISTENT, UNOMINDA, TATAELXSI, DEEPAKNTR"
2022-02-18,3d,>=7%,20,1,5.0,PERSISTENT
2022-02-21,3d,>=7%,20,2,10.0,"TRIDENT, ECLERX"
2022-09-16,3d,>=7%,20,2,10.0,"ELGIEQUIP, TIMKEN"
2022-09-19,3d,>=7%,20,3,15.0,"ELGIEQUIP, TIMKEN, GNFC"
2022-09-20,3d,>=7%,20,4,20.0,"SCHAEFFLER, ELGIEQUIP, TIMKEN, GNFC"
2022-09-26,3d,>=7%,20,4,20.0,"SOLARINDS, ELGIEQUIP, BDL, GNFC"
2022-09-27,3d,>=7%,20,7,35.0,"HAL, ADANIGREEN, ELGIEQUIP, VBL, ADANIENSOL, BDL, GNFC"
2022-09-28,3d,>=7%,20,5,25.0,"ADANIGREEN, ELGIEQUIP, VBL, BDL, GNFC"
2022-09-29,3d,>=7%,20,2,10.0,"ADANIGREEN, ADANIENSOL"
2022-09-30,3d,>=7%,20,1,5.0,ADANIENSOL
2022-10-03,3d,>=7%,20,3,15.0,"ADANIENT, ADANIENSOL, ATGL"
2022-10-11,3d,>=7%,20,1,5.0,VBL
2022-10-17,3d,>=7%,20,1,5.0,VBL
2022-10-20,3d,>=7%,20,1,5.0,SCHAEFFLER
2022-10-28,3d,>=7%,20,2,10.0,"SCHAEFFLER, FINEORG"
2022-10-31,3d,>=7%,20,2,10.0,"FINEORG, ELGIEQUIP"
2022-11-01,3d,>=7%,20,2,10.0,"FINEORG, ELGIEQUIP"
2022-11-09,3d,>=7%,20,1,5.0,FINEORG
2022-11-10,3d,>=7%,20,1,5.0,TIINDIA
2022-11-11,3d,>=7%,20,2,10.0,"INDHOTEL, TIINDIA"
2022-11-14,3d,>=7%,20,3,15.0,"INDHOTEL, FLUOROCHEM, TIINDIA"
2022-11-15,3d,>=7%,20,2,10.0,"INDHOTEL, FLUOROCHEM"
2022-11-21,3d,>=7%,20,2,10.0,"ADANIENSOL, MAZDOCK"
2022-11-22,3d,>=7%,20,1,5.0,ADANIENSOL
2022-11-23,3d,>=7%,20,1,5.0,ADANIENSOL
2022-11-24,3d,>=7%,20,1,5.0,ADANIENSOL
2022-11-30,3d,>=7%,20,2,10.0,"SCHAEFFLER, TIMKEN"
2022-12-05,3d,>=7%,20,1,5.0,FLUOROCHEM
2022-12-20,3d,>=7%,20,1,5.0,FLUOROCHEM
2022-12-22,3d,>=7%,20,2,10.0,"COCHINSHIP, BDL"
2022-12-23,3d,>=7%,20,13,65.0,"RHIM, GESHIP, HAL, ADANIENT, RVNL, COCHINSHIP, VBL, INDHOTEL, FLUOROCHEM, TIINDIA, ATGL, BDL, MAZDOCK"
2022-12-26,3d,>=7%,20,3,15.0,"GESHIP, RVNL, COCHINSHIP"
2023-05-22,3d,>=7%,20,2,10.0,"SIEMENS, MAZDOCK"
2023-05-23,3d,>=7%,20,2,10.0,"SIEMENS, NCC"
2023-05-24,3d,>=7%,20,1,5.0,SIEMENS
2023-05-29,3d,>=7%,20,1,5.0,FINCABLES
2023-06-08,3d,>=7%,20,1,5.0,VBL
2023-06-23,3d,>=7%,20,1,5.0,MAZDOCK
2023-07-21,3d,>=7%,20,1,5.0,CIEINDIA
2023-07-25,3d,>=7%,20,1,5.0,CIEINDIA
2023-07-27,3d,>=7%,20,1,5.0,RVNL
2023-07-31,3d,>=7%,20,1,5.0,RVNL
2023-08-02,3d,>=7%,20,1,5.0,MAZDOCK
2023-08-07,3d,>=7%,20,1,5.0,CUMMINSIND
2023-08-11,3d,>=7%,20,1,5.0,APOLLOTYRE
2023-08-14,3d,>=7%,20,3,15.0,"FACT, APOLLOTYRE, FINCABLES"
2023-08-16,3d,>=7%,20,1,5.0,APOLLOTYRE
2023-08-31,3d,>=7%,20,1,5.0,UNIONBANK
2023-09-12,3d,>=7%,20,1,5.0,ZENSARTECH
2023-09-13,3d,>=7%,20,5,25.0,"RECLTD, KALYANKJIL, ZENSARTECH, PFC, NCC"
2023-09-14,3d,>=7%,20,6,30.0,"RECLTD, KALYANKJIL, RVNL, PFC, NCC, MAZDOCK"
2023-09-15,3d,>=7%,20,1,5.0,SUPREMEIND
2023-09-20,3d,>=7%,20,1,5.0,JSL
2023-09-21,3d,>=7%,20,1,5.0,FACT
2023-09-22,3d,>=7%,20,1,5.0,ZYDUSLIFE
2023-09-25,3d,>=7%,20,1,5.0,GLENMARK
2023-09-26,3d,>=7%,20,1,5.0,GLENMARK
2023-10-04,3d,>=7%,20,1,5.0,FINCABLES
2023-10-05,3d,>=7%,20,1,5.0,GLENMARK
2023-10-09,3d,>=7%,20,2,10.0,"UNIONBANK, JSL"
2023-10-16,3d,>=7%,20,1,5.0,FINCABLES
2023-10-18,3d,>=7%,20,1,5.0,FINCABLES
2023-10-20,3d,>=7%,20,2,10.0,"MAHABANK, ZENSARTECH"
2023-10-23,3d,>=7%,20,7,35.0,"MAHABANK, FACT, UNIONBANK, ZENSARTECH, SUPREMEIND, NCC, MAZDOCK"
2023-10-25,3d,>=7%,20,9,45.0,"MAHABANK, RECLTD, RVNL, FACT, UNIONBANK, IRFC, ZENSARTECH, NCC, MAZDOCK"
2023-10-26,3d,>=7%,20,8,40.0,"RECLTD, RVNL, FACT, UNIONBANK, IRFC, SUPREMEIND, FINCABLES, MAZDOCK"
2023-11-13,3d,>=7%,20,1,5.0,GLENMARK
2023-11-16,3d,>=7%,20,1,5.0,KALYANKJIL
2023-11-21,3d,>=7%,20,1,5.0,BSE
2023-11-22,3d,>=7%,20,2,10.0,"BSE, SUZLON"
2023-11-30,3d,>=7%,20,1,5.0,JSL
2023-12-07,3d,>=7%,20,1,5.0,CYIENT
2023-12-20,3d,>=7%,20,2,10.0,"PFC, SUZLON"
2024-01-09,3d,>=7%,20,1,5.0,POLYCAB
2024-01-10,3d,>=7%,20,1,5.0,POLYCAB
2024-01-11,3d,>=7%,20,1,5.0,POLYCAB
2024-01-12,3d,>=7%,20,1,5.0,POLYCAB
2024-01-15,3d,>=7%,20,1,5.0,POLYCAB
2024-01-17,3d,>=7%,20,1,5.0,SUZLON
2024-01-23,3d,>=7%,20,2,10.0,"PRESTIGE, BSE"
2024-01-24,3d,>=7%,20,2,10.0,"BSE, CYIENT"
2024-01-25,3d,>=7%,20,1,5.0,CYIENT
2024-02-01,3d,>=7%,20,2,10.0,"AUROPHARMA, LT"
2024-02-02,3d,>=7%,20,2,10.0,"AUROPHARMA, LT"
2024-02-05,3d,>=7%,20,1,5.0,AUROPHARMA
2024-02-08,3d,>=7%,20,1,5.0,NBCC
2024-02-09,3d,>=7%,20,1,5.0,NLCINDIA
2024-02-12,3d,>=7%,20,7,35.0,"RECLTD, IRFC, PFC, SUZLON, HUDCO, NBCC, NLCINDIA"
2024-02-13,3d,>=7%,20,6,30.0,"RECLTD, PFC, SUZLON, HUDCO, NBCC, NLCINDIA"
2024-02-14,3d,>=7%,20,2,10.0,"PRESTIGE, NBCC"
2024-02-28,3d,>=7%,20,3,15.0,"RECLTD, NBCC, NLCINDIA"
2024-03-05,3d,>=7%,20,1,5.0,SUZLON
2024-03-06,3d,>=7%,20,2,10.0,"SUZLON, JBMA"
2024-03-07,3d,>=7%,20,2,10.0,"JBMA, CHALET"
2024-03-11,3d,>=7%,20,2,10.0,"JBMA, NBCC"
2024-03-12,3d,>=7%,20,1,5.0,NBCC
2024-03-13,3d,>=7%,20,10,50.0,"HAL, ETERNAL, IRFC, NTPC, BSE, PFC, SUZLON, HUDCO, JBMA, NBCC"
2024-03-14,3d,>=7%,20,5,25.0,"PRESTIGE, NTPC, BSE, PFC, HUDCO"
2024-03-15,3d,>=7%,20,5,25.0,"RECLTD, TVSMOTOR, PRESTIGE, NTPC, PFC"
2024-03-18,3d,>=7%,20,1,5.0,PRESTIGE
2024-03-19,3d,>=7%,20,3,15.0,"RECLTD, PRESTIGE, PFC"
2024-03-20,3d,>=7%,20,1,5.0,SUZLON
2024-04-15,3d,>=7%,20,2,10.0,"HUDCO, NBCC"
2024-04-16,3d,>=7%,20,2,10.0,"HUDCO, NBCC"
2024-04-29,3d,>=7%,20,1,5.0,BSE
2024-04-30,3d,>=7%,20,1,5.0,BSE
2024-05-02,3d,>=7%,20,1,5.0,BSE
2024-05-07,3d,>=7%,20,2,10.0,"RECLTD, PFC"
2024-05-08,3d,>=7%,20,1,5.0,PFC
2024-05-09,3d,>=7%,20,1,5.0,MOTILALOFS
2024-05-10,3d,>=7%,20,1,5.0,MOTILALOFS
2024-05-13,3d,>=7%,20,1,5.0,BSE
2024-05-15,3d,>=7%,20,1,5.0,TMPV
2024-05-28,3d,>=7%,20,1,5.0,SUZLON
2024-05-29,3d,>=7%,20,1,5.0,PRESTIGE
2024-05-31,3d,>=7%,20,1,5.0,RECLTD
2024-06-04,3d,>=7%,20,7,35.0,"RECLTD, HAL, NTPC, PFC, HUDCO, MOTILALOFS, BHEL"
2024-06-05,3d,>=7%,20,5,25.0,"RECLTD, HAL, PFC, HUDCO, BHEL"
2024-06-06,3d,>=7%,20,7,35.0,"RECLTD, HAL, IRFC, NTPC, PFC, HUDCO, BHEL"
2024-06-21,3d,>=7%,20,1,5.0,COCHINSHIP
2024-06-24,3d,>=7%,20,1,5.0,BSE
2024-06-25,3d,>=7%,20,1,5.0,MOTILALOFS
2024-06-26,3d,>=7%,20,1,5.0,MOTILALOFS
2024-06-27,3d,>=7%,20,1,5.0,PRESTIGE
2024-07-02,3d,>=7%,20,1,5.0,MOTILALOFS
2024-07-03,3d,>=7%,20,1,5.0,MOTILALOFS
2024-07-18,3d,>=7%,20,2,10.0,"HAL, COCHINSHIP"
2024-07-19,3d,>=7%,20,6,30.0,"APARINDS, HAL, COCHINSHIP, TRENT, DIXON, BHEL"
2024-07-22,3d,>=7%,20,4,20.0,"APARINDS, SOBHA, TRENT, DIXON"
2024-07-23,3d,>=7%,20,2,10.0,"SOBHA, DIXON"
2024-07-25,3d,>=7%,20,2,10.0,"IRFC, COCHINSHIP"
2024-08-02,3d,>=7%,20,1,5.0,PRESTIGE
2024-08-05,3d,>=7%,20,11,55.0,"RECLTD, APARINDS, MOTHERSON, IRFC, COCHINSHIP, PRESTIGE, PFC, TRENT, DIXON, HUDCO, BHEL"
2024-08-06,3d,>=7%,20,6,30.0,"RECLTD, APARINDS, IRFC, COCHINSHIP, BSE, TRENT"
2024-08-07,3d,>=7%,20,1,5.0,COCHINSHIP
2024-08-13,3d,>=7%,20,1,5.0,ZYDUSLIFE
2024-08-14,3d,>=7%,20,1,5.0,ZYDUSLIFE
2024-08-26,3d,>=7%,20,1,5.0,ZYDUSLIFE
2024-08-27,3d,>=7%,20,1,5.0,ZYDUSLIFE
2024-08-30,3d,>=7%,20,1,5.0,COCHINSHIP
2024-09-02,3d,>=7%,20,1,5.0,COCHINSHIP
2024-09-04,3d,>=7%,20,1,5.0,OIL
2024-09-05,3d,>=7%,20,1,5.0,OIL
2024-09-06,3d,>=7%,20,4,20.0,"OIL, DIXON, HUDCO, BHEL"
2024-09-09,3d,>=7%,20,1,5.0,OIL
2024-09-10,3d,>=7%,20,1,5.0,OIL
2024-09-11,3d,>=7%,20,1,5.0,OIL
2024-09-12,3d,>=7%,20,2,10.0,"OIL, GRANULES"
2024-09-13,3d,>=7%,20,1,5.0,GRANULES
2024-09-16,3d,>=7%,20,1,5.0,GRANULES
2024-09-19,3d,>=7%,20,1,5.0,HAL
2024-09-20,3d,>=7%,20,1,5.0,OIL
2024-09-27,3d,>=7%,20,1,5.0,KALYANKJIL
2024-10-03,3d,>=7%,20,1,5.0,OIL
2024-10-04,3d,>=7%,20,1,5.0,RVNL
2024-10-07,3d,>=7%,20,4,20.0,"RVNL, IRFC, COCHINSHIP, SUZLON"
2024-10-16,3d,>=7%,20,1,5.0,OIL
2024-10-17,3d,>=7%,20,2,10.0,"OIL, BAJAJ-AUTO"
2024-10-18,3d,>=7%,20,3,15.0,"ETERNAL, PRESTIGE, BAJAJ-AUTO"
2024-10-21,3d,>=7%,20,3,15.0,"POWERINDIA, PCBL, BAJAJ-AUTO"
2024-10-22,3d,>=7%,20,3,15.0,"POWERINDIA, KALYANKJIL, PCBL"
2024-10-23,3d,>=7%,20,1,5.0,POWERINDIA
2024-10-24,3d,>=7%,20,2,10.0,"POWERINDIA, HAL"
2024-10-25,3d,>=7%,20,1,5.0,COLPAL
2024-10-30,3d,>=7%,20,1,5.0,TORNTPHARM
2024-10-31,3d,>=7%,20,1,5.0,PCBL
2024-11-07,3d,>=7%,20,1,5.0,TRENT
2024-11-08,3d,>=7%,20,1,5.0,TRENT
2024-11-11,3d,>=7%,20,3,15.0,"POWERINDIA, GLENMARK, PPLPHARMA"
2024-11-12,3d,>=7%,20,2,10.0,"POWERINDIA, PPLPHARMA"
2024-11-13,3d,>=7%,20,7,35.0,"POWERINDIA, HAL, GLENMARK, JUBLPHARMA, MOTILALOFS, MCX, PPLPHARMA"
2024-11-14,3d,>=7%,20,5,25.0,"POWERINDIA, TORNTPOWER, HAL, MOTILALOFS, MCX"
2024-11-18,3d,>=7%,20,2,10.0,"POWERINDIA, MOTILALOFS"
2025-06-12,3d,>=7%,20,3,15.0,"BSE, PAYTM, GRSE"
2025-06-13,3d,>=7%,20,2,10.0,"BSE, PAYTM"
2025-06-16,3d,>=7%,20,1,5.0,PAYTM
2025-06-20,3d,>=7%,20,1,5.0,ERIS
2025-06-23,3d,>=7%,20,1,5.0,ERIS
2025-06-24,3d,>=7%,20,1,5.0,ERIS
2025-06-25,3d,>=7%,20,1,5.0,GRSE
2025-06-26,3d,>=7%,20,1,5.0,GRSE
2025-07-03,3d,>=7%,20,1,5.0,COROMANDEL
2025-07-07,3d,>=7%,20,1,5.0,DEEPAKFERT
2025-07-08,3d,>=7%,20,2,10.0,"DEEPAKFERT, BSE"
2025-07-14,3d,>=7%,20,1,5.0,SOLARINDS
2025-07-24,3d,>=7%,20,1,5.0,COFORGE
2025-07-25,3d,>=7%,20,1,5.0,COFORGE
2025-08-06,3d,>=7%,20,1,5.0,NH
2025-08-08,3d,>=7%,20,3,15.0,"RAMCOCEM, COROMANDEL, DIVISLAB"
2025-08-11,3d,>=7%,20,2,10.0,"GODFRYPHLP, AMBER"
2025-08-12,3d,>=7%,20,1,5.0,AMBER
2025-08-22,3d,>=7%,20,1,5.0,JKCEMENT
2025-08-25,3d,>=7%,20,2,10.0,"BSE, JKCEMENT"
2025-08-28,3d,>=7%,20,1,5.0,MCX
2025-08-29,3d,>=7%,20,3,15.0,"DEEPAKFERT, BSE, MCX"
2026-05-12,3d,>=7%,20,6,30.0,"POWERINDIA, KIRLOSENG, ABCAPITAL, ADANIPOWER, GMDCLTD, GVT&D"
2026-05-13,3d,>=7%,20,2,10.0,"KIRLOSENG, NETWEB"
2026-05-14,3d,>=7%,20,1,5.0,NETWEB
2026-05-27,3d,>=7%,20,1,5.0,GESHIP
2026-05-29,3d,>=7%,20,2,10.0,"GESHIP, MCX"
2026-06-01,3d,>=7%,20,3,15.0,"GESHIP, SCHNEIDER, MCX"
2026-06-02,3d,>=7%,20,3,15.0,"GLENMARK, SCHNEIDER, MCX"
2026-06-03,3d,>=7%,20,2,10.0,"POWERINDIA, SCHNEIDER"
2026-06-04,3d,>=7%,20,1,5.0,SCHNEIDER
2026-06-05,3d,>=7%,20,1,5.0,NATIONALUM
2026-06-08,3d,>=7%,20,5,25.0,"HINDCOPPER, VEDL, NETWEB, NATIONALUM, GMDCLTD"
2026-06-09,3d,>=7%,20,3,15.0,"NETWEB, NATIONALUM, GMDCLTD"
2026-06-10,3d,>=7%,20,3,15.0,"POWERINDIA, NETWEB, GMDCLTD"
2026-06-23,3d,>=7%,20,1,5.0,VEDL
2026-06-24,3d,>=7%,20,3,15.0,"POWERINDIA, NATIONALUM, GVT&D"
2026-06-25,3d,>=7%,20,4,20.0,"POWERINDIA, VEDL, NATIONALUM, GVT&D"
2026-06-29,3d,>=7%,20,2,10.0,"NETWEB, GVT&D"
2026-06-30,3d,>=7%,20,2,10.0,"KIRLOSENG, NETWEB"
2026-07-01,3d,>=7%,20,2,10.0,"APARINDS, NETWEB"
2026-07-03,3d,>=7%,20,3,15.0,"POWERINDIA, APARINDS, GVT&D"
2026-07-06,3d,>=7%,20,1,5.0,MCX
2026-07-07,3d,>=7%,20,2,10.0,"GVT&D, MCX"
2026-07-20,3d,>=7%,20,1,5.0,KIRLOSENG
2026-07-21,3d,>=7%,20,1,5.0,KIRLOSENG
2026-07-24,3d,>=7%,20,2,10.0,"HFCL, GVT&D"
2026-07-27,3d,>=7%,20,1,5.0,HFCL
2026-07-28,3d,>=7%,20,1,5.0,HFCL
2026-08-11,3d,>=7%,20,1,5.0,BHARATFORG
2026-08-12,3d,>=7%,20,1,5.0,BHARATFORG
2026-08-17,3d,>=7%,20,2,10.0,"APARINDS, NATIONALUM"
2026-08-31,3d,>=7%,20,1,5.0,ADANIENSOL
2026-09-01,3d,>=7%,20,1,5.0,ADANIENSOL
2026-09-02,3d,>=7%,20,2,10.0,"HFCL, ADANIENSOL"
2026-09-03,3d,>=7%,20,1,5.0,HFCL
2007-09-27,3d,>=8%,20,1,5.0,JINDALSTEL
2007-10-05,3d,>=8%,20,1,5.0,TFCILTD
2007-10-08,3d,>=8%,20,3,15.0,"APTECHT, PRAJIND, TFCILTD"
2007-10-09,3d,>=8%,20,3,15.0,"APTECHT, PRAJIND, TFCILTD"
2007-10-18,3d,>=8%,20,8,40.0,"JSWSTEEL, ADANIENT, APTECHT, BHARTIARTL, PRAJIND, CRISIL, KOTAKBANK, TFCILTD"
2007-10-19,3d,>=8%,20,13,65.0,"JSWSTEEL, ADANIENT, APTECHT, BHARTIARTL, PRAJIND, SOUTHBANK, JINDALSTEL, CRISIL, KOTAKBANK, DIVISLAB, TFCILTD, UNITDSPR, LT"
2007-10-22,3d,>=8%,20,6,30.0,"BHARTIARTL, RELIANCE, GMDCLTD, JINDALSTEL, KOTAKBANK, TFCILTD"
2007-10-23,3d,>=8%,20,1,5.0,GMDCLTD
2007-11-01,3d,>=8%,20,3,15.0,"PRAJIND, TFCILTD, UNITDSPR"
2007-11-02,3d,>=8%,20,2,10.0,"BHARTIARTL, UNITDSPR"
2007-11-07,3d,>=8%,20,1,5.0,JINDALSTEL
2007-11-08,3d,>=8%,20,2,10.0,"RIIL, JINDALSTEL"
2007-11-09,3d,>=8%,20,1,5.0,JINDALSTEL
2007-11-14,3d,>=8%,20,1,5.0,RIIL
2007-11-21,3d,>=8%,20,3,15.0,"STCINDIA, VEDL, UNITDSPR"
2007-11-22,3d,>=8%,20,12,60.0,"STCINDIA, ABB, RELINFRA, VEDL, WELCORP, RIIL, GMDCLTD, JINDALSTEL, ABAN, UNITDSPR, THERMAX, LT"
2007-11-23,3d,>=8%,20,4,20.0,"STCINDIA, RIIL, GMDCLTD, THERMAX"
2007-11-26,3d,>=8%,20,2,10.0,"STCINDIA, GMDCLTD"
2007-11-27,3d,>=8%,20,1,5.0,STCINDIA
2007-11-29,3d,>=8%,20,2,10.0,"ADANIENT, JINDALSTEL"
2007-12-10,3d,>=8%,20,2,10.0,"STCINDIA, RIIL"
2007-12-17,3d,>=8%,20,4,20.0,"STCINDIA, WELCORP, JINDALSTEL, KOTAKBANK"
2007-12-18,3d,>=8%,20,5,25.0,"STCINDIA, JSWSTEEL, RIIL, JINDALSTEL, KOTAKBANK"
2007-12-19,3d,>=8%,20,4,20.0,"STCINDIA, JSWSTEEL, JINDALSTEL, KOTAKBANK"
2008-01-09,3d,>=8%,20,1,5.0,JSWSTEEL
2008-01-10,3d,>=8%,20,5,25.0,"STCINDIA, ADANIENT, RIIL, KOTAKBANK, USHAMART"
2008-01-11,3d,>=8%,20,3,15.0,"STCINDIA, ADANIENT, RIIL"
2008-01-14,3d,>=8%,20,1,5.0,ADANIENT
2008-01-16,3d,>=8%,20,1,5.0,RELINFRA
2008-01-17,3d,>=8%,20,1,5.0,RELINFRA
2008-01-18,3d,>=8%,20,6,30.0,"JSWSTEEL, RELINFRA, RELIANCE, KOTAKBANK, ABAN, DIVISLAB"
2008-01-21,3d,>=8%,20,14,70.0,"INDIAGLYCO, JSWSTEEL, ADANIENT, RELINFRA, VEDL, RELIANCE, SOUTHBANK, WELCORP, GMDCLTD, JINDALSTEL, KOTAKBANK, ABAN, DIVISLAB, RAJESHEXPO"
2008-01-22,3d,>=8%,20,19,95.0,"INDIAGLYCO, STCINDIA, JSWSTEEL, ADANIENT, RELINFRA, VEDL, RELIANCE, SOUTHBANK, WELCORP, SHRIRAMFIN, RIIL, GMDCLTD, JINDALSTEL, KOTAKBANK, ABAN, DIVISLAB, RAJESHEXPO, USHAMART, LT"
2008-01-23,3d,>=8%,20,13,65.0,"INDIAGLYCO, STCINDIA, JSWSTEEL, ADANIENT, RELIANCE, SOUTHBANK, RIIL, GMDCLTD, JINDALSTEL, ABAN, DIVISLAB, RAJESHEXPO, USHAMART"
2008-01-24,3d,>=8%,20,8,40.0,"INDIAGLYCO, STCINDIA, JSWSTEEL, ADANIENT, RIIL, GMDCLTD, JINDALSTEL, USHAMART"
2008-01-25,3d,>=8%,20,2,10.0,"STCINDIA, USHAMART"
2008-01-28,3d,>=8%,20,1,5.0,STCINDIA
2009-04-17,3d,>=8%,17,3,17.647058823529413,"DSKULKARNI, NOIDATOLL, EMBDL"
2009-04-20,3d,>=8%,17,5,29.41176470588235,"DSKULKARNI, NOIDATOLL, MCLEODRUSS, EMBDL, IIFL"
2009-04-24,3d,>=8%,17,1,5.882352941176471,NOIDATOLL
2009-04-27,3d,>=8%,17,1,5.882352941176471,DONEAR
2009-04-28,3d,>=8%,17,2,11.764705882352942,"FSL, EMBDL"
2009-04-29,3d,>=8%,17,2,11.764705882352942,"FSL, EMBDL"
2009-05-08,3d,>=8%,17,1,5.882352941176471,UNIONBANK
2009-05-11,3d,>=8%,17,1,5.882352941176471,ORIENTPPR
2009-05-13,3d,>=8%,17,1,5.882352941176471,NIITLTD
2009-05-21,3d,>=8%,17,2,11.764705882352942,"IDEA, HEROMOTOCO"
2009-05-25,3d,>=8%,17,1,5.882352941176471,IIFL
2009-05-26,3d,>=8%,17,1,5.882352941176471,IIFL
2009-05-28,3d,>=8%,17,1,5.882352941176471,ORIENTPPR
2009-06-02,3d,>=8%,17,1,5.882352941176471,DONEAR
2009-06-08,3d,>=8%,17,4,23.529411764705884,"FSL, MUNJALSHOW, EMBDL, NIITLTD"
2009-06-09,3d,>=8%,20,1,5.0,ORIENTPPR
2009-06-10,3d,>=8%,20,1,5.0,IIFL
2009-06-12,3d,>=8%,20,1,5.0,IIFL
2009-06-15,3d,>=8%,20,2,10.0,"IIFL, BHEL"
2009-06-16,3d,>=8%,20,1,5.0,IIFL
2009-06-17,3d,>=8%,20,1,5.0,IIFL
2009-06-18,3d,>=8%,20,5,25.0,"ENGINERSIN, GODREJCP, UNIONBANK, ONGC, ORIENTPPR"
2009-06-19,3d,>=8%,20,4,20.0,"ENGINERSIN, PFC, ONGC, ORIENTPPR"
2009-06-22,3d,>=8%,20,1,5.0,BERGEPAINT
2009-06-23,3d,>=8%,20,1,5.0,COROMANDEL
2009-06-30,3d,>=8%,20,1,5.0,LUPIN
2009-07-01,3d,>=8%,20,1,5.0,RALLIS
2009-07-06,3d,>=8%,20,3,15.0,"BANKBARODA, IIFL, ORIENTPPR"
2009-07-07,3d,>=8%,20,2,10.0,"ENGINERSIN, BANKBARODA"
2009-07-08,3d,>=8%,20,8,40.0,"ENGINERSIN, UNIONBANK, MUNJALSHOW, BANKBARODA, COROMANDEL, PFC, ONGC, LICHSGFIN"
2009-07-09,3d,>=8%,20,1,5.0,MUNJALSHOW
2009-07-10,3d,>=8%,20,1,5.0,COROMANDEL
2009-07-13,3d,>=8%,20,1,5.0,COROMANDEL
2009-07-23,3d,>=8%,20,1,5.0,LICHSGFIN
2009-07-24,3d,>=8%,20,1,5.0,UNIONBANK
2009-07-27,3d,>=8%,20,1,5.0,UNIONBANK
2009-08-07,3d,>=8%,20,2,10.0,"MARUTI, HEROMOTOCO"
2009-08-10,3d,>=8%,20,5,25.0,"SHREECEM, MUNJALSHOW, MARUTI, HEROMOTOCO, RALLIS"
2009-08-11,3d,>=8%,20,2,10.0,"SHREECEM, MUNJALSHOW"
2009-08-18,3d,>=8%,20,1,5.0,HEROMOTOCO
2009-08-19,3d,>=8%,20,1,5.0,HEROMOTOCO
2009-10-29,3d,>=8%,20,4,20.0,"MUNJALSHOW, AUROPHARMA, MARUTI, LICHSGFIN"
2009-10-30,3d,>=8%,20,1,5.0,MUNJALSHOW
2009-11-03,3d,>=8%,20,5,25.0,"MUNJALSHOW, MCLEODRUSS, AUROPHARMA, JINDALSTEL, LICHSGFIN"
2009-11-04,3d,>=8%,20,1,5.0,MUNJALSHOW
2009-11-23,3d,>=8%,20,1,5.0,DHAMPURSUG
2009-12-07,3d,>=8%,20,1,5.0,SUPREMEIND
2010-01-12,3d,>=8%,20,1,5.0,MCLEODRUSS
2010-01-21,3d,>=8%,20,1,5.0,DHAMPURSUG
2010-01-22,3d,>=8%,20,1,5.0,MCLEODRUSS
2010-01-25,3d,>=8%,20,1,5.0,MCLEODRUSS
2010-01-27,3d,>=8%,20,6,30.0,"RECLTD, SEAMECLTD, VEDL, MCLEODRUSS, JAYSREETEA, LICHSGFIN"
2010-01-28,3d,>=8%,20,3,15.0,"VEDL, MCLEODRUSS, JAYSREETEA"
2010-01-29,3d,>=8%,20,1,5.0,RENUKA
2010-02-04,3d,>=8%,20,2,10.0,"DHAMPURSUG, RENUKA"
2010-02-05,3d,>=8%,20,2,10.0,"DHAMPURSUG, RENUKA"
2010-02-06,3d,>=8%,20,1,5.0,RENUKA
2010-02-22,3d,>=8%,20,1,5.0,DHAMPURSUG
2010-02-23,3d,>=8%,20,1,5.0,DHAMPURSUG
2010-02-24,3d,>=8%,20,1,5.0,DHAMPURSUG
2010-02-25,3d,>=8%,20,1,5.0,DHAMPURSUG
2010-03-02,3d,>=8%,20,1,5.0,DHAMPURSUG
2010-03-30,3d,>=8%,20,1,5.0,ENGINERSIN
2010-03-31,3d,>=8%,20,1,5.0,ENGINERSIN
2010-04-27,3d,>=8%,20,1,5.0,MCLEODRUSS
2010-04-28,3d,>=8%,20,1,5.0,MCLEODRUSS
2010-05-03,3d,>=8%,20,1,5.0,SOUTHBANK
2010-05-04,3d,>=8%,20,2,10.0,"VEDL, SOUTHBANK"
2010-05-05,3d,>=8%,20,1,5.0,SOUTHBANK
2010-05-06,3d,>=8%,20,1,5.0,JINDALSTEL
2010-05-07,3d,>=8%,20,2,10.0,"JINDALSTEL, TMPV"
2010-05-12,3d,>=8%,20,1,5.0,ENGINERSIN
2010-05-13,3d,>=8%,20,1,5.0,ENGINERSIN
2010-05-17,3d,>=8%,20,1,5.0,ENGINERSIN
2010-05-19,3d,>=8%,20,2,10.0,"ENGINERSIN, TMPV"
2010-05-20,3d,>=8%,20,3,15.0,"ENGINERSIN, VEDL, TMPV"
2010-05-21,3d,>=8%,20,2,10.0,"ENGINERSIN, TMPV"
2010-05-24,3d,>=8%,20,1,5.0,ENGINERSIN
2010-09-15,3d,>=8%,20,1,5.0,VENKEYS
2010-09-16,3d,>=8%,20,1,5.0,VENKEYS
2010-09-21,3d,>=8%,20,1,5.0,KARURVYSYA
2010-09-22,3d,>=8%,20,1,5.0,KARURVYSYA
2010-10-07,3d,>=8%,20,1,5.0,VIPIND
2010-10-08,3d,>=8%,20,1,5.0,VIPIND
2010-10-19,3d,>=8%,20,1,5.0,JINDALPOLY
2010-10-20,3d,>=8%,20,1,5.0,JINDALPOLY
2010-10-21,3d,>=8%,20,1,5.0,JINDALPOLY
2010-10-27,3d,>=8%,20,1,5.0,VENKEYS
2010-10-28,3d,>=8%,20,1,5.0,VENKEYS
2010-10-29,3d,>=8%,20,1,5.0,VENKEYS
2010-11-15,3d,>=8%,20,2,10.0,"UFLEX, JINDALPOLY"
2010-11-16,3d,>=8%,20,3,15.0,"UFLEX, TITAN, JINDALPOLY"
2010-11-18,3d,>=8%,20,2,10.0,"UFLEX, JINDALPOLY"
2010-11-19,3d,>=8%,20,1,5.0,VENKEYS
2010-11-22,3d,>=8%,20,1,5.0,VENKEYS
2010-11-24,3d,>=8%,20,1,5.0,COROMANDEL
2010-11-25,3d,>=8%,20,2,10.0,"UFLEX, JINDALPOLY"
2010-11-26,3d,>=8%,20,3,15.0,"UFLEX, SUNDARMFIN, JINDALPOLY"
2011-04-26,3d,>=8%,20,1,5.0,COROMANDEL
2011-04-29,3d,>=8%,20,3,15.0,"UCOBANK, ELGIEQUIP, BANKBARODA"
2011-05-02,3d,>=8%,20,3,15.0,"UCOBANK, ELGIEQUIP, BANKBARODA"
2011-05-03,3d,>=8%,20,6,30.0,"UCOBANK, BAJFINANCE, M&MFIN, TITAN, ELGIEQUIP, BANKBARODA"
2011-05-04,3d,>=8%,20,1,5.0,BAJFINANCE
2011-05-05,3d,>=8%,20,1,5.0,BAJFINANCE
2011-05-18,3d,>=8%,20,1,5.0,M&MFIN
2011-06-20,3d,>=8%,20,2,10.0,"JINDALPOLY, UBL"
2011-06-21,3d,>=8%,20,3,15.0,"ARVIND, JINDALPOLY, UBL"
2011-06-22,3d,>=8%,20,2,10.0,"JINDALPOLY, UBL"
2011-06-23,3d,>=8%,20,1,5.0,JINDALPOLY
2012-02-22,3d,>=8%,20,1,5.0,ARVIND
2012-02-23,3d,>=8%,20,1,5.0,ARVIND
2012-02-24,3d,>=8%,20,2,10.0,"ARVIND, LICHSGFIN"
2012-02-27,3d,>=8%,20,1,5.0,ARVIND
2012-04-17,3d,>=8%,20,1,5.0,ASTRAZEN
2012-04-27,3d,>=8%,20,1,5.0,ASTRAZEN
2012-04-28,3d,>=8%,20,1,5.0,ASTRAZEN
2012-05-04,3d,>=8%,20,2,10.0,"MRF, ASTRAZEN"
2012-05-08,3d,>=8%,20,1,5.0,VSTIND
2012-05-14,3d,>=8%,20,1,5.0,ASTRAZEN
2012-05-15,3d,>=8%,20,2,10.0,"EICHERMOT, ASTRAZEN"
2012-05-16,3d,>=8%,20,1,5.0,ASTRAZEN
2012-06-01,3d,>=8%,20,2,10.0,"ASTRAZEN, HAVELLS"
2012-06-04,3d,>=8%,20,1,5.0,JUBLFOOD
2012-07-13,3d,>=8%,20,1,5.0,DCW
2012-07-27,3d,>=8%,20,1,5.0,ASTRAZEN
2012-08-09,3d,>=8%,20,1,5.0,DCW
2012-08-29,3d,>=8%,20,1,5.0,DCW
2012-09-04,3d,>=8%,20,1,5.0,BLUEDART
2012-09-05,3d,>=8%,20,1,5.0,BLUEDART
2012-09-06,3d,>=8%,20,1,5.0,BLUEDART
2012-09-17,3d,>=8%,20,1,5.0,BSOFT
2012-10-18,3d,>=8%,20,1,5.0,ZENSARTECH
2012-10-29,3d,>=8%,20,1,5.0,HAVELLS
2012-10-30,3d,>=8%,20,1,5.0,HAVELLS
2012-11-19,3d,>=8%,20,1,5.0,EICHERMOT
2012-11-20,3d,>=8%,20,1,5.0,DCW
2012-12-13,3d,>=8%,20,1,5.0,KTKBANK
2012-12-14,3d,>=8%,20,1,5.0,KTKBANK
2012-12-17,3d,>=8%,20,1,5.0,KTKBANK
2013-01-21,3d,>=8%,20,1,5.0,KAJARIACER
2013-01-22,3d,>=8%,20,1,5.0,M&MFIN
2013-01-24,3d,>=8%,20,2,10.0,"KTKBANK, STAR"
2013-01-25,3d,>=8%,20,1,5.0,KTKBANK
2013-02-07,3d,>=8%,20,2,10.0,"AARTIIND, STAR"
2013-02-08,3d,>=8%,20,1,5.0,STAR
2013-02-14,3d,>=8%,20,2,10.0,"DCW, BAJAJFINSV"
2013-12-20,3d,>=8%,20,1,5.0,MOTHERSON
2013-12-23,3d,>=8%,20,1,5.0,MOTHERSON
2013-12-24,3d,>=8%,20,1,5.0,MOTHERSON
2014-01-03,3d,>=8%,20,1,5.0,ESCORTS
2014-01-06,3d,>=8%,20,1,5.0,ESCORTS
2014-01-08,3d,>=8%,20,1,5.0,M&MFIN
2014-01-09,3d,>=8%,20,1,5.0,M&MFIN
2014-01-10,3d,>=8%,20,1,5.0,M&MFIN
2014-01-13,3d,>=8%,20,1,5.0,FINPIPE
2014-01-17,3d,>=8%,20,1,5.0,IDEA
2014-01-20,3d,>=8%,20,1,5.0,IDEA
2014-01-22,3d,>=8%,20,1,5.0,M&MFIN
2014-01-23,3d,>=8%,20,2,10.0,"M&MFIN, SUPREMEIND"
2014-01-24,3d,>=8%,20,2,10.0,"BIOCON, M&MFIN"
2014-01-27,3d,>=8%,20,2,10.0,"RCOM, BIOCON"
2014-01-28,3d,>=8%,20,2,10.0,"IDEA, RCOM"
2014-01-29,3d,>=8%,20,2,10.0,"IDEA, BLUEDART"
2014-01-30,3d,>=8%,20,1,5.0,BLUEDART
2014-01-31,3d,>=8%,20,1,5.0,BLUEDART
2014-02-03,3d,>=8%,20,1,5.0,BLUEDART
2014-02-07,3d,>=8%,20,1,5.0,IDEA
2014-02-10,3d,>=8%,20,1,5.0,IDEA
2014-02-14,3d,>=8%,20,1,5.0,ESCORTS
2014-03-10,3d,>=8%,20,1,5.0,ECLERX
2014-03-11,3d,>=8%,20,1,5.0,AUROPHARMA
2014-03-26,3d,>=8%,20,1,5.0,TATAELXSI
2014-04-07,3d,>=8%,20,1,5.0,PAGEIND
2014-04-16,3d,>=8%,20,1,5.0,TVSMOTOR
2014-04-23,3d,>=8%,20,1,5.0,MRF
2014-04-25,3d,>=8%,20,1,5.0,MRF
2014-05-05,3d,>=8%,20,3,15.0,"FSL, RCOM, ESCORTS"
2014-05-06,3d,>=8%,20,2,10.0,"FSL, ESCORTS"
2014-05-07,3d,>=8%,20,2,10.0,"FSL, ESCORTS"
2014-05-19,3d,>=8%,20,4,20.0,"FSL, ARVIND, IPCALAB, PERSISTENT"
2014-05-28,3d,>=8%,20,1,5.0,KAJARIACER
2014-06-13,3d,>=8%,20,1,5.0,TATAELXSI
2014-06-18,3d,>=8%,20,1,5.0,KAJARIACER
2014-07-07,3d,>=8%,20,1,5.0,SRF
2014-07-08,3d,>=8%,20,1,5.0,SRF
2014-07-09,3d,>=8%,20,4,20.0,"TVSMOTOR, ARVIND, AUROPHARMA, BHARATFORG"
2014-07-10,3d,>=8%,20,4,20.0,"ARVIND, AUROPHARMA, TATAELXSI, CANFINHOME"
2014-07-11,3d,>=8%,20,1,5.0,ARVIND
2014-07-14,3d,>=8%,20,1,5.0,KEC
2014-07-25,3d,>=8%,20,2,10.0,"TVSMOTOR, CANFINHOME"
2014-07-28,3d,>=8%,20,3,15.0,"TVSMOTOR, ARVIND, CANFINHOME"
2014-07-30,3d,>=8%,20,1,5.0,CANFINHOME
2014-08-01,3d,>=8%,20,1,5.0,KEC
2014-08-04,3d,>=8%,20,1,5.0,KEC
2014-08-05,3d,>=8%,20,1,5.0,KEC
2014-08-08,3d,>=8%,20,2,10.0,"KEC, SKFINDIA"
2014-09-16,3d,>=8%,20,4,20.0,"TVSMOTOR, KEC, BHARATFORG, SIMPLEXINF"
2014-09-17,3d,>=8%,20,1,5.0,CANFINHOME
2014-09-23,3d,>=8%,20,2,10.0,"AUROPHARMA, FINCABLES"
2014-09-24,3d,>=8%,20,3,15.0,"AUROPHARMA, GPPL, FINCABLES"
2014-09-25,3d,>=8%,20,3,15.0,"ARVIND, SIMPLEXINF, TATAELXSI"
2014-09-26,3d,>=8%,20,1,5.0,SIMPLEXINF
2014-09-29,3d,>=8%,20,1,5.0,SIMPLEXINF
2014-10-17,3d,>=8%,20,1,5.0,AARTIIND
2014-10-20,3d,>=8%,20,1,5.0,ATUL
2014-10-21,3d,>=8%,20,1,5.0,ATUL
2014-11-14,3d,>=8%,20,1,5.0,BALKRISIND
2014-11-17,3d,>=8%,20,1,5.0,BALKRISIND
2014-11-18,3d,>=8%,20,1,5.0,BALKRISIND
2014-11-19,3d,>=8%,20,1,5.0,BALKRISIND
2014-12-08,3d,>=8%,20,1,5.0,AIAENG
2014-12-17,3d,>=8%,20,1,5.0,AUROPHARMA
2015-01-23,3d,>=8%,20,1,5.0,CANFINHOME
2015-01-27,3d,>=8%,20,1,5.0,CANFINHOME
2015-01-28,3d,>=8%,20,1,5.0,CANFINHOME
2015-02-02,3d,>=8%,20,1,5.0,TVSMOTOR
2015-02-03,3d,>=8%,20,1,5.0,TVSMOTOR
2015-02-05,3d,>=8%,20,1,5.0,AUROPHARMA
2015-02-06,3d,>=8%,20,2,10.0,"SUNDRMFAST, AUROPHARMA"
2015-02-09,3d,>=8%,20,3,15.0,"AIAENG, AUROPHARMA, GPPL"
2015-02-10,3d,>=8%,20,1,5.0,AUROPHARMA
2015-02-18,3d,>=8%,20,1,5.0,AARTIIND
2015-02-19,3d,>=8%,20,1,5.0,AARTIIND
2015-02-20,3d,>=8%,20,1,5.0,KAJARIACER
2015-02-24,3d,>=8%,20,1,5.0,TVSMOTOR
2015-02-25,3d,>=8%,20,1,5.0,TVSMOTOR
2015-03-10,3d,>=8%,20,1,5.0,BEL
2015-03-23,3d,>=8%,20,1,5.0,AARTIIND
2015-03-24,3d,>=8%,20,1,5.0,AARTIIND
2015-04-15,3d,>=8%,20,1,5.0,BEL
2015-04-16,3d,>=8%,20,1,5.0,BEL
2015-04-17,3d,>=8%,20,2,10.0,"LUPIN, BHARATFORG"
2015-04-20,3d,>=8%,20,4,20.0,"SUNDRMFAST, LUPIN, BHARATFORG, INDUSINDBK"
2015-04-21,3d,>=8%,20,5,25.0,"HONAUT, EICHERMOT, SUNDRMFAST, BHARATFORG, INDUSINDBK"
2015-04-22,3d,>=8%,20,1,5.0,HONAUT
2015-04-24,3d,>=8%,20,2,10.0,"BOSCHLTD, SRF"
2015-04-27,3d,>=8%,20,4,20.0,"BOSCHLTD, KAJARIACER, GFLLIMITED, SRF"
2015-04-28,3d,>=8%,20,1,5.0,BOSCHLTD
2015-05-07,3d,>=8%,20,1,5.0,CANFINHOME
2015-05-08,3d,>=8%,20,1,5.0,CANFINHOME
2015-06-02,3d,>=8%,20,1,5.0,SUNDRMFAST
2015-06-03,3d,>=8%,20,2,10.0,"BOSCHLTD, BEL"
2015-06-04,3d,>=8%,20,2,10.0,"BEL, JKIL"
2015-06-05,3d,>=8%,20,1,5.0,JKIL
2015-06-09,3d,>=8%,20,1,5.0,BHARATFORG
2017-02-09,3d,>=8%,20,1,5.0,CUB
2017-02-15,3d,>=8%,20,1,5.0,INDIANB
2017-03-02,3d,>=8%,20,1,5.0,BIOCON
2017-03-22,3d,>=8%,20,1,5.0,INDIANB
2017-04-13,3d,>=8%,20,1,5.0,VEDL
2017-04-18,3d,>=8%,20,1,5.0,VEDL
2017-05-05,3d,>=8%,20,1,5.0,TATACOMM
2017-05-08,3d,>=8%,20,1,5.0,VEDL
2017-05-09,3d,>=8%,20,1,5.0,RAIN
2017-05-18,3d,>=8%,20,1,5.0,CESC
2017-05-19,3d,>=8%,20,2,10.0,"CESC, BAJAJFINSV"
2017-05-22,3d,>=8%,20,6,30.0,"RAIN, CESC, VGUARD, INDIANB, BAJAJFINSV, MOTILALOFS"
2017-05-23,3d,>=8%,20,4,20.0,"RAIN, VGUARD, INDIANB, MOTILALOFS"
2017-05-24,3d,>=8%,20,3,15.0,"RAIN, VGUARD, MOTILALOFS"
2017-06-08,3d,>=8%,20,1,5.0,ADANIENSOL
2017-06-09,3d,>=8%,20,1,5.0,ADANIENSOL
2017-06-27,3d,>=8%,20,4,20.0,"RECLTD, ESCORTS, INDIANB, MOTILALOFS"
2017-06-28,3d,>=8%,20,1,5.0,SUNDRMFAST
2017-08-10,3d,>=8%,20,6,30.0,"FEDERALBNK, RAIN, AVANTIFEED, ADANIENSOL, ESCORTS, CAPLIPOINT"
2017-08-11,3d,>=8%,20,4,20.0,"TVSMOTOR, RAIN, ADANIENSOL, ESCORTS"
2017-08-14,3d,>=8%,20,2,10.0,"RAIN, ADANIENSOL"
2017-09-22,3d,>=8%,20,1,5.0,RAIN
2017-09-25,3d,>=8%,20,2,10.0,"BAJAJFINSV, CAPLIPOINT"
2017-09-26,3d,>=8%,20,1,5.0,BOMDYEING
2017-09-27,3d,>=8%,20,1,5.0,BOMDYEING
2017-09-28,3d,>=8%,20,1,5.0,BOMDYEING
2017-10-13,3d,>=8%,20,1,5.0,BOMDYEING
2017-10-16,3d,>=8%,20,1,5.0,BOMDYEING
2017-10-25,3d,>=8%,20,1,5.0,EDELWEISS
2017-10-26,3d,>=8%,20,1,5.0,EDELWEISS
2017-10-31,3d,>=8%,20,1,5.0,ADANIENSOL
2017-11-01,3d,>=8%,20,1,5.0,ADANIENSOL
2017-11-15,3d,>=8%,20,2,10.0,"BOMDYEING, AVANTIFEED"
2017-11-16,3d,>=8%,20,2,10.0,"RAIN, AVANTIFEED"
2017-11-17,3d,>=8%,20,1,5.0,RAIN
2017-11-20,3d,>=8%,20,1,5.0,RAIN
2017-11-21,3d,>=8%,20,1,5.0,RAIN
2017-12-01,3d,>=8%,20,1,5.0,ADANIENSOL
2017-12-05,3d,>=8%,20,1,5.0,BOMDYEING
2018-01-18,3d,>=8%,20,2,10.0,"BOMDYEING, BBTC"
2018-01-25,3d,>=8%,20,1,5.0,BOMDYEING
2018-01-29,3d,>=8%,20,1,5.0,MOTILALOFS
2018-01-30,3d,>=8%,20,4,20.0,"AVANTIFEED, VAKRANGEE, VIPIND, MOTILALOFS"
2018-01-31,3d,>=8%,20,5,25.0,"RAIN, AVANTIFEED, VAKRANGEE, APLAPOLLO, RKFORGE"
2018-02-01,3d,>=8%,20,3,15.0,"RAIN, VAKRANGEE, APLAPOLLO"
2018-02-02,3d,>=8%,20,7,35.0,"TVSMOTOR, BOMDYEING, BBTC, RAIN, TATACONSUM, VAKRANGEE, EDELWEISS"
2018-02-05,3d,>=8%,20,4,20.0,"RAIN, VAKRANGEE, MOTILALOFS, EDELWEISS"
2019-04-30,3d,>=8%,20,1,5.0,ADANIPOWER
2019-05-02,3d,>=8%,20,1,5.0,ADANIPOWER
2019-05-03,3d,>=8%,20,1,5.0,ADANIPOWER
2019-05-07,3d,>=8%,20,1,5.0,PRAJIND
2019-05-08,3d,>=8%,20,1,5.0,PRAJIND
2019-05-09,3d,>=8%,20,2,10.0,"RELIANCE, GFLLIMITED"
2019-05-15,3d,>=8%,20,1,5.0,ABFRL
2020-01-16,3d,>=8%,20,1,5.0,ADANIGREEN
2020-01-28,3d,>=8%,20,1,5.0,BALRAMCHIN
2020-02-01,3d,>=8%,20,1,5.0,SBILIFE
2020-02-03,3d,>=8%,20,1,5.0,SBILIFE
2020-02-04,3d,>=8%,20,2,10.0,"SBILIFE, MANAPPURAM"
2020-02-05,3d,>=8%,20,1,5.0,MANAPPURAM
2020-02-11,3d,>=8%,20,1,5.0,WHIRLPOOL
2020-02-12,3d,>=8%,20,1,5.0,WHIRLPOOL
2020-02-17,3d,>=8%,20,2,10.0,"MASFIN, IGL"
2020-02-18,3d,>=8%,20,1,5.0,MASFIN
2020-02-19,3d,>=8%,20,1,5.0,MASFIN
2020-02-24,3d,>=8%,20,1,5.0,DIXON
2020-02-25,3d,>=8%,20,1,5.0,ADANIGREEN
2020-02-26,3d,>=8%,20,3,15.0,"NAUKRI, ADANIGREEN, ICICIGI"
2020-02-27,3d,>=8%,20,2,10.0,"ADANIGREEN, RELAXO"
2020-02-28,3d,>=8%,20,3,15.0,"ADANIGREEN, MANAPPURAM, RELAXO"
2020-03-02,3d,>=8%,20,3,15.0,"ADANIGREEN, MANAPPURAM, RELAXO"
2020-07-08,3d,>=8%,20,1,5.0,GUJENERGY
2020-07-09,3d,>=8%,20,1,5.0,GUJENERGY
2020-07-10,3d,>=8%,20,1,5.0,ADANIGREEN
2020-07-16,3d,>=8%,20,1,5.0,DMART
2020-07-23,3d,>=8%,20,1,5.0,ADANIGREEN
2020-07-27,3d,>=8%,20,2,10.0,"TRENT, ESCORTS"
2020-08-10,3d,>=8%,20,1,5.0,DEEPAKNTR
2020-08-11,3d,>=8%,20,1,5.0,DEEPAKNTR
2020-08-13,3d,>=8%,20,1,5.0,LAURUSLABS
2020-08-31,3d,>=8%,20,3,15.0,"PERSISTENT, NAVINFLUOR, RALLIS"
2020-09-01,3d,>=8%,20,3,15.0,"FDC, PERSISTENT, APLLTD"
2020-09-08,3d,>=8%,20,1,5.0,ESCORTS
2020-09-10,3d,>=8%,20,1,5.0,ASTRAZEN
2020-09-17,3d,>=8%,20,1,5.0,EPL
2020-09-18,3d,>=8%,20,1,5.0,EPL
2020-09-21,3d,>=8%,20,2,10.0,"EPL, DIXON"
2020-09-22,3d,>=8%,20,2,10.0,"DIXON, RALLIS"
2020-09-23,3d,>=8%,20,2,10.0,"ADANIGREEN, LAURUSLABS"
2020-09-24,3d,>=8%,20,1,5.0,LAURUSLABS
2020-10-07,3d,>=8%,20,1,5.0,COROMANDEL
2020-10-19,3d,>=8%,20,1,5.0,PERSISTENT
2020-10-26,3d,>=8%,20,1,5.0,BIOCON
2020-11-03,3d,>=8%,20,1,5.0,LAURUSLABS
2020-11-04,3d,>=8%,20,1,5.0,LAURUSLABS
2020-11-10,3d,>=8%,20,1,5.0,IPCALAB
2020-11-11,3d,>=8%,20,1,5.0,IPCALAB
2020-12-21,3d,>=8%,20,2,10.0,"APLAPOLLO, GRANULES"
2020-12-22,3d,>=8%,20,1,5.0,DIXON
2021-01-11,3d,>=8%,20,1,5.0,ADANIGREEN
2021-01-12,3d,>=8%,20,2,10.0,"ADANIGREEN, SUZLON"
2021-01-13,3d,>=8%,20,2,10.0,"ADANIGREEN, SUZLON"
2021-01-14,3d,>=8%,20,1,5.0,SUZLON
2021-01-18,3d,>=8%,20,1,5.0,INDIAMART
2021-01-19,3d,>=8%,20,1,5.0,INDIAMART
2021-01-20,3d,>=8%,20,1,5.0,APLLTD
2021-01-21,3d,>=8%,20,1,5.0,APLLTD
2021-01-22,3d,>=8%,20,1,5.0,APLLTD
2021-01-25,3d,>=8%,20,2,10.0,"TATAELXSI, DIXON"
2021-01-27,3d,>=8%,20,1,5.0,SUZLON
2021-01-29,3d,>=8%,20,3,15.0,"LAURUSLABS, DRREDDY, NAVINFLUOR"
2021-02-01,3d,>=8%,20,2,10.0,"DRREDDY, GRANULES"
2021-02-02,3d,>=8%,20,1,5.0,GRANULES
2021-02-09,3d,>=8%,20,1,5.0,SUZLON
2021-02-16,3d,>=8%,20,1,5.0,SUZLON
2021-02-17,3d,>=8%,20,1,5.0,SUZLON
2021-02-18,3d,>=8%,20,1,5.0,SUZLON
2021-02-22,3d,>=8%,20,1,5.0,BAJAJELEC
2021-03-12,3d,>=8%,20,1,5.0,APLAPOLLO
2021-03-15,3d,>=8%,20,1,5.0,APLAPOLLO
2021-03-16,3d,>=8%,20,1,5.0,APLAPOLLO
2021-03-18,3d,>=8%,20,3,15.0,"VAIBHAVGBL, HINDCOPPER, GRANULES"
2021-03-19,3d,>=8%,20,2,10.0,"VAIBHAVGBL, AFFLE"
2021-03-22,3d,>=8%,20,1,5.0,AFFLE
2021-03-23,3d,>=8%,20,1,5.0,DIXON
2021-03-24,3d,>=8%,20,1,5.0,DIXON
2021-03-25,3d,>=8%,20,2,10.0,"PERSISTENT, DIXON"
2021-03-26,3d,>=8%,20,1,5.0,VAIBHAVGBL
2021-03-30,3d,>=8%,20,2,10.0,"VAIBHAVGBL, ADANIGREEN"
2021-03-31,3d,>=8%,20,1,5.0,ADANIGREEN
2021-04-05,3d,>=8%,20,1,5.0,APLAPOLLO
2021-04-06,3d,>=8%,20,1,5.0,APLAPOLLO
2021-04-08,3d,>=8%,20,2,10.0,"ADANIENSOL, ATGL"
2021-04-09,3d,>=8%,20,2,10.0,"ADANIENSOL, ATGL"
2021-04-12,3d,>=8%,20,5,25.0,"FSL, HINDCOPPER, ADANIGREEN, ADANIENSOL, ATGL"
2021-04-13,3d,>=8%,20,1,5.0,ADANIENSOL
2021-04-19,3d,>=8%,20,1,5.0,VAIBHAVGBL
2021-04-20,3d,>=8%,20,1,5.0,VAIBHAVGBL
2021-04-22,3d,>=8%,20,1,5.0,HINDCOPPER
2021-05-03,3d,>=8%,20,1,5.0,INDIAMART
2021-05-04,3d,>=8%,20,1,5.0,INDIAMART
2021-05-12,3d,>=8%,20,1,5.0,VAIBHAVGBL
2021-05-14,3d,>=8%,20,4,20.0,"VAIBHAVGBL, HINDCOPPER, ATGL, JINDALSTEL"
2021-05-17,3d,>=8%,20,2,10.0,"HINDCOPPER, JINDALSTEL"
2021-05-21,3d,>=8%,20,1,5.0,JINDALSTEL
2021-06-15,3d,>=8%,20,1,5.0,ADANIENSOL
2021-06-16,3d,>=8%,20,2,10.0,"ADANIENSOL, ATGL"
2021-06-17,3d,>=8%,20,3,15.0,"HINDCOPPER, ADANIENSOL, ATGL"
2021-06-18,3d,>=8%,20,6,30.0,"HINDCOPPER, AFFLE, ADANIGREEN, ADANIENSOL, TIINDIA, ATGL"
2021-06-21,3d,>=8%,20,1,5.0,AFFLE
2021-06-25,3d,>=8%,20,2,10.0,"ADANIENSOL, ATGL"
2021-06-28,3d,>=8%,20,2,10.0,"ADANIENSOL, ATGL"
2021-06-29,3d,>=8%,20,2,10.0,"ADANIENSOL, ATGL"
2021-06-30,3d,>=8%,20,2,10.0,"ADANIENSOL, ATGL"
2021-07-01,3d,>=8%,20,3,15.0,"AFFLE, ADANIENSOL, ATGL"
2021-07-02,3d,>=8%,20,3,15.0,"ADANIGREEN, ADANIENSOL, ATGL"
2021-07-05,3d,>=8%,20,3,15.0,"ADANIGREEN, ADANIENSOL, ATGL"
2021-07-20,3d,>=8%,20,1,5.0,ATGL
2021-07-23,3d,>=8%,20,1,5.0,CDSL
2021-07-30,3d,>=8%,20,1,5.0,FSL
2021-08-06,3d,>=8%,20,1,5.0,ECLERX
2021-08-11,3d,>=8%,20,1,5.0,FSL
2021-08-20,3d,>=8%,20,2,10.0,"JSWSTEEL, TATASTEEL"
2021-08-23,3d,>=8%,20,5,25.0,"FSL, JSWSTEEL, JSWENERGY, LAURUSLABS, TATASTEEL"
2021-08-24,3d,>=8%,20,2,10.0,"FSL, JSWENERGY"
2021-08-30,3d,>=8%,20,1,5.0,LINDEINDIA
2021-09-07,3d,>=8%,20,1,5.0,ATGL
2021-09-20,3d,>=8%,20,3,15.0,"JSWSTEEL, TATASTEEL, ADANIENSOL"
2021-09-21,3d,>=8%,20,2,10.0,"TATASTEEL, ADANIENSOL"
2021-09-22,3d,>=8%,20,1,5.0,ADANIENSOL
2021-09-23,3d,>=8%,20,1,5.0,ADANIENSOL
2021-09-28,3d,>=8%,20,1,5.0,APOLLOHOSP
2021-10-20,3d,>=8%,20,3,15.0,"POLYCAB, SRF, DEEPAKNTR"
2021-10-21,3d,>=8%,20,6,30.0,"POLYCAB, FLUOROCHEM, DIXON, LINDEINDIA, ECLERX, DEEPAKNTR"
2021-10-22,3d,>=8%,20,3,15.0,"DIXON, ECLERX, DEEPAKNTR"
2021-10-25,3d,>=8%,20,4,20.0,"FLUOROCHEM, APLAPOLLO, ECLERX, DEEPAKNTR"
2021-10-28,3d,>=8%,20,1,5.0,ADANIENT
2021-10-29,3d,>=8%,20,1,5.0,DEEPAKNTR
2021-11-18,3d,>=8%,20,1,5.0,JSWENERGY
2021-11-22,3d,>=8%,20,4,20.0,"CENTURYPLY, JSWENERGY, TATAELXSI, DEEPAKNTR"
2021-11-23,3d,>=8%,20,1,5.0,TATAELXSI
2021-11-29,3d,>=8%,20,2,10.0,"CENTURYPLY, TATAPOWER"
2021-11-30,3d,>=8%,20,5,25.0,"TATAPOWER, JSWENERGY, TATASTEEL, ADANIENSOL, SRF"
2021-12-01,3d,>=8%,20,3,15.0,"TRIDENT, CENTURYPLY, ADANIENSOL"
2021-12-02,3d,>=8%,20,1,5.0,TRIDENT
2021-12-03,3d,>=8%,20,1,5.0,TRIDENT
2021-12-15,3d,>=8%,20,1,5.0,IEX
2021-12-16,3d,>=8%,20,1,5.0,FLUOROCHEM
2021-12-17,3d,>=8%,20,4,20.0,"POLYCAB, IEX, FLUOROCHEM, BSE"
2021-12-20,3d,>=8%,20,8,40.0,"CENTURYPLY, TATAPOWER, ADANIENSOL, IEX, FLUOROCHEM, BSE, CDSL, ATGL"
2021-12-21,3d,>=8%,20,6,30.0,"TRIDENT, IEX, BSE, CDSL, ATGL, TATAELXSI"
2022-01-19,3d,>=8%,20,1,5.0,LTTS
2022-01-20,3d,>=8%,20,1,5.0,LTTS
2022-01-21,3d,>=8%,20,2,10.0,"LTTS, ECLERX"
2022-01-24,3d,>=8%,20,2,10.0,"LTTS, ECLERX"
2022-01-25,3d,>=8%,20,6,30.0,"LTTS, IEX, UNOMINDA, BSE, ECLERX, DEEPAKNTR"
2022-01-27,3d,>=8%,20,5,25.0,"LTTS, IEX, UNOMINDA, FLUOROCHEM, DEEPAKNTR"
2022-02-09,3d,>=8%,20,1,5.0,FLUOROCHEM
2022-02-14,3d,>=8%,20,6,30.0,"TRIDENT, CENTURYPLY, PERSISTENT, UNOMINDA, TATAELXSI, DEEPAKNTR"
2022-02-21,3d,>=8%,20,1,5.0,ECLERX
2022-09-16,3d,>=8%,20,2,10.0,"ELGIEQUIP, TIMKEN"
2022-09-19,3d,>=8%,20,3,15.0,"ELGIEQUIP, TIMKEN, GNFC"
2022-09-20,3d,>=8%,20,3,15.0,"SCHAEFFLER, ELGIEQUIP, GNFC"
2022-09-26,3d,>=8%,20,3,15.0,"SOLARINDS, ELGIEQUIP, GNFC"
2022-09-27,3d,>=8%,20,7,35.0,"HAL, ADANIGREEN, ELGIEQUIP, VBL, ADANIENSOL, BDL, GNFC"
2022-09-28,3d,>=8%,20,4,20.0,"ADANIGREEN, ELGIEQUIP, VBL, BDL"
2022-09-29,3d,>=8%,20,2,10.0,"ADANIGREEN, ADANIENSOL"
2022-09-30,3d,>=8%,20,1,5.0,ADANIENSOL
2022-10-03,3d,>=8%,20,3,15.0,"ADANIENT, ADANIENSOL, ATGL"
2022-10-11,3d,>=8%,20,1,5.0,VBL
2022-10-20,3d,>=8%,20,1,5.0,SCHAEFFLER
2022-10-28,3d,>=8%,20,1,5.0,SCHAEFFLER
2022-10-31,3d,>=8%,20,1,5.0,FINEORG
2022-11-01,3d,>=8%,20,1,5.0,FINEORG
2022-11-10,3d,>=8%,20,1,5.0,TIINDIA
2022-11-11,3d,>=8%,20,2,10.0,"INDHOTEL, TIINDIA"
2022-11-15,3d,>=8%,20,1,5.0,FLUOROCHEM
2022-11-21,3d,>=8%,20,1,5.0,MAZDOCK
2022-11-23,3d,>=8%,20,1,5.0,ADANIENSOL
2022-11-30,3d,>=8%,20,1,5.0,SCHAEFFLER
2022-12-22,3d,>=8%,20,2,10.0,"COCHINSHIP, BDL"
2022-12-23,3d,>=8%,20,9,45.0,"RHIM, GESHIP, HAL, ADANIENT, RVNL, COCHINSHIP, ATGL, BDL, MAZDOCK"
2022-12-26,3d,>=8%,20,1,5.0,RVNL
2023-05-22,3d,>=8%,20,1,5.0,SIEMENS
2023-05-23,3d,>=8%,20,2,10.0,"SIEMENS, NCC"
2023-05-29,3d,>=8%,20,1,5.0,FINCABLES
2023-06-23,3d,>=8%,20,1,5.0,MAZDOCK
2023-07-25,3d,>=8%,20,1,5.0,CIEINDIA
2023-08-11,3d,>=8%,20,1,5.0,APOLLOTYRE
2023-08-14,3d,>=8%,20,2,10.0,"FACT, APOLLOTYRE"
2023-08-16,3d,>=8%,20,1,5.0,APOLLOTYRE
2023-09-13,3d,>=8%,20,4,20.0,"RECLTD, KALYANKJIL, ZENSARTECH, PFC"
2023-09-14,3d,>=8%,20,5,25.0,"RECLTD, KALYANKJIL, RVNL, PFC, NCC"
2023-09-15,3d,>=8%,20,1,5.0,SUPREMEIND
2023-09-20,3d,>=8%,20,1,5.0,JSL
2023-09-25,3d,>=8%,20,1,5.0,GLENMARK
2023-10-04,3d,>=8%,20,1,5.0,FINCABLES
2023-10-09,3d,>=8%,20,1,5.0,UNIONBANK
2023-10-20,3d,>=8%,20,1,5.0,MAHABANK
2023-10-23,3d,>=8%,20,5,25.0,"MAHABANK, FACT, SUPREMEIND, NCC, MAZDOCK"
2023-10-25,3d,>=8%,20,5,25.0,"MAHABANK, RVNL, IRFC, NCC, MAZDOCK"
2023-10-26,3d,>=8%,20,5,25.0,"RVNL, IRFC, SUPREMEIND, FINCABLES, MAZDOCK"
2023-11-22,3d,>=8%,20,2,10.0,"BSE, SUZLON"
2023-12-07,3d,>=8%,20,1,5.0,CYIENT
2024-01-09,3d,>=8%,20,1,5.0,POLYCAB
2024-01-10,3d,>=8%,20,1,5.0,POLYCAB
2024-01-11,3d,>=8%,20,1,5.0,POLYCAB
2024-01-12,3d,>=8%,20,1,5.0,POLYCAB
2024-01-15,3d,>=8%,20,1,5.0,POLYCAB
2024-01-17,3d,>=8%,20,1,5.0,SUZLON
2024-01-23,3d,>=8%,20,2,10.0,"PRESTIGE, BSE"
2024-01-25,3d,>=8%,20,1,5.0,CYIENT
2024-02-01,3d,>=8%,20,1,5.0,LT
2024-02-05,3d,>=8%,20,1,5.0,AUROPHARMA
2024-02-09,3d,>=8%,20,1,5.0,NLCINDIA
2024-02-12,3d,>=8%,20,7,35.0,"RECLTD, IRFC, PFC, SUZLON, HUDCO, NBCC, NLCINDIA"
2024-02-13,3d,>=8%,20,6,30.0,"RECLTD, PFC, SUZLON, HUDCO, NBCC, NLCINDIA"
2024-02-14,3d,>=8%,20,2,10.0,"PRESTIGE, NBCC"
2024-02-28,3d,>=8%,20,2,10.0,"RECLTD, NLCINDIA"
2024-03-05,3d,>=8%,20,1,5.0,SUZLON
2024-03-06,3d,>=8%,20,2,10.0,"SUZLON, JBMA"
2024-03-07,3d,>=8%,20,1,5.0,JBMA
2024-03-11,3d,>=8%,20,2,10.0,"JBMA, NBCC"
2024-03-12,3d,>=8%,20,1,5.0,NBCC
2024-03-13,3d,>=8%,20,8,40.0,"HAL, IRFC, NTPC, BSE, SUZLON, HUDCO, JBMA, NBCC"
2024-03-14,3d,>=8%,20,1,5.0,PRESTIGE
2024-03-15,3d,>=8%,20,3,15.0,"PRESTIGE, NTPC, PFC"
2024-03-18,3d,>=8%,20,1,5.0,PRESTIGE
2024-03-19,3d,>=8%,20,1,5.0,PFC
2024-04-15,3d,>=8%,20,1,5.0,NBCC
2024-04-29,3d,>=8%,20,1,5.0,BSE
2024-04-30,3d,>=8%,20,1,5.0,BSE
2024-05-02,3d,>=8%,20,1,5.0,BSE
2024-05-07,3d,>=8%,20,2,10.0,"RECLTD, PFC"
2024-05-08,3d,>=8%,20,1,5.0,PFC
2024-05-09,3d,>=8%,20,1,5.0,MOTILALOFS
2024-05-10,3d,>=8%,20,1,5.0,MOTILALOFS
2024-05-15,3d,>=8%,20,1,5.0,TMPV
2024-05-28,3d,>=8%,20,1,5.0,SUZLON
2024-06-04,3d,>=8%,20,6,30.0,"RECLTD, HAL, PFC, HUDCO, MOTILALOFS, BHEL"
2024-06-05,3d,>=8%,20,5,25.0,"RECLTD, HAL, PFC, HUDCO, BHEL"
2024-06-06,3d,>=8%,20,7,35.0,"RECLTD, HAL, IRFC, NTPC, PFC, HUDCO, BHEL"
2024-06-21,3d,>=8%,20,1,5.0,COCHINSHIP
2024-06-25,3d,>=8%,20,1,5.0,MOTILALOFS
2024-06-26,3d,>=8%,20,1,5.0,MOTILALOFS
2024-06-27,3d,>=8%,20,1,5.0,PRESTIGE
2024-07-02,3d,>=8%,20,1,5.0,MOTILALOFS
2024-07-03,3d,>=8%,20,1,5.0,MOTILALOFS
2024-07-18,3d,>=8%,20,1,5.0,HAL
2024-07-19,3d,>=8%,20,5,25.0,"APARINDS, HAL, TRENT, DIXON, BHEL"
2024-07-22,3d,>=8%,20,3,15.0,"APARINDS, SOBHA, DIXON"
2024-07-23,3d,>=8%,20,2,10.0,"SOBHA, DIXON"
2024-07-25,3d,>=8%,20,1,5.0,IRFC
2024-08-02,3d,>=8%,20,1,5.0,PRESTIGE
2024-08-05,3d,>=8%,20,6,30.0,"RECLTD, APARINDS, MOTHERSON, PRESTIGE, PFC, TRENT"
2024-08-06,3d,>=8%,20,4,20.0,"RECLTD, COCHINSHIP, BSE, TRENT"
2024-08-13,3d,>=8%,20,1,5.0,ZYDUSLIFE
2024-08-14,3d,>=8%,20,1,5.0,ZYDUSLIFE
2024-08-26,3d,>=8%,20,1,5.0,ZYDUSLIFE
2024-08-30,3d,>=8%,20,1,5.0,COCHINSHIP
2024-09-02,3d,>=8%,20,1,5.0,COCHINSHIP
2024-09-05,3d,>=8%,20,1,5.0,OIL
2024-09-06,3d,>=8%,20,1,5.0,OIL
2024-09-12,3d,>=8%,20,2,10.0,"OIL, GRANULES"
2024-09-13,3d,>=8%,20,1,5.0,GRANULES
2024-09-16,3d,>=8%,20,1,5.0,GRANULES
2024-09-20,3d,>=8%,20,1,5.0,OIL
2024-09-27,3d,>=8%,20,1,5.0,KALYANKJIL
2024-10-03,3d,>=8%,20,1,5.0,OIL
2024-10-07,3d,>=8%,20,3,15.0,"RVNL, COCHINSHIP, SUZLON"
2024-10-16,3d,>=8%,20,1,5.0,OIL
2024-10-17,3d,>=8%,20,2,10.0,"OIL, BAJAJ-AUTO"
2024-10-18,3d,>=8%,20,1,5.0,BAJAJ-AUTO
2024-10-21,3d,>=8%,20,1,5.0,BAJAJ-AUTO
2024-10-22,3d,>=8%,20,2,10.0,"POWERINDIA, PCBL"
2024-10-23,3d,>=8%,20,1,5.0,POWERINDIA
2024-10-30,3d,>=8%,20,1,5.0,TORNTPHARM
2024-10-31,3d,>=8%,20,1,5.0,PCBL
2024-11-08,3d,>=8%,20,1,5.0,TRENT
2024-11-11,3d,>=8%,20,2,10.0,"POWERINDIA, PPLPHARMA"
2024-11-12,3d,>=8%,20,2,10.0,"POWERINDIA, PPLPHARMA"
2024-11-13,3d,>=8%,20,2,10.0,"POWERINDIA, MOTILALOFS"
2024-11-14,3d,>=8%,20,2,10.0,"POWERINDIA, HAL"
2024-11-18,3d,>=8%,20,2,10.0,"POWERINDIA, MOTILALOFS"
2025-06-12,3d,>=8%,20,2,10.0,"BSE, GRSE"
2025-06-13,3d,>=8%,20,2,10.0,"BSE, PAYTM"
2025-06-16,3d,>=8%,20,1,5.0,PAYTM
2025-06-20,3d,>=8%,20,1,5.0,ERIS
2025-06-23,3d,>=8%,20,1,5.0,ERIS
2025-06-25,3d,>=8%,20,1,5.0,GRSE
2025-06-26,3d,>=8%,20,1,5.0,GRSE
2025-07-03,3d,>=8%,20,1,5.0,COROMANDEL
2025-07-08,3d,>=8%,20,1,5.0,BSE
2025-07-24,3d,>=8%,20,1,5.0,COFORGE
2025-07-25,3d,>=8%,20,1,5.0,COFORGE
2025-08-06,3d,>=8%,20,1,5.0,NH
2025-08-11,3d,>=8%,20,2,10.0,"GODFRYPHLP, AMBER"
2025-08-12,3d,>=8%,20,1,5.0,AMBER
2025-08-25,3d,>=8%,20,1,5.0,BSE
2025-08-29,3d,>=8%,20,1,5.0,BSE
2026-05-12,3d,>=8%,20,4,20.0,"KIRLOSENG, ADANIPOWER, GMDCLTD, GVT&D"
2026-05-13,3d,>=8%,20,1,5.0,NETWEB
2026-05-14,3d,>=8%,20,1,5.0,NETWEB
2026-05-27,3d,>=8%,20,1,5.0,GESHIP
2026-05-29,3d,>=8%,20,2,10.0,"GESHIP, MCX"
2026-06-01,3d,>=8%,20,3,15.0,"GESHIP, SCHNEIDER, MCX"
2026-06-02,3d,>=8%,20,3,15.0,"GLENMARK, SCHNEIDER, MCX"
2026-06-03,3d,>=8%,20,2,10.0,"POWERINDIA, SCHNEIDER"
2026-06-04,3d,>=8%,20,1,5.0,SCHNEIDER
2026-06-05,3d,>=8%,20,1,5.0,NATIONALUM
2026-06-08,3d,>=8%,20,3,15.0,"NETWEB, NATIONALUM, GMDCLTD"
2026-06-09,3d,>=8%,20,1,5.0,NETWEB
2026-06-10,3d,>=8%,20,2,10.0,"POWERINDIA, GMDCLTD"
2026-06-24,3d,>=8%,20,1,5.0,GVT&D
2026-06-25,3d,>=8%,20,3,15.0,"VEDL, NATIONALUM, GVT&D"
2026-06-29,3d,>=8%,20,2,10.0,"NETWEB, GVT&D"
2026-06-30,3d,>=8%,20,1,5.0,NETWEB
2026-07-01,3d,>=8%,20,2,10.0,"APARINDS, NETWEB"
2026-07-03,3d,>=8%,20,3,15.0,"POWERINDIA, APARINDS, GVT&D"
2026-07-06,3d,>=8%,20,1,5.0,MCX
2026-07-07,3d,>=8%,20,1,5.0,MCX
2026-07-24,3d,>=8%,20,1,5.0,HFCL
2026-07-27,3d,>=8%,20,1,5.0,HFCL
2026-07-28,3d,>=8%,20,1,5.0,HFCL
2026-08-12,3d,>=8%,20,1,5.0,BHARATFORG
2026-08-17,3d,>=8%,20,1,5.0,APARINDS
2026-08-31,3d,>=8%,20,1,5.0,ADANIENSOL
2026-09-01,3d,>=8%,20,1,5.0,ADANIENSOL
2026-09-02,3d,>=8%,20,2,10.0,"HFCL, ADANIENSOL"
2026-09-03,3d,>=8%,20,1,5.0,HFCL
2007-10-05,3d,>=10%,20,1,5.0,TFCILTD
2007-10-08,3d,>=10%,20,3,15.0,"APTECHT, PRAJIND, TFCILTD"
2007-10-09,3d,>=10%,20,2,10.0,"PRAJIND, TFCILTD"
2007-10-18,3d,>=10%,20,3,15.0,"JSWSTEEL, APTECHT, TFCILTD"
2007-10-19,3d,>=10%,20,12,60.0,"JSWSTEEL, ADANIENT, APTECHT, BHARTIARTL, PRAJIND, SOUTHBANK, JINDALSTEL, CRISIL, KOTAKBANK, DIVISLAB, TFCILTD, UNITDSPR"
2007-10-22,3d,>=10%,20,6,30.0,"BHARTIARTL, RELIANCE, GMDCLTD, JINDALSTEL, KOTAKBANK, TFCILTD"
2007-10-23,3d,>=10%,20,1,5.0,GMDCLTD
2007-11-02,3d,>=10%,20,1,5.0,BHARTIARTL
2007-11-08,3d,>=10%,20,2,10.0,"RIIL, JINDALSTEL"
2007-11-09,3d,>=10%,20,1,5.0,JINDALSTEL
2007-11-14,3d,>=10%,20,1,5.0,RIIL
2007-11-21,3d,>=10%,20,2,10.0,"STCINDIA, VEDL"
2007-11-22,3d,>=10%,20,7,35.0,"STCINDIA, RELINFRA, VEDL, RIIL, GMDCLTD, ABAN, UNITDSPR"
2007-11-23,3d,>=10%,20,3,15.0,"STCINDIA, RIIL, GMDCLTD"
2007-11-26,3d,>=10%,20,1,5.0,STCINDIA
2007-11-27,3d,>=10%,20,1,5.0,STCINDIA
2007-12-10,3d,>=10%,20,1,5.0,STCINDIA
2007-12-17,3d,>=10%,20,3,15.0,"STCINDIA, JINDALSTEL, KOTAKBANK"
2007-12-18,3d,>=10%,20,4,20.0,"STCINDIA, JSWSTEEL, JINDALSTEL, KOTAKBANK"
2007-12-19,3d,>=10%,20,2,10.0,"JINDALSTEL, KOTAKBANK"
2008-01-10,3d,>=10%,20,3,15.0,"STCINDIA, RIIL, USHAMART"
2008-01-11,3d,>=10%,20,3,15.0,"STCINDIA, ADANIENT, RIIL"
2008-01-14,3d,>=10%,20,1,5.0,ADANIENT
2008-01-17,3d,>=10%,20,1,5.0,RELINFRA
2008-01-18,3d,>=10%,20,5,25.0,"RELINFRA, RELIANCE, KOTAKBANK, ABAN, DIVISLAB"
2008-01-21,3d,>=10%,20,14,70.0,"INDIAGLYCO, JSWSTEEL, ADANIENT, RELINFRA, VEDL, RELIANCE, SOUTHBANK, WELCORP, GMDCLTD, JINDALSTEL, KOTAKBANK, ABAN, DIVISLAB, RAJESHEXPO"
2008-01-22,3d,>=10%,20,19,95.0,"INDIAGLYCO, STCINDIA, JSWSTEEL, ADANIENT, RELINFRA, VEDL, RELIANCE, SOUTHBANK, WELCORP, SHRIRAMFIN, RIIL, GMDCLTD, JINDALSTEL, KOTAKBANK, ABAN, DIVISLAB, RAJESHEXPO, USHAMART, LT"
2008-01-23,3d,>=10%,20,10,50.0,"INDIAGLYCO, STCINDIA, JSWSTEEL, SOUTHBANK, RIIL, GMDCLTD, JINDALSTEL, ABAN, RAJESHEXPO, USHAMART"
2008-01-24,3d,>=10%,20,6,30.0,"INDIAGLYCO, STCINDIA, JSWSTEEL, RIIL, GMDCLTD, USHAMART"
2008-01-25,3d,>=10%,20,1,5.0,STCINDIA
2008-01-28,3d,>=10%,20,1,5.0,STCINDIA
2009-04-20,3d,>=10%,17,3,17.647058823529413,"DSKULKARNI, EMBDL, IIFL"
2009-04-27,3d,>=10%,17,1,5.882352941176471,DONEAR
2009-04-28,3d,>=10%,17,1,5.882352941176471,EMBDL
2009-04-29,3d,>=10%,17,1,5.882352941176471,EMBDL
2009-05-21,3d,>=10%,17,1,5.882352941176471,HEROMOTOCO
2009-05-25,3d,>=10%,17,1,5.882352941176471,IIFL
2009-05-26,3d,>=10%,17,1,5.882352941176471,IIFL
2009-06-02,3d,>=10%,17,1,5.882352941176471,DONEAR
2009-06-08,3d,>=10%,17,3,17.647058823529413,"FSL, MUNJALSHOW, EMBDL"
2009-06-09,3d,>=10%,20,1,5.0,ORIENTPPR
2009-06-12,3d,>=10%,20,1,5.0,IIFL
2009-06-15,3d,>=10%,20,1,5.0,IIFL
2009-06-17,3d,>=10%,20,1,5.0,IIFL
2009-06-18,3d,>=10%,20,1,5.0,ONGC
2009-06-19,3d,>=10%,20,1,5.0,ONGC
2009-07-06,3d,>=10%,20,2,10.0,"BANKBARODA, IIFL"
2009-07-07,3d,>=10%,20,1,5.0,ENGINERSIN
2009-07-08,3d,>=10%,20,6,30.0,"ENGINERSIN, UNIONBANK, MUNJALSHOW, BANKBARODA, COROMANDEL, ONGC"
2009-07-13,3d,>=10%,20,1,5.0,COROMANDEL
2009-07-24,3d,>=10%,20,1,5.0,UNIONBANK
2009-07-27,3d,>=10%,20,1,5.0,UNIONBANK
2009-08-07,3d,>=10%,20,1,5.0,MARUTI
2009-08-10,3d,>=10%,20,3,15.0,"MUNJALSHOW, MARUTI, HEROMOTOCO"
2009-08-11,3d,>=10%,20,1,5.0,SHREECEM
2009-10-29,3d,>=10%,20,2,10.0,"MUNJALSHOW, LICHSGFIN"
2009-10-30,3d,>=10%,20,1,5.0,MUNJALSHOW
2009-11-03,3d,>=10%,20,4,20.0,"MUNJALSHOW, MCLEODRUSS, JINDALSTEL, LICHSGFIN"
2009-11-04,3d,>=10%,20,1,5.0,MUNJALSHOW
2010-01-12,3d,>=10%,20,1,5.0,MCLEODRUSS
2010-01-25,3d,>=10%,20,1,5.0,MCLEODRUSS
2010-01-27,3d,>=10%,20,2,10.0,"MCLEODRUSS, JAYSREETEA"
2010-01-28,3d,>=10%,20,2,10.0,"MCLEODRUSS, JAYSREETEA"
2010-02-05,3d,>=10%,20,2,10.0,"DHAMPURSUG, RENUKA"
2010-02-22,3d,>=10%,20,1,5.0,DHAMPURSUG
2010-02-23,3d,>=10%,20,1,5.0,DHAMPURSUG
2010-02-24,3d,>=10%,20,1,5.0,DHAMPURSUG
2010-03-02,3d,>=10%,20,1,5.0,DHAMPURSUG
2010-03-30,3d,>=10%,20,1,5.0,ENGINERSIN
2010-04-28,3d,>=10%,20,1,5.0,MCLEODRUSS
2010-05-03,3d,>=10%,20,1,5.0,SOUTHBANK
2010-05-04,3d,>=10%,20,1,5.0,SOUTHBANK
2010-05-05,3d,>=10%,20,1,5.0,SOUTHBANK
2010-05-12,3d,>=10%,20,1,5.0,ENGINERSIN
2010-05-13,3d,>=10%,20,1,5.0,ENGINERSIN
2010-05-19,3d,>=10%,20,2,10.0,"ENGINERSIN, TMPV"
2010-05-20,3d,>=10%,20,1,5.0,VEDL
2010-05-21,3d,>=10%,20,1,5.0,ENGINERSIN
2010-05-24,3d,>=10%,20,1,5.0,ENGINERSIN
2010-09-15,3d,>=10%,20,1,5.0,VENKEYS
2010-10-07,3d,>=10%,20,1,5.0,VIPIND
2010-10-08,3d,>=10%,20,1,5.0,VIPIND
2010-10-20,3d,>=10%,20,1,5.0,JINDALPOLY
2010-10-21,3d,>=10%,20,1,5.0,JINDALPOLY
2010-10-27,3d,>=10%,20,1,5.0,VENKEYS
2010-10-28,3d,>=10%,20,1,5.0,VENKEYS
2010-11-15,3d,>=10%,20,2,10.0,"UFLEX, JINDALPOLY"
2010-11-16,3d,>=10%,20,2,10.0,"UFLEX, JINDALPOLY"
2010-11-18,3d,>=10%,20,2,10.0,"UFLEX, JINDALPOLY"
2010-11-19,3d,>=10%,20,1,5.0,VENKEYS
2010-11-25,3d,>=10%,20,1,5.0,UFLEX
2010-11-26,3d,>=10%,20,2,10.0,"UFLEX, JINDALPOLY"
2011-04-26,3d,>=10%,20,1,5.0,COROMANDEL
2011-04-29,3d,>=10%,20,2,10.0,"UCOBANK, ELGIEQUIP"
2011-05-02,3d,>=10%,20,3,15.0,"UCOBANK, ELGIEQUIP, BANKBARODA"
2011-05-03,3d,>=10%,20,2,10.0,"UCOBANK, ELGIEQUIP"
2011-05-05,3d,>=10%,20,1,5.0,BAJFINANCE
2011-06-21,3d,>=10%,20,2,10.0,"JINDALPOLY, UBL"
2011-06-22,3d,>=10%,20,1,5.0,JINDALPOLY
2012-02-22,3d,>=10%,20,1,5.0,ARVIND
2012-02-23,3d,>=10%,20,1,5.0,ARVIND
2012-02-24,3d,>=10%,20,1,5.0,ARVIND
2012-04-27,3d,>=10%,20,1,5.0,ASTRAZEN
2012-04-28,3d,>=10%,20,1,5.0,ASTRAZEN
2012-05-14,3d,>=10%,20,1,5.0,ASTRAZEN
2012-05-15,3d,>=10%,20,1,5.0,ASTRAZEN
2012-05-16,3d,>=10%,20,1,5.0,ASTRAZEN
2012-06-01,3d,>=10%,20,1,5.0,HAVELLS
2012-08-09,3d,>=10%,20,1,5.0,DCW
2012-09-04,3d,>=10%,20,1,5.0,BLUEDART
2012-09-05,3d,>=10%,20,1,5.0,BLUEDART
2012-09-06,3d,>=10%,20,1,5.0,BLUEDART
2012-11-20,3d,>=10%,20,1,5.0,DCW
2012-12-13,3d,>=10%,20,1,5.0,KTKBANK
2012-12-14,3d,>=10%,20,1,5.0,KTKBANK
2012-12-17,3d,>=10%,20,1,5.0,KTKBANK
2013-02-07,3d,>=10%,20,2,10.0,"AARTIIND, STAR"
2013-02-08,3d,>=10%,20,1,5.0,STAR
2013-02-14,3d,>=10%,20,1,5.0,DCW
2013-12-20,3d,>=10%,20,1,5.0,MOTHERSON
2013-12-23,3d,>=10%,20,1,5.0,MOTHERSON
2013-12-24,3d,>=10%,20,1,5.0,MOTHERSON
2014-01-09,3d,>=10%,20,1,5.0,M&MFIN
2014-01-23,3d,>=10%,20,2,10.0,"M&MFIN, SUPREMEIND"
2014-01-24,3d,>=10%,20,1,5.0,BIOCON
2014-01-27,3d,>=10%,20,1,5.0,BIOCON
2014-01-31,3d,>=10%,20,1,5.0,BLUEDART
2014-02-10,3d,>=10%,20,1,5.0,IDEA
2014-03-10,3d,>=10%,20,1,5.0,ECLERX
2014-04-25,3d,>=10%,20,1,5.0,MRF
2014-05-05,3d,>=10%,20,2,10.0,"FSL, RCOM"
2014-05-07,3d,>=10%,20,1,5.0,FSL
2014-07-09,3d,>=10%,20,2,10.0,"TVSMOTOR, AUROPHARMA"
2014-07-10,3d,>=10%,20,2,10.0,"ARVIND, AUROPHARMA"
2014-07-11,3d,>=10%,20,1,5.0,ARVIND
2014-07-25,3d,>=10%,20,1,5.0,TVSMOTOR
2014-07-28,3d,>=10%,20,2,10.0,"TVSMOTOR, ARVIND"
2014-07-30,3d,>=10%,20,1,5.0,CANFINHOME
2014-08-01,3d,>=10%,20,1,5.0,KEC
2014-08-04,3d,>=10%,20,1,5.0,KEC
2014-09-24,3d,>=10%,20,1,5.0,FINCABLES
2014-09-25,3d,>=10%,20,1,5.0,SIMPLEXINF
2014-09-26,3d,>=10%,20,1,5.0,SIMPLEXINF
2014-09-29,3d,>=10%,20,1,5.0,SIMPLEXINF
2014-10-20,3d,>=10%,20,1,5.0,ATUL
2014-10-21,3d,>=10%,20,1,5.0,ATUL
2014-11-14,3d,>=10%,20,1,5.0,BALKRISIND
2014-11-17,3d,>=10%,20,1,5.0,BALKRISIND
2014-11-18,3d,>=10%,20,1,5.0,BALKRISIND
2015-01-27,3d,>=10%,20,1,5.0,CANFINHOME
2015-02-06,3d,>=10%,20,1,5.0,SUNDRMFAST
2015-02-09,3d,>=10%,20,1,5.0,AUROPHARMA
2015-02-10,3d,>=10%,20,1,5.0,AUROPHARMA
2015-04-15,3d,>=10%,20,1,5.0,BEL
2015-04-17,3d,>=10%,20,1,5.0,LUPIN
2015-04-20,3d,>=10%,20,2,10.0,"BHARATFORG, INDUSINDBK"
2015-04-21,3d,>=10%,20,1,5.0,INDUSINDBK
2015-04-27,3d,>=10%,20,2,10.0,"BOSCHLTD, SRF"
2015-05-07,3d,>=10%,20,1,5.0,CANFINHOME
2015-06-05,3d,>=10%,20,1,5.0,JKIL
2017-03-22,3d,>=10%,20,1,5.0,INDIANB
2017-04-13,3d,>=10%,20,1,5.0,VEDL
2017-04-18,3d,>=10%,20,1,5.0,VEDL
2017-05-05,3d,>=10%,20,1,5.0,TATACOMM
2017-05-09,3d,>=10%,20,1,5.0,RAIN
2017-05-18,3d,>=10%,20,1,5.0,CESC
2017-05-19,3d,>=10%,20,1,5.0,CESC
2017-05-22,3d,>=10%,20,1,5.0,BAJAJFINSV
2017-05-23,3d,>=10%,20,3,15.0,"RAIN, VGUARD, MOTILALOFS"
2017-05-24,3d,>=10%,20,2,10.0,"VGUARD, MOTILALOFS"
2017-06-08,3d,>=10%,20,1,5.0,ADANIENSOL
2017-06-27,3d,>=10%,20,1,5.0,MOTILALOFS
2017-08-10,3d,>=10%,20,4,20.0,"RAIN, AVANTIFEED, ESCORTS, CAPLIPOINT"
2017-08-11,3d,>=10%,20,2,10.0,"RAIN, ADANIENSOL"
2017-08-14,3d,>=10%,20,1,5.0,ADANIENSOL
2017-09-25,3d,>=10%,20,1,5.0,CAPLIPOINT
2017-09-26,3d,>=10%,20,1,5.0,BOMDYEING
2017-09-27,3d,>=10%,20,1,5.0,BOMDYEING
2017-09-28,3d,>=10%,20,1,5.0,BOMDYEING
2017-10-13,3d,>=10%,20,1,5.0,BOMDYEING
2017-10-16,3d,>=10%,20,1,5.0,BOMDYEING
2017-11-01,3d,>=10%,20,1,5.0,ADANIENSOL
2017-11-15,3d,>=10%,20,1,5.0,AVANTIFEED
2017-11-16,3d,>=10%,20,2,10.0,"RAIN, AVANTIFEED"
2017-11-17,3d,>=10%,20,1,5.0,RAIN
2017-11-20,3d,>=10%,20,1,5.0,RAIN
2017-11-21,3d,>=10%,20,1,5.0,RAIN
2018-01-18,3d,>=10%,20,1,5.0,BOMDYEING
2018-01-29,3d,>=10%,20,1,5.0,MOTILALOFS
2018-01-30,3d,>=10%,20,1,5.0,MOTILALOFS
2018-01-31,3d,>=10%,20,2,10.0,"VAKRANGEE, APLAPOLLO"
2018-02-01,3d,>=10%,20,2,10.0,"VAKRANGEE, APLAPOLLO"
2018-02-02,3d,>=10%,20,3,15.0,"BOMDYEING, RAIN, VAKRANGEE"
2018-02-05,3d,>=10%,20,3,15.0,"RAIN, VAKRANGEE, EDELWEISS"
2019-04-30,3d,>=10%,20,1,5.0,ADANIPOWER
2019-05-02,3d,>=10%,20,1,5.0,ADANIPOWER
2019-05-08,3d,>=10%,20,1,5.0,PRAJIND
2020-01-16,3d,>=10%,20,1,5.0,ADANIGREEN
2020-02-01,3d,>=10%,20,1,5.0,SBILIFE
2020-02-12,3d,>=10%,20,1,5.0,WHIRLPOOL
2020-02-17,3d,>=10%,20,2,10.0,"MASFIN, IGL"
2020-02-18,3d,>=10%,20,1,5.0,MASFIN
2020-02-26,3d,>=10%,20,1,5.0,ADANIGREEN
2020-02-27,3d,>=10%,20,1,5.0,ADANIGREEN
2020-02-28,3d,>=10%,20,2,10.0,"ADANIGREEN, RELAXO"
2020-07-10,3d,>=10%,20,1,5.0,ADANIGREEN
2020-07-16,3d,>=10%,20,1,5.0,DMART
2020-08-11,3d,>=10%,20,1,5.0,DEEPAKNTR
2020-08-31,3d,>=10%,20,1,5.0,RALLIS
2020-09-10,3d,>=10%,20,1,5.0,ASTRAZEN
2020-09-18,3d,>=10%,20,1,5.0,EPL
2020-09-21,3d,>=10%,20,2,10.0,"EPL, DIXON"
2020-09-22,3d,>=10%,20,1,5.0,DIXON
2020-09-23,3d,>=10%,20,1,5.0,ADANIGREEN
2020-11-03,3d,>=10%,20,1,5.0,LAURUSLABS
2020-11-04,3d,>=10%,20,1,5.0,LAURUSLABS
2020-11-10,3d,>=10%,20,1,5.0,IPCALAB
2020-11-11,3d,>=10%,20,1,5.0,IPCALAB
2021-01-11,3d,>=10%,20,1,5.0,ADANIGREEN
2021-01-12,3d,>=10%,20,2,10.0,"ADANIGREEN, SUZLON"
2021-01-13,3d,>=10%,20,1,5.0,SUZLON
2021-01-14,3d,>=10%,20,1,5.0,SUZLON
2021-01-21,3d,>=10%,20,1,5.0,APLLTD
2021-01-25,3d,>=10%,20,1,5.0,TATAELXSI
2021-01-29,3d,>=10%,20,1,5.0,NAVINFLUOR
2021-02-09,3d,>=10%,20,1,5.0,SUZLON
2021-02-16,3d,>=10%,20,1,5.0,SUZLON
2021-02-17,3d,>=10%,20,1,5.0,SUZLON
2021-02-18,3d,>=10%,20,1,5.0,SUZLON
2021-03-15,3d,>=10%,20,1,5.0,APLAPOLLO
2021-03-16,3d,>=10%,20,1,5.0,APLAPOLLO
2021-03-18,3d,>=10%,20,2,10.0,"VAIBHAVGBL, HINDCOPPER"
2021-03-19,3d,>=10%,20,2,10.0,"VAIBHAVGBL, AFFLE"
2021-03-24,3d,>=10%,20,1,5.0,DIXON
2021-03-25,3d,>=10%,20,1,5.0,DIXON
2021-03-30,3d,>=10%,20,1,5.0,ADANIGREEN
2021-04-05,3d,>=10%,20,1,5.0,APLAPOLLO
2021-04-06,3d,>=10%,20,1,5.0,APLAPOLLO
2021-04-08,3d,>=10%,20,1,5.0,ATGL
2021-04-09,3d,>=10%,20,1,5.0,ADANIENSOL
2021-04-12,3d,>=10%,20,2,10.0,"ADANIENSOL, ATGL"
2021-04-13,3d,>=10%,20,1,5.0,ADANIENSOL
2021-04-19,3d,>=10%,20,1,5.0,VAIBHAVGBL
2021-05-03,3d,>=10%,20,1,5.0,INDIAMART
2021-05-04,3d,>=10%,20,1,5.0,INDIAMART
2021-05-12,3d,>=10%,20,1,5.0,VAIBHAVGBL
2021-05-14,3d,>=10%,20,2,10.0,"VAIBHAVGBL, JINDALSTEL"
2021-06-16,3d,>=10%,20,2,10.0,"ADANIENSOL, ATGL"
2021-06-17,3d,>=10%,20,2,10.0,"ADANIENSOL, ATGL"
2021-06-18,3d,>=10%,20,5,25.0,"HINDCOPPER, ADANIGREEN, ADANIENSOL, TIINDIA, ATGL"
2021-06-21,3d,>=10%,20,1,5.0,AFFLE
2021-06-25,3d,>=10%,20,2,10.0,"ADANIENSOL, ATGL"
2021-06-28,3d,>=10%,20,2,10.0,"ADANIENSOL, ATGL"
2021-06-29,3d,>=10%,20,2,10.0,"ADANIENSOL, ATGL"
2021-06-30,3d,>=10%,20,2,10.0,"ADANIENSOL, ATGL"
2021-07-01,3d,>=10%,20,2,10.0,"ADANIENSOL, ATGL"
2021-07-02,3d,>=10%,20,2,10.0,"ADANIENSOL, ATGL"
2021-07-05,3d,>=10%,20,3,15.0,"ADANIGREEN, ADANIENSOL, ATGL"
2021-07-23,3d,>=10%,20,1,5.0,CDSL
2021-08-20,3d,>=10%,20,1,5.0,JSWSTEEL
2021-08-23,3d,>=10%,20,2,10.0,"FSL, JSWENERGY"
2021-08-24,3d,>=10%,20,1,5.0,JSWENERGY
2021-09-20,3d,>=10%,20,2,10.0,"TATASTEEL, ADANIENSOL"
2021-09-21,3d,>=10%,20,2,10.0,"TATASTEEL, ADANIENSOL"
2021-09-22,3d,>=10%,20,1,5.0,ADANIENSOL
2021-09-23,3d,>=10%,20,1,5.0,ADANIENSOL
2021-09-28,3d,>=10%,20,1,5.0,APOLLOHOSP
2021-10-20,3d,>=10%,20,2,10.0,"POLYCAB, DEEPAKNTR"
2021-10-21,3d,>=10%,20,2,10.0,"POLYCAB, DEEPAKNTR"
2021-10-22,3d,>=10%,20,2,10.0,"DIXON, DEEPAKNTR"
2021-10-25,3d,>=10%,20,3,15.0,"FLUOROCHEM, APLAPOLLO, ECLERX"
2021-11-29,3d,>=10%,20,1,5.0,CENTURYPLY
2021-11-30,3d,>=10%,20,2,10.0,"TATAPOWER, ADANIENSOL"
2021-12-01,3d,>=10%,20,1,5.0,TRIDENT
2021-12-02,3d,>=10%,20,1,5.0,TRIDENT
2021-12-03,3d,>=10%,20,1,5.0,TRIDENT
2021-12-15,3d,>=10%,20,1,5.0,IEX
2021-12-17,3d,>=10%,20,2,10.0,"FLUOROCHEM, BSE"
2021-12-20,3d,>=10%,20,3,15.0,"CENTURYPLY, FLUOROCHEM, BSE"
2021-12-21,3d,>=10%,20,3,15.0,"TRIDENT, BSE, ATGL"
2022-01-21,3d,>=10%,20,1,5.0,LTTS
2022-01-24,3d,>=10%,20,2,10.0,"LTTS, ECLERX"
2022-01-25,3d,>=10%,20,2,10.0,"LTTS, DEEPAKNTR"
2022-01-27,3d,>=10%,20,1,5.0,DEEPAKNTR
2022-02-09,3d,>=10%,20,1,5.0,FLUOROCHEM
2022-02-14,3d,>=10%,20,1,5.0,DEEPAKNTR
2022-09-16,3d,>=10%,20,1,5.0,TIMKEN
2022-09-19,3d,>=10%,20,3,15.0,"ELGIEQUIP, TIMKEN, GNFC"
2022-09-20,3d,>=10%,20,1,5.0,SCHAEFFLER
2022-09-26,3d,>=10%,20,1,5.0,SOLARINDS
2022-09-27,3d,>=10%,20,2,10.0,"ELGIEQUIP, VBL"
2022-09-28,3d,>=10%,20,2,10.0,"ADANIGREEN, VBL"
2022-10-03,3d,>=10%,20,3,15.0,"ADANIENT, ADANIENSOL, ATGL"
2022-10-20,3d,>=10%,20,1,5.0,SCHAEFFLER
2022-10-28,3d,>=10%,20,1,5.0,SCHAEFFLER
2022-10-31,3d,>=10%,20,1,5.0,FINEORG
2022-11-01,3d,>=10%,20,1,5.0,FINEORG
2022-11-10,3d,>=10%,20,1,5.0,TIINDIA
2022-11-11,3d,>=10%,20,1,5.0,TIINDIA
2022-11-15,3d,>=10%,20,1,5.0,FLUOROCHEM
2022-11-21,3d,>=10%,20,1,5.0,MAZDOCK
2022-12-22,3d,>=10%,20,1,5.0,COCHINSHIP
2022-12-23,3d,>=10%,20,8,40.0,"RHIM, GESHIP, ADANIENT, RVNL, COCHINSHIP, ATGL, BDL, MAZDOCK"
2023-05-22,3d,>=10%,20,1,5.0,SIEMENS
2023-05-23,3d,>=10%,20,2,10.0,"SIEMENS, NCC"
2023-06-23,3d,>=10%,20,1,5.0,MAZDOCK
2023-08-14,3d,>=10%,20,1,5.0,FACT
2023-09-14,3d,>=10%,20,1,5.0,NCC
2023-09-15,3d,>=10%,20,1,5.0,SUPREMEIND
2023-10-23,3d,>=10%,20,1,5.0,MAHABANK
2023-10-25,3d,>=10%,20,2,10.0,"NCC, MAZDOCK"
2023-10-26,3d,>=10%,20,1,5.0,SUPREMEIND
2023-11-22,3d,>=10%,20,2,10.0,"BSE, SUZLON"
2024-01-11,3d,>=10%,20,1,5.0,POLYCAB
2024-01-12,3d,>=10%,20,1,5.0,POLYCAB
2024-01-15,3d,>=10%,20,1,5.0,POLYCAB
2024-01-23,3d,>=10%,20,1,5.0,PRESTIGE
2024-02-05,3d,>=10%,20,1,5.0,AUROPHARMA
2024-02-09,3d,>=10%,20,1,5.0,NLCINDIA
2024-02-12,3d,>=10%,20,4,20.0,"RECLTD, IRFC, NBCC, NLCINDIA"
2024-02-13,3d,>=10%,20,3,15.0,"PFC, SUZLON, NBCC"
2024-02-14,3d,>=10%,20,1,5.0,NBCC
2024-03-06,3d,>=10%,20,2,10.0,"SUZLON, JBMA"
2024-03-13,3d,>=10%,20,4,20.0,"IRFC, BSE, HUDCO, NBCC"
2024-03-15,3d,>=10%,20,1,5.0,PFC
2024-03-18,3d,>=10%,20,1,5.0,PRESTIGE
2024-04-29,3d,>=10%,20,1,5.0,BSE
2024-04-30,3d,>=10%,20,1,5.0,BSE
2024-05-02,3d,>=10%,20,1,5.0,BSE
2024-05-09,3d,>=10%,20,1,5.0,MOTILALOFS
2024-06-04,3d,>=10%,20,5,25.0,"RECLTD, HAL, PFC, HUDCO, BHEL"
2024-06-05,3d,>=10%,20,4,20.0,"RECLTD, HAL, HUDCO, BHEL"
2024-06-06,3d,>=10%,20,6,30.0,"RECLTD, HAL, NTPC, PFC, HUDCO, BHEL"
2024-07-19,3d,>=10%,20,2,10.0,"HAL, DIXON"
2024-07-25,3d,>=10%,20,1,5.0,IRFC
2024-08-05,3d,>=10%,20,5,25.0,"RECLTD, APARINDS, MOTHERSON, PRESTIGE, PFC"
2024-08-06,3d,>=10%,20,2,10.0,"COCHINSHIP, BSE"
2024-08-14,3d,>=10%,20,1,5.0,ZYDUSLIFE
2024-09-06,3d,>=10%,20,1,5.0,OIL
2024-09-12,3d,>=10%,20,1,5.0,GRANULES
2024-09-13,3d,>=10%,20,1,5.0,GRANULES
2024-09-16,3d,>=10%,20,1,5.0,GRANULES
2024-10-07,3d,>=10%,20,2,10.0,"RVNL, SUZLON"
2024-10-17,3d,>=10%,20,2,10.0,"OIL, BAJAJ-AUTO"
2024-10-18,3d,>=10%,20,1,5.0,BAJAJ-AUTO
2024-10-22,3d,>=10%,20,1,5.0,POWERINDIA
2024-10-23,3d,>=10%,20,1,5.0,POWERINDIA
2024-11-12,3d,>=10%,20,1,5.0,PPLPHARMA
2024-11-13,3d,>=10%,20,1,5.0,POWERINDIA
2024-11-14,3d,>=10%,20,1,5.0,POWERINDIA
2024-11-18,3d,>=10%,20,1,5.0,POWERINDIA
2025-06-26,3d,>=10%,20,1,5.0,GRSE
2025-07-03,3d,>=10%,20,1,5.0,COROMANDEL
2025-07-08,3d,>=10%,20,1,5.0,BSE
2025-07-24,3d,>=10%,20,1,5.0,COFORGE
2025-08-12,3d,>=10%,20,1,5.0,AMBER
2026-05-12,3d,>=10%,20,1,5.0,GVT&D
2026-05-13,3d,>=10%,20,1,5.0,NETWEB
2026-05-29,3d,>=10%,20,2,10.0,"GESHIP, MCX"
2026-06-01,3d,>=10%,20,2,10.0,"GESHIP, MCX"
2026-06-02,3d,>=10%,20,1,5.0,SCHNEIDER
2026-06-03,3d,>=10%,20,1,5.0,SCHNEIDER
2026-06-04,3d,>=10%,20,1,5.0,SCHNEIDER
2026-06-08,3d,>=10%,20,1,5.0,NATIONALUM
2026-06-09,3d,>=10%,20,1,5.0,NETWEB
2026-06-25,3d,>=10%,20,2,10.0,"VEDL, NATIONALUM"
2026-06-30,3d,>=10%,20,1,5.0,NETWEB
2026-07-03,3d,>=10%,20,2,10.0,"POWERINDIA, GVT&D"
2026-07-27,3d,>=10%,20,1,5.0,HFCL
2026-09-01,3d,>=10%,20,1,5.0,ADANIENSOL
2026-09-02,3d,>=10%,20,2,10.0,"HFCL, ADANIENSOL"
2026-09-03,3d,>=10%,20,1,5.0,HFCL
2007-10-08,3d,>=12%,20,2,10.0,"PRAJIND, TFCILTD"
2007-10-18,3d,>=12%,20,1,5.0,JSWSTEEL
2007-10-19,3d,>=12%,20,6,30.0,"ADANIENT, APTECHT, JINDALSTEL, KOTAKBANK, DIVISLAB, UNITDSPR"
2007-10-22,3d,>=12%,20,3,15.0,"BHARTIARTL, GMDCLTD, JINDALSTEL"
2007-10-23,3d,>=12%,20,1,5.0,GMDCLTD
2007-11-08,3d,>=12%,20,2,10.0,"RIIL, JINDALSTEL"
2007-11-09,3d,>=12%,20,1,5.0,JINDALSTEL
2007-11-14,3d,>=12%,20,1,5.0,RIIL
2007-11-21,3d,>=12%,20,1,5.0,STCINDIA
2007-11-22,3d,>=12%,20,5,25.0,"STCINDIA, RELINFRA, RIIL, GMDCLTD, ABAN"
2007-11-23,3d,>=12%,20,2,10.0,"STCINDIA, GMDCLTD"
2007-11-26,3d,>=12%,20,1,5.0,STCINDIA
2007-11-27,3d,>=12%,20,1,5.0,STCINDIA
2007-12-17,3d,>=12%,20,1,5.0,JINDALSTEL
2007-12-18,3d,>=12%,20,3,15.0,"STCINDIA, JINDALSTEL, KOTAKBANK"
2007-12-19,3d,>=12%,20,1,5.0,JINDALSTEL
2008-01-10,3d,>=12%,20,3,15.0,"STCINDIA, RIIL, USHAMART"
2008-01-11,3d,>=12%,20,3,15.0,"STCINDIA, ADANIENT, RIIL"
2008-01-21,3d,>=12%,20,12,60.0,"INDIAGLYCO, JSWSTEEL, RELINFRA, VEDL, RELIANCE, SOUTHBANK, WELCORP, JINDALSTEL, KOTAKBANK, ABAN, DIVISLAB, RAJESHEXPO"
2008-01-22,3d,>=12%,20,18,90.0,"INDIAGLYCO, STCINDIA, JSWSTEEL, ADANIENT, RELINFRA, VEDL, RELIANCE, SOUTHBANK, WELCORP, SHRIRAMFIN, RIIL, GMDCLTD, JINDALSTEL, KOTAKBANK, ABAN, DIVISLAB, RAJESHEXPO, USHAMART"
2008-01-23,3d,>=12%,20,8,40.0,"INDIAGLYCO, STCINDIA, RIIL, GMDCLTD, JINDALSTEL, ABAN, RAJESHEXPO, USHAMART"
2008-01-24,3d,>=12%,20,4,20.0,"STCINDIA, RIIL, GMDCLTD, USHAMART"
2008-01-25,3d,>=12%,20,1,5.0,STCINDIA
2008-01-28,3d,>=12%,20,1,5.0,STCINDIA
2009-04-20,3d,>=12%,17,1,5.882352941176471,IIFL
2009-04-28,3d,>=12%,17,1,5.882352941176471,EMBDL
2009-04-29,3d,>=12%,17,1,5.882352941176471,EMBDL
2009-05-21,3d,>=12%,17,1,5.882352941176471,HEROMOTOCO
2009-05-25,3d,>=12%,17,1,5.882352941176471,IIFL
2009-06-02,3d,>=12%,17,1,5.882352941176471,DONEAR
2009-06-15,3d,>=12%,20,1,5.0,IIFL
2009-06-17,3d,>=12%,20,1,5.0,IIFL
2009-07-06,3d,>=12%,20,1,5.0,BANKBARODA
2009-07-08,3d,>=12%,20,1,5.0,BANKBARODA
2009-08-07,3d,>=12%,20,1,5.0,MARUTI
2009-08-10,3d,>=12%,20,1,5.0,MARUTI
2009-10-29,3d,>=12%,20,1,5.0,LICHSGFIN
2009-10-30,3d,>=12%,20,1,5.0,MUNJALSHOW
2009-11-03,3d,>=12%,20,2,10.0,"MUNJALSHOW, LICHSGFIN"
2009-11-04,3d,>=12%,20,1,5.0,MUNJALSHOW
2010-01-25,3d,>=12%,20,1,5.0,MCLEODRUSS
2010-01-27,3d,>=12%,20,2,10.0,"MCLEODRUSS, JAYSREETEA"
2010-01-28,3d,>=12%,20,1,5.0,JAYSREETEA
2010-02-23,3d,>=12%,20,1,5.0,DHAMPURSUG
2010-02-24,3d,>=12%,20,1,5.0,DHAMPURSUG
2010-03-30,3d,>=12%,20,1,5.0,ENGINERSIN
2010-05-04,3d,>=12%,20,1,5.0,SOUTHBANK
2010-05-05,3d,>=12%,20,1,5.0,SOUTHBANK
2010-05-13,3d,>=12%,20,1,5.0,ENGINERSIN
2010-05-19,3d,>=12%,20,1,5.0,TMPV
2010-05-21,3d,>=12%,20,1,5.0,ENGINERSIN
2010-10-08,3d,>=12%,20,1,5.0,VIPIND
2010-10-21,3d,>=12%,20,1,5.0,JINDALPOLY
2010-11-15,3d,>=12%,20,2,10.0,"UFLEX, JINDALPOLY"
2010-11-16,3d,>=12%,20,2,10.0,"UFLEX, JINDALPOLY"
2010-11-18,3d,>=12%,20,2,10.0,"UFLEX, JINDALPOLY"
2010-11-26,3d,>=12%,20,2,10.0,"UFLEX, JINDALPOLY"
2011-04-26,3d,>=12%,20,1,5.0,COROMANDEL
2011-05-02,3d,>=12%,20,2,10.0,"UCOBANK, ELGIEQUIP"
2011-05-03,3d,>=12%,20,2,10.0,"UCOBANK, ELGIEQUIP"
2011-06-22,3d,>=12%,20,1,5.0,JINDALPOLY
2012-02-22,3d,>=12%,20,1,5.0,ARVIND
2012-02-23,3d,>=12%,20,1,5.0,ARVIND
2012-02-24,3d,>=12%,20,1,5.0,ARVIND
2012-05-14,3d,>=12%,20,1,5.0,ASTRAZEN
2012-05-15,3d,>=12%,20,1,5.0,ASTRAZEN
2012-05-16,3d,>=12%,20,1,5.0,ASTRAZEN
2012-09-04,3d,>=12%,20,1,5.0,BLUEDART
2012-09-05,3d,>=12%,20,1,5.0,BLUEDART
2012-12-13,3d,>=12%,20,1,5.0,KTKBANK
2012-12-14,3d,>=12%,20,1,5.0,KTKBANK
2013-02-07,3d,>=12%,20,1,5.0,STAR
2013-12-20,3d,>=12%,20,1,5.0,MOTHERSON
2013-12-23,3d,>=12%,20,1,5.0,MOTHERSON
2013-12-24,3d,>=12%,20,1,5.0,MOTHERSON
2014-01-23,3d,>=12%,20,1,5.0,M&MFIN
2014-02-10,3d,>=12%,20,1,5.0,IDEA
2014-04-25,3d,>=12%,20,1,5.0,MRF
2014-05-05,3d,>=12%,20,1,5.0,FSL
2014-07-10,3d,>=12%,20,2,10.0,"ARVIND, AUROPHARMA"
2014-07-25,3d,>=12%,20,1,5.0,TVSMOTOR
2014-07-28,3d,>=12%,20,1,5.0,TVSMOTOR
2014-07-30,3d,>=12%,20,1,5.0,CANFINHOME
2014-08-04,3d,>=12%,20,1,5.0,KEC
2014-10-20,3d,>=12%,20,1,5.0,ATUL
2014-11-14,3d,>=12%,20,1,5.0,BALKRISIND
2014-11-17,3d,>=12%,20,1,5.0,BALKRISIND
2014-11-18,3d,>=12%,20,1,5.0,BALKRISIND
2015-01-27,3d,>=12%,20,1,5.0,CANFINHOME
2015-02-09,3d,>=12%,20,1,5.0,AUROPHARMA
2015-05-07,3d,>=12%,20,1,5.0,CANFINHOME
2017-05-18,3d,>=12%,20,1,5.0,CESC
2017-06-08,3d,>=12%,20,1,5.0,ADANIENSOL
2017-08-10,3d,>=12%,20,4,20.0,"RAIN, AVANTIFEED, ESCORTS, CAPLIPOINT"
2017-08-11,3d,>=12%,20,2,10.0,"RAIN, ADANIENSOL"
2017-09-26,3d,>=12%,20,1,5.0,BOMDYEING
2017-09-27,3d,>=12%,20,1,5.0,BOMDYEING
2017-09-28,3d,>=12%,20,1,5.0,BOMDYEING
2017-10-13,3d,>=12%,20,1,5.0,BOMDYEING
2017-11-15,3d,>=12%,20,1,5.0,AVANTIFEED
2017-11-16,3d,>=12%,20,2,10.0,"RAIN, AVANTIFEED"
2017-11-17,3d,>=12%,20,1,5.0,RAIN
2017-11-20,3d,>=12%,20,1,5.0,RAIN
2017-11-21,3d,>=12%,20,1,5.0,RAIN
2018-01-29,3d,>=12%,20,1,5.0,MOTILALOFS
2018-01-30,3d,>=12%,20,1,5.0,MOTILALOFS
2018-01-31,3d,>=12%,20,2,10.0,"VAKRANGEE, APLAPOLLO"
2018-02-01,3d,>=12%,20,1,5.0,VAKRANGEE
2018-02-02,3d,>=12%,20,3,15.0,"BOMDYEING, RAIN, VAKRANGEE"
2018-02-05,3d,>=12%,20,1,5.0,VAKRANGEE
2019-04-30,3d,>=12%,20,1,5.0,ADANIPOWER
2019-05-02,3d,>=12%,20,1,5.0,ADANIPOWER
2020-01-16,3d,>=12%,20,1,5.0,ADANIGREEN
2020-02-17,3d,>=12%,20,1,5.0,MASFIN
2020-02-18,3d,>=12%,20,1,5.0,MASFIN
2020-02-27,3d,>=12%,20,1,5.0,ADANIGREEN
2020-02-28,3d,>=12%,20,2,10.0,"ADANIGREEN, RELAXO"
2020-09-10,3d,>=12%,20,1,5.0,ASTRAZEN
2020-09-18,3d,>=12%,20,1,5.0,EPL
2020-09-21,3d,>=12%,20,1,5.0,EPL
2020-09-22,3d,>=12%,20,1,5.0,DIXON
2020-11-04,3d,>=12%,20,1,5.0,LAURUSLABS
2020-11-10,3d,>=12%,20,1,5.0,IPCALAB
2020-11-11,3d,>=12%,20,1,5.0,IPCALAB
2021-01-11,3d,>=12%,20,1,5.0,ADANIGREEN
2021-01-12,3d,>=12%,20,2,10.0,"ADANIGREEN, SUZLON"
2021-01-13,3d,>=12%,20,1,5.0,SUZLON
2021-01-14,3d,>=12%,20,1,5.0,SUZLON
2021-02-17,3d,>=12%,20,1,5.0,SUZLON
2021-03-15,3d,>=12%,20,1,5.0,APLAPOLLO
2021-03-16,3d,>=12%,20,1,5.0,APLAPOLLO
2021-03-19,3d,>=12%,20,1,5.0,VAIBHAVGBL
2021-03-24,3d,>=12%,20,1,5.0,DIXON
2021-04-06,3d,>=12%,20,1,5.0,APLAPOLLO
2021-04-08,3d,>=12%,20,1,5.0,ATGL
2021-04-09,3d,>=12%,20,1,5.0,ADANIENSOL
2021-04-12,3d,>=12%,20,1,5.0,ADANIENSOL
2021-05-04,3d,>=12%,20,1,5.0,INDIAMART
2021-05-14,3d,>=12%,20,1,5.0,JINDALSTEL
2021-06-16,3d,>=12%,20,2,10.0,"ADANIENSOL, ATGL"
2021-06-17,3d,>=12%,20,2,10.0,"ADANIENSOL, ATGL"
2021-06-18,3d,>=12%,20,2,10.0,"ADANIENSOL, ATGL"
2021-06-25,3d,>=12%,20,2,10.0,"ADANIENSOL, ATGL"
2021-06-28,3d,>=12%,20,2,10.0,"ADANIENSOL, ATGL"
2021-06-29,3d,>=12%,20,1,5.0,ATGL
2021-06-30,3d,>=12%,20,1,5.0,ATGL
2021-07-01,3d,>=12%,20,2,10.0,"ADANIENSOL, ATGL"
2021-07-02,3d,>=12%,20,2,10.0,"ADANIENSOL, ATGL"
2021-07-05,3d,>=12%,20,3,15.0,"ADANIGREEN, ADANIENSOL, ATGL"
2021-09-20,3d,>=12%,20,1,5.0,TATASTEEL
2021-09-21,3d,>=12%,20,1,5.0,ADANIENSOL
2021-09-22,3d,>=12%,20,1,5.0,ADANIENSOL
2021-09-28,3d,>=12%,20,1,5.0,APOLLOHOSP
2021-10-21,3d,>=12%,20,1,5.0,DEEPAKNTR
2021-10-22,3d,>=12%,20,1,5.0,DEEPAKNTR
2021-12-01,3d,>=12%,20,1,5.0,TRIDENT
2021-12-02,3d,>=12%,20,1,5.0,TRIDENT
2021-12-03,3d,>=12%,20,1,5.0,TRIDENT
2021-12-17,3d,>=12%,20,2,10.0,"FLUOROCHEM, BSE"
2021-12-20,3d,>=12%,20,1,5.0,BSE
2022-01-24,3d,>=12%,20,1,5.0,ECLERX
2022-01-25,3d,>=12%,20,1,5.0,DEEPAKNTR
2022-01-27,3d,>=12%,20,1,5.0,DEEPAKNTR
2022-09-19,3d,>=12%,20,1,5.0,ELGIEQUIP
2022-10-03,3d,>=12%,20,1,5.0,ADANIENSOL
2022-10-31,3d,>=12%,20,1,5.0,FINEORG
2022-11-01,3d,>=12%,20,1,5.0,FINEORG
2022-12-23,3d,>=12%,20,4,20.0,"ADANIENT, RVNL, COCHINSHIP, MAZDOCK"
2023-05-22,3d,>=12%,20,1,5.0,SIEMENS
2023-10-23,3d,>=12%,20,1,5.0,MAHABANK
2023-10-25,3d,>=12%,20,1,5.0,MAZDOCK
2023-11-22,3d,>=12%,20,1,5.0,BSE
2024-01-11,3d,>=12%,20,1,5.0,POLYCAB
2024-01-12,3d,>=12%,20,1,5.0,POLYCAB
2024-01-15,3d,>=12%,20,1,5.0,POLYCAB
2024-01-23,3d,>=12%,20,1,5.0,PRESTIGE
2024-02-12,3d,>=12%,20,3,15.0,"IRFC, NBCC, NLCINDIA"
2024-02-13,3d,>=12%,20,1,5.0,NBCC
2024-03-13,3d,>=12%,20,3,15.0,"IRFC, HUDCO, NBCC"
2024-06-04,3d,>=12%,20,5,25.0,"RECLTD, HAL, PFC, HUDCO, BHEL"
2024-06-05,3d,>=12%,20,4,20.0,"RECLTD, HAL, HUDCO, BHEL"
2024-06-06,3d,>=12%,20,3,15.0,"RECLTD, PFC, HUDCO"
2024-07-19,3d,>=12%,20,1,5.0,HAL
2024-08-06,3d,>=12%,20,1,5.0,BSE
2024-09-06,3d,>=12%,20,1,5.0,OIL
2024-09-12,3d,>=12%,20,1,5.0,GRANULES
2024-09-13,3d,>=12%,20,1,5.0,GRANULES
2024-09-16,3d,>=12%,20,1,5.0,GRANULES
2024-10-07,3d,>=12%,20,1,5.0,RVNL
2024-10-17,3d,>=12%,20,1,5.0,BAJAJ-AUTO
2024-10-18,3d,>=12%,20,1,5.0,BAJAJ-AUTO
2024-10-22,3d,>=12%,20,1,5.0,POWERINDIA
2024-11-12,3d,>=12%,20,1,5.0,PPLPHARMA
2024-11-13,3d,>=12%,20,1,5.0,POWERINDIA
2024-11-14,3d,>=12%,20,1,5.0,POWERINDIA
2024-11-18,3d,>=12%,20,1,5.0,POWERINDIA
2025-06-26,3d,>=12%,20,1,5.0,GRSE
2025-07-08,3d,>=12%,20,1,5.0,BSE
2026-05-29,3d,>=12%,20,1,5.0,GESHIP
2026-06-01,3d,>=12%,20,1,5.0,MCX
2026-06-02,3d,>=12%,20,1,5.0,SCHNEIDER
2026-06-03,3d,>=12%,20,1,5.0,SCHNEIDER
2026-06-08,3d,>=12%,20,1,5.0,NATIONALUM
2026-06-25,3d,>=12%,20,1,5.0,NATIONALUM
2026-09-01,3d,>=12%,20,1,5.0,ADANIENSOL
2007-09-26,5d,>=5%,20,2,10.0,"SOUTHBANK, TFCILTD"
2007-09-27,5d,>=5%,20,2,10.0,"APTECHT, TFCILTD"
2007-09-28,5d,>=5%,20,1,5.0,TFCILTD
2007-10-01,5d,>=5%,20,1,5.0,JINDALSTEL
2007-10-04,5d,>=5%,20,1,5.0,TFCILTD
2007-10-05,5d,>=5%,20,2,10.0,"RAJESHEXPO, TFCILTD"
2007-10-08,5d,>=5%,20,7,35.0,"JSWSTEEL, APTECHT, PRAJIND, RAJESHEXPO, TFCILTD, UNITDSPR, THERMAX"
2007-10-09,5d,>=5%,20,4,20.0,"APTECHT, PRAJIND, CRISIL, TFCILTD"
2007-10-10,5d,>=5%,20,4,20.0,"APTECHT, PRAJIND, CRISIL, TFCILTD"
2007-10-11,5d,>=5%,20,3,15.0,"BLUESTARCO, APTECHT, PRAJIND"
2007-10-12,5d,>=5%,20,3,15.0,"APTECHT, PRAJIND, CRISIL"
2007-10-16,5d,>=5%,20,1,5.0,CRISIL
2007-10-17,5d,>=5%,20,4,20.0,"ADANIENT, PRAJIND, CRISIL, RAJESHEXPO"
2007-10-18,5d,>=5%,20,9,45.0,"ADANIENT, APTECHT, BHARTIARTL, PRAJIND, CRISIL, KOTAKBANK, RAJESHEXPO, UNITDSPR, LT"
2007-10-19,5d,>=5%,20,13,65.0,"ADANIENT, APTECHT, BHARTIARTL, PRAJIND, SOUTHBANK, JINDALSTEL, CRISIL, KOTAKBANK, DIVISLAB, RAJESHEXPO, TFCILTD, UNITDSPR, LT"
2007-10-22,5d,>=5%,20,17,85.0,"ABB, JSWSTEEL, ADANIENT, APTECHT, BHARTIARTL, RELIANCE, PRAJIND, SOUTHBANK, JINDALSTEL, CRISIL, KOTAKBANK, ABAN, DIVISLAB, TFCILTD, UNITDSPR, THERMAX, LT"
2007-10-23,5d,>=5%,20,8,40.0,"APTECHT, BHARTIARTL, PRAJIND, SOUTHBANK, GMDCLTD, JINDALSTEL, CRISIL, TFCILTD"
2007-10-24,5d,>=5%,20,3,15.0,"BHARTIARTL, GMDCLTD, TFCILTD"
2007-10-25,5d,>=5%,20,1,5.0,GMDCLTD
2007-10-31,5d,>=5%,20,2,10.0,"JSWSTEEL, TFCILTD"
2007-11-01,5d,>=5%,20,2,10.0,"BHARTIARTL, TFCILTD"
2007-11-02,5d,>=5%,20,4,20.0,"ADANIENT, BHARTIARTL, PRAJIND, TFCILTD"
2007-11-05,5d,>=5%,20,8,40.0,"JSWSTEEL, ADANIENT, BHARTIARTL, RELIANCE, PRAJIND, CRISIL, KOTAKBANK, UNITDSPR"
2007-11-06,5d,>=5%,20,2,10.0,"KOTAKBANK, UNITDSPR"
2007-11-07,5d,>=5%,20,3,15.0,"KOTAKBANK, DIVISLAB, UNITDSPR"
2007-11-08,5d,>=5%,20,3,15.0,"JINDALSTEL, DIVISLAB, LT"
2007-11-09,5d,>=5%,20,5,25.0,"JINDALSTEL, KOTAKBANK, ABAN, DIVISLAB, LT"
2007-11-12,5d,>=5%,20,4,20.0,"JSWSTEEL, RIIL, JINDALSTEL, DIVISLAB"
2007-11-13,5d,>=5%,20,3,15.0,"RIIL, JINDALSTEL, THERMAX"
2007-11-14,5d,>=5%,20,1,5.0,RIIL
2007-11-15,5d,>=5%,20,1,5.0,RIIL
2007-11-16,5d,>=5%,20,2,10.0,"RIIL, GMDCLTD"
2007-11-21,5d,>=5%,20,11,55.0,"STCINDIA, ABB, RELINFRA, VEDL, RELIANCE, WELCORP, GMDCLTD, JINDALSTEL, ABAN, UNITDSPR, LT"
2007-11-22,5d,>=5%,20,15,75.0,"STCINDIA, ABB, JSWSTEEL, RELINFRA, VEDL, RELIANCE, SOUTHBANK, WELCORP, RIIL, GMDCLTD, JINDALSTEL, ABAN, UNITDSPR, THERMAX, LT"
2007-11-23,5d,>=5%,20,11,55.0,"STCINDIA, ABB, RELINFRA, VEDL, SOUTHBANK, RIIL, GMDCLTD, ABAN, UNITDSPR, THERMAX, LT"
2007-11-26,5d,>=5%,20,6,30.0,"STCINDIA, VEDL, RIIL, GMDCLTD, ABAN, THERMAX"
2007-11-27,5d,>=5%,20,8,40.0,"STCINDIA, ADANIENT, VEDL, WELCORP, RIIL, GMDCLTD, ABAN, THERMAX"
2007-11-28,5d,>=5%,20,4,20.0,"STCINDIA, ADANIENT, RIIL, GMDCLTD"
2007-11-29,5d,>=5%,20,2,10.0,"STCINDIA, GMDCLTD"
2007-11-30,5d,>=5%,20,2,10.0,"STCINDIA, ADANIENT"
2007-12-03,5d,>=5%,20,2,10.0,"STCINDIA, ADANIENT"
2007-12-04,5d,>=5%,20,1,5.0,STCINDIA
2007-12-05,5d,>=5%,20,1,5.0,STCINDIA
2007-12-06,5d,>=5%,20,1,5.0,STCINDIA
2007-12-10,5d,>=5%,20,1,5.0,STCINDIA
2007-12-11,5d,>=5%,20,2,10.0,"RIIL, GMDCLTD"
2007-12-12,5d,>=5%,20,2,10.0,"STCINDIA, GMDCLTD"
2007-12-13,5d,>=5%,20,2,10.0,"STCINDIA, THERMAX"
2007-12-14,5d,>=5%,20,2,10.0,"STCINDIA, THERMAX"
2007-12-17,5d,>=5%,20,6,30.0,"STCINDIA, RELINFRA, GMDCLTD, KOTAKBANK, ABAN, THERMAX"
2007-12-18,5d,>=5%,20,10,50.0,"STCINDIA, RELINFRA, RELIANCE, SOUTHBANK, WELCORP, JINDALSTEL, KOTAKBANK, ABAN, THERMAX, LT"
2007-12-19,5d,>=5%,20,11,55.0,"BLUESTARCO, STCINDIA, ABB, RELIANCE, WELCORP, RIIL, JINDALSTEL, KOTAKBANK, ABAN, RAJESHEXPO, LT"
2007-12-20,5d,>=5%,20,13,65.0,"STCINDIA, ABB, JSWSTEEL, SOUTHBANK, WELCORP, RIIL, GMDCLTD, JINDALSTEL, KOTAKBANK, ABAN, DIVISLAB, RAJESHEXPO, LT"
2007-12-24,5d,>=5%,20,7,35.0,"STCINDIA, ABB, JSWSTEEL, WELCORP, JINDALSTEL, KOTAKBANK, ABAN"
2008-01-07,5d,>=5%,20,1,5.0,GMDCLTD
2008-01-09,5d,>=5%,20,4,20.0,"JSWSTEEL, ADANIENT, VEDL, KOTAKBANK"
2008-01-10,5d,>=5%,20,9,45.0,"STCINDIA, JSWSTEEL, ADANIENT, VEDL, SOUTHBANK, RIIL, JINDALSTEL, KOTAKBANK, DIVISLAB"
2008-01-11,5d,>=5%,20,11,55.0,"BLUESTARCO, STCINDIA, JSWSTEEL, ADANIENT, VEDL, SOUTHBANK, RIIL, JINDALSTEL, KOTAKBANK, ABAN, DIVISLAB"
2008-01-14,5d,>=5%,20,12,60.0,"BLUESTARCO, INDIAGLYCO, STCINDIA, JSWSTEEL, ADANIENT, VEDL, SOUTHBANK, RIIL, KOTAKBANK, ABAN, DIVISLAB, USHAMART"
2008-01-15,5d,>=5%,20,8,40.0,"STCINDIA, ADANIENT, RELINFRA, VEDL, SOUTHBANK, RIIL, USHAMART, LT"
2008-01-16,5d,>=5%,20,10,50.0,"STCINDIA, JSWSTEEL, ADANIENT, RELINFRA, VEDL, SOUTHBANK, RIIL, GMDCLTD, USHAMART, LT"
2008-01-17,5d,>=5%,20,4,20.0,"BLUESTARCO, RELINFRA, SOUTHBANK, ABAN"
2008-01-18,5d,>=5%,20,10,50.0,"JSWSTEEL, RELINFRA, VEDL, RELIANCE, SOUTHBANK, KOTAKBANK, ABAN, DIVISLAB, USHAMART, LT"
2008-01-21,5d,>=5%,20,19,95.0,"BLUESTARCO, INDIAGLYCO, STCINDIA, JSWSTEEL, ADANIENT, RELINFRA, VEDL, RELIANCE, SOUTHBANK, WELCORP, RIIL, GMDCLTD, JINDALSTEL, KOTAKBANK, ABAN, DIVISLAB, RAJESHEXPO, USHAMART, LT"
2008-01-22,5d,>=5%,20,20,100.0,"BLUESTARCO, INDIAGLYCO, STCINDIA, JSWSTEEL, ADANIENT, RELINFRA, VEDL, RELIANCE, SOUTHBANK, WELCORP, SHRIRAMFIN, RIIL, GMDCLTD, JINDALSTEL, KOTAKBANK, ABAN, DIVISLAB, RAJESHEXPO, USHAMART, LT"
2008-01-23,5d,>=5%,20,19,95.0,"BLUESTARCO, INDIAGLYCO, STCINDIA, JSWSTEEL, ADANIENT, RELINFRA, VEDL, RELIANCE, SOUTHBANK, WELCORP, RIIL, GMDCLTD, JINDALSTEL, KOTAKBANK, ABAN, DIVISLAB, RAJESHEXPO, USHAMART, LT"
2008-01-24,5d,>=5%,20,20,100.0,"BLUESTARCO, INDIAGLYCO, STCINDIA, JSWSTEEL, ADANIENT, RELINFRA, VEDL, RELIANCE, SOUTHBANK, WELCORP, SHRIRAMFIN, RIIL, GMDCLTD, JINDALSTEL, KOTAKBANK, ABAN, DIVISLAB, RAJESHEXPO, USHAMART, LT"
2008-01-25,5d,>=5%,20,13,65.0,"INDIAGLYCO, STCINDIA, JSWSTEEL, ADANIENT, RELIANCE, SOUTHBANK, RIIL, GMDCLTD, JINDALSTEL, ABAN, DIVISLAB, RAJESHEXPO, USHAMART"
2008-01-28,5d,>=5%,20,5,25.0,"STCINDIA, ADANIENT, RIIL, GMDCLTD, USHAMART"
2009-04-20,5d,>=5%,17,2,11.764705882352942,"DSKULKARNI, MCLEODRUSS"
2009-04-21,5d,>=5%,17,3,17.647058823529413,"DSKULKARNI, FSL, MCLEODRUSS"
2009-04-22,5d,>=5%,17,5,29.41176470588235,"DSKULKARNI, FSL, MCLEODRUSS, EMBDL, IIFL"
2009-04-23,5d,>=5%,17,1,5.882352941176471,DONEAR
2009-04-24,5d,>=5%,17,1,5.882352941176471,DONEAR
2009-04-27,5d,>=5%,17,3,17.647058823529413,"DONEAR, FSL, PFC"
2009-04-28,5d,>=5%,17,7,41.1764705882353,"NOIDATOLL, DONEAR, FSL, SHREECEM, EMBDL, NIITLTD, ORIENTPPR"
2009-04-29,5d,>=5%,17,3,17.647058823529413,"DONEAR, FSL, ORIENTPPR"
2009-05-04,5d,>=5%,17,2,11.764705882352942,"JINDALPOLY, EMBDL"
2009-05-05,5d,>=5%,17,2,11.764705882352942,"JINDALPOLY, EMBDL"
2009-05-06,5d,>=5%,17,1,5.882352941176471,JINDALPOLY
2009-05-07,5d,>=5%,17,1,5.882352941176471,JINDALPOLY
2009-05-08,5d,>=5%,17,1,5.882352941176471,JINDALPOLY
2009-05-11,5d,>=5%,17,5,29.41176470588235,"IDEA, UNIONBANK, JINDALPOLY, PFC, ORIENTPPR"
2009-05-12,5d,>=5%,17,4,23.529411764705884,"UNIONBANK, JINDALPOLY, NIITLTD, ORIENTPPR"
2009-05-13,5d,>=5%,17,2,11.764705882352942,"JINDALPOLY, NIITLTD"
2009-05-14,5d,>=5%,17,2,11.764705882352942,"NOIDATOLL, NIITLTD"
2009-05-15,5d,>=5%,17,2,11.764705882352942,"NOIDATOLL, NIITLTD"
2009-05-25,5d,>=5%,17,1,5.882352941176471,HEROMOTOCO
2009-05-26,5d,>=5%,17,4,23.529411764705884,"IDEA, UNIONBANK, PFC, IIFL"
2009-05-27,5d,>=5%,17,4,23.529411764705884,"UNIONBANK, MCLEODRUSS, PFC, IIFL"
2009-05-28,5d,>=5%,17,1,5.882352941176471,JINDALPOLY
2009-06-02,5d,>=5%,17,1,5.882352941176471,DONEAR
2009-06-03,5d,>=5%,17,1,5.882352941176471,BRITANNIA
2009-06-04,5d,>=5%,17,1,5.882352941176471,DONEAR
2009-06-05,5d,>=5%,17,2,11.764705882352942,"DONEAR, EMBDL"
2009-06-08,5d,>=5%,17,9,52.94117647058823,"IDEA, DSKULKARNI, NOIDATOLL, DONEAR, FSL, MCLEODRUSS, EMBDL, PFC, IIFL"
2009-06-09,5d,>=5%,20,1,5.0,ORIENTPPR
2009-06-10,5d,>=5%,20,2,10.0,"MUNJALSHOW, IIFL"
2009-06-11,5d,>=5%,20,2,10.0,"MUNJALSHOW, IIFL"
2009-06-12,5d,>=5%,20,2,10.0,"MUNJALSHOW, IIFL"
2009-06-15,5d,>=5%,20,2,10.0,"BERGEPAINT, IIFL"
2009-06-16,5d,>=5%,20,5,25.0,"BERGEPAINT, GODREJCP, MUNJALSHOW, IIFL, HEROMOTOCO"
2009-06-17,5d,>=5%,20,8,40.0,"GODREJCP, MUNJALSHOW, COROMANDEL, IIFL, ONGC, HEROMOTOCO, BHEL, RALLIS"
2009-06-18,5d,>=5%,20,12,60.0,"BERGEPAINT, GODREJCP, UNIONBANK, MUNJALSHOW, LUPIN, COROMANDEL, PFC, IIFL, MARUTI, ONGC, BHEL, RALLIS"
2009-06-19,5d,>=5%,20,9,45.0,"BERGEPAINT, GODREJCP, UNIONBANK, PFC, IIFL, ONGC, BHEL, RALLIS, ORIENTPPR"
2009-06-22,5d,>=5%,20,9,45.0,"ENGINERSIN, BERGEPAINT, GODREJCP, UNIONBANK, COROMANDEL, IIFL, ONGC, RALLIS, ORIENTPPR"
2009-06-23,5d,>=5%,20,10,50.0,"SHREECEM, BERGEPAINT, COROMANDEL, PFC, IIFL, ONGC, IOC, RALLIS, KSB, ORIENTPPR"
2009-06-24,5d,>=5%,20,4,20.0,"BERGEPAINT, COROMANDEL, RALLIS, ORIENTPPR"
2009-06-26,5d,>=5%,20,2,10.0,"COROMANDEL, ORIENTPPR"
2009-06-29,5d,>=5%,20,2,10.0,"HEROMOTOCO, KSB"
2009-06-30,5d,>=5%,20,1,5.0,GODREJCP
2009-07-01,5d,>=5%,20,2,10.0,"GODREJCP, ORIENTPPR"
2009-07-02,5d,>=5%,20,2,10.0,"LUPIN, ORIENTPPR"
2009-07-03,5d,>=5%,20,3,15.0,"GODREJCP, RALLIS, ORIENTPPR"
2009-07-06,5d,>=5%,20,7,35.0,"ENGINERSIN, UNIONBANK, BANKBARODA, IIFL, LICHSGFIN, BHEL, ORIENTPPR"
2009-07-07,5d,>=5%,20,3,15.0,"ENGINERSIN, UNIONBANK, BANKBARODA"
2009-07-08,5d,>=5%,20,5,25.0,"ENGINERSIN, UNIONBANK, BANKBARODA, LICHSGFIN, BHEL"
2009-07-09,5d,>=5%,20,8,40.0,"ENGINERSIN, UNIONBANK, MUNJALSHOW, BANKBARODA, COROMANDEL, PFC, ONGC, BHEL"
2009-07-10,5d,>=5%,20,10,50.0,"ENGINERSIN, UNIONBANK, MUNJALSHOW, BANKBARODA, LUPIN, COROMANDEL, PFC, ONGC, LICHSGFIN, BHEL"
2009-07-13,5d,>=5%,20,8,40.0,"ENGINERSIN, UNIONBANK, MUNJALSHOW, BANKBARODA, COROMANDEL, JAYSREETEA, ONGC, BHEL"
2009-07-14,5d,>=5%,20,2,10.0,"COROMANDEL, ONGC"
2009-07-16,5d,>=5%,20,1,5.0,IOC
2009-07-22,5d,>=5%,20,1,5.0,LICHSGFIN
2009-07-24,5d,>=5%,20,2,10.0,"IOC, LICHSGFIN"
2009-07-27,5d,>=5%,20,3,15.0,"UNIONBANK, IOC, LICHSGFIN"
2009-07-28,5d,>=5%,20,1,5.0,UNIONBANK
2009-07-29,5d,>=5%,20,1,5.0,UNIONBANK
2009-07-30,5d,>=5%,20,2,10.0,"UNIONBANK, LUPIN"
2009-07-31,5d,>=5%,20,1,5.0,HEROMOTOCO
2009-08-05,5d,>=5%,20,1,5.0,PNB
2009-08-06,5d,>=5%,20,3,15.0,"COROMANDEL, PFC, HEROMOTOCO"
2009-08-07,5d,>=5%,20,4,20.0,"PFC, MARUTI, HEROMOTOCO, RALLIS"
2009-08-10,5d,>=5%,20,14,70.0,"SHREECEM, PNB, GODREJCP, UNIONBANK, MUNJALSHOW, BANKBARODA, COROMANDEL, JAYSREETEA, PFC, MARUTI, HEROMOTOCO, BHEL, RALLIS, KSB"
2009-08-11,5d,>=5%,20,8,40.0,"SHREECEM, GODREJCP, UNIONBANK, MUNJALSHOW, PFC, MARUTI, HEROMOTOCO, RALLIS"
2009-08-12,5d,>=5%,20,9,45.0,"SHREECEM, GODREJCP, UNIONBANK, MUNJALSHOW, PFC, MARUTI, HEROMOTOCO, LICHSGFIN, KSB"
2009-08-13,5d,>=5%,20,2,10.0,"SHREECEM, UNIONBANK"
2009-08-14,5d,>=5%,20,1,5.0,UNIONBANK
2009-08-17,5d,>=5%,20,1,5.0,UNIONBANK
2009-08-18,5d,>=5%,20,1,5.0,UNIONBANK
2009-08-19,5d,>=5%,20,2,10.0,"UNIONBANK, HEROMOTOCO"
2009-08-20,5d,>=5%,20,4,20.0,"SHREECEM, MUNJALSHOW, MCLEODRUSS, HEROMOTOCO"
2009-08-21,5d,>=5%,20,1,5.0,MUNJALSHOW
2009-09-01,5d,>=5%,20,1,5.0,LUPIN
2009-09-02,5d,>=5%,20,4,20.0,"ENGINERSIN, LUPIN, SUPREMEIND, LICHSGFIN"
2009-09-03,5d,>=5%,20,3,15.0,"ENGINERSIN, LUPIN, KSB"
2009-09-04,5d,>=5%,20,2,10.0,"LUPIN, KSB"
2009-09-07,5d,>=5%,20,1,5.0,PFC
2009-09-08,5d,>=5%,20,1,5.0,MCLEODRUSS
2009-09-11,5d,>=5%,20,2,10.0,"MUNJALSHOW, MARUTI"
2009-09-14,5d,>=5%,20,4,20.0,"DABUR, MUNJALSHOW, MARUTI, IOC"
2009-09-15,5d,>=5%,20,1,5.0,ENGINERSIN
2009-09-17,5d,>=5%,20,1,5.0,BIRLACORPN
2009-09-30,5d,>=5%,20,1,5.0,LICHSGFIN
2009-10-01,5d,>=5%,20,1,5.0,LICHSGFIN
2009-10-05,5d,>=5%,20,1,5.0,MCLEODRUSS
2009-10-06,5d,>=5%,20,2,10.0,"SHREECEM, MCLEODRUSS"
2009-10-07,5d,>=5%,20,2,10.0,"MUNJALSHOW, MARUTI"
2009-10-08,5d,>=5%,20,4,20.0,"EICHERMOT, SHREECEM, MUNJALSHOW, MARUTI"
2009-10-09,5d,>=5%,20,3,15.0,"EICHERMOT, SHREECEM, MARUTI"
2009-10-12,5d,>=5%,20,4,20.0,"EICHERMOT, MCLEODRUSS, JAYSREETEA, MARUTI"
2009-10-15,5d,>=5%,20,1,5.0,IOC
2009-10-16,5d,>=5%,20,1,5.0,IOC
2009-10-22,5d,>=5%,20,3,15.0,"SHREECEM, AUROPHARMA, SUPREMEIND"
2009-10-23,5d,>=5%,20,1,5.0,AUROPHARMA
2009-10-26,5d,>=5%,20,3,15.0,"SHREECEM, UNIONBANK, SUPREMEIND"
2009-10-27,5d,>=5%,20,7,35.0,"ENGINERSIN, SHREECEM, BIRLACORPN, UNIONBANK, AUROPHARMA, SUPREMEIND, RALLIS"
2009-10-28,5d,>=5%,20,8,40.0,"ENGINERSIN, SHREECEM, BIRLACORPN, MUNJALSHOW, SUPREMEIND, MARUTI, LICHSGFIN, RALLIS"
2009-10-29,5d,>=5%,20,5,25.0,"MUNJALSHOW, SUPREMEIND, MARUTI, LICHSGFIN, RALLIS"
2009-10-30,5d,>=5%,20,10,50.0,"ENGINERSIN, EICHERMOT, MUNJALSHOW, AUROPHARMA, SUPREMEIND, MARUTI, JINDALSTEL, IOC, LICHSGFIN, RALLIS"
2009-11-03,5d,>=5%,20,12,60.0,"EICHERMOT, MUNJALSHOW, AUROPHARMA, JAYSREETEA, PFC, SUPREMEIND, MARUTI, JINDALSTEL, IOC, HEROMOTOCO, LICHSGFIN, RALLIS"
2009-11-04,5d,>=5%,20,4,20.0,"MUNJALSHOW, PFC, IOC, LICHSGFIN"
2009-11-05,5d,>=5%,20,5,25.0,"UNIONBANK, MUNJALSHOW, MCLEODRUSS, PFC, JINDALSTEL"
2009-11-06,5d,>=5%,20,1,5.0,MUNJALSHOW
2009-11-13,5d,>=5%,20,1,5.0,AUROPHARMA
2009-11-16,5d,>=5%,20,1,5.0,AUROPHARMA
2009-11-17,5d,>=5%,20,1,5.0,GODREJCP
2009-11-18,5d,>=5%,20,2,10.0,"GODREJCP, AUROPHARMA"
2009-11-23,5d,>=5%,20,1,5.0,DHAMPURSUG
2009-11-24,5d,>=5%,20,1,5.0,DHAMPURSUG
2009-11-25,5d,>=5%,20,1,5.0,DHAMPURSUG
2009-11-26,5d,>=5%,20,1,5.0,EICHERMOT
2009-11-27,5d,>=5%,20,6,30.0,"DHAMPURSUG, EICHERMOT, SEAMECLTD, RENUKA, SUPREMEIND, JINDALSTEL"
2009-11-30,5d,>=5%,20,1,5.0,SUPREMEIND
2009-12-08,5d,>=5%,20,1,5.0,MCLEODRUSS
2009-12-09,5d,>=5%,20,1,5.0,MCLEODRUSS
2009-12-10,5d,>=5%,20,6,30.0,"ENGINERSIN, EICHERMOT, SEAMECLTD, BIRLACORPN, RENUKA, MCLEODRUSS"
2009-12-11,5d,>=5%,20,4,20.0,"ENGINERSIN, BIRLACORPN, RENUKA, MCLEODRUSS"
2009-12-14,5d,>=5%,20,3,15.0,"RENUKA, MCLEODRUSS, LICHSGFIN"
2009-12-15,5d,>=5%,20,3,15.0,"GODREJCP, JAYSREETEA, LICHSGFIN"
2009-12-16,5d,>=5%,20,2,10.0,"GODREJCP, JAYSREETEA"
2009-12-17,5d,>=5%,20,1,5.0,GODREJCP
2009-12-18,5d,>=5%,20,2,10.0,"RECLTD, GODREJCP"
2009-12-21,5d,>=5%,20,3,15.0,"RECLTD, GODREJCP, MARUTI"
2009-12-22,5d,>=5%,20,1,5.0,GODREJCP
2009-12-23,5d,>=5%,20,1,5.0,SEAMECLTD
2009-12-24,5d,>=5%,20,1,5.0,SEAMECLTD
2010-01-06,5d,>=5%,20,1,5.0,MARUTI
2010-01-07,5d,>=5%,20,1,5.0,MARUTI
2010-01-08,5d,>=5%,20,1,5.0,MARUTI
2010-01-11,5d,>=5%,20,1,5.0,MARUTI
2010-01-12,5d,>=5%,20,1,5.0,EICHERMOT
2010-01-13,5d,>=5%,20,2,10.0,"EICHERMOT, MCLEODRUSS"
2010-01-15,5d,>=5%,20,1,5.0,DHAMPURSUG
2010-01-18,5d,>=5%,20,2,10.0,"DHAMPURSUG, JINDALSTEL"
2010-01-19,5d,>=5%,20,2,10.0,"DHAMPURSUG, JINDALSTEL"
2010-01-20,5d,>=5%,20,3,15.0,"DHAMPURSUG, RENUKA, JAYSREETEA"
2010-01-21,5d,>=5%,20,7,35.0,"DHAMPURSUG, SHREECEM, BIRLACORPN, VEDL, RENUKA, MCLEODRUSS, JAYSREETEA"
2010-01-22,5d,>=5%,20,9,45.0,"DHAMPURSUG, SEAMECLTD, SHREECEM, VEDL, GODREJCP, RENUKA, MCLEODRUSS, JAYSREETEA, LICHSGFIN"
2010-01-25,5d,>=5%,20,10,50.0,"EICHERMOT, SEAMECLTD, SHREECEM, BIRLACORPN, VEDL, GODREJCP, BEL, MCLEODRUSS, JAYSREETEA, LICHSGFIN"
2010-01-27,5d,>=5%,20,13,65.0,"DHAMPURSUG, EICHERMOT, RECLTD, SEAMECLTD, SHREECEM, BIRLACORPN, VEDL, GODREJCP, BEL, MCLEODRUSS, JAYSREETEA, LICHSGFIN, STLTECH"
2010-01-28,5d,>=5%,20,13,65.0,"DHAMPURSUG, EICHERMOT, RECLTD, SEAMECLTD, SHREECEM, BIRLACORPN, VEDL, GODREJCP, MCLEODRUSS, AUROPHARMA, JAYSREETEA, MARUTI, LICHSGFIN"
2010-01-29,5d,>=5%,20,12,60.0,"EICHERMOT, RECLTD, SEAMECLTD, SHREECEM, VEDL, GODREJCP, RENUKA, MCLEODRUSS, AUROPHARMA, JAYSREETEA, JINDALSTEL, LICHSGFIN"
2010-02-01,5d,>=5%,20,4,20.0,"VEDL, RENUKA, MCLEODRUSS, JAYSREETEA"
2010-02-02,5d,>=5%,20,5,25.0,"RECLTD, RENUKA, JAYSREETEA, MARUTI, JINDALSTEL"
2010-02-03,5d,>=5%,20,1,5.0,RENUKA
2010-02-04,5d,>=5%,20,1,5.0,RENUKA
2010-02-05,5d,>=5%,20,4,20.0,"DHAMPURSUG, EICHERMOT, RENUKA, JAYSREETEA"
2010-02-06,5d,>=5%,20,4,20.0,"DHAMPURSUG, RENUKA, JAYSREETEA, JINDALSTEL"
2010-02-08,5d,>=5%,20,2,10.0,"DHAMPURSUG, RECLTD"
2010-02-09,5d,>=5%,20,3,15.0,"DHAMPURSUG, JINDALSTEL, LICHSGFIN"
2010-02-15,5d,>=5%,20,1,5.0,RECLTD
2010-02-18,5d,>=5%,20,1,5.0,RECLTD
2010-02-19,5d,>=5%,20,1,5.0,STLTECH
2010-02-22,5d,>=5%,20,2,10.0,"DHAMPURSUG, THERMAX"
2010-02-23,5d,>=5%,20,4,20.0,"DHAMPURSUG, SEAMECLTD, SUPREMEIND, THERMAX"
2010-02-24,5d,>=5%,20,7,35.0,"ENGINERSIN, DHAMPURSUG, SEAMECLTD, MCLEODRUSS, SUPREMEIND, THERMAX, JINDALSAW"
2010-02-25,5d,>=5%,20,8,40.0,"ENGINERSIN, DHAMPURSUG, SEAMECLTD, MCLEODRUSS, SUPREMEIND, LICHSGFIN, THERMAX, JINDALSAW"
2010-02-26,5d,>=5%,20,2,10.0,"DHAMPURSUG, MCLEODRUSS"
2010-03-02,5d,>=5%,20,1,5.0,DHAMPURSUG
2010-03-03,5d,>=5%,20,1,5.0,DHAMPURSUG
2010-03-11,5d,>=5%,20,1,5.0,VEDL
2010-03-15,5d,>=5%,20,1,5.0,BSOFT
2010-03-16,5d,>=5%,20,2,10.0,"BSOFT, STLTECH"
2010-03-23,5d,>=5%,20,1,5.0,TMPV
2010-03-25,5d,>=5%,20,2,10.0,"BSOFT, TMPV"
2010-03-29,5d,>=5%,20,3,15.0,"ZENSARTECH, BSOFT, TMPV"
2010-03-30,5d,>=5%,20,2,10.0,"ENGINERSIN, ZENSARTECH"
2010-03-31,5d,>=5%,20,2,10.0,"ENGINERSIN, ZENSARTECH"
2010-04-01,5d,>=5%,20,2,10.0,"ENGINERSIN, MCLEODRUSS"
2010-04-05,5d,>=5%,20,1,5.0,ENGINERSIN
2010-04-07,5d,>=5%,20,1,5.0,MCLEODRUSS
2010-04-12,5d,>=5%,20,1,5.0,DRREDDY
2010-04-13,5d,>=5%,20,1,5.0,DRREDDY
2010-04-16,5d,>=5%,20,1,5.0,DRREDDY
2010-04-19,5d,>=5%,20,3,15.0,"SOUTHBANK, MCLEODRUSS, LICHSGFIN"
2010-04-20,5d,>=5%,20,1,5.0,SOUTHBANK
2010-04-23,5d,>=5%,20,2,10.0,"JSWSTEEL, VEDL"
2010-04-27,5d,>=5%,20,2,10.0,"VEDL, MCLEODRUSS"
2010-04-28,5d,>=5%,20,2,10.0,"VEDL, MCLEODRUSS"
2010-04-29,5d,>=5%,20,2,10.0,"VEDL, MCLEODRUSS"
2010-04-30,5d,>=5%,20,1,5.0,MCLEODRUSS
2010-05-03,5d,>=5%,20,4,20.0,"SHREECEM, VEDL, SOUTHBANK, MCLEODRUSS"
2010-05-04,5d,>=5%,20,5,25.0,"JSWSTEEL, SHREECEM, VEDL, SOUTHBANK, WIPRO"
2010-05-05,5d,>=5%,20,5,25.0,"ENGINERSIN, SHREECEM, VEDL, SOUTHBANK, JINDALSTEL"
2010-05-06,5d,>=5%,20,6,30.0,"JSWSTEEL, SHREECEM, VEDL, SOUTHBANK, WIPRO, JINDALSTEL"
2010-05-07,5d,>=5%,20,13,65.0,"SEAMECLTD, JSWSTEEL, VEDL, SOUTHBANK, MCLEODRUSS, AUROPHARMA, WIPRO, JINDALSTEL, INDUSINDBK, THERMAX, TMPV, JINDALSAW, STLTECH"
2010-05-10,5d,>=5%,20,3,15.0,"AUROPHARMA, JINDALSTEL, JINDALSAW"
2010-05-11,5d,>=5%,20,4,20.0,"AUROPHARMA, INDUSINDBK, TMPV, JINDALSAW"
2010-05-12,5d,>=5%,20,1,5.0,AUROPHARMA
2010-05-13,5d,>=5%,20,2,10.0,"ENGINERSIN, JINDALSAW"
2010-05-14,5d,>=5%,20,1,5.0,ENGINERSIN
2010-05-17,5d,>=5%,20,2,10.0,"ENGINERSIN, VEDL"
2010-05-18,5d,>=5%,20,2,10.0,"ENGINERSIN, VEDL"
2010-05-19,5d,>=5%,20,5,25.0,"ENGINERSIN, VEDL, ESCORTS, TMPV, JINDALSAW"
2010-05-20,5d,>=5%,20,5,25.0,"ENGINERSIN, VEDL, ZENSARTECH, ESCORTS, TMPV"
2010-05-21,5d,>=5%,20,8,40.0,"ENGINERSIN, SHREECEM, VEDL, AUROPHARMA, ZENSARTECH, ASIANPAINT, ESCORTS, TMPV"
2010-05-24,5d,>=5%,20,6,30.0,"ENGINERSIN, VEDL, AUROPHARMA, ZENSARTECH, ESCORTS, TMPV"
2010-07-19,5d,>=5%,20,1,5.0,STLTECH
2010-07-26,5d,>=5%,20,1,5.0,IPCALAB
2010-07-27,5d,>=5%,20,2,10.0,"TORNTPHARM, IPCALAB"
2010-07-28,5d,>=5%,20,2,10.0,"IPCALAB, STLTECH"
2010-07-29,5d,>=5%,20,2,10.0,"IPCALAB, STLTECH"
2010-07-30,5d,>=5%,20,1,5.0,STLTECH
2010-08-02,5d,>=5%,20,1,5.0,STLTECH
2010-08-05,5d,>=5%,20,1,5.0,RALLIS
2010-08-11,5d,>=5%,20,1,5.0,TRENT
2010-08-16,5d,>=5%,20,2,10.0,"TORNTPHARM, VIPIND"
2010-08-24,5d,>=5%,20,1,5.0,GILLETTE
2010-08-25,5d,>=5%,20,4,20.0,"COROMANDEL, GILLETTE, VIPIND, SHOPERSTOP"
2010-08-26,5d,>=5%,20,2,10.0,"COROMANDEL, SHOPERSTOP"
2010-08-27,5d,>=5%,20,1,5.0,SHOPERSTOP
2010-08-30,5d,>=5%,20,7,35.0,"BAJFINANCE, SUDARCOLOR, VENKEYS, NILKAMAL, VIPIND, SHOPERSTOP, RALLIS"
2010-08-31,5d,>=5%,20,6,30.0,"SUDARCOLOR, VENKEYS, LUPIN, VIPIND, CASTROLIND, SHOPERSTOP"
2010-09-01,5d,>=5%,20,1,5.0,LUPIN
2010-09-15,5d,>=5%,20,1,5.0,VENKEYS
2010-09-16,5d,>=5%,20,1,5.0,VENKEYS
2010-09-17,5d,>=5%,20,1,5.0,VENKEYS
2010-09-20,5d,>=5%,20,2,10.0,"COROMANDEL, RALLIS"
2010-09-21,5d,>=5%,20,2,10.0,"KARURVYSYA, 3MINDIA"
2010-09-22,5d,>=5%,20,5,25.0,"KARURVYSYA, TRENT, 3MINDIA, CASTROLIND, RALLIS"
2010-09-23,5d,>=5%,20,4,20.0,"EICHERMOT, KARURVYSYA, TRENT, SHOPERSTOP"
2010-09-24,5d,>=5%,20,2,10.0,"TRENT, CASTROLIND"
2010-09-27,5d,>=5%,20,2,10.0,"TRENT, CASTROLIND"
2010-09-28,5d,>=5%,20,2,10.0,"TRENT, RALLIS"
2010-10-11,5d,>=5%,20,1,5.0,VIPIND
2010-10-12,5d,>=5%,20,1,5.0,VIPIND
2010-10-13,5d,>=5%,20,1,5.0,IPCALAB
2010-10-14,5d,>=5%,20,2,10.0,"NILKAMAL, IPCALAB"
2010-10-15,5d,>=5%,20,3,15.0,"NILKAMAL, VIPIND, CASTROLIND"
2010-10-18,5d,>=5%,20,4,20.0,"VENKEYS, NILKAMAL, VIPIND, CASTROLIND"
2010-10-19,5d,>=5%,20,3,15.0,"BAJFINANCE, JINDALPOLY, CASTROLIND"
2010-10-20,5d,>=5%,20,3,15.0,"M&MFIN, VENKEYS, JINDALPOLY"
2010-10-21,5d,>=5%,20,3,15.0,"VENKEYS, JINDALPOLY, KANSAINER"
2010-10-22,5d,>=5%,20,3,15.0,"M&MFIN, JINDALPOLY, KANSAINER"
2010-10-25,5d,>=5%,20,2,10.0,"JINDALPOLY, KANSAINER"
2010-10-26,5d,>=5%,20,2,10.0,"SUDARCOLOR, KANSAINER"
2010-10-27,5d,>=5%,20,3,15.0,"SUDARCOLOR, VENKEYS, KANSAINER"
2010-10-28,5d,>=5%,20,2,10.0,"VENKEYS, KANSAINER"
2010-10-29,5d,>=5%,20,4,20.0,"KARURVYSYA, VENKEYS, NILKAMAL, VIPIND"
2010-11-01,5d,>=5%,20,3,15.0,"KARURVYSYA, VENKEYS, COROMANDEL"
2010-11-02,5d,>=5%,20,4,20.0,"KARURVYSYA, VENKEYS, JINDALPOLY, VIPIND"
2010-11-03,5d,>=5%,20,1,5.0,JINDALPOLY
2010-11-04,5d,>=5%,20,1,5.0,3MINDIA
2010-11-12,5d,>=5%,20,1,5.0,VENKEYS
2010-11-15,5d,>=5%,20,2,10.0,"UFLEX, JINDALPOLY"
2010-11-16,5d,>=5%,20,5,25.0,"KARURVYSYA, UFLEX, VENKEYS, JINDALPOLY, AGI"
2010-11-18,5d,>=5%,20,8,40.0,"KARURVYSYA, UFLEX, VENKEYS, TITAN, JINDALPOLY, AGI, VIPIND, RALLIS"
2010-11-19,5d,>=5%,20,10,50.0,"UFLEX, SUNDARMFIN, VENKEYS, TITAN, JINDALPOLY, COROMANDEL, AGI, VIPIND, CASTROLIND, RALLIS"
2010-11-22,5d,>=5%,20,5,25.0,"UFLEX, VENKEYS, JINDALPOLY, COROMANDEL, AGI"
2010-11-23,5d,>=5%,20,6,30.0,"M&MFIN, VENKEYS, NILKAMAL, JINDALPOLY, COROMANDEL, VIPIND"
2010-11-24,5d,>=5%,20,6,30.0,"M&MFIN, SUNDARMFIN, VENKEYS, NILKAMAL, COROMANDEL, VIPIND"
2010-11-25,5d,>=5%,20,5,25.0,"M&MFIN, SUNDARMFIN, VENKEYS, JINDALPOLY, COROMANDEL"
2010-11-26,5d,>=5%,20,7,35.0,"UFLEX, SUNDARMFIN, ELGIEQUIP, JINDALPOLY, COROMANDEL, AGI, VIPIND"
2010-11-29,5d,>=5%,20,9,45.0,"BAJFINANCE, UFLEX, SUNDARMFIN, VENKEYS, ELGIEQUIP, JINDALPOLY, COROMANDEL, AGI, VIPIND"
2011-04-25,5d,>=5%,20,1,5.0,FMGOETZE
2011-04-26,5d,>=5%,20,2,10.0,"OSWALGREEN, COROMANDEL"
2011-04-27,5d,>=5%,20,2,10.0,"M&MFIN, COROMANDEL"
2011-04-28,5d,>=5%,20,3,15.0,"M&MFIN, COROMANDEL, WOCKPHARMA"
2011-04-29,5d,>=5%,20,4,20.0,"UCOBANK, M&MFIN, ELGIEQUIP, BANKBARODA"
2011-05-02,5d,>=5%,20,5,25.0,"UCOBANK, M&MFIN, ELGIEQUIP, BANKBARODA, VIPIND"
2011-05-03,5d,>=5%,20,9,45.0,"UCOBANK, ATUL, BAJFINANCE, M&MFIN, TITAN, ELGIEQUIP, BANKBARODA, JINDALPOLY, VIPIND"
2011-05-04,5d,>=5%,20,14,70.0,"EICHERMOT, UCOBANK, ATUL, BAJFINANCE, M&MFIN, TITAN, ELGIEQUIP, BANKBARODA, GFLLIMITED, JINDALPOLY, AGI, VIPIND, RALLIS, BLUEDART"
2011-05-05,5d,>=5%,20,12,60.0,"EICHERMOT, UCOBANK, BAJFINANCE, M&MFIN, TITAN, ELGIEQUIP, BANKBARODA, GFLLIMITED, JINDALPOLY, VIPIND, RALLIS, BLUEDART"
2011-05-06,5d,>=5%,20,6,30.0,"EICHERMOT, BAJFINANCE, BANKBARODA, JINDALPOLY, RALLIS, BLUEDART"
2011-05-09,5d,>=5%,20,2,10.0,"BAJFINANCE, JINDALPOLY"
2011-05-10,5d,>=5%,20,1,5.0,JINDALPOLY
2011-05-11,5d,>=5%,20,1,5.0,JINDALPOLY
2011-05-12,5d,>=5%,20,1,5.0,JINDALPOLY
2011-05-16,5d,>=5%,20,2,10.0,"M&MFIN, FMGOETZE"
2011-05-17,5d,>=5%,20,1,5.0,M&MFIN
2011-05-18,5d,>=5%,20,3,15.0,"M&MFIN, FMGOETZE, JINDALPOLY"
2011-05-19,5d,>=5%,20,4,20.0,"M&MFIN, FMGOETZE, JINDALPOLY, AGI"
2011-05-20,5d,>=5%,20,3,15.0,"M&MFIN, FMGOETZE, BLUEDART"
2011-05-23,5d,>=5%,20,1,5.0,VIPIND
2011-05-24,5d,>=5%,20,1,5.0,VIPIND
2011-05-26,5d,>=5%,20,1,5.0,COROMANDEL
2011-05-27,5d,>=5%,20,1,5.0,JINDALPOLY
2011-06-02,5d,>=5%,20,3,15.0,"FMGOETZE, JINDALPOLY, BLUEDART"
2011-06-07,5d,>=5%,20,1,5.0,OSWALGREEN
2011-06-08,5d,>=5%,20,1,5.0,AGI
2011-06-10,5d,>=5%,20,1,5.0,VIPIND
2011-06-13,5d,>=5%,20,1,5.0,GFLLIMITED
2011-06-15,5d,>=5%,20,2,10.0,"M&MFIN, VIPIND"
2011-06-16,5d,>=5%,20,4,20.0,"M&MFIN, GFLLIMITED, UBL, VIPIND"
2011-06-17,5d,>=5%,20,2,10.0,"M&MFIN, UBL"
2011-06-20,5d,>=5%,20,7,35.0,"ARVIND, M&MFIN, GFLLIMITED, JINDALPOLY, WOCKPHARMA, UBL, VIPIND"
2011-06-21,5d,>=5%,20,7,35.0,"KARURVYSYA, ARVIND, JINDALPOLY, WOCKPHARMA, BATAINDIA, UBL, VIPIND"
2011-06-22,5d,>=5%,20,7,35.0,"ATUL, ARVIND, JINDALPOLY, WOCKPHARMA, BATAINDIA, UBL, VIPIND"
2011-06-23,5d,>=5%,20,6,30.0,"ARVIND, JINDALPOLY, WOCKPHARMA, BATAINDIA, UBL, VIPIND"
2011-06-24,5d,>=5%,20,5,25.0,"ARVIND, TITAN, JINDALPOLY, WOCKPHARMA, UBL"
2011-06-27,5d,>=5%,20,2,10.0,"TITAN, JINDALPOLY"
2012-02-13,5d,>=5%,20,2,10.0,"AMBUJACEM, KAJARIACER"
2012-02-14,5d,>=5%,20,1,5.0,KAJARIACER
2012-02-21,5d,>=5%,20,1,5.0,ARVIND
2012-02-22,5d,>=5%,20,2,10.0,"ARVIND, INDUSINDBK"
2012-02-23,5d,>=5%,20,8,40.0,"AMBUJACEM, ARVIND, GFLLIMITED, ACC, ARE&M, INDUSINDBK, HAVELLS, LICHSGFIN"
2012-02-24,5d,>=5%,20,7,35.0,"AMBUJACEM, ARVIND, ACC, ARE&M, CRISIL, LICHSGFIN, ULTRACEMCO"
2012-02-27,5d,>=5%,20,9,45.0,"AMBUJACEM, ARVIND, GFLLIMITED, ACC, KOTAKBANK, INDUSINDBK, HAVELLS, LICHSGFIN, ULTRACEMCO"
2012-02-28,5d,>=5%,20,5,25.0,"AMBUJACEM, ARVIND, ACC, LICHSGFIN, ULTRACEMCO"
2012-02-29,5d,>=5%,20,1,5.0,ULTRACEMCO
2012-03-05,5d,>=5%,20,2,10.0,"GMDCLTD, BATAINDIA"
2012-03-06,5d,>=5%,20,2,10.0,"GMDCLTD, LICHSGFIN"
2012-03-07,5d,>=5%,20,2,10.0,"KAJARIACER, GFLLIMITED"
2012-03-19,5d,>=5%,20,2,10.0,"GMDCLTD, KOTAKBANK"
2012-03-20,5d,>=5%,20,3,15.0,"ARVIND, GMDCLTD, KOTAKBANK"
2012-03-22,5d,>=5%,20,1,5.0,KOTAKBANK
2012-03-27,5d,>=5%,20,1,5.0,HAVELLS
2012-03-28,5d,>=5%,20,3,15.0,"ARVIND, INDUSINDBK, HAVELLS"
2012-04-10,5d,>=5%,20,1,5.0,SHREECEM
2012-04-11,5d,>=5%,20,3,15.0,"SHREECEM, GFLLIMITED, HAVELLS"
2012-04-12,5d,>=5%,20,1,5.0,SHREECEM
2012-04-13,5d,>=5%,20,2,10.0,"SHREECEM, GFLLIMITED"
2012-04-16,5d,>=5%,20,2,10.0,"SHREECEM, WOCKPHARMA"
2012-04-19,5d,>=5%,20,1,5.0,ASTRAZEN
2012-04-23,5d,>=5%,20,2,10.0,"GFLLIMITED, ASTRAZEN"
2012-04-24,5d,>=5%,20,2,10.0,"SHREECEM, GMDCLTD"
2012-04-25,5d,>=5%,20,3,15.0,"SHREECEM, GFLLIMITED, ULTRACEMCO"
2012-04-26,5d,>=5%,20,3,15.0,"SHREECEM, GFLLIMITED, ASTRAZEN"
2012-04-27,5d,>=5%,20,4,20.0,"GFLLIMITED, ARE&M, ASTRAZEN, BLUEDART"
2012-04-28,5d,>=5%,20,2,10.0,"ASTRAZEN, BLUEDART"
2012-04-30,5d,>=5%,20,2,10.0,"ASTRAZEN, BLUEDART"
2012-05-02,5d,>=5%,20,3,15.0,"ARE&M, ASTRAZEN, BLUEDART"
2012-05-03,5d,>=5%,20,2,10.0,"KAJARIACER, ASTRAZEN"
2012-05-04,5d,>=5%,20,5,25.0,"JUBLFOOD, KAJARIACER, MRF, GFLLIMITED, ASTRAZEN"
2012-05-07,5d,>=5%,20,5,25.0,"JUBLFOOD, KAJARIACER, MRF, ARE&M, ASTRAZEN"
2012-05-08,5d,>=5%,20,8,40.0,"EICHERMOT, JUBLFOOD, KAJARIACER, MRF, GMDCLTD, ARE&M, ASTRAZEN, VSTIND"
2012-05-09,5d,>=5%,20,8,40.0,"BRITANNIA, EICHERMOT, JUBLFOOD, KAJARIACER, MRF, GMDCLTD, ASTRAZEN, VSTIND"
2012-05-10,5d,>=5%,20,3,15.0,"JUBLFOOD, MRF, ASTRAZEN"
2012-05-11,5d,>=5%,20,3,15.0,"GMDCLTD, ASTRAZEN, VSTIND"
2012-05-14,5d,>=5%,20,6,30.0,"EICHERMOT, GODREJCP, MRF, GMDCLTD, ASTRAZEN, VSTIND"
2012-05-15,5d,>=5%,20,6,30.0,"EICHERMOT, GODREJCP, GMDCLTD, ASTRAZEN, HAVELLS, STAR"
2012-05-16,5d,>=5%,20,2,10.0,"GMDCLTD, ASTRAZEN"
2012-05-17,5d,>=5%,20,4,20.0,"BRITANNIA, EICHERMOT, KAJARIACER, ARE&M"
2012-05-18,5d,>=5%,20,1,5.0,ARE&M
2012-05-21,5d,>=5%,20,1,5.0,ARE&M
2012-05-24,5d,>=5%,20,1,5.0,VSTIND
2012-05-31,5d,>=5%,20,1,5.0,SHREECEM
2012-06-01,5d,>=5%,20,4,20.0,"SHREECEM, ASTRAZEN, HAVELLS, BLUEDART"
2012-06-04,5d,>=5%,20,8,40.0,"SHREECEM, JUBLFOOD, KAJARIACER, BATAINDIA, ASTRAZEN, COLPAL, HAVELLS, BLUEDART"
2012-06-05,5d,>=5%,20,9,45.0,"EICHERMOT, SHREECEM, JUBLFOOD, KAJARIACER, BATAINDIA, ASTRAZEN, COLPAL, HAVELLS, BLUEDART"
2012-06-06,5d,>=5%,20,4,20.0,"JUBLFOOD, BATAINDIA, COLPAL, BLUEDART"
2012-06-07,5d,>=5%,20,4,20.0,"EICHERMOT, JUBLFOOD, GILLETTE, COLPAL"
2012-06-08,5d,>=5%,20,1,5.0,ULTRACEMCO
2012-06-14,5d,>=5%,20,2,10.0,"EICHERMOT, GODREJCP"
2012-06-15,5d,>=5%,20,1,5.0,EICHERMOT
2012-06-18,5d,>=5%,20,2,10.0,"EICHERMOT, BATAINDIA"
2012-06-19,5d,>=5%,20,2,10.0,"EICHERMOT, MRF"
2012-06-22,5d,>=5%,20,1,5.0,JUBLFOOD
2012-06-26,5d,>=5%,20,1,5.0,JUBLFOOD
2012-06-27,5d,>=5%,20,1,5.0,JUBLFOOD
2012-07-09,5d,>=5%,20,1,5.0,SHREECEM
2012-07-10,5d,>=5%,20,1,5.0,SHREECEM
2012-07-11,5d,>=5%,20,1,5.0,SHREECEM
2012-07-12,5d,>=5%,20,1,5.0,SHREECEM
2012-07-16,5d,>=5%,20,1,5.0,DCW
2012-07-17,5d,>=5%,20,2,10.0,"DCW, VSTIND"
2012-07-18,5d,>=5%,20,1,5.0,VSTIND
2012-07-19,5d,>=5%,20,1,5.0,CRISIL
2012-07-20,5d,>=5%,20,1,5.0,CRISIL
2012-07-23,5d,>=5%,20,1,5.0,CRISIL
2012-07-24,5d,>=5%,20,2,10.0,"CRISIL, STAR"
2012-07-25,5d,>=5%,20,2,10.0,"CRISIL, STAR"
2012-07-26,5d,>=5%,20,4,20.0,"DCW, JUBLFOOD, ASTRAZEN, STAR"
2012-07-27,5d,>=5%,20,6,30.0,"DCW, JUBLFOOD, CRISIL, ASTRAZEN, HAVELLS, STAR"
2012-07-30,5d,>=5%,20,4,20.0,"JUBLFOOD, CRISIL, ASTRAZEN, HAVELLS"
2012-07-31,5d,>=5%,20,4,20.0,"JUBLFOOD, CRISIL, ASTRAZEN, HAVELLS"
2012-08-01,5d,>=5%,20,4,20.0,"JUBLFOOD, CRISIL, ASTRAZEN, HAVELLS"
2012-08-09,5d,>=5%,20,1,5.0,DCW
2012-08-28,5d,>=5%,20,2,10.0,"MRF, ARE&M"
2012-08-29,5d,>=5%,20,3,15.0,"DCW, KAJARIACER, MRF"
2012-08-30,5d,>=5%,20,3,15.0,"KAJARIACER, MRF, ZENSARTECH"
2012-08-31,5d,>=5%,20,3,15.0,"DCW, MRF, ZENSARTECH"
2012-09-03,5d,>=5%,20,4,20.0,"MRF, ZENSARTECH, DIVISLAB, ULTRACEMCO"
2012-09-04,5d,>=5%,20,1,5.0,BLUEDART
2012-09-05,5d,>=5%,20,1,5.0,BLUEDART
2012-09-06,5d,>=5%,20,1,5.0,BLUEDART
2012-09-07,5d,>=5%,20,1,5.0,BLUEDART
2012-09-08,5d,>=5%,20,1,5.0,BLUEDART
2012-09-14,5d,>=5%,20,2,10.0,"BSOFT, CIPLA"
2012-09-17,5d,>=5%,20,4,20.0,"DCW, BSOFT, DIVISLAB, STAR"
2012-09-18,5d,>=5%,20,3,15.0,"BSOFT, CIPLA, AARTIIND"
2012-09-20,5d,>=5%,20,2,10.0,"BSOFT, DIVISLAB"
2012-09-24,5d,>=5%,20,2,10.0,"HINDUNILVR, DIVISLAB"
2012-10-10,5d,>=5%,20,1,5.0,ZENSARTECH
2012-10-11,5d,>=5%,20,1,5.0,ZEEL
2012-10-16,5d,>=5%,20,1,5.0,SOBHA
2012-10-17,5d,>=5%,20,2,10.0,"SOBHA, ZENSARTECH"
2012-10-18,5d,>=5%,20,2,10.0,"SOBHA, ZENSARTECH"
2012-10-19,5d,>=5%,20,1,5.0,ZENSARTECH
2012-10-22,5d,>=5%,20,1,5.0,ZENSARTECH
2012-10-23,5d,>=5%,20,1,5.0,ZENSARTECH
2012-10-26,5d,>=5%,20,1,5.0,HAVELLS
2012-10-29,5d,>=5%,20,4,20.0,"ZENSARTECH, ARE&M, ZEEL, HAVELLS"
2012-10-30,5d,>=5%,20,4,20.0,"ZENSARTECH, ZEEL, HAVELLS, AARTIIND"
2012-10-31,5d,>=5%,20,3,15.0,"DCW, ZENSARTECH, HAVELLS"
2012-11-01,5d,>=5%,20,1,5.0,HAVELLS
2012-11-02,5d,>=5%,20,1,5.0,HAVELLS
2012-11-05,5d,>=5%,20,1,5.0,BAJFINANCE
2012-11-06,5d,>=5%,20,2,10.0,"DCW, GODREJCP"
2012-11-08,5d,>=5%,20,2,10.0,"DCW, IPCALAB"
2012-11-09,5d,>=5%,20,2,10.0,"DCW, IPCALAB"
2012-11-12,5d,>=5%,20,3,15.0,"SOBHA, IPCALAB, STAR"
2012-11-13,5d,>=5%,20,2,10.0,"IPCALAB, STAR"
2012-11-15,5d,>=5%,20,3,15.0,"SHREECEM, IPCALAB, ULTRACEMCO"
2012-11-16,5d,>=5%,20,3,15.0,"EICHERMOT, SHREECEM, ULTRACEMCO"
2012-11-19,5d,>=5%,20,4,20.0,"EICHERMOT, SHREECEM, SOBHA, ULTRACEMCO"
2012-11-20,5d,>=5%,20,5,25.0,"DCW, EICHERMOT, SHREECEM, AARTIIND, ULTRACEMCO"
2012-11-21,5d,>=5%,20,4,20.0,"DCW, EICHERMOT, SHREECEM, SOBHA"
2012-11-22,5d,>=5%,20,3,15.0,"DCW, EICHERMOT, SOBHA"
2012-11-23,5d,>=5%,20,2,10.0,"DCW, SOBHA"
2012-12-07,5d,>=5%,20,1,5.0,HCLTECH
2012-12-10,5d,>=5%,20,1,5.0,STAR
2012-12-11,5d,>=5%,20,3,15.0,"EICHERMOT, HCLTECH, STAR"
2012-12-12,5d,>=5%,20,1,5.0,STAR
2012-12-13,5d,>=5%,20,1,5.0,STAR
2012-12-14,5d,>=5%,20,1,5.0,STAR
2012-12-17,5d,>=5%,20,4,20.0,"SUNDARMFIN, KTKBANK, DIVISLAB, STAR"
2012-12-18,5d,>=5%,20,2,10.0,"KTKBANK, DIVISLAB"
2012-12-19,5d,>=5%,20,4,20.0,"DCW, KAJARIACER, KTKBANK, DIVISLAB"
2012-12-20,5d,>=5%,20,2,10.0,"DCW, KAJARIACER"
2012-12-21,5d,>=5%,20,2,10.0,"DCW, KAJARIACER"
2012-12-24,5d,>=5%,20,1,5.0,KAJARIACER
2012-12-26,5d,>=5%,20,2,10.0,"DCW, ATUL"
2012-12-27,5d,>=5%,20,3,15.0,"DCW, ATUL, KTKBANK"
2012-12-28,5d,>=5%,20,2,10.0,"ATUL, STAR"
2012-12-31,5d,>=5%,20,1,5.0,DCW
2013-01-01,5d,>=5%,20,1,5.0,STAR
2013-01-02,5d,>=5%,20,1,5.0,STAR
2013-01-08,5d,>=5%,20,1,5.0,ATUL
2013-01-10,5d,>=5%,20,1,5.0,ULTRACEMCO
2013-01-11,5d,>=5%,20,4,20.0,"ATUL, SUNDARMFIN, KTKBANK, ULTRACEMCO"
2013-01-14,5d,>=5%,20,5,25.0,"ATUL, M&MFIN, SUNDARMFIN, BAJAJFINSV, ULTRACEMCO"
2013-01-15,5d,>=5%,20,2,10.0,"M&MFIN, ULTRACEMCO"
2013-01-16,5d,>=5%,20,4,20.0,"DCW, ATUL, SUNDARMFIN, BAJAJFINSV"
2013-01-17,5d,>=5%,20,1,5.0,BAJAJFINSV
2013-01-18,5d,>=5%,20,2,10.0,"ATUL, BAJAJFINSV"
2013-01-21,5d,>=5%,20,4,20.0,"DCW, ATUL, KAJARIACER, ZEEL"
2013-01-22,5d,>=5%,20,3,15.0,"DCW, KAJARIACER, M&MFIN"
2013-01-23,5d,>=5%,20,2,10.0,"DCW, KAJARIACER"
2013-01-24,5d,>=5%,20,10,50.0,"DCW, ATUL, BAJFINANCE, KAJARIACER, M&MFIN, SUNDARMFIN, KTKBANK, HCLTECH, AARTIIND, STAR"
2013-01-25,5d,>=5%,20,3,15.0,"DCW, KTKBANK, STAR"
2013-01-28,5d,>=5%,20,4,20.0,"BAJFINANCE, IPCALAB, KTKBANK, STAR"
2013-01-29,5d,>=5%,20,6,30.0,"DCW, ATUL, BAJFINANCE, IPCALAB, KTKBANK, ULTRACEMCO"
2013-01-30,5d,>=5%,20,3,15.0,"ATUL, IPCALAB, ZEEL"
2013-02-04,5d,>=5%,20,1,5.0,KTKBANK
2013-02-05,5d,>=5%,20,1,5.0,ARE&M
2013-02-06,5d,>=5%,20,2,10.0,"KTKBANK, AARTIIND"
2013-02-07,5d,>=5%,20,3,15.0,"KTKBANK, AARTIIND, STAR"
2013-02-08,5d,>=5%,20,4,20.0,"DCW, KTKBANK, AARTIIND, STAR"
2013-02-11,5d,>=5%,20,5,25.0,"ATUL, GODREJCP, KTKBANK, AARTIIND, STAR"
2013-02-12,5d,>=5%,20,5,25.0,"DCW, EICHERMOT, ATUL, GODREJCP, AARTIIND"
2013-02-13,5d,>=5%,20,4,20.0,"EICHERMOT, ATUL, GODREJCP, BAJAJFINSV"
2013-02-14,5d,>=5%,20,4,20.0,"DCW, ATUL, BAJAJFINSV, CHOLAFIN"
2013-02-15,5d,>=5%,20,5,25.0,"DCW, ATUL, BAJAJFINSV, CHOLAFIN, AARTIIND"
2013-02-18,5d,>=5%,20,4,20.0,"DCW, ATUL, BAJAJFINSV, CHOLAFIN"
2013-11-06,5d,>=5%,20,1,5.0,DABUR
2013-11-07,5d,>=5%,20,3,15.0,"IDEA, DABUR, UNITDSPR"
2013-11-08,5d,>=5%,20,3,15.0,"DABUR, RCOM, UNITDSPR"
2013-11-11,5d,>=5%,20,6,30.0,"IDEA, BRITANNIA, DABUR, RCOM, EMAMILTD, UNITDSPR"
2013-11-12,5d,>=5%,20,4,20.0,"DABUR, RCOM, EMAMILTD, UNITDSPR"
2013-11-13,5d,>=5%,20,6,30.0,"BRITANNIA, FINPIPE, MOTHERSON, RCOM, EMAMILTD, UNITDSPR"
2013-11-14,5d,>=5%,20,2,10.0,"MOTHERSON, EMAMILTD"
2013-11-26,5d,>=5%,20,1,5.0,SUNPHARMA
2013-12-06,5d,>=5%,20,1,5.0,EMAMILTD
2013-12-09,5d,>=5%,20,3,15.0,"EICHERMOT, BERGEPAINT, EMAMILTD"
2013-12-10,5d,>=5%,20,1,5.0,EICHERMOT
2013-12-13,5d,>=5%,20,2,10.0,"RCOM, BLUEDART"
2013-12-16,5d,>=5%,20,3,15.0,"RCOM, SUNPHARMA, BLUEDART"
2013-12-17,5d,>=5%,20,1,5.0,RCOM
2013-12-20,5d,>=5%,20,1,5.0,MOTHERSON
2013-12-23,5d,>=5%,20,1,5.0,MOTHERSON
2013-12-24,5d,>=5%,20,2,10.0,"MOTHERSON, SUPREMEIND"
2013-12-26,5d,>=5%,20,2,10.0,"MOTHERSON, SUPREMEIND"
2013-12-27,5d,>=5%,20,1,5.0,MOTHERSON
2013-12-30,5d,>=5%,20,1,5.0,MOTHERSON
2014-01-02,5d,>=5%,20,1,5.0,ESCORTS
2014-01-03,5d,>=5%,20,1,5.0,ESCORTS
2014-01-06,5d,>=5%,20,2,10.0,"IDEA, ESCORTS"
2014-01-07,5d,>=5%,20,2,10.0,"M&MFIN, ESCORTS"
2014-01-08,5d,>=5%,20,4,20.0,"FINPIPE, RCOM, M&MFIN, ESCORTS"
2014-01-09,5d,>=5%,20,3,15.0,"FINPIPE, M&MFIN, ESCORTS"
2014-01-10,5d,>=5%,20,4,20.0,"FINPIPE, BERGEPAINT, RCOM, M&MFIN"
2014-01-13,5d,>=5%,20,5,25.0,"FINPIPE, BERGEPAINT, RCOM, M&MFIN, AUROPHARMA"
2014-01-14,5d,>=5%,20,3,15.0,"FINPIPE, BERGEPAINT, M&MFIN"
2014-01-15,5d,>=5%,20,3,15.0,"FINPIPE, BERGEPAINT, AUROPHARMA"
2014-01-17,5d,>=5%,20,1,5.0,IDEA
2014-01-21,5d,>=5%,20,1,5.0,IDEA
2014-01-22,5d,>=5%,20,2,10.0,"IDEA, M&MFIN"
2014-01-23,5d,>=5%,20,2,10.0,"M&MFIN, SUPREMEIND"
2014-01-24,5d,>=5%,20,2,10.0,"M&MFIN, SUPREMEIND"
2014-01-27,5d,>=5%,20,6,30.0,"IDEA, BERGEPAINT, RCOM, BIOCON, M&MFIN, SUPREMEIND"
2014-01-28,5d,>=5%,20,8,40.0,"IDEA, EICHERMOT, BERGEPAINT, RCOM, BIOCON, M&MFIN, SUPREMEIND, BLUEDART"
2014-01-29,5d,>=5%,20,7,35.0,"IDEA, EICHERMOT, RCOM, BIOCON, MRF, LUPIN, BLUEDART"
2014-01-30,5d,>=5%,20,7,35.0,"IDEA, EICHERMOT, BERGEPAINT, RCOM, BIOCON, LUPIN, BLUEDART"
2014-01-31,5d,>=5%,20,4,20.0,"IDEA, EICHERMOT, BERGEPAINT, BLUEDART"
2014-02-03,5d,>=5%,20,2,10.0,"EICHERMOT, BLUEDART"
2014-02-04,5d,>=5%,20,3,15.0,"EICHERMOT, PERSISTENT, BLUEDART"
2014-02-06,5d,>=5%,20,1,5.0,PERSISTENT
2014-02-10,5d,>=5%,20,1,5.0,IDEA
2014-02-12,5d,>=5%,20,1,5.0,BLUEDART
2014-02-13,5d,>=5%,20,2,10.0,"RCOM, BLUEDART"
2014-02-14,5d,>=5%,20,2,10.0,"ESCORTS, BLUEDART"
2014-02-17,5d,>=5%,20,1,5.0,ESCORTS
2014-02-18,5d,>=5%,20,2,10.0,"ESCORTS, BLUEDART"
2014-02-19,5d,>=5%,20,1,5.0,BLUEDART
2014-02-20,5d,>=5%,20,1,5.0,BLUEDART
2014-02-21,5d,>=5%,20,1,5.0,RCOM
2014-02-24,5d,>=5%,20,2,10.0,"FSL, RCOM"
2014-02-25,5d,>=5%,20,2,10.0,"FSL, RCOM"
2014-02-26,5d,>=5%,20,1,5.0,RCOM
2014-03-05,5d,>=5%,20,1,5.0,HCLTECH
2014-03-06,5d,>=5%,20,1,5.0,HCLTECH
2014-03-07,5d,>=5%,20,5,25.0,"IPCALAB, DRREDDY, HCLTECH, SUNPHARMA, ECLERX"
2014-03-10,5d,>=5%,20,3,15.0,"BIOCON, IPCALAB, ECLERX"
2014-03-11,5d,>=5%,20,5,25.0,"BIOCON, IPCALAB, AUROPHARMA, SUNPHARMA, ECLERX"
2014-03-12,5d,>=5%,20,5,25.0,"FSL, BIOCON, IPCALAB, AUROPHARMA, ECLERX"
2014-03-13,5d,>=5%,20,6,30.0,"FSL, BIOCON, AUROPHARMA, PERSISTENT, SUNPHARMA, ECLERX"
2014-03-14,5d,>=5%,20,2,10.0,"ESCORTS, ECLERX"
2014-03-18,5d,>=5%,20,3,15.0,"FSL, TATAELXSI, ESCORTS"
2014-03-19,5d,>=5%,20,3,15.0,"PERSISTENT, TCS, ECLERX"
2014-03-20,5d,>=5%,20,3,15.0,"PERSISTENT, TATAELXSI, ECLERX"
2014-03-21,5d,>=5%,20,1,5.0,ECLERX
2014-03-22,5d,>=5%,20,1,5.0,ECLERX
2014-03-26,5d,>=5%,20,2,10.0,"DRREDDY, TATAELXSI"
2014-03-27,5d,>=5%,20,3,15.0,"MRF, DRREDDY, TATAELXSI"
2014-03-28,5d,>=5%,20,2,10.0,"DRREDDY, TATAELXSI"
2014-03-31,5d,>=5%,20,2,10.0,"DRREDDY, TATAELXSI"
2014-04-04,5d,>=5%,20,1,5.0,PAGEIND
2014-04-07,5d,>=5%,20,1,5.0,PAGEIND
2014-04-09,5d,>=5%,20,1,5.0,PAGEIND
2014-04-10,5d,>=5%,20,1,5.0,PAGEIND
2014-04-11,5d,>=5%,20,1,5.0,PAGEIND
2014-04-16,5d,>=5%,20,2,10.0,"TVSMOTOR, IPCALAB"
2014-04-17,5d,>=5%,20,2,10.0,"EICHERMOT, TVSMOTOR"
2014-04-21,5d,>=5%,20,2,10.0,"EICHERMOT, TVSMOTOR"
2014-04-23,5d,>=5%,20,1,5.0,MRF
2014-04-25,5d,>=5%,20,1,5.0,MRF
2014-04-28,5d,>=5%,20,1,5.0,MRF
2014-04-29,5d,>=5%,20,1,5.0,MRF
2014-04-30,5d,>=5%,20,4,20.0,"BRITANNIA, RCOM, MRF, PERSISTENT"
2014-05-02,5d,>=5%,20,1,5.0,RCOM
2014-05-05,5d,>=5%,20,3,15.0,"FSL, RCOM, ESCORTS"
2014-05-06,5d,>=5%,20,3,15.0,"FSL, PERSISTENT, ESCORTS"
2014-05-07,5d,>=5%,20,5,25.0,"FSL, PERSISTENT, HCLTECH, TATAELXSI, ESCORTS"
2014-05-08,5d,>=5%,20,2,10.0,"FSL, ESCORTS"
2014-05-09,5d,>=5%,20,3,15.0,"FSL, TATAELXSI, ESCORTS"
2014-05-12,5d,>=5%,20,1,5.0,TATAELXSI
2014-05-13,5d,>=5%,20,2,10.0,"TATAELXSI, SWARAJENG"
2014-05-14,5d,>=5%,20,1,5.0,AIAENG
2014-05-15,5d,>=5%,20,2,10.0,"AIAENG, TATAELXSI"
2014-05-16,5d,>=5%,20,4,20.0,"FSL, AIAENG, ARVIND, IPCALAB"
2014-05-19,5d,>=5%,20,6,30.0,"FSL, AIAENG, IPCALAB, PERSISTENT, HCLTECH, ECLERX"
2014-05-20,5d,>=5%,20,3,15.0,"IPCALAB, PERSISTENT, HCLTECH"
2014-05-21,5d,>=5%,20,2,10.0,"HCLTECH, ECLERX"
2014-05-22,5d,>=5%,20,2,10.0,"HCLTECH, ECLERX"
2014-05-23,5d,>=5%,20,1,5.0,ECLERX
2014-05-26,5d,>=5%,20,1,5.0,ECLERX
2014-05-27,5d,>=5%,20,2,10.0,"FINCABLES, ECLERX"
2014-05-28,5d,>=5%,20,3,15.0,"KAJARIACER, FINCABLES, ECLERX"
2014-05-29,5d,>=5%,20,5,25.0,"EICHERMOT, KAJARIACER, TATAELXSI, ESCORTS, FINCABLES"
2014-05-30,5d,>=5%,20,5,25.0,"EICHERMOT, ARVIND, KAJARIACER, TATAELXSI, FINCABLES"
2014-06-04,5d,>=5%,20,1,5.0,HCLTECH
2014-06-06,5d,>=5%,20,2,10.0,"HCLTECH, PAGEIND"
2014-06-09,5d,>=5%,20,1,5.0,PAGEIND
2014-06-12,5d,>=5%,20,1,5.0,KAJARIACER
2014-06-13,5d,>=5%,20,2,10.0,"TATAELXSI, FINCABLES"
2014-06-16,5d,>=5%,20,4,20.0,"KAJARIACER, SUNDRMFAST, GPPL, CANFINHOME"
2014-06-17,5d,>=5%,20,1,5.0,KAJARIACER
2014-06-18,5d,>=5%,20,1,5.0,KAJARIACER
2014-06-19,5d,>=5%,20,1,5.0,KAJARIACER
2014-06-20,5d,>=5%,20,1,5.0,KAJARIACER
2014-06-23,5d,>=5%,20,1,5.0,KAJARIACER
2014-07-04,5d,>=5%,20,1,5.0,SRF
2014-07-07,5d,>=5%,20,1,5.0,SRF
2014-07-08,5d,>=5%,20,2,10.0,"FINPIPE, SRF"
2014-07-09,5d,>=5%,20,10,50.0,"FSL, TVSMOTOR, FINPIPE, ARVIND, KAJARIACER, BALKRISIND, AUROPHARMA, SRF, BHARATFORG, TATAELXSI"
2014-07-10,5d,>=5%,20,8,40.0,"EICHERMOT, TVSMOTOR, AIAENG, FINPIPE, ARVIND, AUROPHARMA, SRF, BHARATFORG"
2014-07-11,5d,>=5%,20,11,55.0,"FSL, TVSMOTOR, AIAENG, FINPIPE, ARVIND, BALKRISIND, AUROPHARMA, BHARATFORG, TATAELXSI, SWARAJENG, KSB"
2014-07-14,5d,>=5%,20,10,50.0,"FSL, AIAENG, ARVIND, AUROPHARMA, KEC, TATAELXSI, CANFINHOME, SWARAJENG, FINCABLES, KSB"
2014-07-15,5d,>=5%,20,1,5.0,AIAENG
2014-07-23,5d,>=5%,20,1,5.0,FINPIPE
2014-07-24,5d,>=5%,20,1,5.0,TVSMOTOR
2014-07-25,5d,>=5%,20,5,25.0,"FSL, TVSMOTOR, ARVIND, AUROPHARMA, CANFINHOME"
2014-07-28,5d,>=5%,20,5,25.0,"TVSMOTOR, ARVIND, SUNDRMFAST, AUROPHARMA, CANFINHOME"
2014-07-30,5d,>=5%,20,5,25.0,"TVSMOTOR, SUNDRMFAST, AUROPHARMA, KEC, CANFINHOME"
2014-07-31,5d,>=5%,20,5,25.0,"TVSMOTOR, SUNDRMFAST, KEC, TATAELXSI, CANFINHOME"
2014-08-01,5d,>=5%,20,4,20.0,"BALKRISIND, KEC, TATAELXSI, CANFINHOME"
2014-08-04,5d,>=5%,20,4,20.0,"SUNDRMFAST, BALKRISIND, KEC, CANFINHOME"
2014-08-05,5d,>=5%,20,2,10.0,"BALKRISIND, KEC"
2014-08-06,5d,>=5%,20,1,5.0,KEC
2014-08-07,5d,>=5%,20,2,10.0,"BALKRISIND, KEC"
2014-08-08,5d,>=5%,20,1,5.0,KEC
2014-08-11,5d,>=5%,20,2,10.0,"KEC, SKFINDIA"
2014-08-12,5d,>=5%,20,4,20.0,"KAJARIACER, CANFINHOME, FINCABLES, SKFINDIA"
2014-08-13,5d,>=5%,20,5,25.0,"FSL, KEC, CANFINHOME, FINCABLES, SKFINDIA"
2014-08-14,5d,>=5%,20,2,10.0,"CANFINHOME, SKFINDIA"
2014-08-26,5d,>=5%,20,1,5.0,SUNDRMFAST
2014-08-27,5d,>=5%,20,1,5.0,BALKRISIND
2014-08-28,5d,>=5%,20,1,5.0,KEC
2014-09-03,5d,>=5%,20,1,5.0,SKFINDIA
2014-09-04,5d,>=5%,20,1,5.0,SKFINDIA
2014-09-08,5d,>=5%,20,1,5.0,SKFINDIA
2014-09-15,5d,>=5%,20,1,5.0,SIMPLEXINF
2014-09-16,5d,>=5%,20,5,25.0,"TVSMOTOR, ARVIND, SIMPLEXINF, TATAELXSI, CANFINHOME"
2014-09-17,5d,>=5%,20,3,15.0,"TVSMOTOR, SIMPLEXINF, CANFINHOME"
2014-09-18,5d,>=5%,20,3,15.0,"BALKRISIND, BHARATFORG, CANFINHOME"
2014-09-19,5d,>=5%,20,4,20.0,"AIAENG, ARVIND, KEC, CANFINHOME"
2014-09-22,5d,>=5%,20,5,25.0,"ARVIND, KEC, BHARATFORG, CANFINHOME, FINCABLES"
2014-09-23,5d,>=5%,20,2,10.0,"FINCABLES, SKFINDIA"
2014-09-24,5d,>=5%,20,6,30.0,"ARVIND, AUROPHARMA, BHARATFORG, SIMPLEXINF, FINCABLES, SKFINDIA"
2014-09-25,5d,>=5%,20,6,30.0,"ARVIND, KEC, BHARATFORG, SIMPLEXINF, FINCABLES, SKFINDIA"
2014-09-26,5d,>=5%,20,6,30.0,"ARVIND, KEC, SIMPLEXINF, TATAELXSI, GPPL, FINCABLES"
2014-09-29,5d,>=5%,20,6,30.0,"ATUL, KEC, SIMPLEXINF, TATAELXSI, FINCABLES, AARTIIND"
2014-09-30,5d,>=5%,20,2,10.0,"SIMPLEXINF, AARTIIND"
2014-10-01,5d,>=5%,20,1,5.0,SIMPLEXINF
2014-10-07,5d,>=5%,20,1,5.0,SIMPLEXINF
2014-10-10,5d,>=5%,20,4,20.0,"EICHERMOT, ARVIND, SRF, BHARATFORG"
2014-10-13,5d,>=5%,20,3,15.0,"BALKRISIND, SRF, BHARATFORG"
2014-10-14,5d,>=5%,20,1,5.0,AUROPHARMA
2014-10-16,5d,>=5%,20,9,45.0,"EICHERMOT, ARVIND, KAJARIACER, BALKRISIND, AUROPHARMA, SRF, BHARATFORG, SKFINDIA, AARTIIND"
2014-10-17,5d,>=5%,20,10,50.0,"ATUL, ARVIND, KAJARIACER, SUNDRMFAST, BALKRISIND, KEC, SRF, BHARATFORG, TATAELXSI, AARTIIND"
2014-10-20,5d,>=5%,20,4,20.0,"ATUL, KAJARIACER, SUNDRMFAST, SRF"
2014-10-21,5d,>=5%,20,5,25.0,"ATUL, KAJARIACER, SUNDRMFAST, SRF, AARTIIND"
2014-10-22,5d,>=5%,20,2,10.0,"ATUL, SUNDRMFAST"
2014-10-23,5d,>=5%,20,1,5.0,ATUL
2014-10-29,5d,>=5%,20,2,10.0,"ATUL, GPPL"
2014-10-30,5d,>=5%,20,1,5.0,GPPL
2014-11-07,5d,>=5%,20,1,5.0,KEC
2014-11-10,5d,>=5%,20,3,15.0,"SUNDARMFIN, KEC, SRF"
2014-11-11,5d,>=5%,20,2,10.0,"SUNDARMFIN, KEC"
2014-11-12,5d,>=5%,20,2,10.0,"ARVIND, SRF"
2014-11-13,5d,>=5%,20,2,10.0,"ARVIND, SUNDARMFIN"
2014-11-14,5d,>=5%,20,2,10.0,"ARVIND, BALKRISIND"
2014-11-17,5d,>=5%,20,3,15.0,"TVSMOTOR, BALKRISIND, JKLAKSHMI"
2014-11-18,5d,>=5%,20,2,10.0,"BALKRISIND, JKLAKSHMI"
2014-11-19,5d,>=5%,20,3,15.0,"TVSMOTOR, SUNDARMFIN, BALKRISIND"
2014-11-20,5d,>=5%,20,2,10.0,"TVSMOTOR, BALKRISIND"
2014-11-21,5d,>=5%,20,2,10.0,"BALKRISIND, GPPL"
2014-11-25,5d,>=5%,20,3,15.0,"TVSMOTOR, ARVIND, AARTIIND"
2014-11-26,5d,>=5%,20,2,10.0,"TVSMOTOR, ATUL"
2014-11-27,5d,>=5%,20,2,10.0,"ATUL, SUNDRMFAST"
2014-11-28,5d,>=5%,20,1,5.0,ATUL
2014-12-05,5d,>=5%,20,1,5.0,AIAENG
2014-12-08,5d,>=5%,20,1,5.0,AIAENG
2014-12-09,5d,>=5%,20,1,5.0,AIAENG
2014-12-10,5d,>=5%,20,2,10.0,"EICHERMOT, AIAENG"
2014-12-11,5d,>=5%,20,5,25.0,"EICHERMOT, AIAENG, SRF, BHARATFORG, SKFINDIA"
2014-12-12,5d,>=5%,20,4,20.0,"EICHERMOT, BHARATFORG, FINCABLES, SKFINDIA"
2014-12-15,5d,>=5%,20,4,20.0,"BHARATFORG, GPPL, FINCABLES, SKFINDIA"
2014-12-16,5d,>=5%,20,5,25.0,"HONAUT, BHARATFORG, GPPL, FINCABLES, SKFINDIA"
2014-12-17,5d,>=5%,20,11,55.0,"HONAUT, KAJARIACER, SUNDRMFAST, AUROPHARMA, JKLAKSHMI, GFLLIMITED, BHARATFORG, GPPL, FINCABLES, SKFINDIA, AARTIIND"
2014-12-18,5d,>=5%,20,3,15.0,"HONAUT, KAJARIACER, SUNDRMFAST"
2014-12-26,5d,>=5%,20,1,5.0,AARTIIND
2014-12-29,5d,>=5%,20,1,5.0,AARTIIND
2014-12-30,5d,>=5%,20,1,5.0,AARTIIND
2014-12-31,5d,>=5%,20,1,5.0,AARTIIND
2015-01-01,5d,>=5%,20,1,5.0,AARTIIND
2015-01-06,5d,>=5%,20,1,5.0,ATUL
2015-01-07,5d,>=5%,20,1,5.0,ATUL
2015-01-08,5d,>=5%,20,2,10.0,"ATUL, AIAENG"
2015-01-09,5d,>=5%,20,2,10.0,"AIAENG, SRF"
2015-01-12,5d,>=5%,20,2,10.0,"AIAENG, SRF"
2015-01-13,5d,>=5%,20,1,5.0,AIAENG
2015-01-15,5d,>=5%,20,1,5.0,GPPL
2015-01-16,5d,>=5%,20,2,10.0,"TORNTPHARM, GPPL"
2015-01-19,5d,>=5%,20,1,5.0,GPPL
2015-01-20,5d,>=5%,20,1,5.0,GPPL
2015-01-23,5d,>=5%,20,2,10.0,"ATUL, GFLLIMITED"
2015-01-28,5d,>=5%,20,3,15.0,"ATUL, JKLAKSHMI, CANFINHOME"
2015-01-29,5d,>=5%,20,2,10.0,"ATUL, CANFINHOME"
2015-01-30,5d,>=5%,20,3,15.0,"ATUL, JKLAKSHMI, CANFINHOME"
2015-02-02,5d,>=5%,20,1,5.0,TVSMOTOR
2015-02-03,5d,>=5%,20,1,5.0,TVSMOTOR
2015-02-04,5d,>=5%,20,2,10.0,"TVSMOTOR, TORNTPHARM"
2015-02-05,5d,>=5%,20,2,10.0,"TVSMOTOR, AUROPHARMA"
2015-02-06,5d,>=5%,20,4,20.0,"AIAENG, ZFCVINDIA, SUNDRMFAST, AUROPHARMA"
2015-02-09,5d,>=5%,20,8,40.0,"EICHERMOT, AIAENG, ZFCVINDIA, SUNDRMFAST, AUROPHARMA, JKLAKSHMI, GPPL, CANFINHOME"
2015-02-10,5d,>=5%,20,6,30.0,"EICHERMOT, ZFCVINDIA, SUNDRMFAST, AUROPHARMA, JKLAKSHMI, AARTIIND"
2015-02-11,5d,>=5%,20,3,15.0,"SUNDRMFAST, AUROPHARMA, SRF"
2015-02-12,5d,>=5%,20,1,5.0,SUNDRMFAST
2015-02-18,5d,>=5%,20,1,5.0,SRF
2015-02-19,5d,>=5%,20,2,10.0,"AUROPHARMA, AARTIIND"
2015-02-20,5d,>=5%,20,3,15.0,"KAJARIACER, AUROPHARMA, AARTIIND"
2015-02-23,5d,>=5%,20,6,30.0,"HONAUT, TVSMOTOR, KAJARIACER, AUROPHARMA, JKLAKSHMI, AARTIIND"
2015-02-24,5d,>=5%,20,4,20.0,"TVSMOTOR, ZFCVINDIA, AUROPHARMA, JKLAKSHMI"
2015-02-25,5d,>=5%,20,5,25.0,"EICHERMOT, TVSMOTOR, ZFCVINDIA, BEL, AUROPHARMA"
2015-02-26,5d,>=5%,20,3,15.0,"EICHERMOT, TVSMOTOR, JKLAKSHMI"
2015-02-27,5d,>=5%,20,1,5.0,JKLAKSHMI
2015-02-28,5d,>=5%,20,1,5.0,SHREECEM
2015-03-09,5d,>=5%,20,1,5.0,BEL
2015-03-10,5d,>=5%,20,2,10.0,"BEL, KAJARIACER"
2015-03-11,5d,>=5%,20,4,20.0,"SHREECEM, BEL, KAJARIACER, SRF"
2015-03-12,5d,>=5%,20,2,10.0,"BEL, KAJARIACER"
2015-03-13,5d,>=5%,20,2,10.0,"TVSMOTOR, BEL"
2015-03-16,5d,>=5%,20,2,10.0,"HONAUT, BEL"
2015-03-18,5d,>=5%,20,1,5.0,ASHOKLEY
2015-03-19,5d,>=5%,20,3,15.0,"TVSMOTOR, SUNDRMFAST, ASHOKLEY"
2015-03-20,5d,>=5%,20,2,10.0,"SUNDRMFAST, GFLLIMITED"
2015-03-23,5d,>=5%,20,5,25.0,"HONAUT, SUNDRMFAST, GFLLIMITED, ASHOKLEY, FINCABLES"
2015-03-24,5d,>=5%,20,7,35.0,"TVSMOTOR, SUNDRMFAST, JKLAKSHMI, GFLLIMITED, ASHOKLEY, FINCABLES, AARTIIND"
2015-03-25,5d,>=5%,20,8,40.0,"BOSCHLTD, TVSMOTOR, SUNDRMFAST, JKLAKSHMI, ASHOKLEY, CANFINHOME, FINCABLES, AARTIIND"
2015-03-26,5d,>=5%,20,7,35.0,"BOSCHLTD, JKLAKSHMI, GFLLIMITED, BHARATFORG, CANFINHOME, FINCABLES, AARTIIND"
2015-03-27,5d,>=5%,20,6,30.0,"BOSCHLTD, HONAUT, JKLAKSHMI, GFLLIMITED, BHARATFORG, AARTIIND"
2015-03-30,5d,>=5%,20,1,5.0,BOSCHLTD
2015-04-06,5d,>=5%,20,1,5.0,TVSMOTOR
2015-04-13,5d,>=5%,20,1,5.0,LUPIN
2015-04-15,5d,>=5%,20,2,10.0,"BEL, LUPIN"
2015-04-16,5d,>=5%,20,3,15.0,"ZFCVINDIA, BEL, LUPIN"
2015-04-17,5d,>=5%,20,10,50.0,"EICHERMOT, SHREECEM, BEL, SUNDRMFAST, JKLAKSHMI, LUPIN, BHARATFORG, FINCABLES, INDUSINDBK, JKIL"
2015-04-20,5d,>=5%,20,13,65.0,"BOSCHLTD, HONAUT, EICHERMOT, SHREECEM, BEL, SUNDARMFIN, SUNDRMFAST, LUPIN, BHARATFORG, ASHOKLEY, FINCABLES, INDUSINDBK, JKIL"
2015-04-21,5d,>=5%,20,12,60.0,"BOSCHLTD, HONAUT, EICHERMOT, BEL, SUNDARMFIN, SUNDRMFAST, LUPIN, BHARATFORG, ASHOKLEY, FINCABLES, INDUSINDBK, JKIL"
2015-04-22,5d,>=5%,20,12,60.0,"BOSCHLTD, HONAUT, EICHERMOT, ZFCVINDIA, SUNDARMFIN, SUNDRMFAST, GFLLIMITED, LUPIN, BHARATFORG, ASHOKLEY, CANFINHOME, INDUSINDBK"
2015-04-23,5d,>=5%,20,9,45.0,"BOSCHLTD, HONAUT, EICHERMOT, GFLLIMITED, LUPIN, BHARATFORG, ASHOKLEY, CANFINHOME, INDUSINDBK"
2015-04-24,5d,>=5%,20,9,45.0,"BOSCHLTD, PGHH, HONAUT, ZFCVINDIA, GFLLIMITED, SRF, ASHOKLEY, CANFINHOME, INDUSINDBK"
2015-04-27,5d,>=5%,20,9,45.0,"BOSCHLTD, PGHH, HONAUT, ZFCVINDIA, KAJARIACER, GFLLIMITED, SRF, ASHOKLEY, CANFINHOME"
2015-04-28,5d,>=5%,20,6,30.0,"BOSCHLTD, KAJARIACER, GFLLIMITED, SRF, CANFINHOME, JKIL"
2015-04-29,5d,>=5%,20,3,15.0,"BOSCHLTD, BEL, JKIL"
2015-04-30,5d,>=5%,20,5,25.0,"BOSCHLTD, SUNDRMFAST, GFLLIMITED, SRF, JKIL"
2015-05-04,5d,>=5%,20,1,5.0,JKIL
2015-05-05,5d,>=5%,20,1,5.0,JKIL
2015-05-06,5d,>=5%,20,1,5.0,JKLAKSHMI
2015-05-07,5d,>=5%,20,4,20.0,"SUNDRMFAST, JKLAKSHMI, SRF, CANFINHOME"
2015-05-08,5d,>=5%,20,1,5.0,CANFINHOME
2015-05-12,5d,>=5%,20,5,25.0,"ZFCVINDIA, JKLAKSHMI, SRF, BHARATFORG, FINCABLES"
2015-05-13,5d,>=5%,20,1,5.0,FINCABLES
2015-05-14,5d,>=5%,20,2,10.0,"LUPIN, FINCABLES"
2015-05-20,5d,>=5%,20,1,5.0,HONAUT
2015-05-26,5d,>=5%,20,1,5.0,HONAUT
2015-05-28,5d,>=5%,20,1,5.0,SHREECEM
2015-06-01,5d,>=5%,20,1,5.0,SUNDRMFAST
2015-06-02,5d,>=5%,20,4,20.0,"SUNDARMFIN, SUNDRMFAST, BHARATFORG, CANFINHOME"
2015-06-03,5d,>=5%,20,4,20.0,"BOSCHLTD, SUNDARMFIN, SUNDRMFAST, FINCABLES"
2015-06-04,5d,>=5%,20,3,15.0,"SUNDRMFAST, ASHOKLEY, FINCABLES"
2015-06-05,5d,>=5%,20,8,40.0,"BOSCHLTD, EICHERMOT, ZFCVINDIA, BEL, SUNDRMFAST, JKLAKSHMI, ASHOKLEY, JKIL"
2015-06-08,5d,>=5%,20,9,45.0,"BOSCHLTD, EICHERMOT, BEL, KAJARIACER, JKLAKSHMI, SRF, ASHOKLEY, INDUSINDBK, JKIL"
2015-06-09,5d,>=5%,20,5,25.0,"BOSCHLTD, EICHERMOT, SRF, BHARATFORG, JKIL"
2015-06-10,5d,>=5%,20,1,5.0,JKIL
2015-06-11,5d,>=5%,20,2,10.0,"BOSCHLTD, BHARATFORG"
2015-06-12,5d,>=5%,20,4,20.0,"BOSCHLTD, SHREECEM, SRF, BHARATFORG"
2015-06-15,5d,>=5%,20,3,15.0,"BOSCHLTD, BHARATFORG, PAGEIND"
2016-07-04,5d,>=5%,3,1,33.333333333333336,MPHASIS
2016-07-15,5d,>=5%,4,1,25.0,MPHASIS
2016-07-18,5d,>=5%,4,1,25.0,MPHASIS
2016-08-16,5d,>=5%,4,2,50.0,"MPHASIS, HINDPETRO"
2016-08-23,5d,>=5%,4,1,25.0,HINDPETRO
2016-09-08,5d,>=5%,4,1,25.0,MPHASIS
2016-09-09,5d,>=5%,4,1,25.0,MPHASIS
2016-09-12,5d,>=5%,4,1,25.0,MPHASIS
2016-09-14,5d,>=5%,4,1,25.0,MPHASIS
2016-09-15,5d,>=5%,4,1,25.0,MPHASIS
2016-10-19,5d,>=5%,4,1,25.0,MPHASIS
2016-10-21,5d,>=5%,4,1,25.0,MPHASIS
2016-10-24,5d,>=5%,4,1,25.0,MPHASIS
2016-10-25,5d,>=5%,4,1,25.0,MPHASIS
2016-11-04,5d,>=5%,4,1,25.0,HINDPETRO
2016-11-11,5d,>=5%,4,1,25.0,BAJAJ-AUTO
2016-11-15,5d,>=5%,4,1,25.0,BAJAJ-AUTO
2016-11-16,5d,>=5%,4,1,25.0,BAJAJ-AUTO
2016-11-17,5d,>=5%,4,1,25.0,BAJAJ-AUTO
2016-11-18,5d,>=5%,4,1,25.0,BAJAJ-AUTO
2017-02-13,5d,>=5%,20,1,5.0,CUB
2017-02-14,5d,>=5%,20,2,10.0,"CUB, EDELWEISS"
2017-02-15,5d,>=5%,20,5,25.0,"HINDZINC, FLFL, INDIANB, IOC, EDELWEISS"
2017-02-16,5d,>=5%,20,3,15.0,"FLFL, INDIANB, FINCABLES"
2017-02-20,5d,>=5%,20,2,10.0,"COROMANDEL, FINCABLES"
2017-03-01,5d,>=5%,20,1,5.0,CESC
2017-03-02,5d,>=5%,20,2,10.0,"BIOCON, CESC"
2017-03-06,5d,>=5%,20,1,5.0,EDELWEISS
2017-03-08,5d,>=5%,20,1,5.0,VEDL
2017-03-09,5d,>=5%,20,1,5.0,VEDL
2017-03-10,5d,>=5%,20,3,15.0,"HINDALCO, VEDL, INDIANB"
2017-03-14,5d,>=5%,20,1,5.0,VEDL
2017-03-15,5d,>=5%,20,1,5.0,RAIN
2017-03-22,5d,>=5%,20,1,5.0,INDIANB
2017-03-23,5d,>=5%,20,2,10.0,"TATACOMM, INDIANB"
2017-03-24,5d,>=5%,20,1,5.0,INDIANB
2017-03-27,5d,>=5%,20,1,5.0,TATACOMM
2017-04-11,5d,>=5%,20,1,5.0,VEDL
2017-04-12,5d,>=5%,20,2,10.0,"VEDL, INDIANB"
2017-04-13,5d,>=5%,20,3,15.0,"HINDALCO, VEDL, INDIANB"
2017-04-17,5d,>=5%,20,4,20.0,"HINDALCO, VEDL, INDIANB, EDELWEISS"
2017-04-18,5d,>=5%,20,4,20.0,"HINDALCO, VEDL, INDIANB, EDELWEISS"
2017-04-19,5d,>=5%,20,3,15.0,"HINDALCO, VEDL, INDIANB"
2017-04-20,5d,>=5%,20,2,10.0,"VEDL, YESBANK"
2017-04-21,5d,>=5%,20,2,10.0,"VEDL, BAJAJFINSV"
2017-05-02,5d,>=5%,20,1,5.0,EDELWEISS
2017-05-03,5d,>=5%,20,2,10.0,"BIOCON, EDELWEISS"
2017-05-04,5d,>=5%,20,1,5.0,BIOCON
2017-05-05,5d,>=5%,20,2,10.0,"TATACOMM, BIOCON"
2017-05-08,5d,>=5%,20,3,15.0,"TATACOMM, HINDALCO, VEDL"
2017-05-09,5d,>=5%,20,3,15.0,"VEDL, RAIN, SUNDRMFAST"
2017-05-10,5d,>=5%,20,3,15.0,"VEDL, RAIN, SUNDRMFAST"
2017-05-11,5d,>=5%,20,1,5.0,RAIN
2017-05-12,5d,>=5%,20,2,10.0,"RAIN, YESBANK"
2017-05-15,5d,>=5%,20,1,5.0,YESBANK
2017-05-16,5d,>=5%,20,1,5.0,YESBANK
2017-05-17,5d,>=5%,20,1,5.0,YESBANK
2017-05-18,5d,>=5%,20,2,10.0,"CESC, YESBANK"
2017-05-19,5d,>=5%,20,2,10.0,"CESC, BAJAJFINSV"
2017-05-22,5d,>=5%,20,10,50.0,"FEDERALBNK, VEDL, RAIN, CESC, LTF, VGUARD, INDIANB, BAJAJFINSV, MOTILALOFS, EDELWEISS"
2017-05-23,5d,>=5%,20,12,60.0,"FEDERALBNK, RAIN, CESC, LTF, VGUARD, ESCORTS, INDIANB, BAJAJFINSV, YESBANK, IOC, MOTILALOFS, EDELWEISS"
2017-05-24,5d,>=5%,20,12,60.0,"FEDERALBNK, VEDL, RAIN, MRF, CESC, LTF, VGUARD, ESCORTS, INDIANB, BAJAJFINSV, MOTILALOFS, EDELWEISS"
2017-05-25,5d,>=5%,20,6,30.0,"RECLTD, RAIN, VGUARD, INDIANB, BAJAJFINSV, MOTILALOFS"
2017-05-26,5d,>=5%,20,4,20.0,"RECLTD, VGUARD, INDIANB, MOTILALOFS"
2017-05-29,5d,>=5%,20,3,15.0,"RECLTD, VGUARD, INDIANB"
2017-05-30,5d,>=5%,20,1,5.0,VGUARD
2017-05-31,5d,>=5%,20,1,5.0,RECLTD
2017-06-01,5d,>=5%,20,2,10.0,"RECLTD, IOC"
2017-06-02,5d,>=5%,20,2,10.0,"RECLTD, VEDL"
2017-06-05,5d,>=5%,20,1,5.0,VEDL
2017-06-06,5d,>=5%,20,2,10.0,"RECLTD, VEDL"
2017-06-08,5d,>=5%,20,2,10.0,"RAIN, INDIANB"
2017-06-09,5d,>=5%,20,1,5.0,RAIN
2017-06-12,5d,>=5%,20,2,10.0,"ADANIENSOL, INDIANB"
2017-06-13,5d,>=5%,20,1,5.0,ADANIENSOL
2017-06-14,5d,>=5%,20,2,10.0,"ADANIENSOL, VGUARD"
2017-06-15,5d,>=5%,20,1,5.0,ESCORTS
2017-06-16,5d,>=5%,20,1,5.0,ESCORTS
2017-06-20,5d,>=5%,20,1,5.0,AVANTIFEED
2017-06-21,5d,>=5%,20,1,5.0,AVANTIFEED
2017-06-22,5d,>=5%,20,2,10.0,"MOTILALOFS, EDELWEISS"
2017-06-23,5d,>=5%,20,5,25.0,"RECLTD, INDIANB, IOC, MOTILALOFS, EDELWEISS"
2017-06-27,5d,>=5%,20,7,35.0,"FEDERALBNK, RECLTD, VGUARD, ESCORTS, INDIANB, MOTILALOFS, EDELWEISS"
2017-06-28,5d,>=5%,20,10,50.0,"FEDERALBNK, RECLTD, BIRLACORPN, SUNDRMFAST, VGUARD, ESCORTS, INDIANB, IOC, MOTILALOFS, EDELWEISS"
2017-06-29,5d,>=5%,20,8,40.0,"RECLTD, BIRLACORPN, SUNDRMFAST, VGUARD, ESCORTS, INDIANB, IOC, MOTILALOFS"
2017-06-30,5d,>=5%,20,4,20.0,"RECLTD, SUNDRMFAST, ESCORTS, INDIANB"
2017-07-12,5d,>=5%,20,1,5.0,EDELWEISS
2017-07-19,5d,>=5%,20,1,5.0,CAPLIPOINT
2017-07-20,5d,>=5%,20,1,5.0,CAPLIPOINT
2017-07-21,5d,>=5%,20,1,5.0,MOTILALOFS
2017-07-26,5d,>=5%,20,1,5.0,INDIANB
2017-07-27,5d,>=5%,20,2,10.0,"RECLTD, INDIANB"
2017-07-28,5d,>=5%,20,1,5.0,INDIANB
2017-08-01,5d,>=5%,20,2,10.0,"INDIANB, MOTILALOFS"
2017-08-03,5d,>=5%,20,1,5.0,VGUARD
2017-08-04,5d,>=5%,20,1,5.0,VGUARD
2017-08-07,5d,>=5%,20,1,5.0,SUNDRMFAST
2017-08-08,5d,>=5%,20,1,5.0,ESCORTS
2017-08-09,5d,>=5%,20,3,15.0,"FEDERALBNK, MRF, ESCORTS"
2017-08-10,5d,>=5%,20,8,40.0,"FEDERALBNK, RAIN, MRF, AVANTIFEED, ADANIENSOL, SUNDRMFAST, ESCORTS, CAPLIPOINT"
2017-08-11,5d,>=5%,20,9,45.0,"FEDERALBNK, RAIN, AVANTIFEED, ADANIENSOL, SUNDRMFAST, BALKRISIND, ESCORTS, BAJAJFINSV, CAPLIPOINT"
2017-08-14,5d,>=5%,20,7,35.0,"TVSMOTOR, RAIN, MRF, ADANIENSOL, BALKRISIND, ESCORTS, CAPLIPOINT"
2017-08-16,5d,>=5%,20,2,10.0,"ADANIENSOL, CAPLIPOINT"
2017-08-17,5d,>=5%,20,1,5.0,ADANIENSOL
2017-08-18,5d,>=5%,20,1,5.0,ADANIENSOL
2017-08-22,5d,>=5%,20,1,5.0,CAPLIPOINT
2017-08-23,5d,>=5%,20,1,5.0,CAPLIPOINT
2017-08-24,5d,>=5%,20,1,5.0,EDELWEISS
2017-08-28,5d,>=5%,20,1,5.0,EDELWEISS
2017-08-29,5d,>=5%,20,1,5.0,AVANTIFEED
2017-08-31,5d,>=5%,20,1,5.0,AVANTIFEED
2017-09-07,5d,>=5%,20,1,5.0,VAKRANGEE
2017-09-08,5d,>=5%,20,1,5.0,VAKRANGEE
2017-09-11,5d,>=5%,20,1,5.0,VAKRANGEE
2017-09-12,5d,>=5%,20,1,5.0,VAKRANGEE
2017-09-19,5d,>=5%,20,1,5.0,ADANIENSOL
2017-09-20,5d,>=5%,20,1,5.0,ADANIENSOL
2017-09-21,5d,>=5%,20,2,10.0,"ADANIENSOL, KEC"
2017-09-22,5d,>=5%,20,3,15.0,"ADANIENSOL, BAJAJFINSV, EDELWEISS"
2017-09-25,5d,>=5%,20,8,40.0,"AVANTIFEED, ADANIENSOL, LTF, ESCORTS, BAJAJFINSV, CAPLIPOINT, CEATLTD, EDELWEISS"
2017-09-26,5d,>=5%,20,3,15.0,"LTF, BAJAJFINSV, CEATLTD"
2017-09-27,5d,>=5%,20,8,40.0,"BOMDYEING, RAIN, LTF, ESCORTS, IGL, BAJAJFINSV, CAPLIPOINT, CEATLTD"
2017-09-28,5d,>=5%,20,3,15.0,"BOMDYEING, LTF, BAJAJFINSV"
2017-09-29,5d,>=5%,20,1,5.0,BOMDYEING
2017-10-16,5d,>=5%,20,1,5.0,BOMDYEING
2017-10-17,5d,>=5%,20,1,5.0,BOMDYEING
2017-10-18,5d,>=5%,20,1,5.0,BOMDYEING
2017-10-19,5d,>=5%,20,1,5.0,KRBL
2017-10-25,5d,>=5%,20,4,20.0,"LTF, BAJAJFINSV, MOTILALOFS, EDELWEISS"
2017-10-26,5d,>=5%,20,3,15.0,"LTF, BAJAJFINSV, EDELWEISS"
2017-10-27,5d,>=5%,20,4,20.0,"BOMDYEING, BAJAJFINSV, MOTILALOFS, EDELWEISS"
2017-10-30,5d,>=5%,20,3,15.0,"SUNTECK, BAJAJFINSV, EDELWEISS"
2017-10-31,5d,>=5%,20,1,5.0,ADANIENSOL
2017-11-01,5d,>=5%,20,2,10.0,"ADANIENSOL, CAPLIPOINT"
2017-11-02,5d,>=5%,20,1,5.0,ADANIENSOL
2017-11-03,5d,>=5%,20,1,5.0,ADANIENSOL
2017-11-06,5d,>=5%,20,2,10.0,"ADANIENSOL, ESCORTS"
2017-11-07,5d,>=5%,20,1,5.0,ESCORTS
2017-11-08,5d,>=5%,20,2,10.0,"BBTC, ESCORTS"
2017-11-09,5d,>=5%,20,3,15.0,"ADANIENSOL, LTF, EDELWEISS"
2017-11-10,5d,>=5%,20,1,5.0,LTF
2017-11-13,5d,>=5%,20,3,15.0,"RELIANCE, KEC, LTF"
2017-11-14,5d,>=5%,20,1,5.0,NBCC
2017-11-15,5d,>=5%,20,3,15.0,"BOMDYEING, AVANTIFEED, KEC"
2017-11-16,5d,>=5%,20,4,20.0,"BOMDYEING, BBTC, RAIN, AVANTIFEED"
2017-11-17,5d,>=5%,20,5,25.0,"BOMDYEING, BBTC, RAIN, AVANTIFEED, IGL"
2017-11-20,5d,>=5%,20,2,10.0,"RAIN, AVANTIFEED"
2017-11-21,5d,>=5%,20,1,5.0,RAIN
2017-11-22,5d,>=5%,20,1,5.0,RAIN
2017-11-24,5d,>=5%,20,2,10.0,"LTF, MOTILALOFS"
2017-11-27,5d,>=5%,20,2,10.0,"ADANIENSOL, EDELWEISS"
2017-11-28,5d,>=5%,20,1,5.0,ADANIENSOL
2017-11-29,5d,>=5%,20,2,10.0,"AVANTIFEED, ADANIENSOL"
2017-11-30,5d,>=5%,20,1,5.0,ADANIENSOL
2017-12-01,5d,>=5%,20,2,10.0,"ADANIENSOL, LTF"
2017-12-04,5d,>=5%,20,3,15.0,"RELIANCE, ADANIENSOL, LTF"
2017-12-06,5d,>=5%,20,1,5.0,ESCORTS
2017-12-07,5d,>=5%,20,2,10.0,"BOMDYEING, ESCORTS"
2017-12-14,5d,>=5%,20,1,5.0,KEC
2017-12-29,5d,>=5%,20,1,5.0,BOMDYEING
2018-01-01,5d,>=5%,20,1,5.0,ADANIENSOL
2018-01-02,5d,>=5%,20,1,5.0,ADANIENSOL
2018-01-03,5d,>=5%,20,1,5.0,ADANIENSOL
2018-01-05,5d,>=5%,20,2,10.0,"BBTC, ADANIENSOL"
2018-01-11,5d,>=5%,20,1,5.0,APLAPOLLO
2018-01-15,5d,>=5%,20,1,5.0,AVANTIFEED
2018-01-16,5d,>=5%,20,6,30.0,"TVSMOTOR, BOMDYEING, BBTC, RAIN, AVANTIFEED, EDELWEISS"
2018-01-17,5d,>=5%,20,2,10.0,"BOMDYEING, BBTC"
2018-01-18,5d,>=5%,20,7,35.0,"BOMDYEING, BBTC, RAIN, AVANTIFEED, ESCORTS, MOTILALOFS, RKFORGE"
2018-01-19,5d,>=5%,20,4,20.0,"BOMDYEING, BBTC, TATACONSUM, MOTILALOFS"
2018-01-22,5d,>=5%,20,3,15.0,"BOMDYEING, BBTC, KEC"
2018-01-24,5d,>=5%,20,3,15.0,"BOMDYEING, BBTC, RAIN"
2018-01-25,5d,>=5%,20,1,5.0,BOMDYEING
2018-01-29,5d,>=5%,20,5,25.0,"BOMDYEING, BBTC, RAIN, ADANIENSOL, MOTILALOFS"
2018-01-30,5d,>=5%,20,9,45.0,"BOMDYEING, BBTC, RAIN, AVANTIFEED, ADANIENSOL, VIPIND, MOTILALOFS, APLAPOLLO, RKFORGE"
2018-01-31,5d,>=5%,20,11,55.0,"BOMDYEING, BBTC, RAIN, TATACONSUM, AVANTIFEED, ADANIENSOL, VAKRANGEE, VIPIND, MOTILALOFS, APLAPOLLO, RKFORGE"
2018-02-01,5d,>=5%,20,12,60.0,"TVSMOTOR, BOMDYEING, BBTC, RAIN, TATACONSUM, ADANIENSOL, KEC, VAKRANGEE, VIPIND, MOTILALOFS, APLAPOLLO, RKFORGE"
2018-02-02,5d,>=5%,20,12,60.0,"TVSMOTOR, BOMDYEING, BBTC, RAIN, TATACONSUM, ADANIENSOL, KEC, VAKRANGEE, MOTILALOFS, APLAPOLLO, EDELWEISS, RKFORGE"
2018-02-05,5d,>=5%,20,12,60.0,"TVSMOTOR, BOMDYEING, BBTC, RAIN, TATACONSUM, ADANIENSOL, VAKRANGEE, MARUTI, MOTILALOFS, APLAPOLLO, EDELWEISS, RKFORGE"
2019-03-26,5d,>=5%,20,1,5.0,ABFRL
2019-03-27,5d,>=5%,20,1,5.0,ADANIPOWER
2019-04-03,5d,>=5%,20,1,5.0,PRAJIND
2019-04-04,5d,>=5%,20,2,10.0,"PRAJIND, RBLBANK"
2019-04-05,5d,>=5%,20,2,10.0,"TORNTPHARM, PRAJIND"
2019-04-08,5d,>=5%,20,2,10.0,"TORNTPHARM, PRAJIND"
2019-04-09,5d,>=5%,20,1,5.0,PRAJIND
2019-04-18,5d,>=5%,20,1,5.0,PRAJIND
2019-04-23,5d,>=5%,20,1,5.0,ABFRL
2019-04-25,5d,>=5%,20,3,15.0,"MUTHOOTFIN, TORNTPHARM, ADANIPOWER"
2019-04-26,5d,>=5%,20,1,5.0,ADANIPOWER
2019-04-30,5d,>=5%,20,1,5.0,ADANIPOWER
2019-05-02,5d,>=5%,20,1,5.0,ADANIPOWER
2019-05-03,5d,>=5%,20,1,5.0,ADANIPOWER
2019-05-06,5d,>=5%,20,3,15.0,"PRAJIND, ADANIPOWER, BATAINDIA"
2019-05-07,5d,>=5%,20,3,15.0,"PRAJIND, ADANIPOWER, BATAINDIA"
2019-05-08,5d,>=5%,20,9,45.0,"MUTHOOTFIN, BAJFINANCE, TORNTPHARM, RELIANCE, PRAJIND, GFLLIMITED, ADANIPOWER, BATAINDIA, HAVELLS"
2019-05-09,5d,>=5%,20,8,40.0,"BAJFINANCE, TORNTPHARM, RELIANCE, PRAJIND, GFLLIMITED, ADANIPOWER, BATAINDIA, DIVISLAB"
2019-05-10,5d,>=5%,20,7,35.0,"BAJFINANCE, RELIANCE, PRAJIND, VINATIORGA, GFLLIMITED, ADANIPOWER, BATAINDIA"
2019-05-13,5d,>=5%,20,6,30.0,"MUTHOOTFIN, RELIANCE, PRAJIND, BALRAMCHIN, GFLLIMITED, ADANIPOWER"
2019-05-14,5d,>=5%,20,2,10.0,"RELIANCE, GFLLIMITED"
2019-05-15,5d,>=5%,20,3,15.0,"GFLLIMITED, ADANIPOWER, ABFRL"
2019-05-16,5d,>=5%,20,1,5.0,ABFRL
2019-05-17,5d,>=5%,20,2,10.0,"NAUKRI, ABFRL"
2020-01-20,5d,>=5%,20,1,5.0,ADANIGREEN
2020-01-23,5d,>=5%,20,2,10.0,"ICICIGI, BALRAMCHIN"
2020-01-24,5d,>=5%,20,1,5.0,BALRAMCHIN
2020-01-27,5d,>=5%,20,1,5.0,BALRAMCHIN
2020-01-28,5d,>=5%,20,2,10.0,"ADANIGREEN, BALRAMCHIN"
2020-01-29,5d,>=5%,20,2,10.0,"ADANIGREEN, BALRAMCHIN"
2020-01-30,5d,>=5%,20,4,20.0,"ADANIGREEN, NESCO, BALRAMCHIN, COFORGE"
2020-01-31,5d,>=5%,20,1,5.0,BALRAMCHIN
2020-02-01,5d,>=5%,20,3,15.0,"SBILIFE, BALRAMCHIN, GUJENERGY"
2020-02-03,5d,>=5%,20,3,15.0,"SBILIFE, BALRAMCHIN, COFORGE"
2020-02-04,5d,>=5%,20,3,15.0,"SBILIFE, MANAPPURAM, BALRAMCHIN"
2020-02-05,5d,>=5%,20,3,15.0,"SBILIFE, MANAPPURAM, BALRAMCHIN"
2020-02-06,5d,>=5%,20,4,20.0,"SBILIFE, LALPATHLAB, NH, MANAPPURAM"
2020-02-07,5d,>=5%,20,2,10.0,"LALPATHLAB, MANAPPURAM"
2020-02-10,5d,>=5%,20,2,10.0,"LALPATHLAB, MANAPPURAM"
2020-02-11,5d,>=5%,20,1,5.0,WHIRLPOOL
2020-02-12,5d,>=5%,20,1,5.0,WHIRLPOOL
2020-02-13,5d,>=5%,20,3,15.0,"NAUKRI, WHIRLPOOL, IGL"
2020-02-14,5d,>=5%,20,2,10.0,"NAUKRI, WHIRLPOOL"
2020-02-17,5d,>=5%,20,5,25.0,"MASFIN, NAUKRI, WHIRLPOOL, ADANIGREEN, IGL"
2020-02-18,5d,>=5%,20,4,20.0,"MASFIN, NAUKRI, ADANIGREEN, IGL"
2020-02-19,5d,>=5%,20,2,10.0,"MASFIN, IGL"
2020-02-20,5d,>=5%,20,3,15.0,"MASFIN, IGL, DIXON"
2020-02-24,5d,>=5%,20,4,20.0,"ADANIGREEN, TATACONSUM, IGL, DIXON"
2020-02-25,5d,>=5%,20,3,15.0,"NAUKRI, ADANIGREEN, DIXON"
2020-02-26,5d,>=5%,20,6,30.0,"NAUKRI, ADANIGREEN, ICICIGI, RELAXO, BATAINDIA, DIXON"
2020-02-27,5d,>=5%,20,8,40.0,"NAUKRI, ADANIGREEN, ICICIGI, TATACONSUM, RELAXO, TRENT, BATAINDIA, DIXON"
2020-02-28,5d,>=5%,20,11,55.0,"NAUKRI, ADANIGREEN, ICICIGI, MANAPPURAM, TATACONSUM, SRF, JKCEMENT, RELAXO, TRENT, BATAINDIA, DIXON"
2020-03-02,5d,>=5%,20,9,45.0,"MASFIN, ADANIGREEN, ICICIGI, MANAPPURAM, TATACONSUM, JKCEMENT, RELAXO, TRENT, BATAINDIA"
2020-07-06,5d,>=5%,20,1,5.0,DIVISLAB
2020-07-08,5d,>=5%,20,1,5.0,GUJENERGY
2020-07-09,5d,>=5%,20,1,5.0,GUJENERGY
2020-07-13,5d,>=5%,20,2,10.0,"ADANIGREEN, ASTRAZEN"
2020-07-14,5d,>=5%,20,3,15.0,"DMART, ADANIGREEN, ASTRAZEN"
2020-07-15,5d,>=5%,20,3,15.0,"DMART, ADANIGREEN, ASTRAZEN"
2020-07-16,5d,>=5%,20,2,10.0,"DMART, ADANIGREEN"
2020-07-17,5d,>=5%,20,2,10.0,"DMART, ADANIGREEN"
2020-07-20,5d,>=5%,20,3,15.0,"DMART, GUJENERGY, DEEPAKNTR"
2020-07-21,5d,>=5%,20,1,5.0,DMART
2020-07-22,5d,>=5%,20,1,5.0,ADANIGREEN
2020-07-23,5d,>=5%,20,1,5.0,ADANIGREEN
2020-07-24,5d,>=5%,20,1,5.0,TRENT
2020-07-27,5d,>=5%,20,2,10.0,"BIOCON, TRENT"
2020-07-28,5d,>=5%,20,3,15.0,"BIOCON, TRENT, GUJENERGY"
2020-07-29,5d,>=5%,20,4,20.0,"BIOCON, TRENT, ESCORTS, GUJENERGY"
2020-07-30,5d,>=5%,20,3,15.0,"BIOCON, TRENT, DIXON"
2020-07-31,5d,>=5%,20,1,5.0,GRANULES
2020-08-03,5d,>=5%,20,1,5.0,NAVINFLUOR
2020-08-04,5d,>=5%,20,2,10.0,"NAVINFLUOR, RALLIS"
2020-08-10,5d,>=5%,20,1,5.0,DEEPAKNTR
2020-08-11,5d,>=5%,20,1,5.0,DEEPAKNTR
2020-08-12,5d,>=5%,20,1,5.0,DEEPAKNTR
2020-08-13,5d,>=5%,20,3,15.0,"TORNTPHARM, COROMANDEL, DEEPAKNTR"
2020-08-17,5d,>=5%,20,9,45.0,"FDC, TORNTPHARM, BIOCON, LAURUSLABS, COROMANDEL, NAVINFLUOR, APLLTD, RALLIS, GRANULES"
2020-08-18,5d,>=5%,20,2,10.0,"COROMANDEL, APLLTD"
2020-08-19,5d,>=5%,20,2,10.0,"APLLTD, GUJENERGY"
2020-08-20,5d,>=5%,20,1,5.0,APLLTD
2020-08-31,5d,>=5%,20,6,30.0,"BERGEPAINT, IPCALAB, PERSISTENT, NAVINFLUOR, APLLTD, DEEPAKNTR"
2020-09-01,5d,>=5%,20,6,30.0,"PERSISTENT, COROMANDEL, NAVINFLUOR, APLLTD, RALLIS, DEEPAKNTR"
2020-09-02,5d,>=5%,20,3,15.0,"COROMANDEL, NAVINFLUOR, APLLTD"
2020-09-03,5d,>=5%,20,1,5.0,GUJENERGY
2020-09-04,5d,>=5%,20,3,15.0,"COROMANDEL, NAVINFLUOR, APLLTD"
2020-09-07,5d,>=5%,20,1,5.0,GUJENERGY
2020-09-08,5d,>=5%,20,1,5.0,GUJENERGY
2020-09-09,5d,>=5%,20,4,20.0,"COROMANDEL, GUJENERGY, DIVISLAB, RALLIS"
2020-09-14,5d,>=5%,20,1,5.0,ASTRAZEN
2020-09-18,5d,>=5%,20,1,5.0,EPL
2020-09-21,5d,>=5%,20,2,10.0,"EPL, DIXON"
2020-09-22,5d,>=5%,20,5,25.0,"ADANIGREEN, EPL, NAVINFLUOR, DIXON, RALLIS"
2020-09-23,5d,>=5%,20,7,35.0,"ADANIGREEN, TORNTPHARM, EPL, NAVINFLUOR, APLLTD, DIXON, RALLIS"
2020-09-24,5d,>=5%,20,11,55.0,"FDC, ADANIGREEN, TORNTPHARM, BIOCON, LAURUSLABS, EPL, ESCORTS, DIXON, DIVISLAB, RALLIS, DEEPAKNTR"
2020-09-25,5d,>=5%,20,9,45.0,"FDC, TORNTPHARM, BIOCON, LAURUSLABS, DIXON, GUJENERGY, DIVISLAB, RALLIS, DEEPAKNTR"
2020-09-29,5d,>=5%,20,1,5.0,DIVISLAB
2020-10-06,5d,>=5%,20,1,5.0,COROMANDEL
2020-10-07,5d,>=5%,20,3,15.0,"PERSISTENT, COROMANDEL, ESCORTS"
2020-10-08,5d,>=5%,20,5,25.0,"ADANIGREEN, COROMANDEL, NAVINFLUOR, ESCORTS, DEEPAKNTR"
2020-10-09,5d,>=5%,20,5,25.0,"ADANIGREEN, IPCALAB, COROMANDEL, NAVINFLUOR, DEEPAKNTR"
2020-10-12,5d,>=5%,20,4,20.0,"ADANIGREEN, COROMANDEL, GUJENERGY, DEEPAKNTR"
2020-10-13,5d,>=5%,20,2,10.0,"GUJENERGY, DEEPAKNTR"
2020-10-14,5d,>=5%,20,2,10.0,"FDC, DEEPAKNTR"
2020-10-15,5d,>=5%,20,3,15.0,"TORNTPHARM, BIOCON, LAURUSLABS"
2020-10-16,5d,>=5%,20,1,5.0,DEEPAKNTR
2020-10-19,5d,>=5%,20,4,20.0,"TORNTPHARM, BIOCON, CDSL, ESCORTS"
2020-10-20,5d,>=5%,20,2,10.0,"PERSISTENT, CDSL"
2020-10-21,5d,>=5%,20,1,5.0,PERSISTENT
2020-10-22,5d,>=5%,20,1,5.0,PERSISTENT
2020-10-23,5d,>=5%,20,2,10.0,"BIOCON, PERSISTENT"
2020-10-26,5d,>=5%,20,2,10.0,"BIOCON, PERSISTENT"
2020-10-27,5d,>=5%,20,1,5.0,BIOCON
2020-10-28,5d,>=5%,20,2,10.0,"TORNTPHARM, BIOCON"
2020-10-29,5d,>=5%,20,3,15.0,"TORNTPHARM, BIOCON, EPL"
2020-10-30,5d,>=5%,20,3,15.0,"TORNTPHARM, EPL, DIXON"
2020-11-02,5d,>=5%,20,1,5.0,PERSISTENT
2020-11-03,5d,>=5%,20,3,15.0,"FDC, LAURUSLABS, PERSISTENT"
2020-11-04,5d,>=5%,20,3,15.0,"FDC, LAURUSLABS, DEEPAKNTR"
2020-11-05,5d,>=5%,20,1,5.0,LAURUSLABS
2020-11-06,5d,>=5%,20,1,5.0,LAURUSLABS
2020-11-09,5d,>=5%,20,1,5.0,LAURUSLABS
2020-11-10,5d,>=5%,20,3,15.0,"IPCALAB, LAURUSLABS, APLLTD"
2020-11-11,5d,>=5%,20,1,5.0,IPCALAB
2020-11-12,5d,>=5%,20,1,5.0,IPCALAB
2020-11-13,5d,>=5%,20,1,5.0,IPCALAB
2020-11-14,5d,>=5%,20,1,5.0,IPCALAB
2020-11-19,5d,>=5%,20,1,5.0,LAURUSLABS
2020-11-25,5d,>=5%,20,1,5.0,CDSL
2020-12-07,5d,>=5%,20,1,5.0,COROMANDEL
2020-12-08,5d,>=5%,20,2,10.0,"NAVINFLUOR, GRANULES"
2020-12-09,5d,>=5%,20,2,10.0,"ADANIGREEN, GRANULES"
2020-12-10,5d,>=5%,20,2,10.0,"ADANIGREEN, GRANULES"
2020-12-11,5d,>=5%,20,2,10.0,"ADANIGREEN, GRANULES"
2020-12-14,5d,>=5%,20,2,10.0,"ADANIGREEN, TATAELXSI"
2020-12-15,5d,>=5%,20,1,5.0,ADANIGREEN
2020-12-21,5d,>=5%,20,5,25.0,"FDC, APLLTD, ESCORTS, SYNGENE, GRANULES"
2020-12-22,5d,>=5%,20,3,15.0,"FDC, ESCORTS, GRANULES"
2020-12-23,5d,>=5%,20,2,10.0,"ESCORTS, DIXON"
2020-12-24,5d,>=5%,20,3,15.0,"FDC, ESCORTS, DIXON"
2020-12-28,5d,>=5%,20,1,5.0,ESCORTS
2020-12-31,5d,>=5%,20,1,5.0,BSOFT
2021-01-11,5d,>=5%,20,2,10.0,"ADANIGREEN, SYNGENE"
2021-01-12,5d,>=5%,20,2,10.0,"ADANIGREEN, SUZLON"
2021-01-13,5d,>=5%,20,4,20.0,"VAIBHAVGBL, ADANIGREEN, NAVINFLUOR, SUZLON"
2021-01-14,5d,>=5%,20,3,15.0,"ADANIGREEN, NAVINFLUOR, SUZLON"
2021-01-15,5d,>=5%,20,4,20.0,"ADANIGREEN, NAVINFLUOR, SUZLON, DIVISLAB"
2021-01-18,5d,>=5%,20,6,30.0,"DRREDDY, NAVINFLUOR, INDIAMART, BSOFT, ESCORTS, DIVISLAB"
2021-01-19,5d,>=5%,20,4,20.0,"NAVINFLUOR, APLLTD, INDIAMART, ESCORTS"
2021-01-20,5d,>=5%,20,3,15.0,"APLLTD, INDIAMART, GRANULES"
2021-01-21,5d,>=5%,20,3,15.0,"APLLTD, INDIAMART, GRANULES"
2021-01-22,5d,>=5%,20,4,20.0,"PERSISTENT, APLLTD, DIXON, GRANULES"
2021-01-25,5d,>=5%,20,4,20.0,"IPCALAB, APLLTD, SUZLON, DIXON"
2021-01-27,5d,>=5%,20,5,25.0,"IPCALAB, CDSL, APLLTD, SUZLON, DIXON"
2021-01-28,5d,>=5%,20,8,40.0,"IPCALAB, PERSISTENT, CDSL, NAVINFLUOR, TATAELXSI, ESCORTS, SUZLON, DIXON"
2021-01-29,5d,>=5%,20,10,50.0,"IPCALAB, LAURUSLABS, DRREDDY, CDSL, NAVINFLUOR, ESCORTS, SYNGENE, SUZLON, DIVISLAB, APLAPOLLO"
2021-02-01,5d,>=5%,20,4,20.0,"IPCALAB, LAURUSLABS, DRREDDY, NAVINFLUOR"
2021-02-02,5d,>=5%,20,3,15.0,"LAURUSLABS, DRREDDY, GRANULES"
2021-02-03,5d,>=5%,20,2,10.0,"LAURUSLABS, DRREDDY"
2021-02-09,5d,>=5%,20,1,5.0,SUZLON
2021-02-10,5d,>=5%,20,1,5.0,SUZLON
2021-02-11,5d,>=5%,20,3,15.0,"BSOFT, SUZLON, GRANULES"
2021-02-12,5d,>=5%,20,3,15.0,"INDIAMART, BSOFT, SUZLON"
2021-02-15,5d,>=5%,20,2,10.0,"BSOFT, SUZLON"
2021-02-16,5d,>=5%,20,2,10.0,"BSOFT, SUZLON"
2021-02-17,5d,>=5%,20,2,10.0,"INDIAMART, SUZLON"
2021-02-18,5d,>=5%,20,1,5.0,SUZLON
2021-02-19,5d,>=5%,20,5,25.0,"BAJAJELEC, PERSISTENT, NAVINFLUOR, SUZLON, DIVISLAB"
2021-02-22,5d,>=5%,20,8,40.0,"BAJAJELEC, PERSISTENT, TATAELXSI, SYNGENE, SUZLON, DIVISLAB, CIPLA, GRANULES"
2021-02-23,5d,>=5%,20,8,40.0,"BAJAJELEC, PERSISTENT, TATAELXSI, SYNGENE, SUZLON, DIVISLAB, CIPLA, GRANULES"
2021-02-24,5d,>=5%,20,2,10.0,"BAJAJELEC, CIPLA"
2021-03-02,5d,>=5%,20,1,5.0,INDIAMART
2021-03-03,5d,>=5%,20,1,5.0,INDIAMART
2021-03-04,5d,>=5%,20,1,5.0,INDIAMART
2021-03-05,5d,>=5%,20,1,5.0,INDIAMART
2021-03-08,5d,>=5%,20,2,10.0,"LAURUSLABS, INDIAMART"
2021-03-09,5d,>=5%,20,1,5.0,INDIAMART
2021-03-12,5d,>=5%,20,1,5.0,CDSL
2021-03-15,5d,>=5%,20,1,5.0,APLAPOLLO
2021-03-16,5d,>=5%,20,2,10.0,"HINDCOPPER, APLAPOLLO"
2021-03-17,5d,>=5%,20,4,20.0,"BAJAJELEC, HINDCOPPER, APLAPOLLO, GRANULES"
2021-03-18,5d,>=5%,20,8,40.0,"BAJAJELEC, HINDCOPPER, LAURUSLABS, SYNGENE, CIPLA, APLAPOLLO, DEEPAKNTR, GRANULES"
2021-03-19,5d,>=5%,20,7,35.0,"BAJAJELEC, VAIBHAVGBL, HINDCOPPER, AFFLE, SYNGENE, CIPLA, GRANULES"
2021-03-22,5d,>=5%,20,6,30.0,"BAJAJELEC, VAIBHAVGBL, HINDCOPPER, AFFLE, SYNGENE, GRANULES"
2021-03-23,5d,>=5%,20,4,20.0,"VAIBHAVGBL, AFFLE, INDIAMART, DIXON"
2021-03-24,5d,>=5%,20,2,10.0,"AFFLE, DIXON"
2021-03-25,5d,>=5%,20,3,15.0,"AFFLE, INDIAMART, DIXON"
2021-03-26,5d,>=5%,20,2,10.0,"PERSISTENT, DIXON"
2021-03-30,5d,>=5%,20,3,15.0,"VAIBHAVGBL, ADANIGREEN, DIXON"
2021-03-31,5d,>=5%,20,4,20.0,"VAIBHAVGBL, HINDCOPPER, ADANIGREEN, DIXON"
2021-04-01,5d,>=5%,20,1,5.0,ADANIGREEN
2021-04-05,5d,>=5%,20,1,5.0,ADANIGREEN
2021-04-06,5d,>=5%,20,1,5.0,APLAPOLLO
2021-04-07,5d,>=5%,20,1,5.0,APLAPOLLO
2021-04-08,5d,>=5%,20,1,5.0,APLAPOLLO
2021-04-12,5d,>=5%,20,4,20.0,"FSL, ADANIGREEN, ADANIENSOL, ATGL"
2021-04-13,5d,>=5%,20,3,15.0,"ADANIGREEN, ADANIENSOL, ATGL"
2021-04-15,5d,>=5%,20,9,45.0,"FSL, HINDCOPPER, AFFLE, GRASIM, ADANIGREEN, ADANIENSOL, TIINDIA, BSOFT, DEEPAKNTR"
2021-04-16,5d,>=5%,20,3,15.0,"GRASIM, BSOFT, DEEPAKNTR"
2021-04-19,5d,>=5%,20,11,55.0,"FSL, VAIBHAVGBL, GRASIM, ADANIGREEN, PERSISTENT, TIINDIA, CDSL, INDIAMART, BSOFT, APLAPOLLO, DEEPAKNTR"
2021-04-20,5d,>=5%,20,3,15.0,"VAIBHAVGBL, GRASIM, PERSISTENT"
2021-04-22,5d,>=5%,20,4,20.0,"VAIBHAVGBL, GRASIM, ADANIGREEN, BSOFT"
2021-04-23,5d,>=5%,20,3,15.0,"VAIBHAVGBL, GRASIM, ADANIGREEN"
2021-04-26,5d,>=5%,20,2,10.0,"HINDCOPPER, ADANIGREEN"
2021-05-03,5d,>=5%,20,2,10.0,"INDIAMART, LINDEINDIA"
2021-05-04,5d,>=5%,20,2,10.0,"INDIAMART, LINDEINDIA"
2021-05-05,5d,>=5%,20,1,5.0,INDIAMART
2021-05-06,5d,>=5%,20,1,5.0,INDIAMART
2021-05-07,5d,>=5%,20,2,10.0,"INDIAMART, DIXON"
2021-05-10,5d,>=5%,20,6,30.0,"BAJAJELEC, TIINDIA, INDIAMART, DIXON, APLAPOLLO, DEEPAKNTR"
2021-05-11,5d,>=5%,20,2,10.0,"TATAELXSI, APLAPOLLO"
2021-05-12,5d,>=5%,20,3,15.0,"AFFLE, TATAELXSI, DEEPAKNTR"
2021-05-14,5d,>=5%,20,6,30.0,"GRASIM, ATGL, TATAELXSI, LINDEINDIA, APLAPOLLO, DEEPAKNTR"
2021-05-17,5d,>=5%,20,2,10.0,"VAIBHAVGBL, LINDEINDIA"
2021-05-18,5d,>=5%,20,4,20.0,"VAIBHAVGBL, HINDCOPPER, JSWSTEEL, JINDALSTEL"
2021-05-19,5d,>=5%,20,5,25.0,"VAIBHAVGBL, HINDCOPPER, TATASTEEL, JINDALSTEL, LINDEINDIA"
2021-05-20,5d,>=5%,20,2,10.0,"TATASTEEL, JINDALSTEL"
2021-05-24,5d,>=5%,20,2,10.0,"TATASTEEL, JINDALSTEL"
2021-05-25,5d,>=5%,20,3,15.0,"HINDCOPPER, TATASTEEL, JINDALSTEL"
2021-05-26,5d,>=5%,20,2,10.0,"TATASTEEL, JINDALSTEL"
2021-05-31,5d,>=5%,20,1,5.0,ADANIGREEN
2021-06-03,5d,>=5%,20,1,5.0,HINDCOPPER
2021-06-04,5d,>=5%,20,1,5.0,HINDCOPPER
2021-06-07,5d,>=5%,20,1,5.0,HINDCOPPER
2021-06-14,5d,>=5%,20,1,5.0,ATGL
2021-06-15,5d,>=5%,20,2,10.0,"ADANIENSOL, ATGL"
2021-06-16,5d,>=5%,20,2,10.0,"ADANIENSOL, ATGL"
2021-06-17,5d,>=5%,20,3,15.0,"ADANIGREEN, ADANIENSOL, ATGL"
2021-06-18,5d,>=5%,20,8,40.0,"HINDCOPPER, JSWSTEEL, AFFLE, ADANIGREEN, TATASTEEL, ADANIENSOL, TIINDIA, ATGL"
2021-06-21,5d,>=5%,20,8,40.0,"HINDCOPPER, JSWSTEEL, AFFLE, ADANIGREEN, TATASTEEL, ADANIENSOL, TIINDIA, ATGL"
2021-06-22,5d,>=5%,20,7,35.0,"HINDCOPPER, JSWSTEEL, AFFLE, TATASTEEL, ADANIENSOL, TIINDIA, ATGL"
2021-06-23,5d,>=5%,20,4,20.0,"JSWSTEEL, AFFLE, TIINDIA, ATGL"
2021-06-24,5d,>=5%,20,3,15.0,"AFFLE, TIINDIA, ATGL"
2021-06-25,5d,>=5%,20,1,5.0,ATGL
2021-06-28,5d,>=5%,20,2,10.0,"ADANIENSOL, ATGL"
2021-06-29,5d,>=5%,20,3,15.0,"VAIBHAVGBL, ADANIENSOL, ATGL"
2021-06-30,5d,>=5%,20,4,20.0,"HINDCOPPER, AFFLE, ADANIENSOL, ATGL"
2021-07-01,5d,>=5%,20,4,20.0,"AFFLE, ADANIGREEN, ADANIENSOL, ATGL"
2021-07-02,5d,>=5%,20,4,20.0,"HINDCOPPER, ADANIGREEN, ADANIENSOL, ATGL"
2021-07-05,5d,>=5%,20,3,15.0,"ADANIGREEN, ADANIENSOL, ATGL"
2021-07-06,5d,>=5%,20,2,10.0,"ADANIENSOL, ATGL"
2021-07-07,5d,>=5%,20,3,15.0,"ADANIENSOL, TIINDIA, ATGL"
2021-07-08,5d,>=5%,20,2,10.0,"PERSISTENT, TIINDIA"
2021-07-09,5d,>=5%,20,3,15.0,"PERSISTENT, TIINDIA, APLAPOLLO"
2021-07-12,5d,>=5%,20,1,5.0,APLAPOLLO
2021-07-13,5d,>=5%,20,2,10.0,"PERSISTENT, APLAPOLLO"
2021-07-14,5d,>=5%,20,1,5.0,APLAPOLLO
2021-07-16,5d,>=5%,20,1,5.0,LINDEINDIA
2021-07-19,5d,>=5%,20,2,10.0,"ATGL, LINDEINDIA"
2021-07-20,5d,>=5%,20,2,10.0,"ADANIENSOL, ATGL"
2021-07-23,5d,>=5%,20,2,10.0,"TATAELXSI, BSOFT"
2021-07-26,5d,>=5%,20,3,15.0,"FSL, ADANIENSOL, ECLERX"
2021-07-27,5d,>=5%,20,4,20.0,"FSL, ADANIENSOL, CDSL, ECLERX"
2021-07-28,5d,>=5%,20,4,20.0,"FSL, LAURUSLABS, CDSL, ECLERX"
2021-07-29,5d,>=5%,20,4,20.0,"FSL, LAURUSLABS, CDSL, DIXON"
2021-07-30,5d,>=5%,20,3,15.0,"FSL, ADANIENSOL, DIXON"
2021-08-02,5d,>=5%,20,1,5.0,FSL
2021-08-03,5d,>=5%,20,1,5.0,DIXON
2021-08-06,5d,>=5%,20,1,5.0,ECLERX
2021-08-09,5d,>=5%,20,2,10.0,"CDSL, ECLERX"
2021-08-10,5d,>=5%,20,5,25.0,"FSL, GRASIM, CDSL, APLAPOLLO, ECLERX"
2021-08-11,5d,>=5%,20,3,15.0,"FSL, CDSL, ECLERX"
2021-08-12,5d,>=5%,20,1,5.0,CDSL
2021-08-13,5d,>=5%,20,2,10.0,"CDSL, APLAPOLLO"
2021-08-16,5d,>=5%,20,2,10.0,"CDSL, APLAPOLLO"
2021-08-17,5d,>=5%,20,1,5.0,CDSL
2021-08-20,5d,>=5%,20,2,10.0,"FSL, JSWSTEEL"
2021-08-23,5d,>=5%,20,7,35.0,"FSL, JSWSTEEL, JSWENERGY, LAURUSLABS, TATASTEEL, CDSL, DIXON"
2021-08-24,5d,>=5%,20,6,30.0,"FSL, JSWSTEEL, JSWENERGY, TATASTEEL, DIXON, APLAPOLLO"
2021-08-25,5d,>=5%,20,5,25.0,"FSL, JSWSTEEL, JSWENERGY, TATASTEEL, DIXON"
2021-08-26,5d,>=5%,20,3,15.0,"FSL, JSWSTEEL, TATASTEEL"
2021-08-27,5d,>=5%,20,1,5.0,LUXIND
2021-09-01,5d,>=5%,20,1,5.0,LINDEINDIA
2021-09-07,5d,>=5%,20,1,5.0,ATGL
2021-09-08,5d,>=5%,20,1,5.0,ATGL
2021-09-09,5d,>=5%,20,1,5.0,ATGL
2021-09-13,5d,>=5%,20,1,5.0,ATGL
2021-09-14,5d,>=5%,20,1,5.0,APOLLOHOSP
2021-09-20,5d,>=5%,20,5,25.0,"JSWSTEEL, TATASTEEL, ADANIENSOL, LUXIND, CDSL"
2021-09-21,5d,>=5%,20,4,20.0,"TATASTEEL, ADANIENSOL, LUXIND, APLAPOLLO"
2021-09-22,5d,>=5%,20,6,30.0,"LAURUSLABS, TATASTEEL, ADANIENSOL, LUXIND, CDSL, APLAPOLLO"
2021-09-23,5d,>=5%,20,4,20.0,"TATASTEEL, ADANIENSOL, LUXIND, CDSL"
2021-09-24,5d,>=5%,20,7,35.0,"LAURUSLABS, TATASTEEL, ADANIENSOL, LUXIND, CDSL, APLAPOLLO, ECLERX"
2021-09-27,5d,>=5%,20,5,25.0,"LAURUSLABS, ADANIENSOL, LUXIND, APOLLOHOSP, APLAPOLLO"
2021-09-28,5d,>=5%,20,4,20.0,"LAURUSLABS, ADANIENSOL, LUXIND, APOLLOHOSP"
2021-09-29,5d,>=5%,20,4,20.0,"LUXIND, LINDEINDIA, APOLLOHOSP, APLAPOLLO"
2021-09-30,5d,>=5%,20,4,20.0,"LINDEINDIA, APOLLOHOSP, APLAPOLLO, ECLERX"
2021-10-01,5d,>=5%,20,2,10.0,"APOLLOHOSP, APLAPOLLO"
2021-10-19,5d,>=5%,20,3,15.0,"POLYCAB, FLUOROCHEM, LINDEINDIA"
2021-10-20,5d,>=5%,20,5,25.0,"POLYCAB, FLUOROCHEM, SRF, LINDEINDIA, DEEPAKNTR"
2021-10-21,5d,>=5%,20,7,35.0,"POLYCAB, JSWENERGY, FLUOROCHEM, SRF, LINDEINDIA, ECLERX, DEEPAKNTR"
2021-10-22,5d,>=5%,20,11,55.0,"POLYCAB, ADANIENT, KAJARIACER, TATASTEEL, PERSISTENT, FLUOROCHEM, SRF, DIXON, LINDEINDIA, ECLERX, DEEPAKNTR"
2021-10-25,5d,>=5%,20,13,65.0,"POLYCAB, JSWSTEEL, ADANIENT, KAJARIACER, TATASTEEL, FLUOROCHEM, SRF, TATAELXSI, DIXON, LINDEINDIA, APLAPOLLO, ECLERX, DEEPAKNTR"
2021-10-26,5d,>=5%,20,9,45.0,"PERSISTENT, FLUOROCHEM, SRF, TATAELXSI, DIXON, LINDEINDIA, APLAPOLLO, ECLERX, DEEPAKNTR"
2021-10-27,5d,>=5%,20,3,15.0,"TATAELXSI, APLAPOLLO, DEEPAKNTR"
2021-10-28,5d,>=5%,20,4,20.0,"ADANIENT, JSWENERGY, SRF, DEEPAKNTR"
2021-10-29,5d,>=5%,20,3,15.0,"ADANIENT, JSWENERGY, DEEPAKNTR"
2021-11-01,5d,>=5%,20,3,15.0,"ADANIENT, JSWENERGY, ADANIENSOL"
2021-11-02,5d,>=5%,20,3,15.0,"JSWENERGY, ADANIENSOL, DEEPAKNTR"
2021-11-03,5d,>=5%,20,3,15.0,"ADANIENT, JSWENERGY, DEEPAKNTR"
2021-11-08,5d,>=5%,20,1,5.0,JSWENERGY
2021-11-09,5d,>=5%,20,1,5.0,JSWENERGY
2021-11-10,5d,>=5%,20,1,5.0,JSWENERGY
2021-11-15,5d,>=5%,20,1,5.0,TATASTEEL
2021-11-16,5d,>=5%,20,2,10.0,"TATASTEEL, LINDEINDIA"
2021-11-17,5d,>=5%,20,1,5.0,TATASTEEL
2021-11-18,5d,>=5%,20,2,10.0,"JSWENERGY, TATASTEEL"
2021-11-22,5d,>=5%,20,11,55.0,"CENTURYPLY, POLYCAB, TATAPOWER, JSWENERGY, TATASTEEL, FLUOROCHEM, TATAELXSI, DIXON, LINDEINDIA, BAJAJFINSV, DEEPAKNTR"
2021-11-23,5d,>=5%,20,7,35.0,"CENTURYPLY, POLYCAB, CDSL, TATAELXSI, DIXON, ECLERX, DEEPAKNTR"
2021-11-24,5d,>=5%,20,8,40.0,"CENTURYPLY, POLYCAB, CDSL, TATAELXSI, DIXON, LINDEINDIA, ECLERX, DEEPAKNTR"
2021-11-25,5d,>=5%,20,5,25.0,"CENTURYPLY, POLYCAB, PERSISTENT, TATAELXSI, DEEPAKNTR"
2021-11-26,5d,>=5%,20,9,45.0,"CENTURYPLY, POLYCAB, TATASTEEL, PERSISTENT, CDSL, TATAELXSI, DIXON, BAJAJFINSV, DEEPAKNTR"
2021-11-29,5d,>=5%,20,5,25.0,"CENTURYPLY, POLYCAB, GRASIM, TATAELXSI, ECLERX"
2021-11-30,5d,>=5%,20,7,35.0,"CENTURYPLY, GRASIM, TATAPOWER, JSWENERGY, TATASTEEL, ADANIENSOL, SRF"
2021-12-01,5d,>=5%,20,7,35.0,"TRIDENT, CENTURYPLY, TATAPOWER, TATASTEEL, ADANIENSOL, SRF, ECLERX"
2021-12-02,5d,>=5%,20,6,30.0,"TRIDENT, CENTURYPLY, TATAPOWER, TATASTEEL, ADANIENSOL, ECLERX"
2021-12-03,5d,>=5%,20,3,15.0,"TRIDENT, ADANIENSOL, ECLERX"
2021-12-06,5d,>=5%,20,1,5.0,TRIDENT
2021-12-07,5d,>=5%,20,1,5.0,TRIDENT
2021-12-09,5d,>=5%,20,1,5.0,JSWENERGY
2021-12-10,5d,>=5%,20,1,5.0,JSWENERGY
2021-12-15,5d,>=5%,20,1,5.0,JSWENERGY
2021-12-16,5d,>=5%,20,1,5.0,FLUOROCHEM
2021-12-17,5d,>=5%,20,8,40.0,"CENTURYPLY, POLYCAB, ADANIENT, TATAPOWER, ADANIENSOL, IEX, FLUOROCHEM, BSE"
2021-12-20,5d,>=5%,20,15,75.0,"CENTURYPLY, POLYCAB, ADANIENT, GRASIM, LTTS, TATAPOWER, JSWENERGY, ADANIENSOL, IEX, FLUOROCHEM, BSE, CDSL, TATAELXSI, LINDEINDIA, DEEPAKNTR"
2021-12-21,5d,>=5%,20,12,60.0,"CENTURYPLY, POLYCAB, ADANIENT, TATAPOWER, ADANIENSOL, IEX, FLUOROCHEM, BSE, CDSL, ATGL, TATAELXSI, LINDEINDIA"
2021-12-22,5d,>=5%,20,7,35.0,"CENTURYPLY, FLUOROCHEM, BSE, CDSL, ATGL, TATAELXSI, LINDEINDIA"
2021-12-23,5d,>=5%,20,5,25.0,"TRIDENT, BSE, CDSL, ATGL, TATAELXSI"
2021-12-24,5d,>=5%,20,5,25.0,"TRIDENT, SFL, BSE, CDSL, ATGL"
2021-12-27,5d,>=5%,20,1,5.0,SFL
2021-12-30,5d,>=5%,20,1,5.0,ADANIENSOL
2022-01-06,5d,>=5%,20,1,5.0,PERSISTENT
2022-01-07,5d,>=5%,20,1,5.0,PERSISTENT
2022-01-10,5d,>=5%,20,1,5.0,PERSISTENT
2022-01-11,5d,>=5%,20,1,5.0,PERSISTENT
2022-01-19,5d,>=5%,20,1,5.0,LTTS
2022-01-20,5d,>=5%,20,3,15.0,"LTTS, PERSISTENT, ECLERX"
2022-01-21,5d,>=5%,20,5,25.0,"POLYCAB, LTTS, IEX, ECLERX, DEEPAKNTR"
2022-01-24,5d,>=5%,20,14,70.0,"TRIDENT, CENTURYPLY, POLYCAB, ADANIENT, GRASIM, LTTS, TATAPOWER, IEX, PERSISTENT, UNOMINDA, FLUOROCHEM, CDSL, ECLERX, DEEPAKNTR"
2022-01-25,5d,>=5%,20,10,50.0,"POLYCAB, ADANIENT, GRASIM, LTTS, IEX, UNOMINDA, FLUOROCHEM, CDSL, ECLERX, DEEPAKNTR"
2022-01-27,5d,>=5%,20,12,60.0,"CENTURYPLY, POLYCAB, ADANIENT, GRASIM, LTTS, IEX, UNOMINDA, FLUOROCHEM, BSE, CDSL, ECLERX, DEEPAKNTR"
2022-01-28,5d,>=5%,20,14,70.0,"TRIDENT, CENTURYPLY, POLYCAB, ADANIENT, GRASIM, LTTS, JSWENERGY, IEX, UNOMINDA, FLUOROCHEM, BSE, CDSL, ECLERX, DEEPAKNTR"
2022-01-31,5d,>=5%,20,7,35.0,"TRIDENT, CENTURYPLY, ADANIENT, IEX, BSE, ECLERX, DEEPAKNTR"
2022-02-07,5d,>=5%,20,1,5.0,LTTS
2022-02-08,5d,>=5%,20,4,20.0,"POLYCAB, TATAPOWER, PERSISTENT, UNOMINDA"
2022-02-09,5d,>=5%,20,5,25.0,"TATAPOWER, IEX, FLUOROCHEM, ATGL, ECLERX"
2022-02-10,5d,>=5%,20,1,5.0,FLUOROCHEM
2022-02-11,5d,>=5%,20,7,35.0,"TRIDENT, POLYCAB, TATAPOWER, IEX, UNOMINDA, FLUOROCHEM, DEEPAKNTR"
2022-02-14,5d,>=5%,20,15,75.0,"TRIDENT, CENTURYPLY, GRINDWELL, SCHAEFFLER, TATAPOWER, ADANIENSOL, IEX, PERSISTENT, UNOMINDA, FLUOROCHEM, ATGL, TATAELXSI, LINDEINDIA, ECLERX, DEEPAKNTR"
2022-02-15,5d,>=5%,20,5,25.0,"TRIDENT, CENTURYPLY, GRINDWELL, TATAELXSI, DEEPAKNTR"
2022-02-16,5d,>=5%,20,6,30.0,"CENTURYPLY, GRINDWELL, PERSISTENT, UNOMINDA, TATAELXSI, DEEPAKNTR"
2022-02-17,5d,>=5%,20,8,40.0,"TRIDENT, CENTURYPLY, GRINDWELL, TATAPOWER, PERSISTENT, UNOMINDA, TATAELXSI, DEEPAKNTR"
2022-02-18,5d,>=5%,20,8,40.0,"TRIDENT, GRINDWELL, PERSISTENT, FLUOROCHEM, ATGL, TATAELXSI, ECLERX, DEEPAKNTR"
2022-02-21,5d,>=5%,20,3,15.0,"GRINDWELL, ATGL, ECLERX"
2022-09-19,5d,>=5%,20,7,35.0,"HAL, ABB, SCHAEFFLER, ELGIEQUIP, TIINDIA, TIMKEN, GNFC"
2022-09-20,5d,>=5%,20,6,30.0,"HAL, ABB, SCHAEFFLER, ELGIEQUIP, TIMKEN, GNFC"
2022-09-21,5d,>=5%,20,4,20.0,"SCHAEFFLER, ELGIEQUIP, TIMKEN, GNFC"
2022-09-22,5d,>=5%,20,4,20.0,"SCHAEFFLER, ELGIEQUIP, TIMKEN, GNFC"
2022-09-23,5d,>=5%,20,4,20.0,"SCHAEFFLER, ELGIEQUIP, ADANIENSOL, GNFC"
2022-09-26,5d,>=5%,20,10,50.0,"SOLARINDS, HAL, SCHAEFFLER, ADANIENT, ADANIGREEN, ELGIEQUIP, ADANIENSOL, ATGL, BDL, GNFC"
2022-09-27,5d,>=5%,20,12,60.0,"SOLARINDS, HAL, ADANIENT, ADANIGREEN, ELGIEQUIP, VBL, ADANIENSOL, TIINDIA, M&M, ATGL, BDL, GNFC"
2022-09-28,5d,>=5%,20,9,45.0,"SOLARINDS, HAL, SCHAEFFLER, ADANIGREEN, ELGIEQUIP, VBL, ADANIENSOL, BDL, GNFC"
2022-09-29,5d,>=5%,20,12,60.0,"TVSMOTOR, HAL, SCHAEFFLER, ADANIENT, ADANIGREEN, ELGIEQUIP, VBL, ADANIENSOL, TIINDIA, ATGL, BDL, GNFC"
2022-09-30,5d,>=5%,20,5,25.0,"ADANIENT, ELGIEQUIP, VBL, ADANIENSOL, ATGL"
2022-10-03,5d,>=5%,20,5,25.0,"ADANIENT, ADANIGREEN, FINEORG, ADANIENSOL, ATGL"
2022-10-04,5d,>=5%,20,3,15.0,"ADANIENT, FINEORG, ADANIENSOL"
2022-10-06,5d,>=5%,20,3,15.0,"ADANIENT, FINEORG, ADANIENSOL"
2022-10-07,5d,>=5%,20,2,10.0,"ADANIENT, ATGL"
2022-10-10,5d,>=5%,20,2,10.0,"ADANIENT, ATGL"
2022-10-12,5d,>=5%,20,2,10.0,"ELGIEQUIP, VBL"
2022-10-13,5d,>=5%,20,7,35.0,"SOLARINDS, ADANIGREEN, ELGIEQUIP, VBL, ADANIENSOL, INDHOTEL, BDL"
2022-10-14,5d,>=5%,20,6,30.0,"SOLARINDS, ADANIGREEN, VBL, ADANIENSOL, INDHOTEL, BDL"
2022-10-17,5d,>=5%,20,3,15.0,"VBL, INDHOTEL, TIMKEN"
2022-10-18,5d,>=5%,20,1,5.0,TIMKEN
2022-10-19,5d,>=5%,20,2,10.0,"FLUOROCHEM, TIMKEN"
2022-10-20,5d,>=5%,20,2,10.0,"SCHAEFFLER, FLUOROCHEM"
2022-10-24,5d,>=5%,20,1,5.0,SCHAEFFLER
2022-10-25,5d,>=5%,20,1,5.0,SCHAEFFLER
2022-10-27,5d,>=5%,20,2,10.0,"ABB, SCHAEFFLER"
2022-10-28,5d,>=5%,20,3,15.0,"ABB, SCHAEFFLER, FINEORG"
2022-10-31,5d,>=5%,20,2,10.0,"SCHAEFFLER, FINEORG"
2022-11-01,5d,>=5%,20,3,15.0,"SCHAEFFLER, FINEORG, TIMKEN"
2022-11-02,5d,>=5%,20,3,15.0,"FINEORG, ELGIEQUIP, TIMKEN"
2022-11-03,5d,>=5%,20,3,15.0,"FINEORG, ELGIEQUIP, TIMKEN"
2022-11-04,5d,>=5%,20,2,10.0,"FINEORG, TIMKEN"
2022-11-07,5d,>=5%,20,1,5.0,TIMKEN
2022-11-10,5d,>=5%,20,1,5.0,TIINDIA
2022-11-11,5d,>=5%,20,4,20.0,"VBL, INDHOTEL, FLUOROCHEM, TIINDIA"
2022-11-14,5d,>=5%,20,4,20.0,"ABB, INDHOTEL, FLUOROCHEM, TIINDIA"
2022-11-15,5d,>=5%,20,5,25.0,"ABB, INDHOTEL, FLUOROCHEM, TIINDIA, BDL"
2022-11-16,5d,>=5%,20,2,10.0,"INDHOTEL, FLUOROCHEM"
2022-11-17,5d,>=5%,20,3,15.0,"ADANIENSOL, INDHOTEL, FLUOROCHEM"
2022-11-18,5d,>=5%,20,2,10.0,"ADANIGREEN, ADANIENSOL"
2022-11-21,5d,>=5%,20,3,15.0,"ADANIGREEN, ADANIENSOL, ATGL"
2022-11-22,5d,>=5%,20,4,20.0,"TVSMOTOR, ADANIGREEN, ADANIENSOL, ATGL"
2022-11-23,5d,>=5%,20,2,10.0,"TVSMOTOR, ADANIENSOL"
2022-11-24,5d,>=5%,20,2,10.0,"TVSMOTOR, ADANIENSOL"
2022-11-25,5d,>=5%,20,1,5.0,ADANIENSOL
2022-11-28,5d,>=5%,20,3,15.0,"SOLARINDS, SCHAEFFLER, ADANIENSOL"
2022-11-29,5d,>=5%,20,1,5.0,SCHAEFFLER
2022-11-30,5d,>=5%,20,2,10.0,"SCHAEFFLER, TIMKEN"
2022-12-01,5d,>=5%,20,1,5.0,SCHAEFFLER
2022-12-05,5d,>=5%,20,2,10.0,"SCHAEFFLER, FLUOROCHEM"
2022-12-06,5d,>=5%,20,2,10.0,"SCHAEFFLER, FLUOROCHEM"
2022-12-07,5d,>=5%,20,1,5.0,FLUOROCHEM
2022-12-08,5d,>=5%,20,1,5.0,FLUOROCHEM
2022-12-09,5d,>=5%,20,1,5.0,FLUOROCHEM
2022-12-12,5d,>=5%,20,2,10.0,"FINEORG, COCHINSHIP"
2022-12-13,5d,>=5%,20,1,5.0,FINEORG
2022-12-14,5d,>=5%,20,1,5.0,ATGL
2022-12-15,5d,>=5%,20,1,5.0,HAL
2022-12-16,5d,>=5%,20,2,10.0,"TIMKEN, MAZDOCK"
2022-12-19,5d,>=5%,20,2,10.0,"FLUOROCHEM, TIMKEN"
2022-12-20,5d,>=5%,20,1,5.0,FLUOROCHEM
2022-12-21,5d,>=5%,20,4,20.0,"RVNL, INDHOTEL, FLUOROCHEM, BDL"
2022-12-22,5d,>=5%,20,6,30.0,"RVNL, COCHINSHIP, INDHOTEL, FLUOROCHEM, BDL, MAZDOCK"
2022-12-23,5d,>=5%,20,13,65.0,"RHIM, GESHIP, HAL, ADANIENT, RVNL, FINEORG, COCHINSHIP, VBL, INDHOTEL, FLUOROCHEM, ATGL, BDL, MAZDOCK"
2022-12-26,5d,>=5%,20,7,35.0,"GESHIP, ADANIENT, RVNL, COCHINSHIP, TIINDIA, ATGL, TIMKEN"
2023-05-22,5d,>=5%,20,1,5.0,SIEMENS
2023-05-23,5d,>=5%,20,2,10.0,"SIEMENS, NCC"
2023-05-24,5d,>=5%,20,3,15.0,"RVNL, SIEMENS, MAZDOCK"
2023-05-25,5d,>=5%,20,2,10.0,"SIEMENS, FINCABLES"
2023-05-26,5d,>=5%,20,1,5.0,SIEMENS
2023-05-29,5d,>=5%,20,2,10.0,"INDIANB, FINCABLES"
2023-05-30,5d,>=5%,20,2,10.0,"INDIANB, FINCABLES"
2023-05-31,5d,>=5%,20,2,10.0,"INDIANB, FINCABLES"
2023-06-01,5d,>=5%,20,1,5.0,FINCABLES
2023-06-02,5d,>=5%,20,1,5.0,FINCABLES
2023-06-07,5d,>=5%,20,1,5.0,CGPOWER
2023-06-08,5d,>=5%,20,1,5.0,VBL
2023-06-09,5d,>=5%,20,2,10.0,"VBL, NCC"
2023-06-12,5d,>=5%,20,1,5.0,VBL
2023-06-22,5d,>=5%,20,1,5.0,TRITURBINE
2023-06-23,5d,>=5%,20,4,20.0,"HAL, KARURVYSYA, VBL, FINCABLES"
2023-06-26,5d,>=5%,20,1,5.0,FINCABLES
2023-06-27,5d,>=5%,20,3,15.0,"CERA, IDFCFIRSTB, FINCABLES"
2023-07-10,5d,>=5%,20,1,5.0,FINCABLES
2023-07-11,5d,>=5%,20,1,5.0,CERA
2023-07-12,5d,>=5%,20,2,10.0,"KARURVYSYA, CERA"
2023-07-13,5d,>=5%,20,1,5.0,KARURVYSYA
2023-07-14,5d,>=5%,20,1,5.0,CERA
2023-07-18,5d,>=5%,20,1,5.0,JSL
2023-07-19,5d,>=5%,20,1,5.0,CIEINDIA
2023-07-21,5d,>=5%,20,1,5.0,CIEINDIA
2023-07-24,5d,>=5%,20,1,5.0,CIEINDIA
2023-07-25,5d,>=5%,20,2,10.0,"CGPOWER, CIEINDIA"
2023-07-26,5d,>=5%,20,1,5.0,CIEINDIA
2023-07-27,5d,>=5%,20,2,10.0,"ITC, CIEINDIA"
2023-07-28,5d,>=5%,20,1,5.0,RVNL
2023-07-31,5d,>=5%,20,1,5.0,RVNL
2023-08-02,5d,>=5%,20,1,5.0,RVNL
2023-08-03,5d,>=5%,20,1,5.0,UNIONBANK
2023-08-04,5d,>=5%,20,2,10.0,"MAZDOCK, CUMMINSIND"
2023-08-07,5d,>=5%,20,3,15.0,"HAL, ABCAPITAL, CUMMINSIND"
2023-08-08,5d,>=5%,20,1,5.0,ABCAPITAL
2023-08-11,5d,>=5%,20,3,15.0,"FACT, APOLLOTYRE, MAZDOCK"
2023-08-14,5d,>=5%,20,3,15.0,"FACT, APOLLOTYRE, FINCABLES"
2023-08-16,5d,>=5%,20,3,15.0,"KARURVYSYA, APOLLOTYRE, FINCABLES"
2023-08-17,5d,>=5%,20,2,10.0,"APOLLOTYRE, FINCABLES"
2023-08-18,5d,>=5%,20,2,10.0,"APOLLOTYRE, TRITURBINE"
2023-08-21,5d,>=5%,20,1,5.0,TRITURBINE
2023-08-25,5d,>=5%,20,1,5.0,UNIONBANK
2023-08-30,5d,>=5%,20,1,5.0,UNIONBANK
2023-08-31,5d,>=5%,20,1,5.0,UNIONBANK
2023-09-06,5d,>=5%,20,1,5.0,PFC
2023-09-07,5d,>=5%,20,2,10.0,"CERA, NCC"
2023-09-08,5d,>=5%,20,1,5.0,NCC
2023-09-12,5d,>=5%,20,6,30.0,"POLYCAB, KALYANKJIL, ZENSARTECH, NCC, IDFCFIRSTB, FINCABLES"
2023-09-13,5d,>=5%,20,4,20.0,"KALYANKJIL, FACT, ZENSARTECH, NCC"
2023-09-14,5d,>=5%,20,3,15.0,"KALYANKJIL, SUPREMEIND, NCC"
2023-09-15,5d,>=5%,20,7,35.0,"RECLTD, KALYANKJIL, CERA, ZENSARTECH, PFC, SUPREMEIND, NCC"
2023-09-18,5d,>=5%,20,10,50.0,"RECLTD, KALYANKJIL, CERA, RVNL, IRFC, ZENSARTECH, PFC, SUPREMEIND, NCC, JSL"
2023-09-20,5d,>=5%,20,3,15.0,"IRFC, SUPREMEIND, JSL"
2023-09-21,5d,>=5%,20,3,15.0,"IRFC, SUPREMEIND, JSL"
2023-09-22,5d,>=5%,20,4,20.0,"GLENMARK, ZYDUSLIFE, IRFC, JSL"
2023-09-25,5d,>=5%,20,5,25.0,"KALYANKJIL, FACT, GLENMARK, ZYDUSLIFE, JSL"
2023-09-26,5d,>=5%,20,4,20.0,"KALYANKJIL, GLENMARK, ZYDUSLIFE, JSL"
2023-09-27,5d,>=5%,20,1,5.0,GLENMARK
2023-09-28,5d,>=5%,20,1,5.0,GLENMARK
2023-10-04,5d,>=5%,20,1,5.0,SUPREMEIND
2023-10-05,5d,>=5%,20,2,10.0,"SUPREMEIND, IDFCFIRSTB"
2023-10-06,5d,>=5%,20,1,5.0,FINCABLES
2023-10-09,5d,>=5%,20,7,35.0,"UNIONBANK, GLENMARK, IRFC, CGPOWER, IDFCFIRSTB, FINCABLES, MAZDOCK"
2023-10-10,5d,>=5%,20,4,20.0,"UNIONBANK, GLENMARK, CGPOWER, JSL"
2023-10-11,5d,>=5%,20,2,10.0,"CGPOWER, JSL"
2023-10-12,5d,>=5%,20,2,10.0,"CGPOWER, FINCABLES"
2023-10-13,5d,>=5%,20,2,10.0,"CGPOWER, FINCABLES"
2023-10-16,5d,>=5%,20,1,5.0,FINCABLES
2023-10-17,5d,>=5%,20,1,5.0,FINCABLES
2023-10-18,5d,>=5%,20,1,5.0,FINCABLES
2023-10-19,5d,>=5%,20,2,10.0,"ZENSARTECH, FINCABLES"
2023-10-20,5d,>=5%,20,3,15.0,"MAHABANK, ZENSARTECH, FINCABLES"
2023-10-23,5d,>=5%,20,8,40.0,"MAHABANK, RECLTD, UNIONBANK, IRFC, ZENSARTECH, NCC, FINCABLES, MAZDOCK"
2023-10-25,5d,>=5%,20,15,75.0,"POLYCAB, MAHABANK, RECLTD, RVNL, FACT, UNIONBANK, GLENMARK, IRFC, ZENSARTECH, PFC, SUPREMEIND, NCC, CGPOWER, FINCABLES, MAZDOCK"
2023-10-26,5d,>=5%,20,17,85.0,"POLYCAB, MAHABANK, RECLTD, KALYANKJIL, RVNL, FACT, UNIONBANK, GLENMARK, IRFC, ZENSARTECH, PFC, SUPREMEIND, NCC, IDFCFIRSTB, FINCABLES, MAZDOCK, LT"
2023-10-27,5d,>=5%,20,13,65.0,"POLYCAB, MAHABANK, RECLTD, KALYANKJIL, RVNL, FACT, GLENMARK, IRFC, ZENSARTECH, SUPREMEIND, NCC, IDFCFIRSTB, FINCABLES"
2023-10-30,5d,>=5%,20,6,30.0,"POLYCAB, RVNL, IRFC, NCC, IDFCFIRSTB, MAZDOCK"
2023-11-01,5d,>=5%,20,1,5.0,IDFCFIRSTB
2023-11-03,5d,>=5%,20,1,5.0,MAZDOCK
2023-11-07,5d,>=5%,20,1,5.0,FACT
2023-11-09,5d,>=5%,20,1,5.0,SUPREMEIND
2023-11-15,5d,>=5%,20,2,10.0,"KALYANKJIL, SUPREMEIND"
2023-11-16,5d,>=5%,20,1,5.0,KALYANKJIL
2023-11-17,5d,>=5%,20,1,5.0,KALYANKJIL
2023-11-20,5d,>=5%,20,1,5.0,KALYANKJIL
2023-11-21,5d,>=5%,20,1,5.0,BSE
2023-11-22,5d,>=5%,20,2,10.0,"BSE, SUZLON"
2023-11-23,5d,>=5%,20,2,10.0,"BSE, SUZLON"
2023-11-24,5d,>=5%,20,2,10.0,"BSE, SONATSOFTW"
2023-11-28,5d,>=5%,20,2,10.0,"SUZLON, SONATSOFTW"
2023-11-29,5d,>=5%,20,1,5.0,SONATSOFTW
2023-12-11,5d,>=5%,20,4,20.0,"KALYANKJIL, RATNAMANI, BSE, CYIENT"
2023-12-12,5d,>=5%,20,3,15.0,"KALYANKJIL, RATNAMANI, BSE"
2023-12-13,5d,>=5%,20,1,5.0,RATNAMANI
2023-12-14,5d,>=5%,20,1,5.0,RATNAMANI
2023-12-20,5d,>=5%,20,5,25.0,"RECLTD, FACT, PFC, SUZLON, JSL"
2023-12-21,5d,>=5%,20,3,15.0,"RECLTD, TVSMOTOR, PFC"
2023-12-22,5d,>=5%,20,3,15.0,"POLYCAB, RECLTD, PFC"
2023-12-26,5d,>=5%,20,1,5.0,POLYCAB
2023-12-27,5d,>=5%,20,3,15.0,"RECLTD, BSE, PFC"
2024-01-01,5d,>=5%,20,2,10.0,"BSE, BSOFT"
2024-01-02,5d,>=5%,20,1,5.0,BSOFT
2024-01-03,5d,>=5%,20,2,10.0,"ZENSARTECH, BSOFT"
2024-01-04,5d,>=5%,20,1,5.0,ZENSARTECH
2024-01-08,5d,>=5%,20,1,5.0,ZENSARTECH
2024-01-09,5d,>=5%,20,2,10.0,"POLYCAB, ZENSARTECH"
2024-01-10,5d,>=5%,20,1,5.0,POLYCAB
2024-01-11,5d,>=5%,20,2,10.0,"POLYCAB, CYIENT"
2024-01-12,5d,>=5%,20,1,5.0,POLYCAB
2024-01-15,5d,>=5%,20,1,5.0,POLYCAB
2024-01-16,5d,>=5%,20,1,5.0,POLYCAB
2024-01-17,5d,>=5%,20,4,20.0,"POLYCAB, PRESTIGE, SUZLON, JSL"
2024-01-18,5d,>=5%,20,3,15.0,"KALYANKJIL, PRESTIGE, JSL"
2024-01-19,5d,>=5%,20,3,15.0,"KALYANKJIL, PRESTIGE, SUZLON"
2024-01-20,5d,>=5%,20,1,5.0,KALYANKJIL
2024-01-23,5d,>=5%,20,5,25.0,"PRESTIGE, ZENSARTECH, BSE, JSL, CYIENT"
2024-01-24,5d,>=5%,20,4,20.0,"PRESTIGE, BSE, JSL, CYIENT"
2024-01-25,5d,>=5%,20,4,20.0,"PRESTIGE, BSE, JSL, CYIENT"
2024-01-29,5d,>=5%,20,3,15.0,"BSE, JSL, CYIENT"
2024-01-30,5d,>=5%,20,2,10.0,"PRESTIGE, CYIENT"
2024-01-31,5d,>=5%,20,1,5.0,CYIENT
2024-02-01,5d,>=5%,20,4,20.0,"KALYANKJIL, AUROPHARMA, CYIENT, LT"
2024-02-02,5d,>=5%,20,2,10.0,"AUROPHARMA, LT"
2024-02-05,5d,>=5%,20,3,15.0,"AUROPHARMA, TRENT, LT"
2024-02-06,5d,>=5%,20,1,5.0,AUROPHARMA
2024-02-07,5d,>=5%,20,1,5.0,AUROPHARMA
2024-02-08,5d,>=5%,20,1,5.0,AUROPHARMA
2024-02-09,5d,>=5%,20,1,5.0,AUROPHARMA
2024-02-12,5d,>=5%,20,9,45.0,"RECLTD, IRFC, NTPC, BSE, PFC, SUZLON, HUDCO, NBCC, NLCINDIA"
2024-02-13,5d,>=5%,20,8,40.0,"RECLTD, PRESTIGE, BSE, PFC, SUZLON, HUDCO, NBCC, NLCINDIA"
2024-02-14,5d,>=5%,20,8,40.0,"RECLTD, IRFC, PRESTIGE, BSE, PFC, SUZLON, NBCC, NLCINDIA"
2024-02-15,5d,>=5%,20,5,25.0,"RECLTD, PRESTIGE, BSE, PFC, NBCC"
2024-02-16,5d,>=5%,20,2,10.0,"BSE, NBCC"
2024-02-21,5d,>=5%,20,3,15.0,"RECLTD, BSE, PFC"
2024-02-22,5d,>=5%,20,1,5.0,BSE
2024-02-26,5d,>=5%,20,5,25.0,"BSOFT, TRENT, SUZLON, JBMA, NLCINDIA"
2024-02-27,5d,>=5%,20,3,15.0,"RECLTD, PFC, NLCINDIA"
2024-02-28,5d,>=5%,20,5,25.0,"RECLTD, PFC, JBMA, NBCC, NLCINDIA"
2024-02-29,5d,>=5%,20,4,20.0,"BSOFT, NBCC, BAJAJ-AUTO, NLCINDIA"
2024-03-01,5d,>=5%,20,4,20.0,"PRESTIGE, NBCC, CHALET, NLCINDIA"
2024-03-04,5d,>=5%,20,1,5.0,JBMA
2024-03-05,5d,>=5%,20,2,10.0,"SUZLON, JBMA"
2024-03-06,5d,>=5%,20,4,20.0,"SUZLON, JBMA, NBCC, CHALET"
2024-03-07,5d,>=5%,20,3,15.0,"SUZLON, JBMA, CHALET"
2024-03-11,5d,>=5%,20,7,35.0,"ETERNAL, IRFC, BSE, SUZLON, JBMA, NBCC, CHALET"
2024-03-12,5d,>=5%,20,8,40.0,"ETERNAL, IRFC, BSE, SUZLON, HUDCO, JBMA, NBCC, CHALET"
2024-03-13,5d,>=5%,20,13,65.0,"TVSMOTOR, HAL, ETERNAL, IRFC, PRESTIGE, AUROPHARMA, NTPC, BSE, SUZLON, HUDCO, JBMA, NBCC, CHALET"
2024-03-14,5d,>=5%,20,9,45.0,"TVSMOTOR, ETERNAL, PRESTIGE, NTPC, BSE, PFC, HUDCO, NBCC, CHALET"
2024-03-15,5d,>=5%,20,12,60.0,"RECLTD, TVSMOTOR, HAL, PRESTIGE, AUROPHARMA, NTPC, BSE, PFC, HUDCO, NBCC, BAJAJ-AUTO, TMPV"
2024-03-18,5d,>=5%,20,11,55.0,"RECLTD, TVSMOTOR, HAL, PRESTIGE, NTPC, BSE, PFC, BSOFT, HUDCO, NBCC, TMPV"
2024-03-19,5d,>=5%,20,12,60.0,"RECLTD, TVSMOTOR, HAL, PRESTIGE, AUROPHARMA, NTPC, BSE, PFC, BSOFT, SUZLON, NBCC, TMPV"
2024-03-20,5d,>=5%,20,4,20.0,"RECLTD, TVSMOTOR, PRESTIGE, PFC"
2024-03-22,5d,>=5%,20,1,5.0,SUZLON
2024-03-27,5d,>=5%,20,1,5.0,JBMA
2024-04-08,5d,>=5%,20,1,5.0,CHALET
2024-04-09,5d,>=5%,20,1,5.0,BSOFT
2024-04-10,5d,>=5%,20,1,5.0,RECLTD
2024-04-12,5d,>=5%,20,3,15.0,"RECLTD, PRESTIGE, BSOFT"
2024-04-15,5d,>=5%,20,6,30.0,"RECLTD, IRFC, PRESTIGE, PFC, BSOFT, NBCC"
2024-04-16,5d,>=5%,20,5,25.0,"RECLTD, TVSMOTOR, PRESTIGE, HUDCO, NBCC"
2024-04-18,5d,>=5%,20,4,20.0,"TVSMOTOR, HUDCO, DLF, NBCC"
2024-04-19,5d,>=5%,20,7,35.0,"RECLTD, TVSMOTOR, BSOFT, SUZLON, HUDCO, DLF, NBCC"
2024-04-22,5d,>=5%,20,4,20.0,"TVSMOTOR, NTPC, BSOFT, NBCC"
2024-04-23,5d,>=5%,20,1,5.0,BSOFT
2024-04-24,5d,>=5%,20,1,5.0,BSOFT
2024-04-25,5d,>=5%,20,1,5.0,BSOFT
2024-04-30,5d,>=5%,20,1,5.0,BSE
2024-05-02,5d,>=5%,20,1,5.0,BSE
2024-05-03,5d,>=5%,20,1,5.0,BSE
2024-05-06,5d,>=5%,20,3,15.0,"BSE, BSOFT, HUDCO"
2024-05-07,5d,>=5%,20,4,20.0,"HAL, IRFC, BSOFT, HUDCO"
2024-05-08,5d,>=5%,20,1,5.0,BSOFT
2024-05-09,5d,>=5%,20,9,45.0,"RECLTD, IRFC, NTPC, BSE, PFC, BSOFT, TRENT, SUZLON, CHALET"
2024-05-10,5d,>=5%,20,5,25.0,"RECLTD, IRFC, BSE, PFC, BSOFT"
2024-05-13,5d,>=5%,20,6,30.0,"IRFC, BSE, BSOFT, MOTILALOFS, CHALET, TMPV"
2024-05-14,5d,>=5%,20,1,5.0,CHALET
2024-05-15,5d,>=5%,20,2,10.0,"CHALET, TMPV"
2024-05-16,5d,>=5%,20,1,5.0,TMPV
2024-05-17,5d,>=5%,20,2,10.0,"CHALET, TMPV"
2024-05-22,5d,>=5%,20,1,5.0,BSE
2024-05-23,5d,>=5%,20,1,5.0,BSE
2024-05-24,5d,>=5%,20,1,5.0,ETERNAL
2024-05-27,5d,>=5%,20,2,10.0,"ETERNAL, MOTILALOFS"
2024-05-28,5d,>=5%,20,2,10.0,"HUDCO, BHEL"
2024-05-29,5d,>=5%,20,2,10.0,"PRESTIGE, LUPIN"
2024-05-30,5d,>=5%,20,3,15.0,"IRFC, PRESTIGE, SUZLON"
2024-06-04,5d,>=5%,20,11,55.0,"RECLTD, KALYANKJIL, HAL, ETERNAL, IRFC, NTPC, BSE, PFC, HUDCO, MOTILALOFS, BHEL"
2024-06-05,5d,>=5%,20,7,35.0,"RECLTD, HAL, IRFC, NTPC, PFC, HUDCO, BHEL"
2024-06-06,5d,>=5%,20,3,15.0,"RECLTD, HAL, PFC"
2024-06-07,5d,>=5%,20,2,10.0,"RECLTD, HUDCO"
2024-06-10,5d,>=5%,20,8,40.0,"RECLTD, HAL, IRFC, NTPC, PFC, SUZLON, HUDCO, BHEL"
2024-06-21,5d,>=5%,20,1,5.0,BSE
2024-06-24,5d,>=5%,20,2,10.0,"SOBHA, BSE"
2024-06-25,5d,>=5%,20,3,15.0,"SOBHA, COCHINSHIP, BSE"
2024-06-26,5d,>=5%,20,2,10.0,"BSE, MOTILALOFS"
2024-06-27,5d,>=5%,20,2,10.0,"PRESTIGE, MOTILALOFS"
2024-06-28,5d,>=5%,20,1,5.0,MOTILALOFS
2024-07-01,5d,>=5%,20,2,10.0,"PRESTIGE, MOTILALOFS"
2024-07-02,5d,>=5%,20,2,10.0,"PRESTIGE, MOTILALOFS"
2024-07-03,5d,>=5%,20,2,10.0,"PRESTIGE, MOTILALOFS"
2024-07-04,5d,>=5%,20,1,5.0,MOTILALOFS
2024-07-05,5d,>=5%,20,2,10.0,"BSE, MOTILALOFS"
2024-07-08,5d,>=5%,20,2,10.0,"BSE, MOTILALOFS"
2024-07-09,5d,>=5%,20,1,5.0,BSE
2024-07-10,5d,>=5%,20,1,5.0,BSE
2024-07-11,5d,>=5%,20,1,5.0,BSE
2024-07-15,5d,>=5%,20,1,5.0,SOBHA
2024-07-18,5d,>=5%,20,2,10.0,"HAL, BHEL"
2024-07-19,5d,>=5%,20,10,50.0,"RECLTD, APARINDS, HAL, SOBHA, COCHINSHIP, PFC, TRENT, DIXON, HUDCO, BHEL"
2024-07-22,5d,>=5%,20,9,45.0,"APARINDS, HAL, SOBHA, IRFC, COCHINSHIP, BSE, TRENT, DIXON, BHEL"
2024-07-23,5d,>=5%,20,12,60.0,"RECLTD, APARINDS, HAL, SOBHA, IRFC, COCHINSHIP, BSE, PFC, TRENT, DIXON, HUDCO, BHEL"
2024-07-24,5d,>=5%,20,9,45.0,"APARINDS, HAL, MOTHERSON, SOBHA, IRFC, COCHINSHIP, TRENT, DIXON, HUDCO"
2024-07-25,5d,>=5%,20,5,25.0,"APARINDS, MOTHERSON, IRFC, COCHINSHIP, DIXON"
2024-07-26,5d,>=5%,20,1,5.0,IRFC
2024-08-01,5d,>=5%,20,1,5.0,PRESTIGE
2024-08-02,5d,>=5%,20,1,5.0,PRESTIGE
2024-08-05,5d,>=5%,20,10,50.0,"RECLTD, APARINDS, HAL, MOTHERSON, IRFC, COCHINSHIP, PRESTIGE, PFC, HUDCO, BHEL"
2024-08-06,5d,>=5%,20,11,55.0,"RECLTD, APARINDS, KALYANKJIL, HAL, IRFC, COCHINSHIP, PRESTIGE, TRENT, DIXON, HUDCO, BHEL"
2024-08-07,5d,>=5%,20,8,40.0,"RECLTD, APARINDS, KALYANKJIL, IRFC, COCHINSHIP, PRESTIGE, BSE, TRENT"
2024-08-08,5d,>=5%,20,4,20.0,"RECLTD, APARINDS, COCHINSHIP, HUDCO"
2024-08-09,5d,>=5%,20,2,10.0,"IRFC, COCHINSHIP"
2024-08-14,5d,>=5%,20,3,15.0,"TORNTPOWER, ZYDUSLIFE, COCHINSHIP"
2024-08-16,5d,>=5%,20,1,5.0,ZYDUSLIFE
2024-08-19,5d,>=5%,20,3,15.0,"TORNTPOWER, ZYDUSLIFE, COCHINSHIP"
2024-08-20,5d,>=5%,20,2,10.0,"COCHINSHIP, HUDCO"
2024-08-22,5d,>=5%,20,1,5.0,COCHINSHIP
2024-08-23,5d,>=5%,20,2,10.0,"COCHINSHIP, PRESTIGE"
2024-08-26,5d,>=5%,20,2,10.0,"ZYDUSLIFE, SUZLON"
2024-08-27,5d,>=5%,20,2,10.0,"TORNTPOWER, ZYDUSLIFE"
2024-08-28,5d,>=5%,20,1,5.0,ZYDUSLIFE
2024-08-29,5d,>=5%,20,2,10.0,"ZYDUSLIFE, COCHINSHIP"
2024-08-30,5d,>=5%,20,1,5.0,COCHINSHIP
2024-09-02,5d,>=5%,20,3,15.0,"ETERNAL, COCHINSHIP, DIXON"
2024-09-03,5d,>=5%,20,1,5.0,COCHINSHIP
2024-09-04,5d,>=5%,20,4,20.0,"OIL, SUZLON, HUDCO, BHEL"
2024-09-05,5d,>=5%,20,4,20.0,"OIL, DIXON, HUDCO, BHEL"
2024-09-06,5d,>=5%,20,5,25.0,"RVNL, OIL, DIXON, HUDCO, BHEL"
2024-09-09,5d,>=5%,20,6,30.0,"TORNTPOWER, RVNL, IRFC, OIL, HUDCO, BHEL"
2024-09-10,5d,>=5%,20,2,10.0,"RVNL, OIL"
2024-09-11,5d,>=5%,20,5,25.0,"HAL, RVNL, IRFC, COCHINSHIP, OIL"
2024-09-12,5d,>=5%,20,3,15.0,"RVNL, COCHINSHIP, OIL"
2024-09-13,5d,>=5%,20,1,5.0,OIL
2024-09-16,5d,>=5%,20,1,5.0,GRANULES
2024-09-17,5d,>=5%,20,3,15.0,"RVNL, IRFC, GRANULES"
2024-09-18,5d,>=5%,20,2,10.0,"RVNL, GRANULES"
2024-09-19,5d,>=5%,20,4,20.0,"HAL, RVNL, IRFC, COCHINSHIP"
2024-09-20,5d,>=5%,20,1,5.0,HAL
2024-09-27,5d,>=5%,20,1,5.0,COCHINSHIP
2024-09-30,5d,>=5%,20,2,10.0,"ETERNAL, HEROMOTOCO"
2024-10-01,5d,>=5%,20,3,15.0,"ETERNAL, COCHINSHIP, HEROMOTOCO"
2024-10-03,5d,>=5%,20,4,20.0,"ETERNAL, OIL, SUZLON, HEROMOTOCO"
2024-10-04,5d,>=5%,20,6,30.0,"RVNL, BHARTIARTL, TRENT, SUZLON, HEROMOTOCO, BAJAJ-AUTO"
2024-10-07,5d,>=5%,20,10,50.0,"TORNTPOWER, HAL, RVNL, IRFC, COCHINSHIP, PRESTIGE, OIL, SUZLON, HEROMOTOCO, BAJAJ-AUTO"
2024-10-08,5d,>=5%,20,1,5.0,SUZLON
2024-10-10,5d,>=5%,20,1,5.0,COLPAL
2024-10-15,5d,>=5%,20,1,5.0,COLPAL
2024-10-16,5d,>=5%,20,3,15.0,"OIL, TRENT, COLPAL"
2024-10-17,5d,>=5%,20,4,20.0,"PCBL, OIL, COLPAL, BAJAJ-AUTO"
2024-10-18,5d,>=5%,20,6,30.0,"ETERNAL, PCBL, OIL, TRENT, COLPAL, BAJAJ-AUTO"
2024-10-21,5d,>=5%,20,11,55.0,"POWERINDIA, KALYANKJIL, VEDL, ETERNAL, PCBL, PRESTIGE, OIL, TRENT, COLPAL, HEROMOTOCO, BAJAJ-AUTO"
2024-10-22,5d,>=5%,20,13,65.0,"POWERINDIA, KALYANKJIL, HAL, VEDL, ETERNAL, PCBL, PRESTIGE, OIL, LUPIN, TRENT, SUZLON, HEROMOTOCO, BAJAJ-AUTO"
2024-10-23,5d,>=5%,20,10,50.0,"POWERINDIA, KALYANKJIL, HAL, VEDL, TORNTPHARM, PCBL, PRESTIGE, LUPIN, SUZLON, BAJAJ-AUTO"
2024-10-24,5d,>=5%,20,6,30.0,"POWERINDIA, HAL, ETERNAL, PCBL, PRESTIGE, SUZLON"
2024-10-25,5d,>=5%,20,10,50.0,"POWERINDIA, KALYANKJIL, HAL, VEDL, PCBL, OIL, TRENT, SUZLON, DIXON, COLPAL"
2024-10-28,5d,>=5%,20,8,40.0,"POWERINDIA, TORNTPOWER, HAL, PRESTIGE, OIL, DIXON, COLPAL, HEROMOTOCO"
2024-10-29,5d,>=5%,20,5,25.0,"TORNTPOWER, PRESTIGE, OIL, COLPAL, HEROMOTOCO"
2024-10-30,5d,>=5%,20,8,40.0,"TORNTPOWER, TORNTPHARM, ETERNAL, PCBL, OIL, DIXON, COLPAL, BAJAJ-AUTO"
2024-10-31,5d,>=5%,20,5,25.0,"TORNTPOWER, KALYANKJIL, PCBL, OIL, DIXON"
2024-11-01,5d,>=5%,20,2,10.0,"TORNTPOWER, TORNTPHARM"
2024-11-04,5d,>=5%,20,2,10.0,"PCBL, SUZLON"
2024-11-05,5d,>=5%,20,2,10.0,"TORNTPOWER, TRENT"
2024-11-07,5d,>=5%,20,1,5.0,TRENT
2024-11-08,5d,>=5%,20,2,10.0,"TORNTPOWER, TRENT"
2024-11-11,5d,>=5%,20,3,15.0,"TORNTPOWER, TRENT, COHANCE"
2024-11-12,5d,>=5%,20,7,35.0,"POWERINDIA, VEDL, GLENMARK, TRENT, COHANCE, MCX, PPLPHARMA"
2024-11-13,5d,>=5%,20,12,60.0,"POWERINDIA, TORNTPOWER, HAL, VEDL, GLENMARK, LUPIN, TRENT, DIXON, JUBLPHARMA, BAJAJ-AUTO, MCX, PPLPHARMA"
2024-11-14,5d,>=5%,20,10,50.0,"POWERINDIA, TORNTPOWER, KALYANKJIL, HAL, VEDL, GLENMARK, DIXON, JUBLPHARMA, MCX, PPLPHARMA"
2024-11-18,5d,>=5%,20,9,45.0,"POWERINDIA, TORNTPOWER, HAL, GLENMARK, DIXON, JUBLPHARMA, MOTILALOFS, MCX, PPLPHARMA"
2025-06-16,5d,>=5%,20,5,25.0,"COROMANDEL, BSE, PAYTM, GRSE, MAZDOCK"
2025-06-17,5d,>=5%,20,2,10.0,"BSE, PAYTM"
2025-06-18,5d,>=5%,20,2,10.0,"BSE, PAYTM"
2025-06-19,5d,>=5%,20,1,5.0,BSE
2025-06-20,5d,>=5%,20,3,15.0,"ERIS, JKCEMENT, KIMS"
2025-06-23,5d,>=5%,20,3,15.0,"ERIS, JKCEMENT, KIMS"
2025-06-24,5d,>=5%,20,1,5.0,ERIS
2025-06-25,5d,>=5%,20,2,10.0,"ERIS, GRSE"
2025-06-26,5d,>=5%,20,1,5.0,ERIS
2025-06-27,5d,>=5%,20,1,5.0,GRSE
2025-06-30,5d,>=5%,20,1,5.0,GRSE
2025-07-01,5d,>=5%,20,2,10.0,"FSL, GRSE"
2025-07-02,5d,>=5%,20,2,10.0,"FSL, RADICO"
2025-07-04,5d,>=5%,20,2,10.0,"COROMANDEL, BSE"
2025-07-07,5d,>=5%,20,3,15.0,"DEEPAKFERT, SOLARINDS, COROMANDEL"
2025-07-08,5d,>=5%,20,5,25.0,"DEEPAKFERT, LLOYDSME, COROMANDEL, BSE, MCX"
2025-07-09,5d,>=5%,20,3,15.0,"DEEPAKFERT, BSE, MCX"
2025-07-10,5d,>=5%,20,5,25.0,"DEEPAKFERT, SOLARINDS, BSE, ASTERDM, MCX"
2025-07-11,5d,>=5%,20,4,20.0,"DEEPAKFERT, SOLARINDS, BSE, MCX"
2025-07-14,5d,>=5%,20,4,20.0,"FSL, SOLARINDS, BSE, MCX"
2025-07-15,5d,>=5%,20,1,5.0,SOLARINDS
2025-07-16,5d,>=5%,20,1,5.0,SOLARINDS
2025-07-21,5d,>=5%,20,1,5.0,NH
2025-07-24,5d,>=5%,20,1,5.0,COFORGE
2025-07-25,5d,>=5%,20,1,5.0,COFORGE
2025-07-28,5d,>=5%,20,4,20.0,"DEEPAKFERT, FSL, COFORGE, MCX"
2025-07-29,5d,>=5%,20,2,10.0,"FSL, COFORGE"
2025-07-30,5d,>=5%,20,2,10.0,"COFORGE, MCX"
2025-07-31,5d,>=5%,20,1,5.0,MCX
2025-08-01,5d,>=5%,20,1,5.0,MCX
2025-08-04,5d,>=5%,20,1,5.0,NH
2025-08-05,5d,>=5%,20,2,10.0,"NH, LAURUSLABS"
2025-08-06,5d,>=5%,20,5,25.0,"ERIS, NH, LAURUSLABS, COROMANDEL, DIVISLAB"
2025-08-07,5d,>=5%,20,5,25.0,"DEEPAKFERT, ERIS, NH, COROMANDEL, DIVISLAB"
2025-08-08,5d,>=5%,20,5,25.0,"DEEPAKFERT, NH, COROMANDEL, DIVISLAB, KIMS"
2025-08-11,5d,>=5%,20,4,20.0,"LLOYDSME, RAMCOCEM, DIVISLAB, AMBER"
2025-08-12,5d,>=5%,20,6,30.0,"DEEPAKFERT, ERIS, RAMCOCEM, COROMANDEL, DIVISLAB, AMBER"
2025-08-13,5d,>=5%,20,5,25.0,"DEEPAKFERT, RAMCOCEM, COROMANDEL, GODFRYPHLP, AMBER"
2025-08-14,5d,>=5%,20,2,10.0,"RAMCOCEM, AMBER"
2025-08-21,5d,>=5%,20,1,5.0,BSE
2025-08-22,5d,>=5%,20,1,5.0,BSE
2025-08-25,5d,>=5%,20,2,10.0,"BAJAJHLDNG, BSE"
2025-08-26,5d,>=5%,20,5,25.0,"LLOYDSME, BAJAJHLDNG, BSE, JKCEMENT, MCX"
2025-08-28,5d,>=5%,20,7,35.0,"LLOYDSME, RAMCOCEM, FORTIS, COROMANDEL, BSE, JKCEMENT, MCX"
2025-08-29,5d,>=5%,20,7,35.0,"DEEPAKFERT, LLOYDSME, RAMCOCEM, BAJAJHLDNG, NH, BSE, MCX"
2025-09-01,5d,>=5%,20,3,15.0,"DEEPAKFERT, BAJAJHLDNG, BSE"
2026-05-11,5d,>=5%,20,1,5.0,GMDCLTD
2026-05-12,5d,>=5%,20,8,40.0,"POWERINDIA, KIRLOSENG, GLENMARK, ABCAPITAL, ADANIPOWER, GMDCLTD, GVT&D, SCHNEIDER"
2026-05-13,5d,>=5%,20,5,25.0,"KIRLOSENG, NETWEB, ABCAPITAL, ADANIPOWER, GMDCLTD"
2026-05-14,5d,>=5%,20,6,30.0,"POWERINDIA, KIRLOSENG, NETWEB, ABCAPITAL, GMDCLTD, GVT&D"
2026-05-15,5d,>=5%,20,3,15.0,"NETWEB, GVT&D, SCHNEIDER"
2026-05-18,5d,>=5%,20,3,15.0,"APARINDS, NETWEB, SCHNEIDER"
2026-05-19,5d,>=5%,20,1,5.0,NETWEB
2026-05-20,5d,>=5%,20,1,5.0,HINDCOPPER
2026-05-21,5d,>=5%,20,1,5.0,HINDCOPPER
2026-05-25,5d,>=5%,20,1,5.0,HINDCOPPER
2026-05-27,5d,>=5%,20,2,10.0,"GESHIP, MCX"
2026-05-29,5d,>=5%,20,2,10.0,"GESHIP, MCX"
2026-06-01,5d,>=5%,20,2,10.0,"GESHIP, MCX"
2026-06-02,5d,>=5%,20,4,20.0,"GESHIP, GLENMARK, SCHNEIDER, MCX"
2026-06-03,5d,>=5%,20,4,20.0,"GESHIP, GLENMARK, SCHNEIDER, MCX"
2026-06-04,5d,>=5%,20,5,25.0,"VEDL, GLENMARK, ADANIPOWER, SCHNEIDER, MCX"
2026-06-05,5d,>=5%,20,4,20.0,"VEDL, NATIONALUM, SCHNEIDER, MCX"
2026-06-08,5d,>=5%,20,7,35.0,"HINDALCO, HINDCOPPER, VEDL, NETWEB, NATIONALUM, GMDCLTD, SCHNEIDER"
2026-06-09,5d,>=5%,20,5,25.0,"HINDALCO, VEDL, NETWEB, NATIONALUM, GMDCLTD"
2026-06-10,5d,>=5%,20,9,45.0,"POWERINDIA, HINDALCO, HINDCOPPER, GESHIP, VEDL, NETWEB, NATIONALUM, ADANIPOWER, GMDCLTD"
2026-06-11,5d,>=5%,20,11,55.0,"POWERINDIA, HINDALCO, HINDCOPPER, GESHIP, KIRLOSENG, VEDL, NETWEB, NATIONALUM, ADANIPOWER, GMDCLTD, GVT&D"
2026-06-12,5d,>=5%,20,4,20.0,"POWERINDIA, HINDALCO, GESHIP, GMDCLTD"
2026-06-16,5d,>=5%,20,1,5.0,HINDALCO
2026-06-23,5d,>=5%,20,1,5.0,VEDL
2026-06-24,5d,>=5%,20,3,15.0,"POWERINDIA, VEDL, NATIONALUM"
2026-06-25,5d,>=5%,20,5,25.0,"POWERINDIA, HINDALCO, VEDL, NATIONALUM, GMDCLTD"
2026-06-29,5d,>=5%,20,7,35.0,"POWERINDIA, VEDL, NETWEB, NATIONALUM, GMDCLTD, GVT&D, CUMMINSIND"
2026-06-30,5d,>=5%,20,7,35.0,"POWERINDIA, HINDALCO, VEDL, NETWEB, NATIONALUM, GMDCLTD, GVT&D"
2026-07-01,5d,>=5%,20,6,30.0,"POWERINDIA, APARINDS, KIRLOSENG, NETWEB, NATIONALUM, GVT&D"
2026-07-02,5d,>=5%,20,4,20.0,"APARINDS, GESHIP, KIRLOSENG, NETWEB"
2026-07-03,5d,>=5%,20,5,25.0,"POWERINDIA, APARINDS, KIRLOSENG, NETWEB, GVT&D"
2026-07-06,5d,>=5%,20,6,30.0,"POWERINDIA, APARINDS, GESHIP, KIRLOSENG, GVT&D, MCX"
2026-07-07,5d,>=5%,20,4,20.0,"APARINDS, NETWEB, GVT&D, MCX"
2026-07-08,5d,>=5%,20,4,20.0,"APARINDS, NETWEB, GVT&D, MCX"
2026-07-09,5d,>=5%,20,1,5.0,APARINDS
2026-07-14,5d,>=5%,20,1,5.0,HFCL
2026-07-17,5d,>=5%,20,4,20.0,"SYRMA, KIRLOSENG, VEDL, GVT&D"
2026-07-20,5d,>=5%,20,3,15.0,"SYRMA, KIRLOSENG, NETWEB"
2026-07-21,5d,>=5%,20,2,10.0,"KIRLOSENG, NATIONALUM"
2026-07-22,5d,>=5%,20,2,10.0,"KIRLOSENG, NATIONALUM"
2026-07-23,5d,>=5%,20,5,25.0,"HFCL, APARINDS, KIRLOSENG, GVT&D, GRANULES"
2026-07-24,5d,>=5%,20,4,20.0,"SYRMA, HFCL, GVT&D, GRANULES"
2026-07-27,5d,>=5%,20,2,10.0,"HFCL, GVT&D"
2026-07-28,5d,>=5%,20,4,20.0,"HFCL, ADANIENSOL, ADANIPOWER, GVT&D"
2026-07-29,5d,>=5%,20,2,10.0,"HFCL, GVT&D"
2026-07-30,5d,>=5%,20,1,5.0,HFCL
2026-08-10,5d,>=5%,20,1,5.0,BHARATFORG
2026-08-11,5d,>=5%,20,2,10.0,"KIRLOSENG, BHARATFORG"
2026-08-12,5d,>=5%,20,2,10.0,"KIRLOSENG, BHARATFORG"
2026-08-13,5d,>=5%,20,2,10.0,"KIRLOSENG, BHARATFORG"
2026-08-14,5d,>=5%,20,1,5.0,BHARATFORG
2026-08-19,5d,>=5%,20,2,10.0,"APARINDS, NATIONALUM"
2026-08-21,5d,>=5%,20,1,5.0,CUMMINSIND
2026-08-25,5d,>=5%,20,1,5.0,HINDCOPPER
2026-08-28,5d,>=5%,20,1,5.0,HINDCOPPER
2026-08-31,5d,>=5%,20,3,15.0,"HINDCOPPER, ADANIENSOL, NATIONALUM"
2026-09-01,5d,>=5%,20,2,10.0,"ADANIENSOL, NATIONALUM"
2026-09-02,5d,>=5%,20,4,20.0,"HINDCOPPER, VEDL, ADANIENSOL, NATIONALUM"
2026-09-03,5d,>=5%,20,2,10.0,"HFCL, ADANIENSOL"
2026-09-04,5d,>=5%,20,5,25.0,"HFCL, VEDL, LAURUSLABS, ADANIENSOL, NATIONALUM"
2007-09-27,5d,>=7%,20,1,5.0,TFCILTD
2007-10-01,5d,>=7%,20,1,5.0,JINDALSTEL
2007-10-05,5d,>=7%,20,2,10.0,"RAJESHEXPO, TFCILTD"
2007-10-08,5d,>=7%,20,2,10.0,"PRAJIND, TFCILTD"
2007-10-09,5d,>=7%,20,3,15.0,"APTECHT, PRAJIND, TFCILTD"
2007-10-10,5d,>=7%,20,2,10.0,"APTECHT, TFCILTD"
2007-10-11,5d,>=7%,20,3,15.0,"BLUESTARCO, APTECHT, PRAJIND"
2007-10-12,5d,>=7%,20,1,5.0,CRISIL
2007-10-17,5d,>=7%,20,3,15.0,"PRAJIND, CRISIL, RAJESHEXPO"
2007-10-18,5d,>=7%,20,8,40.0,"ADANIENT, APTECHT, BHARTIARTL, PRAJIND, CRISIL, KOTAKBANK, RAJESHEXPO, LT"
2007-10-19,5d,>=7%,20,11,55.0,"ADANIENT, APTECHT, BHARTIARTL, PRAJIND, SOUTHBANK, JINDALSTEL, CRISIL, KOTAKBANK, TFCILTD, UNITDSPR, LT"
2007-10-22,5d,>=7%,20,14,70.0,"JSWSTEEL, ADANIENT, APTECHT, BHARTIARTL, RELIANCE, PRAJIND, SOUTHBANK, JINDALSTEL, CRISIL, KOTAKBANK, ABAN, TFCILTD, UNITDSPR, LT"
2007-10-23,5d,>=7%,20,5,25.0,"BHARTIARTL, PRAJIND, GMDCLTD, CRISIL, TFCILTD"
2007-10-24,5d,>=7%,20,2,10.0,"BHARTIARTL, GMDCLTD"
2007-11-01,5d,>=7%,20,2,10.0,"BHARTIARTL, TFCILTD"
2007-11-02,5d,>=7%,20,2,10.0,"BHARTIARTL, TFCILTD"
2007-11-05,5d,>=7%,20,3,15.0,"PRAJIND, CRISIL, UNITDSPR"
2007-11-06,5d,>=7%,20,1,5.0,UNITDSPR
2007-11-07,5d,>=7%,20,1,5.0,DIVISLAB
2007-11-08,5d,>=7%,20,1,5.0,JINDALSTEL
2007-11-09,5d,>=7%,20,3,15.0,"JINDALSTEL, DIVISLAB, LT"
2007-11-12,5d,>=7%,20,3,15.0,"RIIL, JINDALSTEL, DIVISLAB"
2007-11-13,5d,>=7%,20,2,10.0,"RIIL, JINDALSTEL"
2007-11-14,5d,>=7%,20,1,5.0,RIIL
2007-11-16,5d,>=7%,20,1,5.0,GMDCLTD
2007-11-21,5d,>=7%,20,8,40.0,"RELINFRA, VEDL, WELCORP, GMDCLTD, JINDALSTEL, ABAN, UNITDSPR, LT"
2007-11-22,5d,>=7%,20,9,45.0,"STCINDIA, ABB, RELINFRA, VEDL, WELCORP, GMDCLTD, ABAN, UNITDSPR, LT"
2007-11-23,5d,>=7%,20,6,30.0,"STCINDIA, VEDL, RIIL, GMDCLTD, ABAN, THERMAX"
2007-11-26,5d,>=7%,20,5,25.0,"STCINDIA, VEDL, RIIL, GMDCLTD, THERMAX"
2007-11-27,5d,>=7%,20,4,20.0,"STCINDIA, GMDCLTD, ABAN, THERMAX"
2007-11-28,5d,>=7%,20,2,10.0,"STCINDIA, GMDCLTD"
2007-11-29,5d,>=7%,20,1,5.0,STCINDIA
2007-11-30,5d,>=7%,20,1,5.0,STCINDIA
2007-12-03,5d,>=7%,20,1,5.0,ADANIENT
2007-12-10,5d,>=7%,20,1,5.0,STCINDIA
2007-12-11,5d,>=7%,20,1,5.0,RIIL
2007-12-12,5d,>=7%,20,2,10.0,"STCINDIA, GMDCLTD"
2007-12-13,5d,>=7%,20,1,5.0,STCINDIA
2007-12-14,5d,>=7%,20,1,5.0,STCINDIA
2007-12-17,5d,>=7%,20,3,15.0,"STCINDIA, KOTAKBANK, ABAN"
2007-12-18,5d,>=7%,20,7,35.0,"STCINDIA, RELINFRA, WELCORP, JINDALSTEL, KOTAKBANK, THERMAX, LT"
2007-12-19,5d,>=7%,20,7,35.0,"STCINDIA, ABB, WELCORP, JINDALSTEL, KOTAKBANK, ABAN, RAJESHEXPO"
2007-12-20,5d,>=7%,20,10,50.0,"STCINDIA, ABB, JSWSTEEL, SOUTHBANK, WELCORP, RIIL, JINDALSTEL, KOTAKBANK, ABAN, RAJESHEXPO"
2007-12-24,5d,>=7%,20,3,15.0,"ABB, JSWSTEEL, JINDALSTEL"
2008-01-09,5d,>=7%,20,3,15.0,"ADANIENT, VEDL, KOTAKBANK"
2008-01-10,5d,>=7%,20,6,30.0,"JSWSTEEL, ADANIENT, VEDL, SOUTHBANK, KOTAKBANK, DIVISLAB"
2008-01-11,5d,>=7%,20,9,45.0,"BLUESTARCO, STCINDIA, JSWSTEEL, ADANIENT, VEDL, SOUTHBANK, RIIL, JINDALSTEL, KOTAKBANK"
2008-01-14,5d,>=7%,20,7,35.0,"STCINDIA, ADANIENT, VEDL, SOUTHBANK, RIIL, KOTAKBANK, USHAMART"
2008-01-15,5d,>=7%,20,6,30.0,"STCINDIA, ADANIENT, VEDL, SOUTHBANK, RIIL, USHAMART"
2008-01-16,5d,>=7%,20,8,40.0,"STCINDIA, ADANIENT, RELINFRA, VEDL, SOUTHBANK, RIIL, USHAMART, LT"
2008-01-17,5d,>=7%,20,2,10.0,"BLUESTARCO, RELINFRA"
2008-01-18,5d,>=7%,20,9,45.0,"JSWSTEEL, RELINFRA, VEDL, RELIANCE, SOUTHBANK, KOTAKBANK, ABAN, DIVISLAB, USHAMART"
2008-01-21,5d,>=7%,20,17,85.0,"INDIAGLYCO, STCINDIA, JSWSTEEL, RELINFRA, VEDL, RELIANCE, SOUTHBANK, WELCORP, RIIL, GMDCLTD, JINDALSTEL, KOTAKBANK, ABAN, DIVISLAB, RAJESHEXPO, USHAMART, LT"
2008-01-22,5d,>=7%,20,20,100.0,"BLUESTARCO, INDIAGLYCO, STCINDIA, JSWSTEEL, ADANIENT, RELINFRA, VEDL, RELIANCE, SOUTHBANK, WELCORP, SHRIRAMFIN, RIIL, GMDCLTD, JINDALSTEL, KOTAKBANK, ABAN, DIVISLAB, RAJESHEXPO, USHAMART, LT"
2008-01-23,5d,>=7%,20,16,80.0,"INDIAGLYCO, STCINDIA, JSWSTEEL, ADANIENT, RELINFRA, VEDL, RELIANCE, SOUTHBANK, RIIL, GMDCLTD, JINDALSTEL, KOTAKBANK, ABAN, DIVISLAB, RAJESHEXPO, USHAMART"
2008-01-24,5d,>=7%,20,18,90.0,"INDIAGLYCO, STCINDIA, JSWSTEEL, ADANIENT, RELINFRA, VEDL, RELIANCE, SOUTHBANK, WELCORP, RIIL, GMDCLTD, JINDALSTEL, KOTAKBANK, ABAN, DIVISLAB, RAJESHEXPO, USHAMART, LT"
2008-01-25,5d,>=7%,20,12,60.0,"INDIAGLYCO, STCINDIA, JSWSTEEL, ADANIENT, SOUTHBANK, RIIL, GMDCLTD, JINDALSTEL, ABAN, DIVISLAB, RAJESHEXPO, USHAMART"
2008-01-28,5d,>=7%,20,5,25.0,"STCINDIA, ADANIENT, RIIL, GMDCLTD, USHAMART"
2009-04-21,5d,>=7%,17,2,11.764705882352942,"DSKULKARNI, MCLEODRUSS"
2009-04-22,5d,>=7%,17,5,29.41176470588235,"DSKULKARNI, FSL, MCLEODRUSS, EMBDL, IIFL"
2009-04-23,5d,>=7%,17,1,5.882352941176471,DONEAR
2009-04-27,5d,>=7%,17,2,11.764705882352942,"DONEAR, FSL"
2009-04-28,5d,>=7%,17,5,29.41176470588235,"NOIDATOLL, FSL, SHREECEM, EMBDL, ORIENTPPR"
2009-04-29,5d,>=7%,17,2,11.764705882352942,"DONEAR, ORIENTPPR"
2009-05-04,5d,>=7%,17,1,5.882352941176471,EMBDL
2009-05-05,5d,>=7%,17,1,5.882352941176471,JINDALPOLY
2009-05-06,5d,>=7%,17,1,5.882352941176471,JINDALPOLY
2009-05-08,5d,>=7%,17,1,5.882352941176471,JINDALPOLY
2009-05-11,5d,>=7%,17,3,17.647058823529413,"IDEA, UNIONBANK, ORIENTPPR"
2009-05-12,5d,>=7%,17,1,5.882352941176471,ORIENTPPR
2009-05-13,5d,>=7%,17,1,5.882352941176471,NIITLTD
2009-05-14,5d,>=7%,17,2,11.764705882352942,"NOIDATOLL, NIITLTD"
2009-05-25,5d,>=7%,17,1,5.882352941176471,HEROMOTOCO
2009-05-26,5d,>=7%,17,3,17.647058823529413,"IDEA, UNIONBANK, IIFL"
2009-05-27,5d,>=7%,17,1,5.882352941176471,PFC
2009-06-04,5d,>=7%,17,1,5.882352941176471,DONEAR
2009-06-05,5d,>=7%,17,1,5.882352941176471,DONEAR
2009-06-08,5d,>=7%,17,6,35.294117647058826,"DSKULKARNI, NOIDATOLL, DONEAR, MCLEODRUSS, EMBDL, IIFL"
2009-06-10,5d,>=7%,20,1,5.0,MUNJALSHOW
2009-06-11,5d,>=7%,20,2,10.0,"MUNJALSHOW, IIFL"
2009-06-12,5d,>=7%,20,2,10.0,"MUNJALSHOW, IIFL"
2009-06-15,5d,>=7%,20,2,10.0,"BERGEPAINT, IIFL"
2009-06-16,5d,>=7%,20,3,15.0,"BERGEPAINT, MUNJALSHOW, IIFL"
2009-06-17,5d,>=7%,20,6,30.0,"GODREJCP, MUNJALSHOW, COROMANDEL, IIFL, ONGC, BHEL"
2009-06-18,5d,>=7%,20,7,35.0,"BERGEPAINT, GODREJCP, COROMANDEL, IIFL, ONGC, BHEL, RALLIS"
2009-06-19,5d,>=7%,20,3,15.0,"IIFL, ONGC, RALLIS"
2009-06-22,5d,>=7%,20,6,30.0,"ENGINERSIN, GODREJCP, COROMANDEL, ONGC, RALLIS, ORIENTPPR"
2009-06-23,5d,>=7%,20,5,25.0,"COROMANDEL, PFC, ONGC, RALLIS, ORIENTPPR"
2009-06-24,5d,>=7%,20,2,10.0,"COROMANDEL, RALLIS"
2009-06-29,5d,>=7%,20,1,5.0,KSB
2009-06-30,5d,>=7%,20,1,5.0,GODREJCP
2009-07-03,5d,>=7%,20,1,5.0,RALLIS
2009-07-06,5d,>=7%,20,4,20.0,"ENGINERSIN, BANKBARODA, IIFL, ORIENTPPR"
2009-07-07,5d,>=7%,20,2,10.0,"ENGINERSIN, BANKBARODA"
2009-07-08,5d,>=7%,20,4,20.0,"ENGINERSIN, UNIONBANK, BANKBARODA, BHEL"
2009-07-09,5d,>=7%,20,7,35.0,"ENGINERSIN, UNIONBANK, MUNJALSHOW, BANKBARODA, COROMANDEL, PFC, ONGC"
2009-07-10,5d,>=7%,20,8,40.0,"ENGINERSIN, UNIONBANK, MUNJALSHOW, BANKBARODA, COROMANDEL, ONGC, LICHSGFIN, BHEL"
2009-07-13,5d,>=7%,20,4,20.0,"BANKBARODA, COROMANDEL, JAYSREETEA, ONGC"
2009-07-14,5d,>=7%,20,1,5.0,COROMANDEL
2009-07-24,5d,>=7%,20,1,5.0,IOC
2009-07-27,5d,>=7%,20,2,10.0,"UNIONBANK, LICHSGFIN"
2009-07-28,5d,>=7%,20,1,5.0,UNIONBANK
2009-07-29,5d,>=7%,20,1,5.0,UNIONBANK
2009-07-31,5d,>=7%,20,1,5.0,HEROMOTOCO
2009-08-06,5d,>=7%,20,1,5.0,HEROMOTOCO
2009-08-07,5d,>=7%,20,3,15.0,"PFC, MARUTI, HEROMOTOCO"
2009-08-10,5d,>=7%,20,8,40.0,"SHREECEM, MUNJALSHOW, BANKBARODA, JAYSREETEA, PFC, MARUTI, HEROMOTOCO, BHEL"
2009-08-11,5d,>=7%,20,6,30.0,"SHREECEM, GODREJCP, MUNJALSHOW, MARUTI, HEROMOTOCO, RALLIS"
2009-08-12,5d,>=7%,20,6,30.0,"SHREECEM, UNIONBANK, MUNJALSHOW, MARUTI, HEROMOTOCO, LICHSGFIN"
2009-08-13,5d,>=7%,20,1,5.0,UNIONBANK
2009-08-14,5d,>=7%,20,1,5.0,UNIONBANK
2009-08-20,5d,>=7%,20,1,5.0,MCLEODRUSS
2009-09-03,5d,>=7%,20,2,10.0,"ENGINERSIN, LUPIN"
2009-09-04,5d,>=7%,20,1,5.0,KSB
2009-10-01,5d,>=7%,20,1,5.0,LICHSGFIN
2009-10-05,5d,>=7%,20,1,5.0,MCLEODRUSS
2009-10-06,5d,>=7%,20,1,5.0,MCLEODRUSS
2009-10-07,5d,>=7%,20,1,5.0,MUNJALSHOW
2009-10-08,5d,>=7%,20,2,10.0,"EICHERMOT, MARUTI"
2009-10-09,5d,>=7%,20,2,10.0,"EICHERMOT, MARUTI"
2009-10-16,5d,>=7%,20,1,5.0,IOC
2009-10-26,5d,>=7%,20,3,15.0,"SHREECEM, UNIONBANK, SUPREMEIND"
2009-10-27,5d,>=7%,20,2,10.0,"SHREECEM, SUPREMEIND"
2009-10-28,5d,>=7%,20,2,10.0,"MUNJALSHOW, SUPREMEIND"
2009-10-29,5d,>=7%,20,4,20.0,"MUNJALSHOW, SUPREMEIND, MARUTI, LICHSGFIN"
2009-10-30,5d,>=7%,20,7,35.0,"MUNJALSHOW, AUROPHARMA, SUPREMEIND, MARUTI, JINDALSTEL, LICHSGFIN, RALLIS"
2009-11-03,5d,>=7%,20,8,40.0,"EICHERMOT, MUNJALSHOW, AUROPHARMA, PFC, JINDALSTEL, IOC, LICHSGFIN, RALLIS"
2009-11-04,5d,>=7%,20,1,5.0,MUNJALSHOW
2009-11-05,5d,>=7%,20,1,5.0,MUNJALSHOW
2009-11-06,5d,>=7%,20,1,5.0,MUNJALSHOW
2009-11-17,5d,>=7%,20,1,5.0,GODREJCP
2009-11-23,5d,>=7%,20,1,5.0,DHAMPURSUG
2009-11-24,5d,>=7%,20,1,5.0,DHAMPURSUG
2009-11-27,5d,>=7%,20,1,5.0,EICHERMOT
2009-12-08,5d,>=7%,20,1,5.0,MCLEODRUSS
2009-12-10,5d,>=7%,20,1,5.0,MCLEODRUSS
2009-12-11,5d,>=7%,20,2,10.0,"RENUKA, MCLEODRUSS"
2009-12-14,5d,>=7%,20,1,5.0,MCLEODRUSS
2009-12-15,5d,>=7%,20,1,5.0,LICHSGFIN
2009-12-18,5d,>=7%,20,2,10.0,"RECLTD, GODREJCP"
2009-12-21,5d,>=7%,20,1,5.0,RECLTD
2009-12-23,5d,>=7%,20,1,5.0,SEAMECLTD
2010-01-07,5d,>=7%,20,1,5.0,MARUTI
2010-01-08,5d,>=7%,20,1,5.0,MARUTI
2010-01-19,5d,>=7%,20,1,5.0,DHAMPURSUG
2010-01-20,5d,>=7%,20,3,15.0,"DHAMPURSUG, RENUKA, JAYSREETEA"
2010-01-21,5d,>=7%,20,3,15.0,"DHAMPURSUG, VEDL, MCLEODRUSS"
2010-01-22,5d,>=7%,20,2,10.0,"MCLEODRUSS, JAYSREETEA"
2010-01-25,5d,>=7%,20,6,30.0,"EICHERMOT, SHREECEM, BIRLACORPN, VEDL, MCLEODRUSS, JAYSREETEA"
2010-01-27,5d,>=7%,20,8,40.0,"EICHERMOT, RECLTD, SEAMECLTD, SHREECEM, VEDL, MCLEODRUSS, JAYSREETEA, LICHSGFIN"
2010-01-28,5d,>=7%,20,9,45.0,"DHAMPURSUG, RECLTD, SEAMECLTD, SHREECEM, VEDL, GODREJCP, MCLEODRUSS, JAYSREETEA, LICHSGFIN"
2010-01-29,5d,>=7%,20,6,30.0,"RECLTD, SEAMECLTD, VEDL, GODREJCP, MCLEODRUSS, JAYSREETEA"
2010-02-01,5d,>=7%,20,2,10.0,"MCLEODRUSS, JAYSREETEA"
2010-02-02,5d,>=7%,20,3,15.0,"RECLTD, RENUKA, JAYSREETEA"
2010-02-04,5d,>=7%,20,1,5.0,RENUKA
2010-02-05,5d,>=7%,20,3,15.0,"DHAMPURSUG, EICHERMOT, RENUKA"
2010-02-06,5d,>=7%,20,2,10.0,"DHAMPURSUG, RENUKA"
2010-02-08,5d,>=7%,20,1,5.0,DHAMPURSUG
2010-02-09,5d,>=7%,20,1,5.0,DHAMPURSUG
2010-02-18,5d,>=7%,20,1,5.0,RECLTD
2010-02-22,5d,>=7%,20,1,5.0,DHAMPURSUG
2010-02-23,5d,>=7%,20,2,10.0,"DHAMPURSUG, SEAMECLTD"
2010-02-24,5d,>=7%,20,4,20.0,"DHAMPURSUG, MCLEODRUSS, THERMAX, JINDALSAW"
2010-02-25,5d,>=7%,20,4,20.0,"ENGINERSIN, DHAMPURSUG, SUPREMEIND, JINDALSAW"
2010-02-26,5d,>=7%,20,1,5.0,DHAMPURSUG
2010-03-02,5d,>=7%,20,1,5.0,DHAMPURSUG
2010-03-03,5d,>=7%,20,1,5.0,DHAMPURSUG
2010-03-16,5d,>=7%,20,1,5.0,BSOFT
2010-03-25,5d,>=7%,20,1,5.0,TMPV
2010-03-30,5d,>=7%,20,1,5.0,ENGINERSIN
2010-03-31,5d,>=7%,20,1,5.0,ENGINERSIN
2010-04-01,5d,>=7%,20,2,10.0,"ENGINERSIN, MCLEODRUSS"
2010-04-05,5d,>=7%,20,1,5.0,ENGINERSIN
2010-04-07,5d,>=7%,20,1,5.0,MCLEODRUSS
2010-04-23,5d,>=7%,20,1,5.0,JSWSTEEL
2010-04-27,5d,>=7%,20,1,5.0,MCLEODRUSS
2010-04-28,5d,>=7%,20,2,10.0,"VEDL, MCLEODRUSS"
2010-04-29,5d,>=7%,20,2,10.0,"VEDL, MCLEODRUSS"
2010-05-03,5d,>=7%,20,2,10.0,"VEDL, SOUTHBANK"
2010-05-04,5d,>=7%,20,3,15.0,"SHREECEM, VEDL, SOUTHBANK"
2010-05-05,5d,>=7%,20,2,10.0,"VEDL, SOUTHBANK"
2010-05-06,5d,>=7%,20,3,15.0,"VEDL, SOUTHBANK, JINDALSTEL"
2010-05-07,5d,>=7%,20,11,55.0,"SEAMECLTD, JSWSTEEL, VEDL, SOUTHBANK, MCLEODRUSS, AUROPHARMA, JINDALSTEL, INDUSINDBK, THERMAX, TMPV, JINDALSAW"
2010-05-13,5d,>=7%,20,1,5.0,ENGINERSIN
2010-05-14,5d,>=7%,20,1,5.0,ENGINERSIN
2010-05-17,5d,>=7%,20,1,5.0,ENGINERSIN
2010-05-18,5d,>=7%,20,2,10.0,"ENGINERSIN, VEDL"
2010-05-19,5d,>=7%,20,4,20.0,"ENGINERSIN, VEDL, ESCORTS, TMPV"
2010-05-20,5d,>=7%,20,4,20.0,"ENGINERSIN, VEDL, ESCORTS, TMPV"
2010-05-21,5d,>=7%,20,5,25.0,"ENGINERSIN, VEDL, ZENSARTECH, ESCORTS, TMPV"
2010-05-24,5d,>=7%,20,5,25.0,"ENGINERSIN, VEDL, ZENSARTECH, ESCORTS, TMPV"
2010-07-26,5d,>=7%,20,1,5.0,IPCALAB
2010-07-28,5d,>=7%,20,1,5.0,IPCALAB
2010-07-29,5d,>=7%,20,1,5.0,IPCALAB
2010-07-30,5d,>=7%,20,1,5.0,STLTECH
2010-08-16,5d,>=7%,20,1,5.0,VIPIND
2010-08-25,5d,>=7%,20,1,5.0,SHOPERSTOP
2010-08-26,5d,>=7%,20,1,5.0,SHOPERSTOP
2010-08-30,5d,>=7%,20,1,5.0,SHOPERSTOP
2010-08-31,5d,>=7%,20,2,10.0,"SUDARCOLOR, SHOPERSTOP"
2010-09-16,5d,>=7%,20,1,5.0,VENKEYS
2010-09-21,5d,>=7%,20,1,5.0,KARURVYSYA
2010-09-22,5d,>=7%,20,1,5.0,KARURVYSYA
2010-09-23,5d,>=7%,20,1,5.0,KARURVYSYA
2010-09-24,5d,>=7%,20,1,5.0,TRENT
2010-10-11,5d,>=7%,20,1,5.0,VIPIND
2010-10-12,5d,>=7%,20,1,5.0,VIPIND
2010-10-15,5d,>=7%,20,1,5.0,VIPIND
2010-10-18,5d,>=7%,20,1,5.0,CASTROLIND
2010-10-20,5d,>=7%,20,2,10.0,"M&MFIN, JINDALPOLY"
2010-10-21,5d,>=7%,20,1,5.0,JINDALPOLY
2010-10-22,5d,>=7%,20,2,10.0,"M&MFIN, JINDALPOLY"
2010-10-25,5d,>=7%,20,1,5.0,KANSAINER
2010-10-26,5d,>=7%,20,1,5.0,KANSAINER
2010-10-27,5d,>=7%,20,2,10.0,"VENKEYS, KANSAINER"
2010-10-28,5d,>=7%,20,1,5.0,VENKEYS
2010-10-29,5d,>=7%,20,1,5.0,VENKEYS
2010-11-01,5d,>=7%,20,1,5.0,VENKEYS
2010-11-02,5d,>=7%,20,1,5.0,VENKEYS
2010-11-04,5d,>=7%,20,1,5.0,3MINDIA
2010-11-15,5d,>=7%,20,2,10.0,"UFLEX, JINDALPOLY"
2010-11-16,5d,>=7%,20,2,10.0,"UFLEX, JINDALPOLY"
2010-11-18,5d,>=7%,20,5,25.0,"UFLEX, VENKEYS, TITAN, JINDALPOLY, VIPIND"
2010-11-19,5d,>=7%,20,5,25.0,"UFLEX, VENKEYS, TITAN, JINDALPOLY, VIPIND"
2010-11-22,5d,>=7%,20,3,15.0,"UFLEX, VENKEYS, JINDALPOLY"
2010-11-23,5d,>=7%,20,3,15.0,"VENKEYS, JINDALPOLY, VIPIND"
2010-11-24,5d,>=7%,20,2,10.0,"VENKEYS, COROMANDEL"
2010-11-25,5d,>=7%,20,4,20.0,"M&MFIN, VENKEYS, JINDALPOLY, COROMANDEL"
2010-11-26,5d,>=7%,20,5,25.0,"UFLEX, SUNDARMFIN, ELGIEQUIP, JINDALPOLY, COROMANDEL"
2010-11-29,5d,>=7%,20,7,35.0,"BAJFINANCE, UFLEX, SUNDARMFIN, ELGIEQUIP, JINDALPOLY, COROMANDEL, VIPIND"
2011-04-25,5d,>=7%,20,1,5.0,FMGOETZE
2011-04-26,5d,>=7%,20,1,5.0,COROMANDEL
2011-04-27,5d,>=7%,20,1,5.0,COROMANDEL
2011-04-29,5d,>=7%,20,4,20.0,"UCOBANK, M&MFIN, ELGIEQUIP, BANKBARODA"
2011-05-02,5d,>=7%,20,4,20.0,"UCOBANK, M&MFIN, ELGIEQUIP, BANKBARODA"
2011-05-03,5d,>=7%,20,7,35.0,"UCOBANK, ATUL, BAJFINANCE, M&MFIN, TITAN, ELGIEQUIP, BANKBARODA"
2011-05-04,5d,>=7%,20,10,50.0,"EICHERMOT, UCOBANK, BAJFINANCE, M&MFIN, TITAN, ELGIEQUIP, BANKBARODA, GFLLIMITED, VIPIND, BLUEDART"
2011-05-05,5d,>=7%,20,11,55.0,"EICHERMOT, UCOBANK, BAJFINANCE, M&MFIN, ELGIEQUIP, BANKBARODA, GFLLIMITED, JINDALPOLY, VIPIND, RALLIS, BLUEDART"
2011-05-06,5d,>=7%,20,4,20.0,"EICHERMOT, BAJFINANCE, JINDALPOLY, BLUEDART"
2011-05-09,5d,>=7%,20,2,10.0,"BAJFINANCE, JINDALPOLY"
2011-05-10,5d,>=7%,20,1,5.0,JINDALPOLY
2011-05-16,5d,>=7%,20,1,5.0,M&MFIN
2011-05-17,5d,>=7%,20,1,5.0,M&MFIN
2011-05-18,5d,>=7%,20,2,10.0,"M&MFIN, JINDALPOLY"
2011-05-19,5d,>=7%,20,3,15.0,"M&MFIN, FMGOETZE, JINDALPOLY"
2011-05-23,5d,>=7%,20,1,5.0,VIPIND
2011-06-02,5d,>=7%,20,1,5.0,FMGOETZE
2011-06-15,5d,>=7%,20,1,5.0,M&MFIN
2011-06-16,5d,>=7%,20,3,15.0,"M&MFIN, UBL, VIPIND"
2011-06-17,5d,>=7%,20,2,10.0,"M&MFIN, UBL"
2011-06-20,5d,>=7%,20,3,15.0,"ARVIND, UBL, VIPIND"
2011-06-21,5d,>=7%,20,4,20.0,"JINDALPOLY, WOCKPHARMA, UBL, VIPIND"
2011-06-22,5d,>=7%,20,5,25.0,"ARVIND, JINDALPOLY, BATAINDIA, UBL, VIPIND"
2011-06-23,5d,>=7%,20,5,25.0,"ARVIND, JINDALPOLY, WOCKPHARMA, BATAINDIA, UBL"
2011-06-24,5d,>=7%,20,3,15.0,"ARVIND, JINDALPOLY, UBL"
2011-06-27,5d,>=7%,20,1,5.0,TITAN
2012-02-22,5d,>=7%,20,1,5.0,ARVIND
2012-02-23,5d,>=7%,20,3,15.0,"ARVIND, HAVELLS, LICHSGFIN"
2012-02-24,5d,>=7%,20,3,15.0,"ARVIND, ARE&M, LICHSGFIN"
2012-02-27,5d,>=7%,20,4,20.0,"AMBUJACEM, ARVIND, ACC, LICHSGFIN"
2012-02-28,5d,>=7%,20,1,5.0,ARVIND
2012-03-06,5d,>=7%,20,2,10.0,"GMDCLTD, LICHSGFIN"
2012-03-19,5d,>=7%,20,1,5.0,GMDCLTD
2012-03-20,5d,>=7%,20,1,5.0,GMDCLTD
2012-03-22,5d,>=7%,20,1,5.0,KOTAKBANK
2012-03-28,5d,>=7%,20,2,10.0,"ARVIND, HAVELLS"
2012-04-10,5d,>=7%,20,1,5.0,SHREECEM
2012-04-11,5d,>=7%,20,1,5.0,SHREECEM
2012-04-12,5d,>=7%,20,1,5.0,SHREECEM
2012-04-13,5d,>=7%,20,2,10.0,"SHREECEM, GFLLIMITED"
2012-04-19,5d,>=7%,20,1,5.0,ASTRAZEN
2012-04-25,5d,>=7%,20,1,5.0,SHREECEM
2012-04-27,5d,>=7%,20,2,10.0,"ASTRAZEN, BLUEDART"
2012-04-28,5d,>=7%,20,2,10.0,"ASTRAZEN, BLUEDART"
2012-04-30,5d,>=7%,20,1,5.0,ASTRAZEN
2012-05-02,5d,>=7%,20,1,5.0,ASTRAZEN
2012-05-03,5d,>=7%,20,1,5.0,ASTRAZEN
2012-05-04,5d,>=7%,20,2,10.0,"JUBLFOOD, MRF"
2012-05-07,5d,>=7%,20,1,5.0,KAJARIACER
2012-05-08,5d,>=7%,20,5,25.0,"JUBLFOOD, KAJARIACER, MRF, ASTRAZEN, VSTIND"
2012-05-09,5d,>=7%,20,3,15.0,"JUBLFOOD, KAJARIACER, MRF"
2012-05-10,5d,>=7%,20,1,5.0,ASTRAZEN
2012-05-11,5d,>=7%,20,2,10.0,"ASTRAZEN, VSTIND"
2012-05-14,5d,>=7%,20,4,20.0,"GODREJCP, GMDCLTD, ASTRAZEN, VSTIND"
2012-05-15,5d,>=7%,20,2,10.0,"EICHERMOT, ASTRAZEN"
2012-05-16,5d,>=7%,20,2,10.0,"GMDCLTD, ASTRAZEN"
2012-05-17,5d,>=7%,20,1,5.0,ARE&M
2012-05-18,5d,>=7%,20,1,5.0,ARE&M
2012-06-01,5d,>=7%,20,2,10.0,"SHREECEM, HAVELLS"
2012-06-04,5d,>=7%,20,5,25.0,"SHREECEM, JUBLFOOD, KAJARIACER, BATAINDIA, HAVELLS"
2012-06-05,5d,>=7%,20,2,10.0,"JUBLFOOD, BATAINDIA"
2012-06-06,5d,>=7%,20,1,5.0,BATAINDIA
2012-06-18,5d,>=7%,20,1,5.0,EICHERMOT
2012-07-17,5d,>=7%,20,1,5.0,DCW
2012-07-23,5d,>=7%,20,1,5.0,CRISIL
2012-07-25,5d,>=7%,20,1,5.0,CRISIL
2012-07-26,5d,>=7%,20,3,15.0,"DCW, ASTRAZEN, STAR"
2012-07-27,5d,>=7%,20,4,20.0,"DCW, JUBLFOOD, ASTRAZEN, HAVELLS"
2012-07-30,5d,>=7%,20,3,15.0,"JUBLFOOD, ASTRAZEN, HAVELLS"
2012-07-31,5d,>=7%,20,3,15.0,"CRISIL, ASTRAZEN, HAVELLS"
2012-08-01,5d,>=7%,20,2,10.0,"ASTRAZEN, HAVELLS"
2012-08-29,5d,>=7%,20,1,5.0,MRF
2012-08-30,5d,>=7%,20,2,10.0,"KAJARIACER, MRF"
2012-08-31,5d,>=7%,20,1,5.0,ZENSARTECH
2012-09-04,5d,>=7%,20,1,5.0,BLUEDART
2012-09-05,5d,>=7%,20,1,5.0,BLUEDART
2012-09-06,5d,>=7%,20,1,5.0,BLUEDART
2012-09-07,5d,>=7%,20,1,5.0,BLUEDART
2012-09-08,5d,>=7%,20,1,5.0,BLUEDART
2012-09-17,5d,>=7%,20,2,10.0,"BSOFT, DIVISLAB"
2012-09-18,5d,>=7%,20,1,5.0,BSOFT
2012-09-20,5d,>=7%,20,1,5.0,BSOFT
2012-10-11,5d,>=7%,20,1,5.0,ZEEL
2012-10-17,5d,>=7%,20,1,5.0,ZENSARTECH
2012-10-18,5d,>=7%,20,1,5.0,ZENSARTECH
2012-10-19,5d,>=7%,20,1,5.0,ZENSARTECH
2012-10-22,5d,>=7%,20,1,5.0,ZENSARTECH
2012-10-29,5d,>=7%,20,2,10.0,"ZENSARTECH, HAVELLS"
2012-10-30,5d,>=7%,20,2,10.0,"ZENSARTECH, HAVELLS"
2012-10-31,5d,>=7%,20,2,10.0,"ZENSARTECH, HAVELLS"
2012-11-06,5d,>=7%,20,1,5.0,DCW
2012-11-08,5d,>=7%,20,1,5.0,IPCALAB
2012-11-09,5d,>=7%,20,1,5.0,IPCALAB
2012-11-19,5d,>=7%,20,1,5.0,SHREECEM
2012-11-20,5d,>=7%,20,3,15.0,"DCW, EICHERMOT, SHREECEM"
2012-11-21,5d,>=7%,20,2,10.0,"DCW, EICHERMOT"
2012-11-22,5d,>=7%,20,2,10.0,"DCW, SOBHA"
2012-12-11,5d,>=7%,20,1,5.0,STAR
2012-12-12,5d,>=7%,20,1,5.0,STAR
2012-12-13,5d,>=7%,20,1,5.0,STAR
2012-12-17,5d,>=7%,20,2,10.0,"KTKBANK, DIVISLAB"
2012-12-18,5d,>=7%,20,1,5.0,KTKBANK
2012-12-20,5d,>=7%,20,1,5.0,KAJARIACER
2012-12-21,5d,>=7%,20,1,5.0,KAJARIACER
2012-12-26,5d,>=7%,20,2,10.0,"DCW, ATUL"
2012-12-27,5d,>=7%,20,1,5.0,ATUL
2012-12-28,5d,>=7%,20,1,5.0,STAR
2013-01-10,5d,>=7%,20,1,5.0,ULTRACEMCO
2013-01-11,5d,>=7%,20,2,10.0,"KTKBANK, ULTRACEMCO"
2013-01-14,5d,>=7%,20,2,10.0,"M&MFIN, ULTRACEMCO"
2013-01-16,5d,>=7%,20,2,10.0,"ATUL, BAJAJFINSV"
2013-01-17,5d,>=7%,20,1,5.0,BAJAJFINSV
2013-01-21,5d,>=7%,20,3,15.0,"DCW, ATUL, KAJARIACER"
2013-01-22,5d,>=7%,20,2,10.0,"DCW, M&MFIN"
2013-01-23,5d,>=7%,20,2,10.0,"DCW, KAJARIACER"
2013-01-24,5d,>=7%,20,5,25.0,"DCW, KAJARIACER, M&MFIN, KTKBANK, AARTIIND"
2013-01-25,5d,>=7%,20,1,5.0,KTKBANK
2013-01-29,5d,>=7%,20,2,10.0,"IPCALAB, KTKBANK"
2013-02-07,5d,>=7%,20,3,15.0,"KTKBANK, AARTIIND, STAR"
2013-02-08,5d,>=7%,20,3,15.0,"KTKBANK, AARTIIND, STAR"
2013-02-11,5d,>=7%,20,2,10.0,"AARTIIND, STAR"
2013-02-12,5d,>=7%,20,3,15.0,"EICHERMOT, ATUL, AARTIIND"
2013-02-13,5d,>=7%,20,2,10.0,"ATUL, BAJAJFINSV"
2013-02-14,5d,>=7%,20,2,10.0,"ATUL, BAJAJFINSV"
2013-02-15,5d,>=7%,20,2,10.0,"BAJAJFINSV, CHOLAFIN"
2013-02-18,5d,>=7%,20,1,5.0,DCW
2013-11-08,5d,>=7%,20,3,15.0,"DABUR, RCOM, UNITDSPR"
2013-11-11,5d,>=7%,20,5,25.0,"BRITANNIA, DABUR, RCOM, EMAMILTD, UNITDSPR"
2013-11-12,5d,>=7%,20,3,15.0,"RCOM, EMAMILTD, UNITDSPR"
2013-11-13,5d,>=7%,20,2,10.0,"MOTHERSON, RCOM"
2013-11-14,5d,>=7%,20,2,10.0,"MOTHERSON, EMAMILTD"
2013-12-10,5d,>=7%,20,1,5.0,EICHERMOT
2013-12-16,5d,>=7%,20,1,5.0,RCOM
2013-12-17,5d,>=7%,20,1,5.0,RCOM
2013-12-20,5d,>=7%,20,1,5.0,MOTHERSON
2013-12-23,5d,>=7%,20,1,5.0,MOTHERSON
2013-12-24,5d,>=7%,20,1,5.0,MOTHERSON
2013-12-26,5d,>=7%,20,1,5.0,MOTHERSON
2013-12-27,5d,>=7%,20,1,5.0,MOTHERSON
2013-12-30,5d,>=7%,20,1,5.0,MOTHERSON
2014-01-02,5d,>=7%,20,1,5.0,ESCORTS
2014-01-03,5d,>=7%,20,1,5.0,ESCORTS
2014-01-06,5d,>=7%,20,1,5.0,ESCORTS
2014-01-07,5d,>=7%,20,1,5.0,ESCORTS
2014-01-08,5d,>=7%,20,3,15.0,"RCOM, M&MFIN, ESCORTS"
2014-01-09,5d,>=7%,20,1,5.0,M&MFIN
2014-01-10,5d,>=7%,20,3,15.0,"FINPIPE, RCOM, M&MFIN"
2014-01-13,5d,>=7%,20,3,15.0,"FINPIPE, M&MFIN, AUROPHARMA"
2014-01-14,5d,>=7%,20,2,10.0,"FINPIPE, M&MFIN"
2014-01-21,5d,>=7%,20,1,5.0,IDEA
2014-01-22,5d,>=7%,20,2,10.0,"IDEA, M&MFIN"
2014-01-23,5d,>=7%,20,2,10.0,"M&MFIN, SUPREMEIND"
2014-01-24,5d,>=7%,20,2,10.0,"M&MFIN, SUPREMEIND"
2014-01-27,5d,>=7%,20,4,20.0,"RCOM, BIOCON, M&MFIN, SUPREMEIND"
2014-01-28,5d,>=7%,20,4,20.0,"IDEA, RCOM, BIOCON, M&MFIN"
2014-01-29,5d,>=7%,20,4,20.0,"IDEA, RCOM, BIOCON, BLUEDART"
2014-01-30,5d,>=7%,20,4,20.0,"IDEA, EICHERMOT, RCOM, BLUEDART"
2014-01-31,5d,>=7%,20,1,5.0,BLUEDART
2014-02-03,5d,>=7%,20,1,5.0,BLUEDART
2014-02-04,5d,>=7%,20,1,5.0,BLUEDART
2014-02-10,5d,>=7%,20,1,5.0,IDEA
2014-02-14,5d,>=7%,20,1,5.0,ESCORTS
2014-02-21,5d,>=7%,20,1,5.0,RCOM
2014-02-26,5d,>=7%,20,1,5.0,RCOM
2014-03-07,5d,>=7%,20,1,5.0,ECLERX
2014-03-10,5d,>=7%,20,2,10.0,"IPCALAB, ECLERX"
2014-03-11,5d,>=7%,20,1,5.0,AUROPHARMA
2014-03-12,5d,>=7%,20,2,10.0,"AUROPHARMA, ECLERX"
2014-03-13,5d,>=7%,20,3,15.0,"PERSISTENT, SUNPHARMA, ECLERX"
2014-03-19,5d,>=7%,20,1,5.0,ECLERX
2014-03-21,5d,>=7%,20,1,5.0,ECLERX
2014-03-28,5d,>=7%,20,1,5.0,TATAELXSI
2014-04-04,5d,>=7%,20,1,5.0,PAGEIND
2014-04-07,5d,>=7%,20,1,5.0,PAGEIND
2014-04-09,5d,>=7%,20,1,5.0,PAGEIND
2014-04-10,5d,>=7%,20,1,5.0,PAGEIND
2014-04-11,5d,>=7%,20,1,5.0,PAGEIND
2014-04-16,5d,>=7%,20,1,5.0,TVSMOTOR
2014-04-17,5d,>=7%,20,1,5.0,TVSMOTOR
2014-04-23,5d,>=7%,20,1,5.0,MRF
2014-04-25,5d,>=7%,20,1,5.0,MRF
2014-04-28,5d,>=7%,20,1,5.0,MRF
2014-04-29,5d,>=7%,20,1,5.0,MRF
2014-04-30,5d,>=7%,20,2,10.0,"RCOM, MRF"
2014-05-02,5d,>=7%,20,1,5.0,RCOM
2014-05-05,5d,>=7%,20,2,10.0,"RCOM, ESCORTS"
2014-05-06,5d,>=7%,20,2,10.0,"FSL, ESCORTS"
2014-05-07,5d,>=7%,20,2,10.0,"FSL, ESCORTS"
2014-05-08,5d,>=7%,20,2,10.0,"FSL, ESCORTS"
2014-05-09,5d,>=7%,20,3,15.0,"FSL, TATAELXSI, ESCORTS"
2014-05-16,5d,>=7%,20,1,5.0,FSL
2014-05-19,5d,>=7%,20,2,10.0,"FSL, IPCALAB"
2014-05-20,5d,>=7%,20,1,5.0,HCLTECH
2014-05-21,5d,>=7%,20,1,5.0,ECLERX
2014-05-22,5d,>=7%,20,1,5.0,ECLERX
2014-05-23,5d,>=7%,20,1,5.0,ECLERX
2014-05-26,5d,>=7%,20,1,5.0,ECLERX
2014-05-27,5d,>=7%,20,1,5.0,ECLERX
2014-05-28,5d,>=7%,20,2,10.0,"KAJARIACER, FINCABLES"
2014-05-29,5d,>=7%,20,1,5.0,ESCORTS
2014-05-30,5d,>=7%,20,3,15.0,"EICHERMOT, ARVIND, FINCABLES"
2014-06-04,5d,>=7%,20,1,5.0,HCLTECH
2014-06-13,5d,>=7%,20,1,5.0,TATAELXSI
2014-06-16,5d,>=7%,20,3,15.0,"KAJARIACER, GPPL, CANFINHOME"
2014-06-18,5d,>=7%,20,1,5.0,KAJARIACER
2014-06-19,5d,>=7%,20,1,5.0,KAJARIACER
2014-06-20,5d,>=7%,20,1,5.0,KAJARIACER
2014-07-07,5d,>=7%,20,1,5.0,SRF
2014-07-08,5d,>=7%,20,1,5.0,SRF
2014-07-09,5d,>=7%,20,4,20.0,"TVSMOTOR, AUROPHARMA, SRF, BHARATFORG"
2014-07-10,5d,>=7%,20,4,20.0,"TVSMOTOR, ARVIND, AUROPHARMA, SRF"
2014-07-11,5d,>=7%,20,6,30.0,"FSL, TVSMOTOR, FINPIPE, ARVIND, AUROPHARMA, SWARAJENG"
2014-07-14,5d,>=7%,20,8,40.0,"FSL, ARVIND, AUROPHARMA, KEC, TATAELXSI, CANFINHOME, SWARAJENG, FINCABLES"
2014-07-24,5d,>=7%,20,1,5.0,TVSMOTOR
2014-07-25,5d,>=7%,20,2,10.0,"TVSMOTOR, CANFINHOME"
2014-07-28,5d,>=7%,20,4,20.0,"TVSMOTOR, ARVIND, SUNDRMFAST, CANFINHOME"
2014-07-30,5d,>=7%,20,2,10.0,"TVSMOTOR, CANFINHOME"
2014-07-31,5d,>=7%,20,3,15.0,"TVSMOTOR, KEC, CANFINHOME"
2014-08-01,5d,>=7%,20,2,10.0,"KEC, CANFINHOME"
2014-08-04,5d,>=7%,20,2,10.0,"BALKRISIND, KEC"
2014-08-05,5d,>=7%,20,1,5.0,KEC
2014-08-06,5d,>=7%,20,1,5.0,KEC
2014-08-07,5d,>=7%,20,1,5.0,KEC
2014-08-08,5d,>=7%,20,1,5.0,KEC
2014-08-11,5d,>=7%,20,2,10.0,"KEC, SKFINDIA"
2014-08-12,5d,>=7%,20,1,5.0,SKFINDIA
2014-08-13,5d,>=7%,20,2,10.0,"FSL, SKFINDIA"
2014-08-28,5d,>=7%,20,1,5.0,KEC
2014-09-04,5d,>=7%,20,1,5.0,SKFINDIA
2014-09-15,5d,>=7%,20,1,5.0,SIMPLEXINF
2014-09-16,5d,>=7%,20,1,5.0,SIMPLEXINF
2014-09-17,5d,>=7%,20,2,10.0,"SIMPLEXINF, CANFINHOME"
2014-09-22,5d,>=7%,20,1,5.0,CANFINHOME
2014-09-23,5d,>=7%,20,1,5.0,SKFINDIA
2014-09-24,5d,>=7%,20,4,20.0,"ARVIND, AUROPHARMA, FINCABLES, SKFINDIA"
2014-09-25,5d,>=7%,20,5,25.0,"ARVIND, KEC, BHARATFORG, SIMPLEXINF, FINCABLES"
2014-09-26,5d,>=7%,20,4,20.0,"KEC, SIMPLEXINF, TATAELXSI, FINCABLES"
2014-09-29,5d,>=7%,20,2,10.0,"SIMPLEXINF, FINCABLES"
2014-09-30,5d,>=7%,20,1,5.0,SIMPLEXINF
2014-10-01,5d,>=7%,20,1,5.0,SIMPLEXINF
2014-10-10,5d,>=7%,20,1,5.0,BHARATFORG
2014-10-16,5d,>=7%,20,3,15.0,"SRF, BHARATFORG, AARTIIND"
2014-10-17,5d,>=7%,20,6,30.0,"ATUL, ARVIND, KAJARIACER, BALKRISIND, SRF, AARTIIND"
2014-10-20,5d,>=7%,20,2,10.0,"ATUL, KAJARIACER"
2014-10-21,5d,>=7%,20,2,10.0,"ATUL, SUNDRMFAST"
2014-10-22,5d,>=7%,20,2,10.0,"ATUL, SUNDRMFAST"
2014-10-23,5d,>=7%,20,1,5.0,ATUL
2014-11-07,5d,>=7%,20,1,5.0,KEC
2014-11-10,5d,>=7%,20,2,10.0,"KEC, SRF"
2014-11-11,5d,>=7%,20,1,5.0,KEC
2014-11-13,5d,>=7%,20,1,5.0,ARVIND
2014-11-14,5d,>=7%,20,1,5.0,BALKRISIND
2014-11-17,5d,>=7%,20,1,5.0,BALKRISIND
2014-11-18,5d,>=7%,20,1,5.0,BALKRISIND
2014-11-19,5d,>=7%,20,1,5.0,BALKRISIND
2014-11-20,5d,>=7%,20,2,10.0,"TVSMOTOR, BALKRISIND"
2014-11-21,5d,>=7%,20,1,5.0,BALKRISIND
2014-11-25,5d,>=7%,20,2,10.0,"TVSMOTOR, AARTIIND"
2014-12-05,5d,>=7%,20,1,5.0,AIAENG
2014-12-09,5d,>=7%,20,1,5.0,AIAENG
2014-12-10,5d,>=7%,20,1,5.0,AIAENG
2014-12-11,5d,>=7%,20,2,10.0,"EICHERMOT, SKFINDIA"
2014-12-12,5d,>=7%,20,3,15.0,"EICHERMOT, FINCABLES, SKFINDIA"
2014-12-16,5d,>=7%,20,2,10.0,"FINCABLES, SKFINDIA"
2014-12-17,5d,>=7%,20,5,25.0,"HONAUT, SUNDRMFAST, BHARATFORG, GPPL, FINCABLES"
2014-12-30,5d,>=7%,20,1,5.0,AARTIIND
2014-12-31,5d,>=7%,20,1,5.0,AARTIIND
2015-01-06,5d,>=7%,20,1,5.0,ATUL
2015-01-09,5d,>=7%,20,2,10.0,"AIAENG, SRF"
2015-01-12,5d,>=7%,20,1,5.0,AIAENG
2015-01-15,5d,>=7%,20,1,5.0,GPPL
2015-01-16,5d,>=7%,20,1,5.0,TORNTPHARM
2015-01-20,5d,>=7%,20,1,5.0,GPPL
2015-01-28,5d,>=7%,20,2,10.0,"JKLAKSHMI, CANFINHOME"
2015-01-29,5d,>=7%,20,1,5.0,CANFINHOME
2015-01-30,5d,>=7%,20,2,10.0,"JKLAKSHMI, CANFINHOME"
2015-02-03,5d,>=7%,20,1,5.0,TVSMOTOR
2015-02-04,5d,>=7%,20,1,5.0,TORNTPHARM
2015-02-06,5d,>=7%,20,3,15.0,"ZFCVINDIA, SUNDRMFAST, AUROPHARMA"
2015-02-09,5d,>=7%,20,5,25.0,"EICHERMOT, ZFCVINDIA, SUNDRMFAST, AUROPHARMA, JKLAKSHMI"
2015-02-10,5d,>=7%,20,4,20.0,"EICHERMOT, SUNDRMFAST, AUROPHARMA, AARTIIND"
2015-02-11,5d,>=7%,20,1,5.0,AUROPHARMA
2015-02-18,5d,>=7%,20,1,5.0,SRF
2015-02-19,5d,>=7%,20,1,5.0,AARTIIND
2015-02-20,5d,>=7%,20,1,5.0,AARTIIND
2015-02-23,5d,>=7%,20,1,5.0,AARTIIND
2015-02-24,5d,>=7%,20,1,5.0,TVSMOTOR
2015-02-25,5d,>=7%,20,3,15.0,"EICHERMOT, TVSMOTOR, BEL"
2015-02-26,5d,>=7%,20,2,10.0,"EICHERMOT, TVSMOTOR"
2015-03-09,5d,>=7%,20,1,5.0,BEL
2015-03-10,5d,>=7%,20,1,5.0,BEL
2015-03-11,5d,>=7%,20,2,10.0,"BEL, KAJARIACER"
2015-03-12,5d,>=7%,20,1,5.0,BEL
2015-03-13,5d,>=7%,20,1,5.0,BEL
2015-03-20,5d,>=7%,20,1,5.0,SUNDRMFAST
2015-03-24,5d,>=7%,20,4,20.0,"TVSMOTOR, GFLLIMITED, FINCABLES, AARTIIND"
2015-03-25,5d,>=7%,20,2,10.0,"FINCABLES, AARTIIND"
2015-03-26,5d,>=7%,20,5,25.0,"BOSCHLTD, JKLAKSHMI, GFLLIMITED, BHARATFORG, AARTIIND"
2015-03-27,5d,>=7%,20,2,10.0,"BOSCHLTD, JKLAKSHMI"
2015-04-15,5d,>=7%,20,1,5.0,BEL
2015-04-16,5d,>=7%,20,2,10.0,"BEL, LUPIN"
2015-04-17,5d,>=7%,20,6,30.0,"SHREECEM, BEL, SUNDRMFAST, LUPIN, BHARATFORG, INDUSINDBK"
2015-04-20,5d,>=7%,20,8,40.0,"EICHERMOT, BEL, SUNDRMFAST, LUPIN, BHARATFORG, FINCABLES, INDUSINDBK, JKIL"
2015-04-21,5d,>=7%,20,10,50.0,"BOSCHLTD, HONAUT, EICHERMOT, BEL, SUNDRMFAST, LUPIN, BHARATFORG, ASHOKLEY, INDUSINDBK, JKIL"
2015-04-22,5d,>=7%,20,8,40.0,"BOSCHLTD, HONAUT, EICHERMOT, GFLLIMITED, LUPIN, BHARATFORG, CANFINHOME, INDUSINDBK"
2015-04-23,5d,>=7%,20,6,30.0,"BOSCHLTD, HONAUT, LUPIN, BHARATFORG, CANFINHOME, INDUSINDBK"
2015-04-24,5d,>=7%,20,4,20.0,"BOSCHLTD, HONAUT, GFLLIMITED, ASHOKLEY"
2015-04-27,5d,>=7%,20,7,35.0,"BOSCHLTD, PGHH, ZFCVINDIA, GFLLIMITED, SRF, ASHOKLEY, CANFINHOME"
2015-04-28,5d,>=7%,20,3,15.0,"BOSCHLTD, GFLLIMITED, SRF"
2015-04-29,5d,>=7%,20,2,10.0,"BOSCHLTD, JKIL"
2015-04-30,5d,>=7%,20,3,15.0,"GFLLIMITED, SRF, JKIL"
2015-05-04,5d,>=7%,20,1,5.0,JKIL
2015-05-07,5d,>=7%,20,2,10.0,"SRF, CANFINHOME"
2015-05-08,5d,>=7%,20,1,5.0,CANFINHOME
2015-05-12,5d,>=7%,20,1,5.0,FINCABLES
2015-06-02,5d,>=7%,20,1,5.0,SUNDRMFAST
2015-06-03,5d,>=7%,20,1,5.0,SUNDRMFAST
2015-06-04,5d,>=7%,20,1,5.0,SUNDRMFAST
2015-06-05,5d,>=7%,20,5,25.0,"BOSCHLTD, EICHERMOT, BEL, SUNDRMFAST, JKIL"
2015-06-08,5d,>=7%,20,8,40.0,"BOSCHLTD, EICHERMOT, BEL, JKLAKSHMI, SRF, ASHOKLEY, INDUSINDBK, JKIL"
2015-06-09,5d,>=7%,20,3,15.0,"BOSCHLTD, BHARATFORG, JKIL"
2015-06-11,5d,>=7%,20,2,10.0,"BOSCHLTD, BHARATFORG"
2015-06-12,5d,>=7%,20,1,5.0,BOSCHLTD
2016-08-16,5d,>=7%,4,1,25.0,HINDPETRO
2016-09-14,5d,>=7%,4,1,25.0,MPHASIS
2016-10-25,5d,>=7%,4,1,25.0,MPHASIS
2016-11-15,5d,>=7%,4,1,25.0,BAJAJ-AUTO
2016-11-16,5d,>=7%,4,1,25.0,BAJAJ-AUTO
2016-11-17,5d,>=7%,4,1,25.0,BAJAJ-AUTO
2017-02-13,5d,>=7%,20,1,5.0,CUB
2017-02-14,5d,>=7%,20,1,5.0,CUB
2017-02-15,5d,>=7%,20,4,20.0,"HINDZINC, INDIANB, IOC, EDELWEISS"
2017-03-02,5d,>=7%,20,2,10.0,"BIOCON, CESC"
2017-03-09,5d,>=7%,20,1,5.0,VEDL
2017-03-10,5d,>=7%,20,2,10.0,"VEDL, INDIANB"
2017-03-24,5d,>=7%,20,1,5.0,INDIANB
2017-04-11,5d,>=7%,20,1,5.0,VEDL
2017-04-12,5d,>=7%,20,1,5.0,INDIANB
2017-04-13,5d,>=7%,20,2,10.0,"VEDL, INDIANB"
2017-04-17,5d,>=7%,20,1,5.0,VEDL
2017-04-18,5d,>=7%,20,1,5.0,VEDL
2017-04-19,5d,>=7%,20,2,10.0,"VEDL, INDIANB"
2017-04-20,5d,>=7%,20,1,5.0,VEDL
2017-05-02,5d,>=7%,20,1,5.0,EDELWEISS
2017-05-03,5d,>=7%,20,2,10.0,"BIOCON, EDELWEISS"
2017-05-05,5d,>=7%,20,2,10.0,"TATACOMM, BIOCON"
2017-05-08,5d,>=7%,20,3,15.0,"TATACOMM, HINDALCO, VEDL"
2017-05-09,5d,>=7%,20,2,10.0,"VEDL, RAIN"
2017-05-10,5d,>=7%,20,1,5.0,RAIN
2017-05-11,5d,>=7%,20,1,5.0,RAIN
2017-05-12,5d,>=7%,20,2,10.0,"RAIN, YESBANK"
2017-05-15,5d,>=7%,20,1,5.0,YESBANK
2017-05-16,5d,>=7%,20,1,5.0,YESBANK
2017-05-17,5d,>=7%,20,1,5.0,YESBANK
2017-05-18,5d,>=7%,20,2,10.0,"CESC, YESBANK"
2017-05-19,5d,>=7%,20,1,5.0,CESC
2017-05-22,5d,>=7%,20,6,30.0,"RAIN, CESC, LTF, VGUARD, INDIANB, BAJAJFINSV"
2017-05-23,5d,>=7%,20,8,40.0,"RAIN, CESC, VGUARD, ESCORTS, INDIANB, BAJAJFINSV, MOTILALOFS, EDELWEISS"
2017-05-24,5d,>=7%,20,9,45.0,"VEDL, RAIN, MRF, CESC, VGUARD, ESCORTS, INDIANB, BAJAJFINSV, MOTILALOFS"
2017-05-25,5d,>=7%,20,4,20.0,"RAIN, VGUARD, BAJAJFINSV, MOTILALOFS"
2017-05-26,5d,>=7%,20,1,5.0,VGUARD
2017-05-29,5d,>=7%,20,2,10.0,"RECLTD, VGUARD"
2017-05-31,5d,>=7%,20,1,5.0,RECLTD
2017-06-01,5d,>=7%,20,1,5.0,RECLTD
2017-06-02,5d,>=7%,20,1,5.0,RECLTD
2017-06-06,5d,>=7%,20,1,5.0,RECLTD
2017-06-12,5d,>=7%,20,1,5.0,ADANIENSOL
2017-06-13,5d,>=7%,20,1,5.0,ADANIENSOL
2017-06-22,5d,>=7%,20,1,5.0,EDELWEISS
2017-06-23,5d,>=7%,20,1,5.0,EDELWEISS
2017-06-27,5d,>=7%,20,5,25.0,"RECLTD, ESCORTS, INDIANB, MOTILALOFS, EDELWEISS"
2017-06-28,5d,>=7%,20,3,15.0,"RECLTD, ESCORTS, INDIANB"
2017-06-29,5d,>=7%,20,3,15.0,"RECLTD, ESCORTS, INDIANB"
2017-06-30,5d,>=7%,20,1,5.0,ESCORTS
2017-07-19,5d,>=7%,20,1,5.0,CAPLIPOINT
2017-08-08,5d,>=7%,20,1,5.0,ESCORTS
2017-08-09,5d,>=7%,20,1,5.0,ESCORTS
2017-08-10,5d,>=7%,20,6,30.0,"FEDERALBNK, RAIN, MRF, AVANTIFEED, ESCORTS, CAPLIPOINT"
2017-08-11,5d,>=7%,20,6,30.0,"FEDERALBNK, RAIN, AVANTIFEED, ADANIENSOL, ESCORTS, CAPLIPOINT"
2017-08-14,5d,>=7%,20,6,30.0,"TVSMOTOR, RAIN, ADANIENSOL, BALKRISIND, ESCORTS, CAPLIPOINT"
2017-08-16,5d,>=7%,20,1,5.0,ADANIENSOL
2017-08-17,5d,>=7%,20,1,5.0,ADANIENSOL
2017-08-24,5d,>=7%,20,1,5.0,EDELWEISS
2017-09-11,5d,>=7%,20,1,5.0,VAKRANGEE
2017-09-19,5d,>=7%,20,1,5.0,ADANIENSOL
2017-09-20,5d,>=7%,20,1,5.0,ADANIENSOL
2017-09-21,5d,>=7%,20,1,5.0,ADANIENSOL
2017-09-22,5d,>=7%,20,3,15.0,"ADANIENSOL, BAJAJFINSV, EDELWEISS"
2017-09-25,5d,>=7%,20,5,25.0,"ADANIENSOL, LTF, BAJAJFINSV, CAPLIPOINT, EDELWEISS"
2017-09-26,5d,>=7%,20,1,5.0,BAJAJFINSV
2017-09-27,5d,>=7%,20,4,20.0,"BOMDYEING, RAIN, LTF, BAJAJFINSV"
2017-09-28,5d,>=7%,20,3,15.0,"BOMDYEING, LTF, BAJAJFINSV"
2017-09-29,5d,>=7%,20,1,5.0,BOMDYEING
2017-10-16,5d,>=7%,20,1,5.0,BOMDYEING
2017-10-17,5d,>=7%,20,1,5.0,BOMDYEING
2017-10-18,5d,>=7%,20,1,5.0,BOMDYEING
2017-10-25,5d,>=7%,20,1,5.0,EDELWEISS
2017-10-26,5d,>=7%,20,1,5.0,EDELWEISS
2017-10-31,5d,>=7%,20,1,5.0,ADANIENSOL
2017-11-01,5d,>=7%,20,1,5.0,ADANIENSOL
2017-11-02,5d,>=7%,20,1,5.0,ADANIENSOL
2017-11-03,5d,>=7%,20,1,5.0,ADANIENSOL
2017-11-06,5d,>=7%,20,2,10.0,"ADANIENSOL, ESCORTS"
2017-11-07,5d,>=7%,20,1,5.0,ESCORTS
2017-11-09,5d,>=7%,20,1,5.0,EDELWEISS
2017-11-13,5d,>=7%,20,1,5.0,KEC
2017-11-15,5d,>=7%,20,1,5.0,AVANTIFEED
2017-11-16,5d,>=7%,20,4,20.0,"BOMDYEING, BBTC, RAIN, AVANTIFEED"
2017-11-17,5d,>=7%,20,4,20.0,"BOMDYEING, BBTC, RAIN, AVANTIFEED"
2017-11-20,5d,>=7%,20,2,10.0,"RAIN, AVANTIFEED"
2017-11-21,5d,>=7%,20,1,5.0,RAIN
2017-11-22,5d,>=7%,20,1,5.0,RAIN
2017-11-27,5d,>=7%,20,1,5.0,ADANIENSOL
2017-11-29,5d,>=7%,20,1,5.0,ADANIENSOL
2017-11-30,5d,>=7%,20,1,5.0,ADANIENSOL
2017-12-01,5d,>=7%,20,1,5.0,ADANIENSOL
2017-12-04,5d,>=7%,20,1,5.0,LTF
2017-12-06,5d,>=7%,20,1,5.0,ESCORTS
2017-12-07,5d,>=7%,20,1,5.0,ESCORTS
2018-01-02,5d,>=7%,20,1,5.0,ADANIENSOL
2018-01-16,5d,>=7%,20,2,10.0,"BOMDYEING, RAIN"
2018-01-17,5d,>=7%,20,2,10.0,"BOMDYEING, BBTC"
2018-01-18,5d,>=7%,20,3,15.0,"BOMDYEING, BBTC, MOTILALOFS"
2018-01-19,5d,>=7%,20,2,10.0,"BOMDYEING, MOTILALOFS"
2018-01-22,5d,>=7%,20,3,15.0,"BOMDYEING, BBTC, KEC"
2018-01-24,5d,>=7%,20,1,5.0,BOMDYEING
2018-01-29,5d,>=7%,20,2,10.0,"BBTC, MOTILALOFS"
2018-01-30,5d,>=7%,20,8,40.0,"BOMDYEING, BBTC, RAIN, AVANTIFEED, ADANIENSOL, VIPIND, MOTILALOFS, APLAPOLLO"
2018-01-31,5d,>=7%,20,9,45.0,"BOMDYEING, BBTC, RAIN, AVANTIFEED, VAKRANGEE, VIPIND, MOTILALOFS, APLAPOLLO, RKFORGE"
2018-02-01,5d,>=7%,20,7,35.0,"BOMDYEING, BBTC, RAIN, VAKRANGEE, MOTILALOFS, APLAPOLLO, RKFORGE"
2018-02-02,5d,>=7%,20,11,55.0,"TVSMOTOR, BOMDYEING, BBTC, RAIN, TATACONSUM, ADANIENSOL, VAKRANGEE, MOTILALOFS, APLAPOLLO, EDELWEISS, RKFORGE"
2018-02-05,5d,>=7%,20,10,50.0,"TVSMOTOR, BBTC, RAIN, TATACONSUM, ADANIENSOL, VAKRANGEE, MOTILALOFS, APLAPOLLO, EDELWEISS, RKFORGE"
2019-04-08,5d,>=7%,20,1,5.0,PRAJIND
2019-04-09,5d,>=7%,20,1,5.0,PRAJIND
2019-04-26,5d,>=7%,20,1,5.0,ADANIPOWER
2019-04-30,5d,>=7%,20,1,5.0,ADANIPOWER
2019-05-02,5d,>=7%,20,1,5.0,ADANIPOWER
2019-05-03,5d,>=7%,20,1,5.0,ADANIPOWER
2019-05-06,5d,>=7%,20,1,5.0,ADANIPOWER
2019-05-07,5d,>=7%,20,2,10.0,"PRAJIND, ADANIPOWER"
2019-05-08,5d,>=7%,20,3,15.0,"PRAJIND, ADANIPOWER, BATAINDIA"
2019-05-09,5d,>=7%,20,5,25.0,"RELIANCE, PRAJIND, GFLLIMITED, ADANIPOWER, BATAINDIA"
2019-05-10,5d,>=7%,20,3,15.0,"RELIANCE, PRAJIND, GFLLIMITED"
2019-05-13,5d,>=7%,20,6,30.0,"MUTHOOTFIN, RELIANCE, PRAJIND, BALRAMCHIN, GFLLIMITED, ADANIPOWER"
2019-05-14,5d,>=7%,20,1,5.0,GFLLIMITED
2020-01-24,5d,>=7%,20,1,5.0,BALRAMCHIN
2020-01-27,5d,>=7%,20,1,5.0,BALRAMCHIN
2020-01-28,5d,>=7%,20,2,10.0,"ADANIGREEN, BALRAMCHIN"
2020-02-01,5d,>=7%,20,1,5.0,SBILIFE
2020-02-03,5d,>=7%,20,1,5.0,SBILIFE
2020-02-04,5d,>=7%,20,3,15.0,"SBILIFE, MANAPPURAM, BALRAMCHIN"
2020-02-05,5d,>=7%,20,3,15.0,"SBILIFE, MANAPPURAM, BALRAMCHIN"
2020-02-06,5d,>=7%,20,3,15.0,"SBILIFE, LALPATHLAB, MANAPPURAM"
2020-02-07,5d,>=7%,20,2,10.0,"LALPATHLAB, MANAPPURAM"
2020-02-10,5d,>=7%,20,2,10.0,"LALPATHLAB, MANAPPURAM"
2020-02-12,5d,>=7%,20,1,5.0,WHIRLPOOL
2020-02-13,5d,>=7%,20,1,5.0,WHIRLPOOL
2020-02-14,5d,>=7%,20,2,10.0,"NAUKRI, WHIRLPOOL"
2020-02-17,5d,>=7%,20,4,20.0,"MASFIN, WHIRLPOOL, ADANIGREEN, IGL"
2020-02-18,5d,>=7%,20,4,20.0,"MASFIN, NAUKRI, ADANIGREEN, IGL"
2020-02-19,5d,>=7%,20,2,10.0,"MASFIN, IGL"
2020-02-20,5d,>=7%,20,2,10.0,"MASFIN, DIXON"
2020-02-24,5d,>=7%,20,4,20.0,"ADANIGREEN, TATACONSUM, IGL, DIXON"
2020-02-25,5d,>=7%,20,2,10.0,"ADANIGREEN, DIXON"
2020-02-26,5d,>=7%,20,3,15.0,"ADANIGREEN, ICICIGI, DIXON"
2020-02-27,5d,>=7%,20,6,30.0,"NAUKRI, ADANIGREEN, ICICIGI, RELAXO, BATAINDIA, DIXON"
2020-02-28,5d,>=7%,20,8,40.0,"NAUKRI, ADANIGREEN, ICICIGI, MANAPPURAM, TATACONSUM, RELAXO, BATAINDIA, DIXON"
2020-03-02,5d,>=7%,20,8,40.0,"MASFIN, ADANIGREEN, ICICIGI, MANAPPURAM, TATACONSUM, RELAXO, TRENT, BATAINDIA"
2020-07-08,5d,>=7%,20,1,5.0,GUJENERGY
2020-07-09,5d,>=7%,20,1,5.0,GUJENERGY
2020-07-13,5d,>=7%,20,1,5.0,ADANIGREEN
2020-07-14,5d,>=7%,20,2,10.0,"DMART, ADANIGREEN"
2020-07-15,5d,>=7%,20,2,10.0,"DMART, ADANIGREEN"
2020-07-16,5d,>=7%,20,1,5.0,DMART
2020-07-17,5d,>=7%,20,1,5.0,DMART
2020-07-20,5d,>=7%,20,1,5.0,DMART
2020-07-23,5d,>=7%,20,1,5.0,ADANIGREEN
2020-07-24,5d,>=7%,20,1,5.0,TRENT
2020-07-27,5d,>=7%,20,1,5.0,TRENT
2020-07-28,5d,>=7%,20,1,5.0,TRENT
2020-07-29,5d,>=7%,20,2,10.0,"BIOCON, TRENT"
2020-07-30,5d,>=7%,20,1,5.0,DIXON
2020-07-31,5d,>=7%,20,1,5.0,GRANULES
2020-08-10,5d,>=7%,20,1,5.0,DEEPAKNTR
2020-08-11,5d,>=7%,20,1,5.0,DEEPAKNTR
2020-08-17,5d,>=7%,20,4,20.0,"TORNTPHARM, LAURUSLABS, COROMANDEL, APLLTD"
2020-08-19,5d,>=7%,20,1,5.0,APLLTD
2020-08-20,5d,>=7%,20,1,5.0,APLLTD
2020-08-31,5d,>=7%,20,3,15.0,"PERSISTENT, NAVINFLUOR, DEEPAKNTR"
2020-09-01,5d,>=7%,20,5,25.0,"PERSISTENT, COROMANDEL, NAVINFLUOR, APLLTD, RALLIS"
2020-09-04,5d,>=7%,20,1,5.0,COROMANDEL
2020-09-07,5d,>=7%,20,1,5.0,GUJENERGY
2020-09-08,5d,>=7%,20,1,5.0,GUJENERGY
2020-09-09,5d,>=7%,20,1,5.0,RALLIS
2020-09-18,5d,>=7%,20,1,5.0,EPL
2020-09-21,5d,>=7%,20,2,10.0,"EPL, DIXON"
2020-09-22,5d,>=7%,20,5,25.0,"ADANIGREEN, EPL, NAVINFLUOR, DIXON, RALLIS"
2020-09-23,5d,>=7%,20,4,20.0,"ADANIGREEN, EPL, DIXON, RALLIS"
2020-09-24,5d,>=7%,20,7,35.0,"FDC, ADANIGREEN, BIOCON, LAURUSLABS, EPL, DIXON, RALLIS"
2020-09-25,5d,>=7%,20,2,10.0,"LAURUSLABS, DIVISLAB"
2020-10-07,5d,>=7%,20,1,5.0,COROMANDEL
2020-10-08,5d,>=7%,20,2,10.0,"NAVINFLUOR, DEEPAKNTR"
2020-10-09,5d,>=7%,20,3,15.0,"ADANIGREEN, COROMANDEL, NAVINFLUOR"
2020-10-12,5d,>=7%,20,3,15.0,"ADANIGREEN, COROMANDEL, DEEPAKNTR"
2020-10-13,5d,>=7%,20,2,10.0,"GUJENERGY, DEEPAKNTR"
2020-10-15,5d,>=7%,20,1,5.0,BIOCON
2020-10-19,5d,>=7%,20,1,5.0,CDSL
2020-10-20,5d,>=7%,20,1,5.0,PERSISTENT
2020-10-21,5d,>=7%,20,1,5.0,PERSISTENT
2020-10-22,5d,>=7%,20,1,5.0,PERSISTENT
2020-10-23,5d,>=7%,20,1,5.0,PERSISTENT
2020-10-26,5d,>=7%,20,1,5.0,BIOCON
2020-10-28,5d,>=7%,20,1,5.0,BIOCON
2020-10-29,5d,>=7%,20,2,10.0,"TORNTPHARM, EPL"
2020-11-03,5d,>=7%,20,1,5.0,LAURUSLABS
2020-11-04,5d,>=7%,20,1,5.0,LAURUSLABS
2020-11-05,5d,>=7%,20,1,5.0,LAURUSLABS
2020-11-06,5d,>=7%,20,1,5.0,LAURUSLABS
2020-11-09,5d,>=7%,20,1,5.0,LAURUSLABS
2020-11-10,5d,>=7%,20,2,10.0,"IPCALAB, LAURUSLABS"
2020-11-11,5d,>=7%,20,1,5.0,IPCALAB
2020-11-12,5d,>=7%,20,1,5.0,IPCALAB
2020-11-13,5d,>=7%,20,1,5.0,IPCALAB
2020-11-14,5d,>=7%,20,1,5.0,IPCALAB
2020-11-19,5d,>=7%,20,1,5.0,LAURUSLABS
2020-12-08,5d,>=7%,20,1,5.0,GRANULES
2020-12-09,5d,>=7%,20,1,5.0,GRANULES
2020-12-10,5d,>=7%,20,1,5.0,ADANIGREEN
2020-12-11,5d,>=7%,20,2,10.0,"ADANIGREEN, GRANULES"
2020-12-14,5d,>=7%,20,1,5.0,ADANIGREEN
2020-12-15,5d,>=7%,20,1,5.0,ADANIGREEN
2020-12-21,5d,>=7%,20,1,5.0,GRANULES
2020-12-22,5d,>=7%,20,1,5.0,ESCORTS
2020-12-24,5d,>=7%,20,1,5.0,DIXON
2020-12-28,5d,>=7%,20,1,5.0,ESCORTS
2021-01-11,5d,>=7%,20,1,5.0,ADANIGREEN
2021-01-12,5d,>=7%,20,1,5.0,ADANIGREEN
2021-01-13,5d,>=7%,20,2,10.0,"ADANIGREEN, SUZLON"
2021-01-14,5d,>=7%,20,3,15.0,"ADANIGREEN, NAVINFLUOR, SUZLON"
2021-01-15,5d,>=7%,20,1,5.0,SUZLON
2021-01-19,5d,>=7%,20,2,10.0,"INDIAMART, ESCORTS"
2021-01-20,5d,>=7%,20,2,10.0,"APLLTD, INDIAMART"
2021-01-21,5d,>=7%,20,2,10.0,"APLLTD, GRANULES"
2021-01-22,5d,>=7%,20,1,5.0,APLLTD
2021-01-25,5d,>=7%,20,4,20.0,"IPCALAB, APLLTD, SUZLON, DIXON"
2021-01-27,5d,>=7%,20,4,20.0,"IPCALAB, APLLTD, SUZLON, DIXON"
2021-01-28,5d,>=7%,20,6,30.0,"IPCALAB, PERSISTENT, NAVINFLUOR, TATAELXSI, SUZLON, DIXON"
2021-01-29,5d,>=7%,20,4,20.0,"IPCALAB, DRREDDY, NAVINFLUOR, SYNGENE"
2021-02-01,5d,>=7%,20,2,10.0,"IPCALAB, DRREDDY"
2021-02-02,5d,>=7%,20,3,15.0,"LAURUSLABS, DRREDDY, GRANULES"
2021-02-09,5d,>=7%,20,1,5.0,SUZLON
2021-02-10,5d,>=7%,20,1,5.0,SUZLON
2021-02-11,5d,>=7%,20,1,5.0,SUZLON
2021-02-12,5d,>=7%,20,1,5.0,BSOFT
2021-02-15,5d,>=7%,20,1,5.0,SUZLON
2021-02-16,5d,>=7%,20,1,5.0,SUZLON
2021-02-17,5d,>=7%,20,2,10.0,"INDIAMART, SUZLON"
2021-02-18,5d,>=7%,20,1,5.0,SUZLON
2021-02-19,5d,>=7%,20,1,5.0,SUZLON
2021-02-22,5d,>=7%,20,4,20.0,"BAJAJELEC, PERSISTENT, SUZLON, GRANULES"
2021-02-23,5d,>=7%,20,2,10.0,"BAJAJELEC, GRANULES"
2021-03-02,5d,>=7%,20,1,5.0,INDIAMART
2021-03-03,5d,>=7%,20,1,5.0,INDIAMART
2021-03-15,5d,>=7%,20,1,5.0,APLAPOLLO
2021-03-16,5d,>=7%,20,1,5.0,APLAPOLLO
2021-03-17,5d,>=7%,20,2,10.0,"HINDCOPPER, APLAPOLLO"
2021-03-18,5d,>=7%,20,7,35.0,"BAJAJELEC, HINDCOPPER, SYNGENE, CIPLA, APLAPOLLO, DEEPAKNTR, GRANULES"
2021-03-19,5d,>=7%,20,4,20.0,"BAJAJELEC, AFFLE, SYNGENE, GRANULES"
2021-03-22,5d,>=7%,20,5,25.0,"VAIBHAVGBL, HINDCOPPER, AFFLE, SYNGENE, GRANULES"
2021-03-23,5d,>=7%,20,1,5.0,VAIBHAVGBL
2021-03-24,5d,>=7%,20,2,10.0,"AFFLE, DIXON"
2021-03-25,5d,>=7%,20,2,10.0,"AFFLE, DIXON"
2021-03-26,5d,>=7%,20,1,5.0,DIXON
2021-03-30,5d,>=7%,20,3,15.0,"VAIBHAVGBL, ADANIGREEN, DIXON"
2021-03-31,5d,>=7%,20,3,15.0,"VAIBHAVGBL, HINDCOPPER, ADANIGREEN"
2021-04-01,5d,>=7%,20,1,5.0,ADANIGREEN
2021-04-06,5d,>=7%,20,1,5.0,APLAPOLLO
2021-04-07,5d,>=7%,20,1,5.0,APLAPOLLO
2021-04-08,5d,>=7%,20,1,5.0,APLAPOLLO
2021-04-12,5d,>=7%,20,2,10.0,"ADANIENSOL, ATGL"
2021-04-13,5d,>=7%,20,2,10.0,"ADANIENSOL, ATGL"
2021-04-15,5d,>=7%,20,1,5.0,ADANIENSOL
2021-04-16,5d,>=7%,20,1,5.0,DEEPAKNTR
2021-04-19,5d,>=7%,20,8,40.0,"VAIBHAVGBL, GRASIM, ADANIGREEN, PERSISTENT, INDIAMART, BSOFT, APLAPOLLO, DEEPAKNTR"
2021-04-22,5d,>=7%,20,2,10.0,"VAIBHAVGBL, ADANIGREEN"
2021-04-23,5d,>=7%,20,1,5.0,VAIBHAVGBL
2021-04-26,5d,>=7%,20,1,5.0,HINDCOPPER
2021-05-03,5d,>=7%,20,1,5.0,INDIAMART
2021-05-04,5d,>=7%,20,2,10.0,"INDIAMART, LINDEINDIA"
2021-05-05,5d,>=7%,20,1,5.0,INDIAMART
2021-05-06,5d,>=7%,20,1,5.0,INDIAMART
2021-05-10,5d,>=7%,20,2,10.0,"DIXON, APLAPOLLO"
2021-05-11,5d,>=7%,20,1,5.0,TATAELXSI
2021-05-12,5d,>=7%,20,1,5.0,TATAELXSI
2021-05-14,5d,>=7%,20,4,20.0,"ATGL, TATAELXSI, APLAPOLLO, DEEPAKNTR"
2021-05-17,5d,>=7%,20,1,5.0,VAIBHAVGBL
2021-05-18,5d,>=7%,20,2,10.0,"VAIBHAVGBL, JINDALSTEL"
2021-05-19,5d,>=7%,20,2,10.0,"VAIBHAVGBL, JINDALSTEL"
2021-05-20,5d,>=7%,20,1,5.0,JINDALSTEL
2021-05-24,5d,>=7%,20,1,5.0,JINDALSTEL
2021-05-25,5d,>=7%,20,1,5.0,JINDALSTEL
2021-05-26,5d,>=7%,20,2,10.0,"TATASTEEL, JINDALSTEL"
2021-06-04,5d,>=7%,20,1,5.0,HINDCOPPER
2021-06-15,5d,>=7%,20,2,10.0,"ADANIENSOL, ATGL"
2021-06-16,5d,>=7%,20,2,10.0,"ADANIENSOL, ATGL"
2021-06-17,5d,>=7%,20,3,15.0,"ADANIGREEN, ADANIENSOL, ATGL"
2021-06-18,5d,>=7%,20,7,35.0,"HINDCOPPER, JSWSTEEL, AFFLE, ADANIGREEN, ADANIENSOL, TIINDIA, ATGL"
2021-06-21,5d,>=7%,20,7,35.0,"HINDCOPPER, JSWSTEEL, AFFLE, ADANIGREEN, ADANIENSOL, TIINDIA, ATGL"
2021-06-22,5d,>=7%,20,2,10.0,"AFFLE, TIINDIA"
2021-06-23,5d,>=7%,20,2,10.0,"AFFLE, TIINDIA"
2021-06-24,5d,>=7%,20,1,5.0,AFFLE
2021-06-28,5d,>=7%,20,2,10.0,"ADANIENSOL, ATGL"
2021-06-29,5d,>=7%,20,2,10.0,"ADANIENSOL, ATGL"
2021-06-30,5d,>=7%,20,2,10.0,"ADANIENSOL, ATGL"
2021-07-01,5d,>=7%,20,3,15.0,"AFFLE, ADANIENSOL, ATGL"
2021-07-02,5d,>=7%,20,4,20.0,"HINDCOPPER, ADANIGREEN, ADANIENSOL, ATGL"
2021-07-05,5d,>=7%,20,3,15.0,"ADANIGREEN, ADANIENSOL, ATGL"
2021-07-06,5d,>=7%,20,2,10.0,"ADANIENSOL, ATGL"
2021-07-07,5d,>=7%,20,2,10.0,"ADANIENSOL, ATGL"
2021-07-08,5d,>=7%,20,1,5.0,TIINDIA
2021-07-09,5d,>=7%,20,1,5.0,TIINDIA
2021-07-12,5d,>=7%,20,1,5.0,APLAPOLLO
2021-07-14,5d,>=7%,20,1,5.0,APLAPOLLO
2021-07-20,5d,>=7%,20,1,5.0,ATGL
2021-07-26,5d,>=7%,20,1,5.0,ADANIENSOL
2021-07-27,5d,>=7%,20,1,5.0,CDSL
2021-07-28,5d,>=7%,20,1,5.0,CDSL
2021-07-29,5d,>=7%,20,4,20.0,"FSL, LAURUSLABS, CDSL, DIXON"
2021-07-30,5d,>=7%,20,2,10.0,"FSL, ADANIENSOL"
2021-08-02,5d,>=7%,20,1,5.0,FSL
2021-08-09,5d,>=7%,20,1,5.0,ECLERX
2021-08-10,5d,>=7%,20,3,15.0,"FSL, CDSL, ECLERX"
2021-08-11,5d,>=7%,20,2,10.0,"FSL, ECLERX"
2021-08-12,5d,>=7%,20,1,5.0,CDSL
2021-08-13,5d,>=7%,20,1,5.0,APLAPOLLO
2021-08-16,5d,>=7%,20,1,5.0,APLAPOLLO
2021-08-20,5d,>=7%,20,1,5.0,JSWSTEEL
2021-08-23,5d,>=7%,20,6,30.0,"FSL, JSWSTEEL, LAURUSLABS, TATASTEEL, CDSL, DIXON"
2021-08-24,5d,>=7%,20,5,25.0,"FSL, JSWSTEEL, JSWENERGY, TATASTEEL, DIXON"
2021-08-25,5d,>=7%,20,4,20.0,"FSL, JSWSTEEL, JSWENERGY, TATASTEEL"
2021-08-26,5d,>=7%,20,3,15.0,"FSL, JSWSTEEL, TATASTEEL"
2021-09-01,5d,>=7%,20,1,5.0,LINDEINDIA
2021-09-07,5d,>=7%,20,1,5.0,ATGL
2021-09-08,5d,>=7%,20,1,5.0,ATGL
2021-09-20,5d,>=7%,20,4,20.0,"JSWSTEEL, TATASTEEL, ADANIENSOL, LUXIND"
2021-09-21,5d,>=7%,20,2,10.0,"TATASTEEL, ADANIENSOL"
2021-09-22,5d,>=7%,20,3,15.0,"TATASTEEL, ADANIENSOL, LUXIND"
2021-09-23,5d,>=7%,20,4,20.0,"TATASTEEL, ADANIENSOL, LUXIND, CDSL"
2021-09-24,5d,>=7%,20,3,15.0,"TATASTEEL, ADANIENSOL, LUXIND"
2021-09-27,5d,>=7%,20,2,10.0,"ADANIENSOL, LUXIND"
2021-09-28,5d,>=7%,20,2,10.0,"LUXIND, APOLLOHOSP"
2021-09-29,5d,>=7%,20,1,5.0,APOLLOHOSP
2021-09-30,5d,>=7%,20,2,10.0,"APOLLOHOSP, APLAPOLLO"
2021-10-19,5d,>=7%,20,1,5.0,LINDEINDIA
2021-10-20,5d,>=7%,20,4,20.0,"POLYCAB, FLUOROCHEM, SRF, DEEPAKNTR"
2021-10-21,5d,>=7%,20,5,25.0,"POLYCAB, FLUOROCHEM, LINDEINDIA, ECLERX, DEEPAKNTR"
2021-10-22,5d,>=7%,20,8,40.0,"POLYCAB, PERSISTENT, FLUOROCHEM, SRF, DIXON, LINDEINDIA, ECLERX, DEEPAKNTR"
2021-10-25,5d,>=7%,20,10,50.0,"KAJARIACER, TATASTEEL, FLUOROCHEM, SRF, TATAELXSI, DIXON, LINDEINDIA, APLAPOLLO, ECLERX, DEEPAKNTR"
2021-10-26,5d,>=7%,20,6,30.0,"FLUOROCHEM, SRF, DIXON, APLAPOLLO, ECLERX, DEEPAKNTR"
2021-10-27,5d,>=7%,20,1,5.0,APLAPOLLO
2021-10-28,5d,>=7%,20,2,10.0,"ADANIENT, DEEPAKNTR"
2021-10-29,5d,>=7%,20,3,15.0,"ADANIENT, JSWENERGY, DEEPAKNTR"
2021-11-01,5d,>=7%,20,1,5.0,JSWENERGY
2021-11-02,5d,>=7%,20,2,10.0,"JSWENERGY, DEEPAKNTR"
2021-11-03,5d,>=7%,20,1,5.0,JSWENERGY
2021-11-08,5d,>=7%,20,1,5.0,JSWENERGY
2021-11-09,5d,>=7%,20,1,5.0,JSWENERGY
2021-11-15,5d,>=7%,20,1,5.0,TATASTEEL
2021-11-16,5d,>=7%,20,1,5.0,TATASTEEL
2021-11-18,5d,>=7%,20,2,10.0,"JSWENERGY, TATASTEEL"
2021-11-22,5d,>=7%,20,5,25.0,"CENTURYPLY, JSWENERGY, TATASTEEL, TATAELXSI, DEEPAKNTR"
2021-11-23,5d,>=7%,20,4,20.0,"CENTURYPLY, CDSL, TATAELXSI, DEEPAKNTR"
2021-11-24,5d,>=7%,20,5,25.0,"POLYCAB, TATAELXSI, DIXON, ECLERX, DEEPAKNTR"
2021-11-25,5d,>=7%,20,2,10.0,"CENTURYPLY, TATAELXSI"
2021-11-26,5d,>=7%,20,3,15.0,"POLYCAB, TATAELXSI, DEEPAKNTR"
2021-11-29,5d,>=7%,20,1,5.0,ECLERX
2021-11-30,5d,>=7%,20,5,25.0,"CENTURYPLY, TATAPOWER, TATASTEEL, ADANIENSOL, SRF"
2021-12-01,5d,>=7%,20,3,15.0,"CENTURYPLY, TATASTEEL, ADANIENSOL"
2021-12-02,5d,>=7%,20,4,20.0,"TRIDENT, CENTURYPLY, ADANIENSOL, ECLERX"
2021-12-03,5d,>=7%,20,2,10.0,"TRIDENT, ECLERX"
2021-12-06,5d,>=7%,20,1,5.0,TRIDENT
2021-12-10,5d,>=7%,20,1,5.0,JSWENERGY
2021-12-16,5d,>=7%,20,1,5.0,FLUOROCHEM
2021-12-17,5d,>=7%,20,3,15.0,"CENTURYPLY, IEX, FLUOROCHEM"
2021-12-20,5d,>=7%,20,10,50.0,"CENTURYPLY, POLYCAB, ADANIENT, LTTS, TATAPOWER, IEX, FLUOROCHEM, BSE, TATAELXSI, LINDEINDIA"
2021-12-21,5d,>=7%,20,9,45.0,"POLYCAB, TATAPOWER, IEX, FLUOROCHEM, BSE, CDSL, ATGL, TATAELXSI, LINDEINDIA"
2021-12-22,5d,>=7%,20,4,20.0,"CENTURYPLY, BSE, CDSL, ATGL"
2021-12-23,5d,>=7%,20,4,20.0,"TRIDENT, BSE, ATGL, TATAELXSI"
2021-12-24,5d,>=7%,20,1,5.0,ATGL
2021-12-27,5d,>=7%,20,1,5.0,SFL
2021-12-30,5d,>=7%,20,1,5.0,ADANIENSOL
2022-01-07,5d,>=7%,20,1,5.0,PERSISTENT
2022-01-10,5d,>=7%,20,1,5.0,PERSISTENT
2022-01-11,5d,>=7%,20,1,5.0,PERSISTENT
2022-01-19,5d,>=7%,20,1,5.0,LTTS
2022-01-20,5d,>=7%,20,2,10.0,"LTTS, ECLERX"
2022-01-21,5d,>=7%,20,2,10.0,"LTTS, ECLERX"
2022-01-24,5d,>=7%,20,12,60.0,"TRIDENT, POLYCAB, ADANIENT, GRASIM, LTTS, TATAPOWER, IEX, PERSISTENT, UNOMINDA, CDSL, ECLERX, DEEPAKNTR"
2022-01-25,5d,>=7%,20,5,25.0,"GRASIM, LTTS, UNOMINDA, ECLERX, DEEPAKNTR"
2022-01-27,5d,>=7%,20,8,40.0,"ADANIENT, LTTS, IEX, UNOMINDA, FLUOROCHEM, CDSL, ECLERX, DEEPAKNTR"
2022-01-28,5d,>=7%,20,11,55.0,"CENTURYPLY, ADANIENT, GRASIM, LTTS, IEX, UNOMINDA, FLUOROCHEM, BSE, CDSL, ECLERX, DEEPAKNTR"
2022-01-31,5d,>=7%,20,2,10.0,"ECLERX, DEEPAKNTR"
2022-02-08,5d,>=7%,20,2,10.0,"PERSISTENT, UNOMINDA"
2022-02-09,5d,>=7%,20,2,10.0,"IEX, FLUOROCHEM"
2022-02-11,5d,>=7%,20,3,15.0,"TRIDENT, TATAPOWER, FLUOROCHEM"
2022-02-14,5d,>=7%,20,8,40.0,"TRIDENT, CENTURYPLY, GRINDWELL, TATAPOWER, UNOMINDA, FLUOROCHEM, TATAELXSI, DEEPAKNTR"
2022-02-15,5d,>=7%,20,2,10.0,"GRINDWELL, DEEPAKNTR"
2022-02-16,5d,>=7%,20,4,20.0,"GRINDWELL, PERSISTENT, TATAELXSI, DEEPAKNTR"
2022-02-17,5d,>=7%,20,5,25.0,"GRINDWELL, PERSISTENT, UNOMINDA, TATAELXSI, DEEPAKNTR"
2022-02-18,5d,>=7%,20,2,10.0,"GRINDWELL, PERSISTENT"
2022-02-21,5d,>=7%,20,1,5.0,ATGL
2022-09-19,5d,>=7%,20,3,15.0,"ELGIEQUIP, TIMKEN, GNFC"
2022-09-20,5d,>=7%,20,4,20.0,"SCHAEFFLER, ELGIEQUIP, TIMKEN, GNFC"
2022-09-21,5d,>=7%,20,4,20.0,"SCHAEFFLER, ELGIEQUIP, TIMKEN, GNFC"
2022-09-22,5d,>=7%,20,4,20.0,"SCHAEFFLER, ELGIEQUIP, TIMKEN, GNFC"
2022-09-23,5d,>=7%,20,3,15.0,"SCHAEFFLER, ELGIEQUIP, GNFC"
2022-09-26,5d,>=7%,20,4,20.0,"ELGIEQUIP, ADANIENSOL, BDL, GNFC"
2022-09-27,5d,>=7%,20,9,45.0,"HAL, ADANIENT, ADANIGREEN, ELGIEQUIP, VBL, ADANIENSOL, ATGL, BDL, GNFC"
2022-09-28,5d,>=7%,20,5,25.0,"ADANIGREEN, ELGIEQUIP, VBL, BDL, GNFC"
2022-09-29,5d,>=7%,20,6,30.0,"ADANIGREEN, ELGIEQUIP, VBL, ADANIENSOL, ATGL, GNFC"
2022-09-30,5d,>=7%,20,2,10.0,"VBL, ADANIENSOL"
2022-10-03,5d,>=7%,20,3,15.0,"ADANIENT, ADANIENSOL, ATGL"
2022-10-04,5d,>=7%,20,2,10.0,"ADANIENT, ADANIENSOL"
2022-10-06,5d,>=7%,20,1,5.0,ADANIENT
2022-10-13,5d,>=7%,20,2,10.0,"ADANIENSOL, INDHOTEL"
2022-10-14,5d,>=7%,20,5,25.0,"SOLARINDS, ADANIGREEN, VBL, ADANIENSOL, INDHOTEL"
2022-10-17,5d,>=7%,20,1,5.0,VBL
2022-10-19,5d,>=7%,20,1,5.0,FLUOROCHEM
2022-10-20,5d,>=7%,20,1,5.0,SCHAEFFLER
2022-10-25,5d,>=7%,20,1,5.0,SCHAEFFLER
2022-10-27,5d,>=7%,20,1,5.0,SCHAEFFLER
2022-10-28,5d,>=7%,20,1,5.0,SCHAEFFLER
2022-10-31,5d,>=7%,20,2,10.0,"SCHAEFFLER, FINEORG"
2022-11-01,5d,>=7%,20,2,10.0,"SCHAEFFLER, FINEORG"
2022-11-02,5d,>=7%,20,3,15.0,"FINEORG, ELGIEQUIP, TIMKEN"
2022-11-03,5d,>=7%,20,1,5.0,ELGIEQUIP
2022-11-07,5d,>=7%,20,1,5.0,TIMKEN
2022-11-10,5d,>=7%,20,1,5.0,TIINDIA
2022-11-11,5d,>=7%,20,2,10.0,"INDHOTEL, TIINDIA"
2022-11-14,5d,>=7%,20,1,5.0,TIINDIA
2022-11-15,5d,>=7%,20,5,25.0,"ABB, INDHOTEL, FLUOROCHEM, TIINDIA, BDL"
2022-11-16,5d,>=7%,20,2,10.0,"INDHOTEL, FLUOROCHEM"
2022-11-17,5d,>=7%,20,1,5.0,FLUOROCHEM
2022-11-21,5d,>=7%,20,2,10.0,"ADANIGREEN, ADANIENSOL"
2022-11-22,5d,>=7%,20,2,10.0,"ADANIGREEN, ADANIENSOL"
2022-11-23,5d,>=7%,20,1,5.0,ADANIENSOL
2022-11-24,5d,>=7%,20,1,5.0,ADANIENSOL
2022-11-25,5d,>=7%,20,1,5.0,ADANIENSOL
2022-11-28,5d,>=7%,20,1,5.0,ADANIENSOL
2022-11-29,5d,>=7%,20,1,5.0,SCHAEFFLER
2022-11-30,5d,>=7%,20,2,10.0,"SCHAEFFLER, TIMKEN"
2022-12-01,5d,>=7%,20,1,5.0,SCHAEFFLER
2022-12-05,5d,>=7%,20,1,5.0,FLUOROCHEM
2022-12-12,5d,>=7%,20,1,5.0,COCHINSHIP
2022-12-21,5d,>=7%,20,2,10.0,"INDHOTEL, BDL"
2022-12-22,5d,>=7%,20,6,30.0,"RVNL, COCHINSHIP, INDHOTEL, FLUOROCHEM, BDL, MAZDOCK"
2022-12-23,5d,>=7%,20,11,55.0,"RHIM, GESHIP, ADANIENT, RVNL, COCHINSHIP, VBL, INDHOTEL, FLUOROCHEM, ATGL, BDL, MAZDOCK"
2022-12-26,5d,>=7%,20,5,25.0,"ADANIENT, RVNL, COCHINSHIP, TIINDIA, ATGL"
2023-05-22,5d,>=7%,20,1,5.0,SIEMENS
2023-05-23,5d,>=7%,20,2,10.0,"SIEMENS, NCC"
2023-05-24,5d,>=7%,20,1,5.0,SIEMENS
2023-05-25,5d,>=7%,20,1,5.0,SIEMENS
2023-05-29,5d,>=7%,20,1,5.0,FINCABLES
2023-05-30,5d,>=7%,20,1,5.0,FINCABLES
2023-05-31,5d,>=7%,20,1,5.0,FINCABLES
2023-07-13,5d,>=7%,20,1,5.0,KARURVYSYA
2023-07-14,5d,>=7%,20,1,5.0,CERA
2023-07-21,5d,>=7%,20,1,5.0,CIEINDIA
2023-07-24,5d,>=7%,20,1,5.0,CIEINDIA
2023-07-25,5d,>=7%,20,1,5.0,CIEINDIA
2023-07-26,5d,>=7%,20,1,5.0,CIEINDIA
2023-07-27,5d,>=7%,20,1,5.0,CIEINDIA
2023-07-28,5d,>=7%,20,1,5.0,RVNL
2023-07-31,5d,>=7%,20,1,5.0,RVNL
2023-08-02,5d,>=7%,20,1,5.0,RVNL
2023-08-04,5d,>=7%,20,1,5.0,CUMMINSIND
2023-08-07,5d,>=7%,20,1,5.0,CUMMINSIND
2023-08-11,5d,>=7%,20,1,5.0,APOLLOTYRE
2023-08-14,5d,>=7%,20,2,10.0,"FACT, APOLLOTYRE"
2023-08-16,5d,>=7%,20,1,5.0,APOLLOTYRE
2023-08-17,5d,>=7%,20,1,5.0,APOLLOTYRE
2023-08-18,5d,>=7%,20,1,5.0,APOLLOTYRE
2023-08-21,5d,>=7%,20,1,5.0,TRITURBINE
2023-09-07,5d,>=7%,20,1,5.0,NCC
2023-09-12,5d,>=7%,20,2,10.0,"ZENSARTECH, NCC"
2023-09-13,5d,>=7%,20,2,10.0,"KALYANKJIL, NCC"
2023-09-15,5d,>=7%,20,5,25.0,"RECLTD, KALYANKJIL, PFC, SUPREMEIND, NCC"
2023-09-18,5d,>=7%,20,6,30.0,"RECLTD, KALYANKJIL, RVNL, IRFC, SUPREMEIND, NCC"
2023-09-20,5d,>=7%,20,2,10.0,"SUPREMEIND, JSL"
2023-09-21,5d,>=7%,20,2,10.0,"SUPREMEIND, JSL"
2023-09-22,5d,>=7%,20,3,15.0,"GLENMARK, IRFC, JSL"
2023-09-25,5d,>=7%,20,3,15.0,"KALYANKJIL, GLENMARK, JSL"
2023-09-26,5d,>=7%,20,2,10.0,"GLENMARK, ZYDUSLIFE"
2023-09-27,5d,>=7%,20,1,5.0,GLENMARK
2023-10-06,5d,>=7%,20,1,5.0,FINCABLES
2023-10-09,5d,>=7%,20,4,20.0,"UNIONBANK, GLENMARK, IRFC, FINCABLES"
2023-10-10,5d,>=7%,20,2,10.0,"UNIONBANK, CGPOWER"
2023-10-16,5d,>=7%,20,1,5.0,FINCABLES
2023-10-17,5d,>=7%,20,1,5.0,FINCABLES
2023-10-18,5d,>=7%,20,1,5.0,FINCABLES
2023-10-19,5d,>=7%,20,2,10.0,"ZENSARTECH, FINCABLES"
2023-10-23,5d,>=7%,20,6,30.0,"MAHABANK, UNIONBANK, ZENSARTECH, NCC, FINCABLES, MAZDOCK"
2023-10-25,5d,>=7%,20,11,55.0,"POLYCAB, MAHABANK, RECLTD, RVNL, FACT, UNIONBANK, IRFC, ZENSARTECH, NCC, FINCABLES, MAZDOCK"
2023-10-26,5d,>=7%,20,11,55.0,"POLYCAB, MAHABANK, RECLTD, RVNL, FACT, UNIONBANK, IRFC, SUPREMEIND, NCC, FINCABLES, MAZDOCK"
2023-10-27,5d,>=7%,20,6,30.0,"MAHABANK, RECLTD, FACT, IRFC, SUPREMEIND, NCC"
2023-10-30,5d,>=7%,20,1,5.0,RVNL
2023-11-20,5d,>=7%,20,1,5.0,KALYANKJIL
2023-11-21,5d,>=7%,20,1,5.0,BSE
2023-11-22,5d,>=7%,20,2,10.0,"BSE, SUZLON"
2023-11-23,5d,>=7%,20,1,5.0,BSE
2023-11-24,5d,>=7%,20,1,5.0,BSE
2023-11-28,5d,>=7%,20,1,5.0,SONATSOFTW
2023-11-29,5d,>=7%,20,1,5.0,SONATSOFTW
2023-12-11,5d,>=7%,20,1,5.0,CYIENT
2023-12-12,5d,>=7%,20,1,5.0,RATNAMANI
2023-12-13,5d,>=7%,20,1,5.0,RATNAMANI
2023-12-14,5d,>=7%,20,1,5.0,RATNAMANI
2023-12-20,5d,>=7%,20,2,10.0,"RECLTD, PFC"
2023-12-21,5d,>=7%,20,1,5.0,PFC
2024-01-03,5d,>=7%,20,1,5.0,ZENSARTECH
2024-01-09,5d,>=7%,20,1,5.0,POLYCAB
2024-01-10,5d,>=7%,20,1,5.0,POLYCAB
2024-01-11,5d,>=7%,20,1,5.0,POLYCAB
2024-01-12,5d,>=7%,20,1,5.0,POLYCAB
2024-01-15,5d,>=7%,20,1,5.0,POLYCAB
2024-01-16,5d,>=7%,20,1,5.0,POLYCAB
2024-01-17,5d,>=7%,20,1,5.0,POLYCAB
2024-01-18,5d,>=7%,20,2,10.0,"KALYANKJIL, JSL"
2024-01-19,5d,>=7%,20,1,5.0,PRESTIGE
2024-01-23,5d,>=7%,20,3,15.0,"PRESTIGE, BSE, JSL"
2024-01-24,5d,>=7%,20,3,15.0,"PRESTIGE, BSE, CYIENT"
2024-01-25,5d,>=7%,20,3,15.0,"PRESTIGE, BSE, CYIENT"
2024-01-29,5d,>=7%,20,1,5.0,CYIENT
2024-01-30,5d,>=7%,20,1,5.0,CYIENT
2024-02-01,5d,>=7%,20,2,10.0,"KALYANKJIL, AUROPHARMA"
2024-02-02,5d,>=7%,20,1,5.0,AUROPHARMA
2024-02-05,5d,>=7%,20,2,10.0,"AUROPHARMA, LT"
2024-02-06,5d,>=7%,20,1,5.0,AUROPHARMA
2024-02-07,5d,>=7%,20,1,5.0,AUROPHARMA
2024-02-12,5d,>=7%,20,7,35.0,"RECLTD, IRFC, BSE, PFC, HUDCO, NBCC, NLCINDIA"
2024-02-13,5d,>=7%,20,6,30.0,"RECLTD, PFC, SUZLON, HUDCO, NBCC, NLCINDIA"
2024-02-14,5d,>=7%,20,4,20.0,"PRESTIGE, PFC, NBCC, NLCINDIA"
2024-02-15,5d,>=7%,20,3,15.0,"BSE, PFC, NBCC"
2024-02-16,5d,>=7%,20,2,10.0,"BSE, NBCC"
2024-02-26,5d,>=7%,20,1,5.0,JBMA
2024-02-27,5d,>=7%,20,1,5.0,NLCINDIA
2024-02-28,5d,>=7%,20,1,5.0,NLCINDIA
2024-02-29,5d,>=7%,20,2,10.0,"NBCC, NLCINDIA"
2024-03-01,5d,>=7%,20,3,15.0,"NBCC, CHALET, NLCINDIA"
2024-03-04,5d,>=7%,20,1,5.0,JBMA
2024-03-05,5d,>=7%,20,1,5.0,JBMA
2024-03-06,5d,>=7%,20,2,10.0,"SUZLON, JBMA"
2024-03-07,5d,>=7%,20,2,10.0,"SUZLON, JBMA"
2024-03-11,5d,>=7%,20,5,25.0,"ETERNAL, SUZLON, JBMA, NBCC, CHALET"
2024-03-12,5d,>=7%,20,6,30.0,"ETERNAL, BSE, SUZLON, JBMA, NBCC, CHALET"
2024-03-13,5d,>=7%,20,10,50.0,"ETERNAL, IRFC, AUROPHARMA, NTPC, BSE, SUZLON, HUDCO, JBMA, NBCC, CHALET"
2024-03-14,5d,>=7%,20,5,25.0,"PRESTIGE, NTPC, BSE, HUDCO, NBCC"
2024-03-15,5d,>=7%,20,7,35.0,"TVSMOTOR, PRESTIGE, NTPC, BSE, PFC, NBCC, TMPV"
2024-03-18,5d,>=7%,20,9,45.0,"RECLTD, TVSMOTOR, HAL, PRESTIGE, NTPC, BSE, PFC, HUDCO, NBCC"
2024-03-19,5d,>=7%,20,6,30.0,"RECLTD, TVSMOTOR, PRESTIGE, NTPC, BSE, PFC"
2024-03-20,5d,>=7%,20,2,10.0,"PRESTIGE, PFC"
2024-04-12,5d,>=7%,20,2,10.0,"RECLTD, PRESTIGE"
2024-04-15,5d,>=7%,20,2,10.0,"RECLTD, NBCC"
2024-04-16,5d,>=7%,20,1,5.0,TVSMOTOR
2024-04-18,5d,>=7%,20,3,15.0,"TVSMOTOR, HUDCO, NBCC"
2024-04-19,5d,>=7%,20,4,20.0,"TVSMOTOR, BSOFT, HUDCO, NBCC"
2024-04-22,5d,>=7%,20,1,5.0,BSOFT
2024-04-23,5d,>=7%,20,1,5.0,BSOFT
2024-04-24,5d,>=7%,20,1,5.0,BSOFT
2024-04-30,5d,>=7%,20,1,5.0,BSE
2024-05-02,5d,>=7%,20,1,5.0,BSE
2024-05-03,5d,>=7%,20,1,5.0,BSE
2024-05-06,5d,>=7%,20,2,10.0,"BSE, BSOFT"
2024-05-07,5d,>=7%,20,3,15.0,"HAL, BSOFT, HUDCO"
2024-05-09,5d,>=7%,20,3,15.0,"RECLTD, IRFC, PFC"
2024-05-10,5d,>=7%,20,4,20.0,"RECLTD, BSE, PFC, BSOFT"
2024-05-13,5d,>=7%,20,1,5.0,BSE
2024-05-14,5d,>=7%,20,1,5.0,CHALET
2024-05-15,5d,>=7%,20,1,5.0,CHALET
2024-05-16,5d,>=7%,20,1,5.0,TMPV
2024-05-17,5d,>=7%,20,1,5.0,TMPV
2024-05-23,5d,>=7%,20,1,5.0,BSE
2024-05-28,5d,>=7%,20,2,10.0,"HUDCO, BHEL"
2024-05-30,5d,>=7%,20,1,5.0,PRESTIGE
2024-06-04,5d,>=7%,20,8,40.0,"RECLTD, HAL, IRFC, NTPC, PFC, HUDCO, MOTILALOFS, BHEL"
2024-06-05,5d,>=7%,20,6,30.0,"RECLTD, HAL, IRFC, PFC, HUDCO, BHEL"
2024-06-06,5d,>=7%,20,1,5.0,RECLTD
2024-06-07,5d,>=7%,20,2,10.0,"RECLTD, HUDCO"
2024-06-10,5d,>=7%,20,5,25.0,"RECLTD, HAL, IRFC, PFC, BHEL"
2024-06-24,5d,>=7%,20,2,10.0,"SOBHA, BSE"
2024-06-25,5d,>=7%,20,1,5.0,BSE
2024-06-26,5d,>=7%,20,1,5.0,MOTILALOFS
2024-06-27,5d,>=7%,20,2,10.0,"PRESTIGE, MOTILALOFS"
2024-06-28,5d,>=7%,20,1,5.0,MOTILALOFS
2024-07-01,5d,>=7%,20,2,10.0,"PRESTIGE, MOTILALOFS"
2024-07-02,5d,>=7%,20,2,10.0,"PRESTIGE, MOTILALOFS"
2024-07-03,5d,>=7%,20,1,5.0,MOTILALOFS
2024-07-04,5d,>=7%,20,1,5.0,MOTILALOFS
2024-07-05,5d,>=7%,20,1,5.0,MOTILALOFS
2024-07-08,5d,>=7%,20,2,10.0,"BSE, MOTILALOFS"
2024-07-10,5d,>=7%,20,1,5.0,BSE
2024-07-18,5d,>=7%,20,1,5.0,HAL
2024-07-19,5d,>=7%,20,8,40.0,"RECLTD, HAL, SOBHA, COCHINSHIP, TRENT, DIXON, HUDCO, BHEL"
2024-07-22,5d,>=7%,20,4,20.0,"HAL, SOBHA, TRENT, DIXON"
2024-07-23,5d,>=7%,20,6,30.0,"APARINDS, HAL, IRFC, TRENT, DIXON, HUDCO"
2024-07-24,5d,>=7%,20,5,25.0,"APARINDS, HAL, SOBHA, IRFC, DIXON"
2024-07-25,5d,>=7%,20,3,15.0,"APARINDS, IRFC, DIXON"
2024-07-26,5d,>=7%,20,1,5.0,IRFC
2024-08-02,5d,>=7%,20,1,5.0,PRESTIGE
2024-08-05,5d,>=7%,20,8,40.0,"RECLTD, HAL, MOTHERSON, IRFC, PRESTIGE, PFC, HUDCO, BHEL"
2024-08-06,5d,>=7%,20,10,50.0,"RECLTD, APARINDS, HAL, IRFC, COCHINSHIP, PRESTIGE, TRENT, DIXON, HUDCO, BHEL"
2024-08-07,5d,>=7%,20,4,20.0,"RECLTD, APARINDS, COCHINSHIP, PRESTIGE"
2024-08-08,5d,>=7%,20,1,5.0,COCHINSHIP
2024-08-14,5d,>=7%,20,1,5.0,ZYDUSLIFE
2024-08-16,5d,>=7%,20,1,5.0,ZYDUSLIFE
2024-08-19,5d,>=7%,20,2,10.0,"ZYDUSLIFE, COCHINSHIP"
2024-08-20,5d,>=7%,20,1,5.0,COCHINSHIP
2024-08-23,5d,>=7%,20,1,5.0,PRESTIGE
2024-08-30,5d,>=7%,20,1,5.0,COCHINSHIP
2024-09-02,5d,>=7%,20,1,5.0,COCHINSHIP
2024-09-03,5d,>=7%,20,1,5.0,COCHINSHIP
2024-09-04,5d,>=7%,20,1,5.0,HUDCO
2024-09-05,5d,>=7%,20,2,10.0,"OIL, HUDCO"
2024-09-06,5d,>=7%,20,4,20.0,"OIL, DIXON, HUDCO, BHEL"
2024-09-09,5d,>=7%,20,3,15.0,"OIL, HUDCO, BHEL"
2024-09-10,5d,>=7%,20,1,5.0,OIL
2024-09-11,5d,>=7%,20,1,5.0,OIL
2024-09-12,5d,>=7%,20,1,5.0,OIL
2024-09-16,5d,>=7%,20,1,5.0,GRANULES
2024-09-17,5d,>=7%,20,1,5.0,GRANULES
2024-09-18,5d,>=7%,20,1,5.0,GRANULES
2024-09-19,5d,>=7%,20,4,20.0,"HAL, RVNL, IRFC, COCHINSHIP"
2024-09-30,5d,>=7%,20,2,10.0,"ETERNAL, HEROMOTOCO"
2024-10-03,5d,>=7%,20,2,10.0,"SUZLON, HEROMOTOCO"
2024-10-04,5d,>=7%,20,3,15.0,"BHARTIARTL, SUZLON, HEROMOTOCO"
2024-10-07,5d,>=7%,20,6,30.0,"RVNL, IRFC, COCHINSHIP, SUZLON, HEROMOTOCO, BAJAJ-AUTO"
2024-10-08,5d,>=7%,20,1,5.0,SUZLON
2024-10-16,5d,>=7%,20,1,5.0,OIL
2024-10-17,5d,>=7%,20,4,20.0,"PCBL, OIL, COLPAL, BAJAJ-AUTO"
2024-10-18,5d,>=7%,20,4,20.0,"ETERNAL, OIL, COLPAL, BAJAJ-AUTO"
2024-10-21,5d,>=7%,20,3,15.0,"OIL, TRENT, BAJAJ-AUTO"
2024-10-22,5d,>=7%,20,8,40.0,"POWERINDIA, KALYANKJIL, ETERNAL, PCBL, PRESTIGE, OIL, TRENT, BAJAJ-AUTO"
2024-10-23,5d,>=7%,20,7,35.0,"POWERINDIA, KALYANKJIL, HAL, PCBL, PRESTIGE, SUZLON, BAJAJ-AUTO"
2024-10-24,5d,>=7%,20,3,15.0,"POWERINDIA, HAL, PCBL"
2024-10-25,5d,>=7%,20,6,30.0,"POWERINDIA, HAL, PCBL, OIL, DIXON, COLPAL"
2024-10-28,5d,>=7%,20,5,25.0,"POWERINDIA, TORNTPOWER, HAL, OIL, DIXON"
2024-10-29,5d,>=7%,20,3,15.0,"OIL, COLPAL, HEROMOTOCO"
2024-10-30,5d,>=7%,20,2,10.0,"DIXON, COLPAL"
2024-10-31,5d,>=7%,20,1,5.0,OIL
2024-11-05,5d,>=7%,20,1,5.0,TORNTPOWER
2024-11-07,5d,>=7%,20,1,5.0,TRENT
2024-11-08,5d,>=7%,20,2,10.0,"TORNTPOWER, TRENT"
2024-11-11,5d,>=7%,20,1,5.0,TRENT
2024-11-12,5d,>=7%,20,4,20.0,"POWERINDIA, GLENMARK, COHANCE, PPLPHARMA"
2024-11-13,5d,>=7%,20,8,40.0,"POWERINDIA, TORNTPOWER, HAL, VEDL, GLENMARK, JUBLPHARMA, MCX, PPLPHARMA"
2024-11-14,5d,>=7%,20,7,35.0,"POWERINDIA, TORNTPOWER, KALYANKJIL, HAL, GLENMARK, MCX, PPLPHARMA"
2024-11-18,5d,>=7%,20,7,35.0,"POWERINDIA, HAL, GLENMARK, JUBLPHARMA, MOTILALOFS, MCX, PPLPHARMA"
2025-06-16,5d,>=7%,20,2,10.0,"BSE, PAYTM"
2025-06-17,5d,>=7%,20,2,10.0,"BSE, PAYTM"
2025-06-18,5d,>=7%,20,2,10.0,"BSE, PAYTM"
2025-06-20,5d,>=7%,20,1,5.0,ERIS
2025-06-23,5d,>=7%,20,2,10.0,"ERIS, KIMS"
2025-06-24,5d,>=7%,20,1,5.0,ERIS
2025-06-25,5d,>=7%,20,1,5.0,ERIS
2025-06-27,5d,>=7%,20,1,5.0,GRSE
2025-06-30,5d,>=7%,20,1,5.0,GRSE
2025-07-01,5d,>=7%,20,1,5.0,FSL
2025-07-04,5d,>=7%,20,1,5.0,COROMANDEL
2025-07-07,5d,>=7%,20,1,5.0,COROMANDEL
2025-07-08,5d,>=7%,20,2,10.0,"DEEPAKFERT, BSE"
2025-07-09,5d,>=7%,20,2,10.0,"DEEPAKFERT, BSE"
2025-07-10,5d,>=7%,20,4,20.0,"DEEPAKFERT, BSE, ASTERDM, MCX"
2025-07-11,5d,>=7%,20,4,20.0,"DEEPAKFERT, SOLARINDS, BSE, MCX"
2025-07-14,5d,>=7%,20,1,5.0,SOLARINDS
2025-07-16,5d,>=7%,20,1,5.0,SOLARINDS
2025-07-24,5d,>=7%,20,1,5.0,COFORGE
2025-07-25,5d,>=7%,20,1,5.0,COFORGE
2025-07-28,5d,>=7%,20,1,5.0,COFORGE
2025-07-29,5d,>=7%,20,1,5.0,COFORGE
2025-08-04,5d,>=7%,20,1,5.0,NH
2025-08-05,5d,>=7%,20,1,5.0,NH
2025-08-06,5d,>=7%,20,2,10.0,"NH, DIVISLAB"
2025-08-07,5d,>=7%,20,3,15.0,"NH, COROMANDEL, DIVISLAB"
2025-08-08,5d,>=7%,20,2,10.0,"NH, DIVISLAB"
2025-08-11,5d,>=7%,20,3,15.0,"RAMCOCEM, DIVISLAB, AMBER"
2025-08-12,5d,>=7%,20,4,20.0,"ERIS, RAMCOCEM, COROMANDEL, AMBER"
2025-08-13,5d,>=7%,20,4,20.0,"RAMCOCEM, COROMANDEL, GODFRYPHLP, AMBER"
2025-08-14,5d,>=7%,20,1,5.0,AMBER
2025-08-25,5d,>=7%,20,2,10.0,"BAJAJHLDNG, BSE"
2025-08-26,5d,>=7%,20,2,10.0,"BSE, MCX"
2025-08-28,5d,>=7%,20,5,25.0,"LLOYDSME, RAMCOCEM, BSE, JKCEMENT, MCX"
2025-08-29,5d,>=7%,20,3,15.0,"DEEPAKFERT, LLOYDSME, BSE"
2025-09-01,5d,>=7%,20,2,10.0,"DEEPAKFERT, BAJAJHLDNG"
2026-05-11,5d,>=7%,20,1,5.0,GMDCLTD
2026-05-12,5d,>=7%,20,3,15.0,"KIRLOSENG, ADANIPOWER, GMDCLTD"
2026-05-13,5d,>=7%,20,1,5.0,NETWEB
2026-05-14,5d,>=7%,20,4,20.0,"POWERINDIA, KIRLOSENG, NETWEB, GVT&D"
2026-05-15,5d,>=7%,20,1,5.0,NETWEB
2026-05-18,5d,>=7%,20,2,10.0,"NETWEB, SCHNEIDER"
2026-05-21,5d,>=7%,20,1,5.0,HINDCOPPER
2026-05-27,5d,>=7%,20,2,10.0,"GESHIP, MCX"
2026-05-29,5d,>=7%,20,2,10.0,"GESHIP, MCX"
2026-06-01,5d,>=7%,20,2,10.0,"GESHIP, MCX"
2026-06-02,5d,>=7%,20,3,15.0,"GESHIP, SCHNEIDER, MCX"
2026-06-03,5d,>=7%,20,4,20.0,"GESHIP, GLENMARK, SCHNEIDER, MCX"
2026-06-04,5d,>=7%,20,5,25.0,"VEDL, GLENMARK, ADANIPOWER, SCHNEIDER, MCX"
2026-06-05,5d,>=7%,20,2,10.0,"VEDL, SCHNEIDER"
2026-06-08,5d,>=7%,20,5,25.0,"VEDL, NETWEB, NATIONALUM, GMDCLTD, SCHNEIDER"
2026-06-09,5d,>=7%,20,3,15.0,"VEDL, NETWEB, NATIONALUM"
2026-06-10,5d,>=7%,20,6,30.0,"HINDALCO, GESHIP, VEDL, NETWEB, NATIONALUM, GMDCLTD"
2026-06-11,5d,>=7%,20,7,35.0,"POWERINDIA, HINDALCO, HINDCOPPER, KIRLOSENG, NETWEB, NATIONALUM, GMDCLTD"
2026-06-16,5d,>=7%,20,1,5.0,HINDALCO
2026-06-24,5d,>=7%,20,1,5.0,VEDL
2026-06-25,5d,>=7%,20,2,10.0,"VEDL, NATIONALUM"
2026-06-29,5d,>=7%,20,3,15.0,"NETWEB, NATIONALUM, GVT&D"
2026-06-30,5d,>=7%,20,4,20.0,"VEDL, NETWEB, NATIONALUM, GVT&D"
2026-07-01,5d,>=7%,20,3,15.0,"APARINDS, NETWEB, GVT&D"
2026-07-02,5d,>=7%,20,3,15.0,"APARINDS, KIRLOSENG, NETWEB"
2026-07-03,5d,>=7%,20,5,25.0,"POWERINDIA, APARINDS, KIRLOSENG, NETWEB, GVT&D"
2026-07-06,5d,>=7%,20,5,25.0,"POWERINDIA, APARINDS, GESHIP, KIRLOSENG, GVT&D"
2026-07-07,5d,>=7%,20,2,10.0,"APARINDS, GVT&D"
2026-07-08,5d,>=7%,20,4,20.0,"APARINDS, NETWEB, GVT&D, MCX"
2026-07-17,5d,>=7%,20,2,10.0,"KIRLOSENG, VEDL"
2026-07-20,5d,>=7%,20,1,5.0,KIRLOSENG
2026-07-22,5d,>=7%,20,1,5.0,KIRLOSENG
2026-07-23,5d,>=7%,20,2,10.0,"HFCL, KIRLOSENG"
2026-07-24,5d,>=7%,20,1,5.0,HFCL
2026-07-27,5d,>=7%,20,1,5.0,HFCL
2026-07-28,5d,>=7%,20,2,10.0,"HFCL, GVT&D"
2026-07-29,5d,>=7%,20,2,10.0,"HFCL, GVT&D"
2026-07-30,5d,>=7%,20,1,5.0,HFCL
2026-08-11,5d,>=7%,20,1,5.0,KIRLOSENG
2026-08-12,5d,>=7%,20,1,5.0,KIRLOSENG
2026-08-13,5d,>=7%,20,1,5.0,KIRLOSENG
2026-08-14,5d,>=7%,20,1,5.0,BHARATFORG
2026-08-19,5d,>=7%,20,2,10.0,"APARINDS, NATIONALUM"
2026-08-31,5d,>=7%,20,2,10.0,"HINDCOPPER, ADANIENSOL"
2026-09-01,5d,>=7%,20,1,5.0,ADANIENSOL
2026-09-02,5d,>=7%,20,2,10.0,"ADANIENSOL, NATIONALUM"
2026-09-03,5d,>=7%,20,2,10.0,"HFCL, ADANIENSOL"
2026-09-04,5d,>=7%,20,2,10.0,"HFCL, ADANIENSOL"
2007-09-27,5d,>=8%,20,1,5.0,TFCILTD
2007-10-01,5d,>=8%,20,1,5.0,JINDALSTEL
2007-10-05,5d,>=8%,20,1,5.0,RAJESHEXPO
2007-10-08,5d,>=8%,20,2,10.0,"PRAJIND, TFCILTD"
2007-10-09,5d,>=8%,20,3,15.0,"APTECHT, PRAJIND, TFCILTD"
2007-10-10,5d,>=8%,20,2,10.0,"APTECHT, TFCILTD"
2007-10-11,5d,>=8%,20,1,5.0,APTECHT
2007-10-17,5d,>=8%,20,2,10.0,"PRAJIND, RAJESHEXPO"
2007-10-18,5d,>=8%,20,5,25.0,"ADANIENT, APTECHT, PRAJIND, CRISIL, LT"
2007-10-19,5d,>=8%,20,10,50.0,"ADANIENT, APTECHT, BHARTIARTL, PRAJIND, SOUTHBANK, JINDALSTEL, CRISIL, KOTAKBANK, TFCILTD, LT"
2007-10-22,5d,>=8%,20,13,65.0,"JSWSTEEL, ADANIENT, APTECHT, BHARTIARTL, RELIANCE, PRAJIND, SOUTHBANK, JINDALSTEL, CRISIL, KOTAKBANK, TFCILTD, UNITDSPR, LT"
2007-10-23,5d,>=8%,20,3,15.0,"BHARTIARTL, GMDCLTD, TFCILTD"
2007-10-24,5d,>=8%,20,2,10.0,"BHARTIARTL, GMDCLTD"
2007-11-01,5d,>=8%,20,1,5.0,TFCILTD
2007-11-02,5d,>=8%,20,2,10.0,"BHARTIARTL, TFCILTD"
2007-11-05,5d,>=8%,20,2,10.0,"CRISIL, UNITDSPR"
2007-11-06,5d,>=8%,20,1,5.0,UNITDSPR
2007-11-08,5d,>=8%,20,1,5.0,JINDALSTEL
2007-11-09,5d,>=8%,20,2,10.0,"JINDALSTEL, DIVISLAB"
2007-11-12,5d,>=8%,20,3,15.0,"RIIL, JINDALSTEL, DIVISLAB"
2007-11-13,5d,>=8%,20,2,10.0,"RIIL, JINDALSTEL"
2007-11-14,5d,>=8%,20,1,5.0,RIIL
2007-11-21,5d,>=8%,20,6,30.0,"RELINFRA, VEDL, WELCORP, JINDALSTEL, ABAN, LT"
2007-11-22,5d,>=8%,20,8,40.0,"STCINDIA, RELINFRA, VEDL, WELCORP, GMDCLTD, ABAN, UNITDSPR, LT"
2007-11-23,5d,>=8%,20,4,20.0,"STCINDIA, VEDL, RIIL, GMDCLTD"
2007-11-26,5d,>=8%,20,5,25.0,"STCINDIA, VEDL, RIIL, GMDCLTD, THERMAX"
2007-11-27,5d,>=8%,20,3,15.0,"STCINDIA, GMDCLTD, THERMAX"
2007-11-28,5d,>=8%,20,2,10.0,"STCINDIA, GMDCLTD"
2007-11-29,5d,>=8%,20,1,5.0,STCINDIA
2007-11-30,5d,>=8%,20,1,5.0,STCINDIA
2007-12-10,5d,>=8%,20,1,5.0,STCINDIA
2007-12-11,5d,>=8%,20,1,5.0,RIIL
2007-12-12,5d,>=8%,20,1,5.0,STCINDIA
2007-12-13,5d,>=8%,20,1,5.0,STCINDIA
2007-12-14,5d,>=8%,20,1,5.0,STCINDIA
2007-12-17,5d,>=8%,20,3,15.0,"STCINDIA, KOTAKBANK, ABAN"
2007-12-18,5d,>=8%,20,4,20.0,"STCINDIA, WELCORP, JINDALSTEL, KOTAKBANK"
2007-12-19,5d,>=8%,20,4,20.0,"STCINDIA, WELCORP, JINDALSTEL, KOTAKBANK"
2007-12-20,5d,>=8%,20,6,30.0,"STCINDIA, ABB, RIIL, JINDALSTEL, KOTAKBANK, ABAN"
2007-12-24,5d,>=8%,20,2,10.0,"ABB, JINDALSTEL"
2008-01-10,5d,>=8%,20,5,25.0,"JSWSTEEL, ADANIENT, VEDL, SOUTHBANK, DIVISLAB"
2008-01-11,5d,>=8%,20,9,45.0,"BLUESTARCO, STCINDIA, JSWSTEEL, ADANIENT, VEDL, SOUTHBANK, RIIL, JINDALSTEL, KOTAKBANK"
2008-01-14,5d,>=8%,20,5,25.0,"STCINDIA, ADANIENT, VEDL, RIIL, USHAMART"
2008-01-15,5d,>=8%,20,6,30.0,"STCINDIA, ADANIENT, VEDL, SOUTHBANK, RIIL, USHAMART"
2008-01-16,5d,>=8%,20,6,30.0,"STCINDIA, RELINFRA, SOUTHBANK, RIIL, USHAMART, LT"
2008-01-17,5d,>=8%,20,1,5.0,RELINFRA
2008-01-18,5d,>=8%,20,6,30.0,"JSWSTEEL, RELINFRA, VEDL, RELIANCE, KOTAKBANK, ABAN"
2008-01-21,5d,>=8%,20,17,85.0,"INDIAGLYCO, STCINDIA, JSWSTEEL, RELINFRA, VEDL, RELIANCE, SOUTHBANK, WELCORP, RIIL, GMDCLTD, JINDALSTEL, KOTAKBANK, ABAN, DIVISLAB, RAJESHEXPO, USHAMART, LT"
2008-01-22,5d,>=8%,20,20,100.0,"BLUESTARCO, INDIAGLYCO, STCINDIA, JSWSTEEL, ADANIENT, RELINFRA, VEDL, RELIANCE, SOUTHBANK, WELCORP, SHRIRAMFIN, RIIL, GMDCLTD, JINDALSTEL, KOTAKBANK, ABAN, DIVISLAB, RAJESHEXPO, USHAMART, LT"
2008-01-23,5d,>=8%,20,16,80.0,"INDIAGLYCO, STCINDIA, JSWSTEEL, ADANIENT, RELINFRA, VEDL, RELIANCE, SOUTHBANK, RIIL, GMDCLTD, JINDALSTEL, KOTAKBANK, ABAN, DIVISLAB, RAJESHEXPO, USHAMART"
2008-01-24,5d,>=8%,20,18,90.0,"INDIAGLYCO, STCINDIA, JSWSTEEL, ADANIENT, RELINFRA, VEDL, RELIANCE, SOUTHBANK, WELCORP, RIIL, GMDCLTD, JINDALSTEL, KOTAKBANK, ABAN, DIVISLAB, RAJESHEXPO, USHAMART, LT"
2008-01-25,5d,>=8%,20,11,55.0,"INDIAGLYCO, STCINDIA, JSWSTEEL, ADANIENT, RIIL, GMDCLTD, JINDALSTEL, ABAN, DIVISLAB, RAJESHEXPO, USHAMART"
2008-01-28,5d,>=8%,20,3,15.0,"STCINDIA, RIIL, USHAMART"
2009-04-21,5d,>=8%,17,2,11.764705882352942,"DSKULKARNI, MCLEODRUSS"
2009-04-22,5d,>=8%,17,4,23.529411764705884,"DSKULKARNI, FSL, EMBDL, IIFL"
2009-04-27,5d,>=8%,17,2,11.764705882352942,"DONEAR, FSL"
2009-04-28,5d,>=8%,17,3,17.647058823529413,"NOIDATOLL, FSL, EMBDL"
2009-04-29,5d,>=8%,17,1,5.882352941176471,DONEAR
2009-05-04,5d,>=8%,17,1,5.882352941176471,EMBDL
2009-05-05,5d,>=8%,17,1,5.882352941176471,JINDALPOLY
2009-05-06,5d,>=8%,17,1,5.882352941176471,JINDALPOLY
2009-05-08,5d,>=8%,17,1,5.882352941176471,JINDALPOLY
2009-05-11,5d,>=8%,17,3,17.647058823529413,"IDEA, UNIONBANK, ORIENTPPR"
2009-05-12,5d,>=8%,17,1,5.882352941176471,ORIENTPPR
2009-05-13,5d,>=8%,17,1,5.882352941176471,NIITLTD
2009-05-14,5d,>=8%,17,1,5.882352941176471,NIITLTD
2009-05-25,5d,>=8%,17,1,5.882352941176471,HEROMOTOCO
2009-05-26,5d,>=8%,17,2,11.764705882352942,"UNIONBANK, IIFL"
2009-05-27,5d,>=8%,17,1,5.882352941176471,PFC
2009-06-04,5d,>=8%,17,1,5.882352941176471,DONEAR
2009-06-08,5d,>=8%,17,3,17.647058823529413,"DONEAR, MCLEODRUSS, EMBDL"
2009-06-10,5d,>=8%,20,1,5.0,MUNJALSHOW
2009-06-11,5d,>=8%,20,2,10.0,"MUNJALSHOW, IIFL"
2009-06-12,5d,>=8%,20,1,5.0,IIFL
2009-06-15,5d,>=8%,20,2,10.0,"BERGEPAINT, IIFL"
2009-06-16,5d,>=8%,20,2,10.0,"MUNJALSHOW, IIFL"
2009-06-17,5d,>=8%,20,4,20.0,"COROMANDEL, IIFL, ONGC, BHEL"
2009-06-18,5d,>=8%,20,7,35.0,"BERGEPAINT, GODREJCP, COROMANDEL, IIFL, ONGC, BHEL, RALLIS"
2009-06-19,5d,>=8%,20,2,10.0,"IIFL, ONGC"
2009-06-22,5d,>=8%,20,4,20.0,"ENGINERSIN, ONGC, RALLIS, ORIENTPPR"
2009-06-23,5d,>=8%,20,5,25.0,"COROMANDEL, PFC, ONGC, RALLIS, ORIENTPPR"
2009-06-30,5d,>=8%,20,1,5.0,GODREJCP
2009-07-06,5d,>=8%,20,4,20.0,"ENGINERSIN, BANKBARODA, IIFL, ORIENTPPR"
2009-07-07,5d,>=8%,20,2,10.0,"ENGINERSIN, BANKBARODA"
2009-07-08,5d,>=8%,20,3,15.0,"ENGINERSIN, UNIONBANK, BANKBARODA"
2009-07-09,5d,>=8%,20,4,20.0,"ENGINERSIN, UNIONBANK, BANKBARODA, ONGC"
2009-07-10,5d,>=8%,20,7,35.0,"UNIONBANK, MUNJALSHOW, BANKBARODA, COROMANDEL, ONGC, LICHSGFIN, BHEL"
2009-07-13,5d,>=8%,20,2,10.0,"COROMANDEL, JAYSREETEA"
2009-07-14,5d,>=8%,20,1,5.0,COROMANDEL
2009-07-27,5d,>=8%,20,2,10.0,"UNIONBANK, LICHSGFIN"
2009-07-28,5d,>=8%,20,1,5.0,UNIONBANK
2009-07-29,5d,>=8%,20,1,5.0,UNIONBANK
2009-08-07,5d,>=8%,20,3,15.0,"PFC, MARUTI, HEROMOTOCO"
2009-08-10,5d,>=8%,20,6,30.0,"SHREECEM, MUNJALSHOW, PFC, MARUTI, HEROMOTOCO, BHEL"
2009-08-11,5d,>=8%,20,6,30.0,"SHREECEM, GODREJCP, MUNJALSHOW, MARUTI, HEROMOTOCO, RALLIS"
2009-08-12,5d,>=8%,20,5,25.0,"SHREECEM, MUNJALSHOW, MARUTI, HEROMOTOCO, LICHSGFIN"
2009-08-20,5d,>=8%,20,1,5.0,MCLEODRUSS
2009-10-05,5d,>=8%,20,1,5.0,MCLEODRUSS
2009-10-08,5d,>=8%,20,2,10.0,"EICHERMOT, MARUTI"
2009-10-09,5d,>=8%,20,2,10.0,"EICHERMOT, MARUTI"
2009-10-26,5d,>=8%,20,3,15.0,"SHREECEM, UNIONBANK, SUPREMEIND"
2009-10-27,5d,>=8%,20,2,10.0,"SHREECEM, SUPREMEIND"
2009-10-29,5d,>=8%,20,2,10.0,"MUNJALSHOW, LICHSGFIN"
2009-10-30,5d,>=8%,20,5,25.0,"MUNJALSHOW, AUROPHARMA, JINDALSTEL, LICHSGFIN, RALLIS"
2009-11-03,5d,>=8%,20,7,35.0,"EICHERMOT, MUNJALSHOW, AUROPHARMA, PFC, JINDALSTEL, LICHSGFIN, RALLIS"
2009-11-04,5d,>=8%,20,1,5.0,MUNJALSHOW
2009-11-05,5d,>=8%,20,1,5.0,MUNJALSHOW
2009-11-06,5d,>=8%,20,1,5.0,MUNJALSHOW
2009-11-24,5d,>=8%,20,1,5.0,DHAMPURSUG
2009-12-11,5d,>=8%,20,1,5.0,MCLEODRUSS
2009-12-18,5d,>=8%,20,2,10.0,"RECLTD, GODREJCP"
2009-12-21,5d,>=8%,20,1,5.0,RECLTD
2010-01-08,5d,>=8%,20,1,5.0,MARUTI
2010-01-20,5d,>=8%,20,2,10.0,"RENUKA, JAYSREETEA"
2010-01-21,5d,>=8%,20,2,10.0,"DHAMPURSUG, MCLEODRUSS"
2010-01-22,5d,>=8%,20,2,10.0,"MCLEODRUSS, JAYSREETEA"
2010-01-25,5d,>=8%,20,3,15.0,"VEDL, MCLEODRUSS, JAYSREETEA"
2010-01-27,5d,>=8%,20,8,40.0,"EICHERMOT, RECLTD, SEAMECLTD, SHREECEM, VEDL, MCLEODRUSS, JAYSREETEA, LICHSGFIN"
2010-01-28,5d,>=8%,20,7,35.0,"SEAMECLTD, SHREECEM, VEDL, GODREJCP, MCLEODRUSS, JAYSREETEA, LICHSGFIN"
2010-01-29,5d,>=8%,20,6,30.0,"RECLTD, SEAMECLTD, VEDL, GODREJCP, MCLEODRUSS, JAYSREETEA"
2010-02-01,5d,>=8%,20,1,5.0,MCLEODRUSS
2010-02-02,5d,>=8%,20,3,15.0,"RECLTD, RENUKA, JAYSREETEA"
2010-02-04,5d,>=8%,20,1,5.0,RENUKA
2010-02-05,5d,>=8%,20,2,10.0,"DHAMPURSUG, RENUKA"
2010-02-06,5d,>=8%,20,2,10.0,"DHAMPURSUG, RENUKA"
2010-02-09,5d,>=8%,20,1,5.0,DHAMPURSUG
2010-02-23,5d,>=8%,20,1,5.0,DHAMPURSUG
2010-02-24,5d,>=8%,20,3,15.0,"DHAMPURSUG, MCLEODRUSS, THERMAX"
2010-02-25,5d,>=8%,20,2,10.0,"ENGINERSIN, DHAMPURSUG"
2010-02-26,5d,>=8%,20,1,5.0,DHAMPURSUG
2010-03-02,5d,>=8%,20,1,5.0,DHAMPURSUG
2010-03-30,5d,>=8%,20,1,5.0,ENGINERSIN
2010-03-31,5d,>=8%,20,1,5.0,ENGINERSIN
2010-04-01,5d,>=8%,20,2,10.0,"ENGINERSIN, MCLEODRUSS"
2010-04-05,5d,>=8%,20,1,5.0,ENGINERSIN
2010-04-27,5d,>=8%,20,1,5.0,MCLEODRUSS
2010-04-28,5d,>=8%,20,1,5.0,MCLEODRUSS
2010-04-29,5d,>=8%,20,1,5.0,MCLEODRUSS
2010-05-03,5d,>=8%,20,2,10.0,"VEDL, SOUTHBANK"
2010-05-04,5d,>=8%,20,2,10.0,"VEDL, SOUTHBANK"
2010-05-05,5d,>=8%,20,1,5.0,SOUTHBANK
2010-05-06,5d,>=8%,20,3,15.0,"VEDL, SOUTHBANK, JINDALSTEL"
2010-05-07,5d,>=8%,20,7,35.0,"JSWSTEEL, VEDL, SOUTHBANK, MCLEODRUSS, JINDALSTEL, TMPV, JINDALSAW"
2010-05-13,5d,>=8%,20,1,5.0,ENGINERSIN
2010-05-14,5d,>=8%,20,1,5.0,ENGINERSIN
2010-05-17,5d,>=8%,20,1,5.0,ENGINERSIN
2010-05-18,5d,>=8%,20,2,10.0,"ENGINERSIN, VEDL"
2010-05-19,5d,>=8%,20,4,20.0,"ENGINERSIN, VEDL, ESCORTS, TMPV"
2010-05-20,5d,>=8%,20,4,20.0,"ENGINERSIN, VEDL, ESCORTS, TMPV"
2010-05-21,5d,>=8%,20,5,25.0,"ENGINERSIN, VEDL, ZENSARTECH, ESCORTS, TMPV"
2010-05-24,5d,>=8%,20,4,20.0,"ENGINERSIN, VEDL, ESCORTS, TMPV"
2010-07-28,5d,>=8%,20,1,5.0,IPCALAB
2010-07-29,5d,>=8%,20,1,5.0,IPCALAB
2010-07-30,5d,>=8%,20,1,5.0,STLTECH
2010-08-25,5d,>=8%,20,1,5.0,SHOPERSTOP
2010-08-26,5d,>=8%,20,1,5.0,SHOPERSTOP
2010-08-30,5d,>=8%,20,1,5.0,SHOPERSTOP
2010-08-31,5d,>=8%,20,2,10.0,"SUDARCOLOR, SHOPERSTOP"
2010-09-16,5d,>=8%,20,1,5.0,VENKEYS
2010-09-21,5d,>=8%,20,1,5.0,KARURVYSYA
2010-09-22,5d,>=8%,20,1,5.0,KARURVYSYA
2010-09-24,5d,>=8%,20,1,5.0,TRENT
2010-10-11,5d,>=8%,20,1,5.0,VIPIND
2010-10-12,5d,>=8%,20,1,5.0,VIPIND
2010-10-18,5d,>=8%,20,1,5.0,CASTROLIND
2010-10-20,5d,>=8%,20,2,10.0,"M&MFIN, JINDALPOLY"
2010-10-21,5d,>=8%,20,1,5.0,JINDALPOLY
2010-10-22,5d,>=8%,20,2,10.0,"M&MFIN, JINDALPOLY"
2010-10-27,5d,>=8%,20,1,5.0,VENKEYS
2010-10-28,5d,>=8%,20,1,5.0,VENKEYS
2010-10-29,5d,>=8%,20,1,5.0,VENKEYS
2010-11-01,5d,>=8%,20,1,5.0,VENKEYS
2010-11-02,5d,>=8%,20,1,5.0,VENKEYS
2010-11-15,5d,>=8%,20,2,10.0,"UFLEX, JINDALPOLY"
2010-11-16,5d,>=8%,20,2,10.0,"UFLEX, JINDALPOLY"
2010-11-18,5d,>=8%,20,4,20.0,"UFLEX, VENKEYS, TITAN, JINDALPOLY"
2010-11-19,5d,>=8%,20,5,25.0,"UFLEX, VENKEYS, TITAN, JINDALPOLY, VIPIND"
2010-11-22,5d,>=8%,20,2,10.0,"VENKEYS, JINDALPOLY"
2010-11-23,5d,>=8%,20,2,10.0,"VENKEYS, JINDALPOLY"
2010-11-24,5d,>=8%,20,2,10.0,"VENKEYS, COROMANDEL"
2010-11-25,5d,>=8%,20,2,10.0,"VENKEYS, COROMANDEL"
2010-11-26,5d,>=8%,20,5,25.0,"UFLEX, SUNDARMFIN, ELGIEQUIP, JINDALPOLY, COROMANDEL"
2010-11-29,5d,>=8%,20,4,20.0,"UFLEX, ELGIEQUIP, JINDALPOLY, COROMANDEL"
2011-04-26,5d,>=8%,20,1,5.0,COROMANDEL
2011-04-27,5d,>=8%,20,1,5.0,COROMANDEL
2011-04-29,5d,>=8%,20,3,15.0,"UCOBANK, M&MFIN, ELGIEQUIP"
2011-05-02,5d,>=8%,20,4,20.0,"UCOBANK, M&MFIN, ELGIEQUIP, BANKBARODA"
2011-05-03,5d,>=8%,20,4,20.0,"UCOBANK, M&MFIN, ELGIEQUIP, BANKBARODA"
2011-05-04,5d,>=8%,20,7,35.0,"EICHERMOT, UCOBANK, BAJFINANCE, M&MFIN, ELGIEQUIP, BANKBARODA, BLUEDART"
2011-05-05,5d,>=8%,20,7,35.0,"UCOBANK, BAJFINANCE, M&MFIN, ELGIEQUIP, BANKBARODA, VIPIND, BLUEDART"
2011-05-06,5d,>=8%,20,2,10.0,"BAJFINANCE, JINDALPOLY"
2011-05-09,5d,>=8%,20,1,5.0,JINDALPOLY
2011-05-16,5d,>=8%,20,1,5.0,M&MFIN
2011-05-17,5d,>=8%,20,1,5.0,M&MFIN
2011-05-18,5d,>=8%,20,2,10.0,"M&MFIN, JINDALPOLY"
2011-05-19,5d,>=8%,20,2,10.0,"M&MFIN, FMGOETZE"
2011-06-16,5d,>=8%,20,1,5.0,M&MFIN
2011-06-20,5d,>=8%,20,2,10.0,"UBL, VIPIND"
2011-06-21,5d,>=8%,20,3,15.0,"JINDALPOLY, UBL, VIPIND"
2011-06-22,5d,>=8%,20,4,20.0,"ARVIND, JINDALPOLY, UBL, VIPIND"
2011-06-23,5d,>=8%,20,5,25.0,"ARVIND, JINDALPOLY, WOCKPHARMA, BATAINDIA, UBL"
2011-06-24,5d,>=8%,20,2,10.0,"JINDALPOLY, UBL"
2011-06-27,5d,>=8%,20,1,5.0,TITAN
2012-02-22,5d,>=8%,20,1,5.0,ARVIND
2012-02-23,5d,>=8%,20,1,5.0,ARVIND
2012-02-24,5d,>=8%,20,2,10.0,"ARVIND, LICHSGFIN"
2012-02-27,5d,>=8%,20,2,10.0,"ARVIND, LICHSGFIN"
2012-02-28,5d,>=8%,20,1,5.0,ARVIND
2012-03-06,5d,>=8%,20,1,5.0,GMDCLTD
2012-03-19,5d,>=8%,20,1,5.0,GMDCLTD
2012-03-28,5d,>=8%,20,2,10.0,"ARVIND, HAVELLS"
2012-04-10,5d,>=8%,20,1,5.0,SHREECEM
2012-04-11,5d,>=8%,20,1,5.0,SHREECEM
2012-04-12,5d,>=8%,20,1,5.0,SHREECEM
2012-04-19,5d,>=8%,20,1,5.0,ASTRAZEN
2012-04-27,5d,>=8%,20,1,5.0,ASTRAZEN
2012-04-28,5d,>=8%,20,2,10.0,"ASTRAZEN, BLUEDART"
2012-04-30,5d,>=8%,20,1,5.0,ASTRAZEN
2012-05-02,5d,>=8%,20,1,5.0,ASTRAZEN
2012-05-04,5d,>=8%,20,1,5.0,MRF
2012-05-07,5d,>=8%,20,1,5.0,KAJARIACER
2012-05-08,5d,>=8%,20,5,25.0,"JUBLFOOD, KAJARIACER, MRF, ASTRAZEN, VSTIND"
2012-05-09,5d,>=8%,20,2,10.0,"JUBLFOOD, KAJARIACER"
2012-05-10,5d,>=8%,20,1,5.0,ASTRAZEN
2012-05-14,5d,>=8%,20,1,5.0,ASTRAZEN
2012-05-15,5d,>=8%,20,1,5.0,ASTRAZEN
2012-05-16,5d,>=8%,20,1,5.0,ASTRAZEN
2012-05-18,5d,>=8%,20,1,5.0,ARE&M
2012-06-04,5d,>=8%,20,3,15.0,"JUBLFOOD, BATAINDIA, HAVELLS"
2012-06-05,5d,>=8%,20,2,10.0,"JUBLFOOD, BATAINDIA"
2012-07-17,5d,>=8%,20,1,5.0,DCW
2012-07-27,5d,>=8%,20,4,20.0,"DCW, JUBLFOOD, ASTRAZEN, HAVELLS"
2012-07-30,5d,>=8%,20,3,15.0,"JUBLFOOD, ASTRAZEN, HAVELLS"
2012-07-31,5d,>=8%,20,2,10.0,"ASTRAZEN, HAVELLS"
2012-08-29,5d,>=8%,20,1,5.0,MRF
2012-09-04,5d,>=8%,20,1,5.0,BLUEDART
2012-09-05,5d,>=8%,20,1,5.0,BLUEDART
2012-09-06,5d,>=8%,20,1,5.0,BLUEDART
2012-09-07,5d,>=8%,20,1,5.0,BLUEDART
2012-09-08,5d,>=8%,20,1,5.0,BLUEDART
2012-09-17,5d,>=8%,20,1,5.0,BSOFT
2012-09-18,5d,>=8%,20,1,5.0,BSOFT
2012-09-20,5d,>=8%,20,1,5.0,BSOFT
2012-10-18,5d,>=8%,20,1,5.0,ZENSARTECH
2012-10-19,5d,>=8%,20,1,5.0,ZENSARTECH
2012-10-22,5d,>=8%,20,1,5.0,ZENSARTECH
2012-10-29,5d,>=8%,20,2,10.0,"ZENSARTECH, HAVELLS"
2012-10-30,5d,>=8%,20,1,5.0,HAVELLS
2012-10-31,5d,>=8%,20,1,5.0,HAVELLS
2012-11-06,5d,>=8%,20,1,5.0,DCW
2012-11-08,5d,>=8%,20,1,5.0,IPCALAB
2012-11-09,5d,>=8%,20,1,5.0,IPCALAB
2012-11-20,5d,>=8%,20,1,5.0,EICHERMOT
2012-11-21,5d,>=8%,20,2,10.0,"DCW, EICHERMOT"
2012-11-22,5d,>=8%,20,1,5.0,DCW
2012-12-11,5d,>=8%,20,1,5.0,STAR
2012-12-12,5d,>=8%,20,1,5.0,STAR
2012-12-17,5d,>=8%,20,1,5.0,KTKBANK
2012-12-18,5d,>=8%,20,1,5.0,KTKBANK
2012-12-21,5d,>=8%,20,1,5.0,KAJARIACER
2012-12-26,5d,>=8%,20,1,5.0,ATUL
2013-01-11,5d,>=8%,20,1,5.0,ULTRACEMCO
2013-01-14,5d,>=8%,20,1,5.0,ULTRACEMCO
2013-01-16,5d,>=8%,20,2,10.0,"ATUL, BAJAJFINSV"
2013-01-17,5d,>=8%,20,1,5.0,BAJAJFINSV
2013-01-21,5d,>=8%,20,2,10.0,"DCW, ATUL"
2013-01-24,5d,>=8%,20,3,15.0,"DCW, M&MFIN, KTKBANK"
2013-01-25,5d,>=8%,20,1,5.0,KTKBANK
2013-01-29,5d,>=8%,20,1,5.0,KTKBANK
2013-02-07,5d,>=8%,20,3,15.0,"KTKBANK, AARTIIND, STAR"
2013-02-08,5d,>=8%,20,3,15.0,"KTKBANK, AARTIIND, STAR"
2013-02-11,5d,>=8%,20,2,10.0,"AARTIIND, STAR"
2013-02-12,5d,>=8%,20,1,5.0,AARTIIND
2013-02-13,5d,>=8%,20,1,5.0,ATUL
2013-02-14,5d,>=8%,20,1,5.0,BAJAJFINSV
2013-02-18,5d,>=8%,20,1,5.0,DCW
2013-11-11,5d,>=8%,20,3,15.0,"DABUR, RCOM, UNITDSPR"
2013-11-12,5d,>=8%,20,1,5.0,RCOM
2013-11-13,5d,>=8%,20,2,10.0,"MOTHERSON, RCOM"
2013-11-14,5d,>=8%,20,1,5.0,MOTHERSON
2013-12-10,5d,>=8%,20,1,5.0,EICHERMOT
2013-12-16,5d,>=8%,20,1,5.0,RCOM
2013-12-20,5d,>=8%,20,1,5.0,MOTHERSON
2013-12-23,5d,>=8%,20,1,5.0,MOTHERSON
2013-12-24,5d,>=8%,20,1,5.0,MOTHERSON
2013-12-26,5d,>=8%,20,1,5.0,MOTHERSON
2013-12-27,5d,>=8%,20,1,5.0,MOTHERSON
2013-12-30,5d,>=8%,20,1,5.0,MOTHERSON
2014-01-02,5d,>=8%,20,1,5.0,ESCORTS
2014-01-03,5d,>=8%,20,1,5.0,ESCORTS
2014-01-06,5d,>=8%,20,1,5.0,ESCORTS
2014-01-07,5d,>=8%,20,1,5.0,ESCORTS
2014-01-08,5d,>=8%,20,2,10.0,"M&MFIN, ESCORTS"
2014-01-09,5d,>=8%,20,1,5.0,M&MFIN
2014-01-10,5d,>=8%,20,2,10.0,"FINPIPE, M&MFIN"
2014-01-13,5d,>=8%,20,2,10.0,"FINPIPE, M&MFIN"
2014-01-14,5d,>=8%,20,2,10.0,"FINPIPE, M&MFIN"
2014-01-21,5d,>=8%,20,1,5.0,IDEA
2014-01-22,5d,>=8%,20,2,10.0,"IDEA, M&MFIN"
2014-01-23,5d,>=8%,20,2,10.0,"M&MFIN, SUPREMEIND"
2014-01-24,5d,>=8%,20,2,10.0,"M&MFIN, SUPREMEIND"
2014-01-27,5d,>=8%,20,3,15.0,"RCOM, M&MFIN, SUPREMEIND"
2014-01-28,5d,>=8%,20,4,20.0,"IDEA, RCOM, BIOCON, M&MFIN"
2014-01-29,5d,>=8%,20,4,20.0,"IDEA, RCOM, BIOCON, BLUEDART"
2014-01-30,5d,>=8%,20,3,15.0,"IDEA, RCOM, BLUEDART"
2014-01-31,5d,>=8%,20,1,5.0,BLUEDART
2014-02-03,5d,>=8%,20,1,5.0,BLUEDART
2014-02-04,5d,>=8%,20,1,5.0,BLUEDART
2014-02-10,5d,>=8%,20,1,5.0,IDEA
2014-02-14,5d,>=8%,20,1,5.0,ESCORTS
2014-02-21,5d,>=8%,20,1,5.0,RCOM
2014-03-07,5d,>=8%,20,1,5.0,ECLERX
2014-03-10,5d,>=8%,20,2,10.0,"IPCALAB, ECLERX"
2014-03-12,5d,>=8%,20,1,5.0,ECLERX
2014-03-13,5d,>=8%,20,1,5.0,ECLERX
2014-03-19,5d,>=8%,20,1,5.0,ECLERX
2014-03-21,5d,>=8%,20,1,5.0,ECLERX
2014-03-28,5d,>=8%,20,1,5.0,TATAELXSI
2014-04-04,5d,>=8%,20,1,5.0,PAGEIND
2014-04-07,5d,>=8%,20,1,5.0,PAGEIND
2014-04-09,5d,>=8%,20,1,5.0,PAGEIND
2014-04-10,5d,>=8%,20,1,5.0,PAGEIND
2014-04-11,5d,>=8%,20,1,5.0,PAGEIND
2014-04-16,5d,>=8%,20,1,5.0,TVSMOTOR
2014-04-25,5d,>=8%,20,1,5.0,MRF
2014-04-28,5d,>=8%,20,1,5.0,MRF
2014-04-29,5d,>=8%,20,1,5.0,MRF
2014-05-05,5d,>=8%,20,2,10.0,"RCOM, ESCORTS"
2014-05-06,5d,>=8%,20,2,10.0,"FSL, ESCORTS"
2014-05-07,5d,>=8%,20,2,10.0,"FSL, ESCORTS"
2014-05-08,5d,>=8%,20,1,5.0,ESCORTS
2014-05-09,5d,>=8%,20,3,15.0,"FSL, TATAELXSI, ESCORTS"
2014-05-19,5d,>=8%,20,2,10.0,"FSL, IPCALAB"
2014-05-20,5d,>=8%,20,1,5.0,HCLTECH
2014-05-21,5d,>=8%,20,1,5.0,ECLERX
2014-05-22,5d,>=8%,20,1,5.0,ECLERX
2014-05-23,5d,>=8%,20,1,5.0,ECLERX
2014-05-26,5d,>=8%,20,1,5.0,ECLERX
2014-05-27,5d,>=8%,20,1,5.0,ECLERX
2014-05-29,5d,>=8%,20,1,5.0,ESCORTS
2014-05-30,5d,>=8%,20,3,15.0,"EICHERMOT, ARVIND, FINCABLES"
2014-06-04,5d,>=8%,20,1,5.0,HCLTECH
2014-06-16,5d,>=8%,20,1,5.0,GPPL
2014-06-18,5d,>=8%,20,1,5.0,KAJARIACER
2014-06-19,5d,>=8%,20,1,5.0,KAJARIACER
2014-06-20,5d,>=8%,20,1,5.0,KAJARIACER
2014-07-07,5d,>=8%,20,1,5.0,SRF
2014-07-08,5d,>=8%,20,1,5.0,SRF
2014-07-09,5d,>=8%,20,3,15.0,"TVSMOTOR, AUROPHARMA, SRF"
2014-07-10,5d,>=8%,20,2,10.0,"ARVIND, AUROPHARMA"
2014-07-11,5d,>=8%,20,4,20.0,"TVSMOTOR, ARVIND, AUROPHARMA, SWARAJENG"
2014-07-14,5d,>=8%,20,7,35.0,"FSL, ARVIND, AUROPHARMA, KEC, CANFINHOME, SWARAJENG, FINCABLES"
2014-07-24,5d,>=8%,20,1,5.0,TVSMOTOR
2014-07-25,5d,>=8%,20,2,10.0,"TVSMOTOR, CANFINHOME"
2014-07-28,5d,>=8%,20,4,20.0,"TVSMOTOR, ARVIND, SUNDRMFAST, CANFINHOME"
2014-07-30,5d,>=8%,20,2,10.0,"TVSMOTOR, CANFINHOME"
2014-07-31,5d,>=8%,20,2,10.0,"TVSMOTOR, CANFINHOME"
2014-08-01,5d,>=8%,20,2,10.0,"KEC, CANFINHOME"
2014-08-04,5d,>=8%,20,1,5.0,KEC
2014-08-05,5d,>=8%,20,1,5.0,KEC
2014-08-06,5d,>=8%,20,1,5.0,KEC
2014-08-07,5d,>=8%,20,1,5.0,KEC
2014-08-08,5d,>=8%,20,1,5.0,KEC
2014-08-11,5d,>=8%,20,1,5.0,KEC
2014-08-12,5d,>=8%,20,1,5.0,SKFINDIA
2014-08-13,5d,>=8%,20,1,5.0,FSL
2014-09-15,5d,>=8%,20,1,5.0,SIMPLEXINF
2014-09-16,5d,>=8%,20,1,5.0,SIMPLEXINF
2014-09-17,5d,>=8%,20,2,10.0,"SIMPLEXINF, CANFINHOME"
2014-09-24,5d,>=8%,20,3,15.0,"ARVIND, FINCABLES, SKFINDIA"
2014-09-25,5d,>=8%,20,5,25.0,"ARVIND, KEC, BHARATFORG, SIMPLEXINF, FINCABLES"
2014-09-26,5d,>=8%,20,2,10.0,"SIMPLEXINF, FINCABLES"
2014-09-29,5d,>=8%,20,1,5.0,SIMPLEXINF
2014-09-30,5d,>=8%,20,1,5.0,SIMPLEXINF
2014-10-01,5d,>=8%,20,1,5.0,SIMPLEXINF
2014-10-16,5d,>=8%,20,2,10.0,"SRF, AARTIIND"
2014-10-17,5d,>=8%,20,3,15.0,"BALKRISIND, SRF, AARTIIND"
2014-10-22,5d,>=8%,20,2,10.0,"ATUL, SUNDRMFAST"
2014-10-23,5d,>=8%,20,1,5.0,ATUL
2014-11-10,5d,>=8%,20,2,10.0,"KEC, SRF"
2014-11-11,5d,>=8%,20,1,5.0,KEC
2014-11-13,5d,>=8%,20,1,5.0,ARVIND
2014-11-14,5d,>=8%,20,1,5.0,BALKRISIND
2014-11-17,5d,>=8%,20,1,5.0,BALKRISIND
2014-11-18,5d,>=8%,20,1,5.0,BALKRISIND
2014-11-19,5d,>=8%,20,1,5.0,BALKRISIND
2014-11-20,5d,>=8%,20,1,5.0,BALKRISIND
2014-11-21,5d,>=8%,20,1,5.0,BALKRISIND
2014-11-25,5d,>=8%,20,1,5.0,TVSMOTOR
2014-12-09,5d,>=8%,20,1,5.0,AIAENG
2014-12-10,5d,>=8%,20,1,5.0,AIAENG
2014-12-11,5d,>=8%,20,2,10.0,"EICHERMOT, SKFINDIA"
2014-12-12,5d,>=8%,20,1,5.0,FINCABLES
2014-12-16,5d,>=8%,20,1,5.0,FINCABLES
2014-12-17,5d,>=8%,20,3,15.0,"HONAUT, BHARATFORG, FINCABLES"
2014-12-31,5d,>=8%,20,1,5.0,AARTIIND
2015-01-09,5d,>=8%,20,1,5.0,AIAENG
2015-01-12,5d,>=8%,20,1,5.0,AIAENG
2015-01-20,5d,>=8%,20,1,5.0,GPPL
2015-01-29,5d,>=8%,20,1,5.0,CANFINHOME
2015-01-30,5d,>=8%,20,1,5.0,CANFINHOME
2015-02-06,5d,>=8%,20,2,10.0,"SUNDRMFAST, AUROPHARMA"
2015-02-09,5d,>=8%,20,4,20.0,"EICHERMOT, ZFCVINDIA, SUNDRMFAST, AUROPHARMA"
2015-02-10,5d,>=8%,20,2,10.0,"SUNDRMFAST, AUROPHARMA"
2015-02-11,5d,>=8%,20,1,5.0,AUROPHARMA
2015-02-24,5d,>=8%,20,1,5.0,TVSMOTOR
2015-02-25,5d,>=8%,20,1,5.0,TVSMOTOR
2015-02-26,5d,>=8%,20,2,10.0,"EICHERMOT, TVSMOTOR"
2015-03-10,5d,>=8%,20,1,5.0,BEL
2015-03-24,5d,>=8%,20,3,15.0,"TVSMOTOR, FINCABLES, AARTIIND"
2015-03-25,5d,>=8%,20,1,5.0,AARTIIND
2015-03-26,5d,>=8%,20,2,10.0,"JKLAKSHMI, AARTIIND"
2015-04-16,5d,>=8%,20,2,10.0,"BEL, LUPIN"
2015-04-17,5d,>=8%,20,4,20.0,"SHREECEM, BEL, LUPIN, BHARATFORG"
2015-04-20,5d,>=8%,20,7,35.0,"EICHERMOT, BEL, SUNDRMFAST, LUPIN, BHARATFORG, INDUSINDBK, JKIL"
2015-04-21,5d,>=8%,20,9,45.0,"BOSCHLTD, HONAUT, EICHERMOT, BEL, SUNDRMFAST, LUPIN, BHARATFORG, INDUSINDBK, JKIL"
2015-04-22,5d,>=8%,20,8,40.0,"BOSCHLTD, HONAUT, EICHERMOT, GFLLIMITED, LUPIN, BHARATFORG, CANFINHOME, INDUSINDBK"
2015-04-23,5d,>=8%,20,5,25.0,"BOSCHLTD, HONAUT, LUPIN, BHARATFORG, INDUSINDBK"
2015-04-24,5d,>=8%,20,3,15.0,"BOSCHLTD, HONAUT, GFLLIMITED"
2015-04-27,5d,>=8%,20,4,20.0,"BOSCHLTD, GFLLIMITED, SRF, CANFINHOME"
2015-04-28,5d,>=8%,20,3,15.0,"BOSCHLTD, GFLLIMITED, SRF"
2015-04-29,5d,>=8%,20,2,10.0,"BOSCHLTD, JKIL"
2015-04-30,5d,>=8%,20,2,10.0,"SRF, JKIL"
2015-05-04,5d,>=8%,20,1,5.0,JKIL
2015-05-07,5d,>=8%,20,2,10.0,"SRF, CANFINHOME"
2015-05-08,5d,>=8%,20,1,5.0,CANFINHOME
2015-05-12,5d,>=8%,20,1,5.0,FINCABLES
2015-06-02,5d,>=8%,20,1,5.0,SUNDRMFAST
2015-06-03,5d,>=8%,20,1,5.0,SUNDRMFAST
2015-06-04,5d,>=8%,20,1,5.0,SUNDRMFAST
2015-06-05,5d,>=8%,20,2,10.0,"SUNDRMFAST, JKIL"
2015-06-08,5d,>=8%,20,5,25.0,"BOSCHLTD, BEL, JKLAKSHMI, INDUSINDBK, JKIL"
2015-06-09,5d,>=8%,20,3,15.0,"BOSCHLTD, BHARATFORG, JKIL"
2016-11-15,5d,>=8%,4,1,25.0,BAJAJ-AUTO
2016-11-16,5d,>=8%,4,1,25.0,BAJAJ-AUTO
2016-11-17,5d,>=8%,4,1,25.0,BAJAJ-AUTO
2017-02-15,5d,>=8%,20,1,5.0,EDELWEISS
2017-03-24,5d,>=8%,20,1,5.0,INDIANB
2017-04-13,5d,>=8%,20,1,5.0,VEDL
2017-04-17,5d,>=8%,20,1,5.0,VEDL
2017-04-18,5d,>=8%,20,1,5.0,VEDL
2017-04-19,5d,>=8%,20,1,5.0,INDIANB
2017-04-20,5d,>=8%,20,1,5.0,VEDL
2017-05-02,5d,>=8%,20,1,5.0,EDELWEISS
2017-05-03,5d,>=8%,20,1,5.0,BIOCON
2017-05-05,5d,>=8%,20,1,5.0,TATACOMM
2017-05-08,5d,>=8%,20,2,10.0,"TATACOMM, VEDL"
2017-05-09,5d,>=8%,20,1,5.0,RAIN
2017-05-10,5d,>=8%,20,1,5.0,RAIN
2017-05-11,5d,>=8%,20,1,5.0,RAIN
2017-05-15,5d,>=8%,20,1,5.0,YESBANK
2017-05-17,5d,>=8%,20,1,5.0,YESBANK
2017-05-18,5d,>=8%,20,2,10.0,"CESC, YESBANK"
2017-05-19,5d,>=8%,20,1,5.0,CESC
2017-05-22,5d,>=8%,20,3,15.0,"CESC, INDIANB, BAJAJFINSV"
2017-05-23,5d,>=8%,20,8,40.0,"RAIN, CESC, VGUARD, ESCORTS, INDIANB, BAJAJFINSV, MOTILALOFS, EDELWEISS"
2017-05-24,5d,>=8%,20,9,45.0,"VEDL, RAIN, MRF, CESC, VGUARD, ESCORTS, INDIANB, BAJAJFINSV, MOTILALOFS"
2017-05-25,5d,>=8%,20,3,15.0,"RAIN, VGUARD, MOTILALOFS"
2017-05-26,5d,>=8%,20,1,5.0,VGUARD
2017-05-31,5d,>=8%,20,1,5.0,RECLTD
2017-06-12,5d,>=8%,20,1,5.0,ADANIENSOL
2017-06-13,5d,>=8%,20,1,5.0,ADANIENSOL
2017-06-23,5d,>=8%,20,1,5.0,EDELWEISS
2017-06-27,5d,>=8%,20,4,20.0,"RECLTD, ESCORTS, INDIANB, EDELWEISS"
2017-06-28,5d,>=8%,20,2,10.0,"RECLTD, ESCORTS"
2017-06-29,5d,>=8%,20,1,5.0,RECLTD
2017-06-30,5d,>=8%,20,1,5.0,ESCORTS
2017-08-09,5d,>=8%,20,1,5.0,ESCORTS
2017-08-10,5d,>=8%,20,4,20.0,"RAIN, AVANTIFEED, ESCORTS, CAPLIPOINT"
2017-08-11,5d,>=8%,20,3,15.0,"RAIN, ADANIENSOL, ESCORTS"
2017-08-14,5d,>=8%,20,5,25.0,"TVSMOTOR, RAIN, ADANIENSOL, ESCORTS, CAPLIPOINT"
2017-08-16,5d,>=8%,20,1,5.0,ADANIENSOL
2017-08-17,5d,>=8%,20,1,5.0,ADANIENSOL
2017-09-21,5d,>=8%,20,1,5.0,ADANIENSOL
2017-09-22,5d,>=8%,20,1,5.0,ADANIENSOL
2017-09-25,5d,>=8%,20,4,20.0,"ADANIENSOL, LTF, BAJAJFINSV, EDELWEISS"
2017-09-26,5d,>=8%,20,1,5.0,BAJAJFINSV
2017-09-27,5d,>=8%,20,3,15.0,"BOMDYEING, LTF, BAJAJFINSV"
2017-09-28,5d,>=8%,20,3,15.0,"BOMDYEING, LTF, BAJAJFINSV"
2017-09-29,5d,>=8%,20,1,5.0,BOMDYEING
2017-10-16,5d,>=8%,20,1,5.0,BOMDYEING
2017-10-17,5d,>=8%,20,1,5.0,BOMDYEING
2017-10-25,5d,>=8%,20,1,5.0,EDELWEISS
2017-10-26,5d,>=8%,20,1,5.0,EDELWEISS
2017-10-31,5d,>=8%,20,1,5.0,ADANIENSOL
2017-11-01,5d,>=8%,20,1,5.0,ADANIENSOL
2017-11-02,5d,>=8%,20,1,5.0,ADANIENSOL
2017-11-03,5d,>=8%,20,1,5.0,ADANIENSOL
2017-11-13,5d,>=8%,20,1,5.0,KEC
2017-11-15,5d,>=8%,20,1,5.0,AVANTIFEED
2017-11-16,5d,>=8%,20,2,10.0,"BOMDYEING, AVANTIFEED"
2017-11-17,5d,>=8%,20,4,20.0,"BOMDYEING, BBTC, RAIN, AVANTIFEED"
2017-11-20,5d,>=8%,20,2,10.0,"RAIN, AVANTIFEED"
2017-11-21,5d,>=8%,20,1,5.0,RAIN
2017-11-22,5d,>=8%,20,1,5.0,RAIN
2017-11-30,5d,>=8%,20,1,5.0,ADANIENSOL
2017-12-01,5d,>=8%,20,1,5.0,ADANIENSOL
2018-01-16,5d,>=8%,20,2,10.0,"BOMDYEING, RAIN"
2018-01-18,5d,>=8%,20,3,15.0,"BOMDYEING, BBTC, MOTILALOFS"
2018-01-19,5d,>=8%,20,1,5.0,BOMDYEING
2018-01-22,5d,>=8%,20,1,5.0,BOMDYEING
2018-01-24,5d,>=8%,20,1,5.0,BOMDYEING
2018-01-29,5d,>=8%,20,1,5.0,MOTILALOFS
2018-01-30,5d,>=8%,20,7,35.0,"BOMDYEING, BBTC, RAIN, AVANTIFEED, VIPIND, MOTILALOFS, APLAPOLLO"
2018-01-31,5d,>=8%,20,8,40.0,"BOMDYEING, BBTC, RAIN, AVANTIFEED, VAKRANGEE, MOTILALOFS, APLAPOLLO, RKFORGE"
2018-02-01,5d,>=8%,20,6,30.0,"BOMDYEING, BBTC, RAIN, VAKRANGEE, MOTILALOFS, APLAPOLLO"
2018-02-02,5d,>=8%,20,11,55.0,"TVSMOTOR, BOMDYEING, BBTC, RAIN, TATACONSUM, ADANIENSOL, VAKRANGEE, MOTILALOFS, APLAPOLLO, EDELWEISS, RKFORGE"
2018-02-05,5d,>=8%,20,9,45.0,"TVSMOTOR, BBTC, RAIN, TATACONSUM, ADANIENSOL, VAKRANGEE, MOTILALOFS, APLAPOLLO, EDELWEISS"
2019-04-08,5d,>=8%,20,1,5.0,PRAJIND
2019-04-09,5d,>=8%,20,1,5.0,PRAJIND
2019-04-26,5d,>=8%,20,1,5.0,ADANIPOWER
2019-04-30,5d,>=8%,20,1,5.0,ADANIPOWER
2019-05-02,5d,>=8%,20,1,5.0,ADANIPOWER
2019-05-03,5d,>=8%,20,1,5.0,ADANIPOWER
2019-05-06,5d,>=8%,20,1,5.0,ADANIPOWER
2019-05-07,5d,>=8%,20,2,10.0,"PRAJIND, ADANIPOWER"
2019-05-08,5d,>=8%,20,2,10.0,"PRAJIND, ADANIPOWER"
2019-05-09,5d,>=8%,20,3,15.0,"RELIANCE, PRAJIND, GFLLIMITED"
2019-05-10,5d,>=8%,20,3,15.0,"RELIANCE, PRAJIND, GFLLIMITED"
2019-05-13,5d,>=8%,20,5,25.0,"RELIANCE, PRAJIND, BALRAMCHIN, GFLLIMITED, ADANIPOWER"
2019-05-14,5d,>=8%,20,1,5.0,GFLLIMITED
2020-01-28,5d,>=8%,20,1,5.0,BALRAMCHIN
2020-02-01,5d,>=8%,20,1,5.0,SBILIFE
2020-02-04,5d,>=8%,20,2,10.0,"SBILIFE, BALRAMCHIN"
2020-02-05,5d,>=8%,20,3,15.0,"SBILIFE, MANAPPURAM, BALRAMCHIN"
2020-02-06,5d,>=8%,20,2,10.0,"LALPATHLAB, MANAPPURAM"
2020-02-07,5d,>=8%,20,2,10.0,"LALPATHLAB, MANAPPURAM"
2020-02-10,5d,>=8%,20,1,5.0,MANAPPURAM
2020-02-13,5d,>=8%,20,1,5.0,WHIRLPOOL
2020-02-14,5d,>=8%,20,1,5.0,WHIRLPOOL
2020-02-17,5d,>=8%,20,2,10.0,"MASFIN, IGL"
2020-02-18,5d,>=8%,20,2,10.0,"MASFIN, ADANIGREEN"
2020-02-19,5d,>=8%,20,2,10.0,"MASFIN, IGL"
2020-02-20,5d,>=8%,20,1,5.0,MASFIN
2020-02-24,5d,>=8%,20,2,10.0,"ADANIGREEN, DIXON"
2020-02-25,5d,>=8%,20,2,10.0,"ADANIGREEN, DIXON"
2020-02-26,5d,>=8%,20,2,10.0,"ADANIGREEN, DIXON"
2020-02-27,5d,>=8%,20,4,20.0,"NAUKRI, ADANIGREEN, RELAXO, DIXON"
2020-02-28,5d,>=8%,20,7,35.0,"NAUKRI, ADANIGREEN, ICICIGI, TATACONSUM, RELAXO, BATAINDIA, DIXON"
2020-03-02,5d,>=8%,20,7,35.0,"MASFIN, ADANIGREEN, ICICIGI, MANAPPURAM, TATACONSUM, RELAXO, TRENT"
2020-07-08,5d,>=8%,20,1,5.0,GUJENERGY
2020-07-09,5d,>=8%,20,1,5.0,GUJENERGY
2020-07-14,5d,>=8%,20,2,10.0,"DMART, ADANIGREEN"
2020-07-15,5d,>=8%,20,1,5.0,ADANIGREEN
2020-07-16,5d,>=8%,20,1,5.0,DMART
2020-07-17,5d,>=8%,20,1,5.0,DMART
2020-07-20,5d,>=8%,20,1,5.0,DMART
2020-07-23,5d,>=8%,20,1,5.0,ADANIGREEN
2020-07-27,5d,>=8%,20,1,5.0,TRENT
2020-07-28,5d,>=8%,20,1,5.0,TRENT
2020-07-29,5d,>=8%,20,2,10.0,"BIOCON, TRENT"
2020-07-31,5d,>=8%,20,1,5.0,GRANULES
2020-08-10,5d,>=8%,20,1,5.0,DEEPAKNTR
2020-08-11,5d,>=8%,20,1,5.0,DEEPAKNTR
2020-08-17,5d,>=8%,20,1,5.0,COROMANDEL
2020-08-20,5d,>=8%,20,1,5.0,APLLTD
2020-08-31,5d,>=8%,20,3,15.0,"PERSISTENT, NAVINFLUOR, DEEPAKNTR"
2020-09-01,5d,>=8%,20,3,15.0,"COROMANDEL, NAVINFLUOR, RALLIS"
2020-09-04,5d,>=8%,20,1,5.0,COROMANDEL
2020-09-18,5d,>=8%,20,1,5.0,EPL
2020-09-21,5d,>=8%,20,2,10.0,"EPL, DIXON"
2020-09-22,5d,>=8%,20,4,20.0,"EPL, NAVINFLUOR, DIXON, RALLIS"
2020-09-23,5d,>=8%,20,3,15.0,"ADANIGREEN, EPL, DIXON"
2020-09-24,5d,>=8%,20,4,20.0,"FDC, EPL, DIXON, RALLIS"
2020-09-25,5d,>=8%,20,2,10.0,"LAURUSLABS, DIVISLAB"
2020-10-07,5d,>=8%,20,1,5.0,COROMANDEL
2020-10-08,5d,>=8%,20,1,5.0,NAVINFLUOR
2020-10-09,5d,>=8%,20,2,10.0,"ADANIGREEN, COROMANDEL"
2020-10-12,5d,>=8%,20,2,10.0,"ADANIGREEN, DEEPAKNTR"
2020-10-13,5d,>=8%,20,2,10.0,"GUJENERGY, DEEPAKNTR"
2020-10-20,5d,>=8%,20,1,5.0,PERSISTENT
2020-10-21,5d,>=8%,20,1,5.0,PERSISTENT
2020-10-22,5d,>=8%,20,1,5.0,PERSISTENT
2020-10-23,5d,>=8%,20,1,5.0,PERSISTENT
2020-10-26,5d,>=8%,20,1,5.0,BIOCON
2020-10-29,5d,>=8%,20,1,5.0,EPL
2020-11-03,5d,>=8%,20,1,5.0,LAURUSLABS
2020-11-04,5d,>=8%,20,1,5.0,LAURUSLABS
2020-11-05,5d,>=8%,20,1,5.0,LAURUSLABS
2020-11-06,5d,>=8%,20,1,5.0,LAURUSLABS
2020-11-09,5d,>=8%,20,1,5.0,LAURUSLABS
2020-11-10,5d,>=8%,20,2,10.0,"IPCALAB, LAURUSLABS"
2020-11-11,5d,>=8%,20,1,5.0,IPCALAB
2020-11-12,5d,>=8%,20,1,5.0,IPCALAB
2020-11-13,5d,>=8%,20,1,5.0,IPCALAB
2020-12-08,5d,>=8%,20,1,5.0,GRANULES
2020-12-10,5d,>=8%,20,1,5.0,ADANIGREEN
2020-12-11,5d,>=8%,20,1,5.0,GRANULES
2020-12-14,5d,>=8%,20,1,5.0,ADANIGREEN
2020-12-21,5d,>=8%,20,1,5.0,GRANULES
2021-01-11,5d,>=8%,20,1,5.0,ADANIGREEN
2021-01-12,5d,>=8%,20,1,5.0,ADANIGREEN
2021-01-13,5d,>=8%,20,2,10.0,"ADANIGREEN, SUZLON"
2021-01-14,5d,>=8%,20,3,15.0,"ADANIGREEN, NAVINFLUOR, SUZLON"
2021-01-15,5d,>=8%,20,1,5.0,SUZLON
2021-01-19,5d,>=8%,20,1,5.0,INDIAMART
2021-01-20,5d,>=8%,20,2,10.0,"APLLTD, INDIAMART"
2021-01-21,5d,>=8%,20,1,5.0,APLLTD
2021-01-22,5d,>=8%,20,1,5.0,APLLTD
2021-01-25,5d,>=8%,20,3,15.0,"APLLTD, SUZLON, DIXON"
2021-01-27,5d,>=8%,20,3,15.0,"IPCALAB, SUZLON, DIXON"
2021-01-28,5d,>=8%,20,3,15.0,"IPCALAB, PERSISTENT, SUZLON"
2021-01-29,5d,>=8%,20,3,15.0,"IPCALAB, DRREDDY, NAVINFLUOR"
2021-02-01,5d,>=8%,20,2,10.0,"IPCALAB, DRREDDY"
2021-02-02,5d,>=8%,20,3,15.0,"LAURUSLABS, DRREDDY, GRANULES"
2021-02-09,5d,>=8%,20,1,5.0,SUZLON
2021-02-10,5d,>=8%,20,1,5.0,SUZLON
2021-02-11,5d,>=8%,20,1,5.0,SUZLON
2021-02-12,5d,>=8%,20,1,5.0,BSOFT
2021-02-15,5d,>=8%,20,1,5.0,SUZLON
2021-02-16,5d,>=8%,20,1,5.0,SUZLON
2021-02-17,5d,>=8%,20,2,10.0,"INDIAMART, SUZLON"
2021-02-18,5d,>=8%,20,1,5.0,SUZLON
2021-02-19,5d,>=8%,20,1,5.0,SUZLON
2021-02-22,5d,>=8%,20,3,15.0,"BAJAJELEC, SUZLON, GRANULES"
2021-02-23,5d,>=8%,20,2,10.0,"BAJAJELEC, GRANULES"
2021-03-02,5d,>=8%,20,1,5.0,INDIAMART
2021-03-03,5d,>=8%,20,1,5.0,INDIAMART
2021-03-15,5d,>=8%,20,1,5.0,APLAPOLLO
2021-03-16,5d,>=8%,20,1,5.0,APLAPOLLO
2021-03-17,5d,>=8%,20,2,10.0,"HINDCOPPER, APLAPOLLO"
2021-03-18,5d,>=8%,20,3,15.0,"HINDCOPPER, APLAPOLLO, GRANULES"
2021-03-19,5d,>=8%,20,3,15.0,"BAJAJELEC, AFFLE, GRANULES"
2021-03-22,5d,>=8%,20,1,5.0,AFFLE
2021-03-23,5d,>=8%,20,1,5.0,VAIBHAVGBL
2021-03-24,5d,>=8%,20,1,5.0,DIXON
2021-03-25,5d,>=8%,20,1,5.0,DIXON
2021-03-26,5d,>=8%,20,1,5.0,DIXON
2021-03-30,5d,>=8%,20,2,10.0,"VAIBHAVGBL, DIXON"
2021-03-31,5d,>=8%,20,1,5.0,ADANIGREEN
2021-04-01,5d,>=8%,20,1,5.0,ADANIGREEN
2021-04-06,5d,>=8%,20,1,5.0,APLAPOLLO
2021-04-07,5d,>=8%,20,1,5.0,APLAPOLLO
2021-04-08,5d,>=8%,20,1,5.0,APLAPOLLO
2021-04-12,5d,>=8%,20,2,10.0,"ADANIENSOL, ATGL"
2021-04-13,5d,>=8%,20,2,10.0,"ADANIENSOL, ATGL"
2021-04-15,5d,>=8%,20,1,5.0,ADANIENSOL
2021-04-19,5d,>=8%,20,4,20.0,"VAIBHAVGBL, GRASIM, BSOFT, APLAPOLLO"
2021-04-22,5d,>=8%,20,1,5.0,VAIBHAVGBL
2021-04-23,5d,>=8%,20,1,5.0,VAIBHAVGBL
2021-05-04,5d,>=8%,20,1,5.0,INDIAMART
2021-05-05,5d,>=8%,20,1,5.0,INDIAMART
2021-05-06,5d,>=8%,20,1,5.0,INDIAMART
2021-05-10,5d,>=8%,20,1,5.0,DIXON
2021-05-11,5d,>=8%,20,1,5.0,TATAELXSI
2021-05-12,5d,>=8%,20,1,5.0,TATAELXSI
2021-05-14,5d,>=8%,20,3,15.0,"ATGL, APLAPOLLO, DEEPAKNTR"
2021-05-17,5d,>=8%,20,1,5.0,VAIBHAVGBL
2021-05-18,5d,>=8%,20,2,10.0,"VAIBHAVGBL, JINDALSTEL"
2021-05-19,5d,>=8%,20,2,10.0,"VAIBHAVGBL, JINDALSTEL"
2021-05-20,5d,>=8%,20,1,5.0,JINDALSTEL
2021-05-24,5d,>=8%,20,1,5.0,JINDALSTEL
2021-06-04,5d,>=8%,20,1,5.0,HINDCOPPER
2021-06-15,5d,>=8%,20,2,10.0,"ADANIENSOL, ATGL"
2021-06-16,5d,>=8%,20,2,10.0,"ADANIENSOL, ATGL"
2021-06-17,5d,>=8%,20,3,15.0,"ADANIGREEN, ADANIENSOL, ATGL"
2021-06-18,5d,>=8%,20,7,35.0,"HINDCOPPER, JSWSTEEL, AFFLE, ADANIGREEN, ADANIENSOL, TIINDIA, ATGL"
2021-06-21,5d,>=8%,20,5,25.0,"HINDCOPPER, AFFLE, ADANIENSOL, TIINDIA, ATGL"
2021-06-22,5d,>=8%,20,2,10.0,"AFFLE, TIINDIA"
2021-06-23,5d,>=8%,20,1,5.0,AFFLE
2021-06-28,5d,>=8%,20,2,10.0,"ADANIENSOL, ATGL"
2021-06-29,5d,>=8%,20,2,10.0,"ADANIENSOL, ATGL"
2021-06-30,5d,>=8%,20,2,10.0,"ADANIENSOL, ATGL"
2021-07-01,5d,>=8%,20,3,15.0,"AFFLE, ADANIENSOL, ATGL"
2021-07-02,5d,>=8%,20,4,20.0,"HINDCOPPER, ADANIGREEN, ADANIENSOL, ATGL"
2021-07-05,5d,>=8%,20,3,15.0,"ADANIGREEN, ADANIENSOL, ATGL"
2021-07-06,5d,>=8%,20,2,10.0,"ADANIENSOL, ATGL"
2021-07-07,5d,>=8%,20,2,10.0,"ADANIENSOL, ATGL"
2021-07-14,5d,>=8%,20,1,5.0,APLAPOLLO
2021-07-20,5d,>=8%,20,1,5.0,ATGL
2021-07-27,5d,>=8%,20,1,5.0,CDSL
2021-07-28,5d,>=8%,20,1,5.0,CDSL
2021-07-29,5d,>=8%,20,2,10.0,"FSL, CDSL"
2021-07-30,5d,>=8%,20,1,5.0,FSL
2021-08-09,5d,>=8%,20,1,5.0,ECLERX
2021-08-10,5d,>=8%,20,2,10.0,"FSL, ECLERX"
2021-08-11,5d,>=8%,20,1,5.0,FSL
2021-08-13,5d,>=8%,20,1,5.0,APLAPOLLO
2021-08-20,5d,>=8%,20,1,5.0,JSWSTEEL
2021-08-23,5d,>=8%,20,3,15.0,"FSL, JSWSTEEL, LAURUSLABS"
2021-08-24,5d,>=8%,20,4,20.0,"FSL, JSWSTEEL, JSWENERGY, DIXON"
2021-08-25,5d,>=8%,20,3,15.0,"FSL, JSWSTEEL, JSWENERGY"
2021-08-26,5d,>=8%,20,3,15.0,"FSL, JSWSTEEL, TATASTEEL"
2021-09-01,5d,>=8%,20,1,5.0,LINDEINDIA
2021-09-07,5d,>=8%,20,1,5.0,ATGL
2021-09-20,5d,>=8%,20,2,10.0,"JSWSTEEL, TATASTEEL"
2021-09-21,5d,>=8%,20,2,10.0,"TATASTEEL, ADANIENSOL"
2021-09-22,5d,>=8%,20,3,15.0,"TATASTEEL, ADANIENSOL, LUXIND"
2021-09-23,5d,>=8%,20,3,15.0,"TATASTEEL, ADANIENSOL, LUXIND"
2021-09-24,5d,>=8%,20,3,15.0,"TATASTEEL, ADANIENSOL, LUXIND"
2021-09-27,5d,>=8%,20,1,5.0,ADANIENSOL
2021-09-28,5d,>=8%,20,1,5.0,APOLLOHOSP
2021-09-29,5d,>=8%,20,1,5.0,APOLLOHOSP
2021-09-30,5d,>=8%,20,2,10.0,"APOLLOHOSP, APLAPOLLO"
2021-10-20,5d,>=8%,20,4,20.0,"POLYCAB, FLUOROCHEM, SRF, DEEPAKNTR"
2021-10-21,5d,>=8%,20,5,25.0,"POLYCAB, FLUOROCHEM, LINDEINDIA, ECLERX, DEEPAKNTR"
2021-10-22,5d,>=8%,20,6,30.0,"POLYCAB, PERSISTENT, FLUOROCHEM, SRF, ECLERX, DEEPAKNTR"
2021-10-25,5d,>=8%,20,9,45.0,"TATASTEEL, FLUOROCHEM, SRF, TATAELXSI, DIXON, LINDEINDIA, APLAPOLLO, ECLERX, DEEPAKNTR"
2021-10-26,5d,>=8%,20,6,30.0,"FLUOROCHEM, SRF, DIXON, APLAPOLLO, ECLERX, DEEPAKNTR"
2021-10-28,5d,>=8%,20,1,5.0,ADANIENT
2021-10-29,5d,>=8%,20,2,10.0,"JSWENERGY, DEEPAKNTR"
2021-11-01,5d,>=8%,20,1,5.0,JSWENERGY
2021-11-02,5d,>=8%,20,1,5.0,JSWENERGY
2021-11-03,5d,>=8%,20,1,5.0,JSWENERGY
2021-11-08,5d,>=8%,20,1,5.0,JSWENERGY
2021-11-16,5d,>=8%,20,1,5.0,TATASTEEL
2021-11-18,5d,>=8%,20,2,10.0,"JSWENERGY, TATASTEEL"
2021-11-22,5d,>=8%,20,3,15.0,"JSWENERGY, TATASTEEL, DEEPAKNTR"
2021-11-23,5d,>=8%,20,2,10.0,"TATAELXSI, DEEPAKNTR"
2021-11-24,5d,>=8%,20,2,10.0,"TATAELXSI, DEEPAKNTR"
2021-11-25,5d,>=8%,20,1,5.0,TATAELXSI
2021-11-26,5d,>=8%,20,3,15.0,"POLYCAB, TATAELXSI, DEEPAKNTR"
2021-11-30,5d,>=8%,20,3,15.0,"TATAPOWER, TATASTEEL, SRF"
2021-12-01,5d,>=8%,20,2,10.0,"CENTURYPLY, TATASTEEL"
2021-12-02,5d,>=8%,20,2,10.0,"TRIDENT, ECLERX"
2021-12-03,5d,>=8%,20,1,5.0,TRIDENT
2021-12-06,5d,>=8%,20,1,5.0,TRIDENT
2021-12-16,5d,>=8%,20,1,5.0,FLUOROCHEM
2021-12-17,5d,>=8%,20,3,15.0,"CENTURYPLY, IEX, FLUOROCHEM"
2021-12-20,5d,>=8%,20,7,35.0,"CENTURYPLY, POLYCAB, TATAPOWER, IEX, FLUOROCHEM, BSE, LINDEINDIA"
2021-12-21,5d,>=8%,20,8,40.0,"POLYCAB, IEX, FLUOROCHEM, BSE, CDSL, ATGL, TATAELXSI, LINDEINDIA"
2021-12-22,5d,>=8%,20,3,15.0,"BSE, CDSL, ATGL"
2021-12-23,5d,>=8%,20,2,10.0,"BSE, ATGL"
2021-12-24,5d,>=8%,20,1,5.0,ATGL
2021-12-27,5d,>=8%,20,1,5.0,SFL
2022-01-19,5d,>=8%,20,1,5.0,LTTS
2022-01-20,5d,>=8%,20,1,5.0,LTTS
2022-01-21,5d,>=8%,20,2,10.0,"LTTS, ECLERX"
2022-01-24,5d,>=8%,20,9,45.0,"TRIDENT, POLYCAB, ADANIENT, GRASIM, LTTS, IEX, CDSL, ECLERX, DEEPAKNTR"
2022-01-25,5d,>=8%,20,4,20.0,"LTTS, UNOMINDA, ECLERX, DEEPAKNTR"
2022-01-27,5d,>=8%,20,7,35.0,"ADANIENT, LTTS, IEX, UNOMINDA, FLUOROCHEM, ECLERX, DEEPAKNTR"
2022-01-28,5d,>=8%,20,7,35.0,"ADANIENT, LTTS, IEX, FLUOROCHEM, BSE, ECLERX, DEEPAKNTR"
2022-01-31,5d,>=8%,20,2,10.0,"ECLERX, DEEPAKNTR"
2022-02-09,5d,>=8%,20,1,5.0,FLUOROCHEM
2022-02-11,5d,>=8%,20,3,15.0,"TRIDENT, TATAPOWER, FLUOROCHEM"
2022-02-14,5d,>=8%,20,8,40.0,"TRIDENT, CENTURYPLY, GRINDWELL, TATAPOWER, UNOMINDA, FLUOROCHEM, TATAELXSI, DEEPAKNTR"
2022-02-15,5d,>=8%,20,1,5.0,GRINDWELL
2022-02-16,5d,>=8%,20,2,10.0,"TATAELXSI, DEEPAKNTR"
2022-02-17,5d,>=8%,20,3,15.0,"PERSISTENT, TATAELXSI, DEEPAKNTR"
2022-02-18,5d,>=8%,20,1,5.0,PERSISTENT
2022-09-19,5d,>=8%,20,3,15.0,"ELGIEQUIP, TIMKEN, GNFC"
2022-09-20,5d,>=8%,20,4,20.0,"SCHAEFFLER, ELGIEQUIP, TIMKEN, GNFC"
2022-09-21,5d,>=8%,20,3,15.0,"ELGIEQUIP, TIMKEN, GNFC"
2022-09-22,5d,>=8%,20,3,15.0,"SCHAEFFLER, ELGIEQUIP, GNFC"
2022-09-23,5d,>=8%,20,1,5.0,SCHAEFFLER
2022-09-26,5d,>=8%,20,3,15.0,"ELGIEQUIP, BDL, GNFC"
2022-09-27,5d,>=8%,20,6,30.0,"ADANIGREEN, ELGIEQUIP, ADANIENSOL, ATGL, BDL, GNFC"
2022-09-28,5d,>=8%,20,5,25.0,"ADANIGREEN, ELGIEQUIP, VBL, BDL, GNFC"
2022-09-29,5d,>=8%,20,5,25.0,"ADANIGREEN, ELGIEQUIP, VBL, ADANIENSOL, GNFC"
2022-09-30,5d,>=8%,20,2,10.0,"VBL, ADANIENSOL"
2022-10-03,5d,>=8%,20,3,15.0,"ADANIENT, ADANIENSOL, ATGL"
2022-10-04,5d,>=8%,20,1,5.0,ADANIENT
2022-10-14,5d,>=8%,20,2,10.0,"VBL, INDHOTEL"
2022-10-17,5d,>=8%,20,1,5.0,VBL
2022-10-19,5d,>=8%,20,1,5.0,FLUOROCHEM
2022-10-20,5d,>=8%,20,1,5.0,SCHAEFFLER
2022-10-27,5d,>=8%,20,1,5.0,SCHAEFFLER
2022-10-31,5d,>=8%,20,2,10.0,"SCHAEFFLER, FINEORG"
2022-11-01,5d,>=8%,20,2,10.0,"SCHAEFFLER, FINEORG"
2022-11-02,5d,>=8%,20,2,10.0,"FINEORG, TIMKEN"
2022-11-03,5d,>=8%,20,1,5.0,ELGIEQUIP
2022-11-07,5d,>=8%,20,1,5.0,TIMKEN
2022-11-10,5d,>=8%,20,1,5.0,TIINDIA
2022-11-11,5d,>=8%,20,1,5.0,TIINDIA
2022-11-14,5d,>=8%,20,1,5.0,TIINDIA
2022-11-15,5d,>=8%,20,3,15.0,"INDHOTEL, FLUOROCHEM, TIINDIA"
2022-11-16,5d,>=8%,20,2,10.0,"INDHOTEL, FLUOROCHEM"
2022-11-17,5d,>=8%,20,1,5.0,FLUOROCHEM
2022-11-21,5d,>=8%,20,2,10.0,"ADANIGREEN, ADANIENSOL"
2022-11-22,5d,>=8%,20,2,10.0,"ADANIGREEN, ADANIENSOL"
2022-11-23,5d,>=8%,20,1,5.0,ADANIENSOL
2022-11-24,5d,>=8%,20,1,5.0,ADANIENSOL
2022-11-25,5d,>=8%,20,1,5.0,ADANIENSOL
2022-11-28,5d,>=8%,20,1,5.0,ADANIENSOL
2022-11-30,5d,>=8%,20,1,5.0,SCHAEFFLER
2022-12-05,5d,>=8%,20,1,5.0,FLUOROCHEM
2022-12-22,5d,>=8%,20,6,30.0,"RVNL, COCHINSHIP, INDHOTEL, FLUOROCHEM, BDL, MAZDOCK"
2022-12-23,5d,>=8%,20,8,40.0,"ADANIENT, RVNL, COCHINSHIP, INDHOTEL, FLUOROCHEM, ATGL, BDL, MAZDOCK"
2022-12-26,5d,>=8%,20,4,20.0,"ADANIENT, RVNL, COCHINSHIP, ATGL"
2023-05-22,5d,>=8%,20,1,5.0,SIEMENS
2023-05-23,5d,>=8%,20,2,10.0,"SIEMENS, NCC"
2023-05-24,5d,>=8%,20,1,5.0,SIEMENS
2023-05-25,5d,>=8%,20,1,5.0,SIEMENS
2023-05-29,5d,>=8%,20,1,5.0,FINCABLES
2023-05-30,5d,>=8%,20,1,5.0,FINCABLES
2023-05-31,5d,>=8%,20,1,5.0,FINCABLES
2023-07-21,5d,>=8%,20,1,5.0,CIEINDIA
2023-07-24,5d,>=8%,20,1,5.0,CIEINDIA
2023-07-25,5d,>=8%,20,1,5.0,CIEINDIA
2023-07-27,5d,>=8%,20,1,5.0,CIEINDIA
2023-07-28,5d,>=8%,20,1,5.0,RVNL
2023-07-31,5d,>=8%,20,1,5.0,RVNL
2023-08-04,5d,>=8%,20,1,5.0,CUMMINSIND
2023-08-07,5d,>=8%,20,1,5.0,CUMMINSIND
2023-08-11,5d,>=8%,20,1,5.0,APOLLOTYRE
2023-08-14,5d,>=8%,20,2,10.0,"FACT, APOLLOTYRE"
2023-08-16,5d,>=8%,20,1,5.0,APOLLOTYRE
2023-08-17,5d,>=8%,20,1,5.0,APOLLOTYRE
2023-08-18,5d,>=8%,20,1,5.0,APOLLOTYRE
2023-09-12,5d,>=8%,20,2,10.0,"ZENSARTECH, NCC"
2023-09-13,5d,>=8%,20,1,5.0,NCC
2023-09-15,5d,>=8%,20,4,20.0,"RECLTD, PFC, SUPREMEIND, NCC"
2023-09-18,5d,>=8%,20,4,20.0,"RVNL, IRFC, SUPREMEIND, NCC"
2023-09-20,5d,>=8%,20,1,5.0,SUPREMEIND
2023-09-21,5d,>=8%,20,1,5.0,JSL
2023-09-22,5d,>=8%,20,1,5.0,JSL
2023-09-25,5d,>=8%,20,3,15.0,"KALYANKJIL, GLENMARK, JSL"
2023-09-26,5d,>=8%,20,1,5.0,GLENMARK
2023-09-27,5d,>=8%,20,1,5.0,GLENMARK
2023-10-06,5d,>=8%,20,1,5.0,FINCABLES
2023-10-09,5d,>=8%,20,1,5.0,GLENMARK
2023-10-17,5d,>=8%,20,1,5.0,FINCABLES
2023-10-18,5d,>=8%,20,1,5.0,FINCABLES
2023-10-19,5d,>=8%,20,1,5.0,FINCABLES
2023-10-23,5d,>=8%,20,5,25.0,"MAHABANK, UNIONBANK, ZENSARTECH, NCC, MAZDOCK"
2023-10-25,5d,>=8%,20,9,45.0,"POLYCAB, MAHABANK, RVNL, FACT, UNIONBANK, IRFC, ZENSARTECH, NCC, MAZDOCK"
2023-10-26,5d,>=8%,20,10,50.0,"POLYCAB, MAHABANK, RECLTD, RVNL, FACT, UNIONBANK, IRFC, SUPREMEIND, NCC, MAZDOCK"
2023-10-27,5d,>=8%,20,1,5.0,SUPREMEIND
2023-11-22,5d,>=8%,20,1,5.0,BSE
2023-11-23,5d,>=8%,20,1,5.0,BSE
2023-11-24,5d,>=8%,20,1,5.0,BSE
2023-11-28,5d,>=8%,20,1,5.0,SONATSOFTW
2023-12-11,5d,>=8%,20,1,5.0,CYIENT
2023-12-12,5d,>=8%,20,1,5.0,RATNAMANI
2023-12-13,5d,>=8%,20,1,5.0,RATNAMANI
2023-12-20,5d,>=8%,20,2,10.0,"RECLTD, PFC"
2023-12-21,5d,>=8%,20,1,5.0,PFC
2024-01-09,5d,>=8%,20,1,5.0,POLYCAB
2024-01-10,5d,>=8%,20,1,5.0,POLYCAB
2024-01-11,5d,>=8%,20,1,5.0,POLYCAB
2024-01-12,5d,>=8%,20,1,5.0,POLYCAB
2024-01-15,5d,>=8%,20,1,5.0,POLYCAB
2024-01-16,5d,>=8%,20,1,5.0,POLYCAB
2024-01-17,5d,>=8%,20,1,5.0,POLYCAB
2024-01-23,5d,>=8%,20,3,15.0,"PRESTIGE, BSE, JSL"
2024-01-24,5d,>=8%,20,1,5.0,CYIENT
2024-01-25,5d,>=8%,20,1,5.0,CYIENT
2024-01-29,5d,>=8%,20,1,5.0,CYIENT
2024-01-30,5d,>=8%,20,1,5.0,CYIENT
2024-02-05,5d,>=8%,20,2,10.0,"AUROPHARMA, LT"
2024-02-06,5d,>=8%,20,1,5.0,AUROPHARMA
2024-02-07,5d,>=8%,20,1,5.0,AUROPHARMA
2024-02-12,5d,>=8%,20,5,25.0,"RECLTD, IRFC, HUDCO, NBCC, NLCINDIA"
2024-02-13,5d,>=8%,20,4,20.0,"SUZLON, HUDCO, NBCC, NLCINDIA"
2024-02-14,5d,>=8%,20,2,10.0,"PRESTIGE, NBCC"
2024-02-15,5d,>=8%,20,1,5.0,NBCC
2024-02-16,5d,>=8%,20,1,5.0,NBCC
2024-02-26,5d,>=8%,20,1,5.0,JBMA
2024-02-27,5d,>=8%,20,1,5.0,NLCINDIA
2024-02-28,5d,>=8%,20,1,5.0,NLCINDIA
2024-02-29,5d,>=8%,20,1,5.0,NLCINDIA
2024-03-01,5d,>=8%,20,1,5.0,NLCINDIA
2024-03-06,5d,>=8%,20,2,10.0,"SUZLON, JBMA"
2024-03-07,5d,>=8%,20,2,10.0,"SUZLON, JBMA"
2024-03-11,5d,>=8%,20,4,20.0,"SUZLON, JBMA, NBCC, CHALET"
2024-03-12,5d,>=8%,20,4,20.0,"SUZLON, JBMA, NBCC, CHALET"
2024-03-13,5d,>=8%,20,9,45.0,"ETERNAL, IRFC, NTPC, BSE, SUZLON, HUDCO, JBMA, NBCC, CHALET"
2024-03-14,5d,>=8%,20,4,20.0,"PRESTIGE, NTPC, BSE, NBCC"
2024-03-15,5d,>=8%,20,6,30.0,"TVSMOTOR, PRESTIGE, NTPC, PFC, NBCC, TMPV"
2024-03-18,5d,>=8%,20,5,25.0,"RECLTD, TVSMOTOR, PRESTIGE, NTPC, PFC"
2024-03-19,5d,>=8%,20,6,30.0,"RECLTD, TVSMOTOR, PRESTIGE, NTPC, BSE, PFC"
2024-03-20,5d,>=8%,20,1,5.0,PFC
2024-04-12,5d,>=8%,20,1,5.0,PRESTIGE
2024-04-15,5d,>=8%,20,2,10.0,"RECLTD, NBCC"
2024-04-18,5d,>=8%,20,2,10.0,"HUDCO, NBCC"
2024-04-19,5d,>=8%,20,2,10.0,"TVSMOTOR, NBCC"
2024-04-22,5d,>=8%,20,1,5.0,BSOFT
2024-04-30,5d,>=8%,20,1,5.0,BSE
2024-05-02,5d,>=8%,20,1,5.0,BSE
2024-05-03,5d,>=8%,20,1,5.0,BSE
2024-05-06,5d,>=8%,20,2,10.0,"BSE, BSOFT"
2024-05-07,5d,>=8%,20,2,10.0,"BSOFT, HUDCO"
2024-05-09,5d,>=8%,20,1,5.0,PFC
2024-05-10,5d,>=8%,20,2,10.0,"PFC, BSOFT"
2024-05-13,5d,>=8%,20,1,5.0,BSE
2024-05-14,5d,>=8%,20,1,5.0,CHALET
2024-05-15,5d,>=8%,20,1,5.0,CHALET
2024-05-16,5d,>=8%,20,1,5.0,TMPV
2024-05-17,5d,>=8%,20,1,5.0,TMPV
2024-05-28,5d,>=8%,20,1,5.0,BHEL
2024-06-04,5d,>=8%,20,7,35.0,"RECLTD, HAL, IRFC, NTPC, PFC, HUDCO, BHEL"
2024-06-05,5d,>=8%,20,5,25.0,"RECLTD, HAL, PFC, HUDCO, BHEL"
2024-06-06,5d,>=8%,20,1,5.0,RECLTD
2024-06-07,5d,>=8%,20,1,5.0,HUDCO
2024-06-10,5d,>=8%,20,5,25.0,"RECLTD, HAL, IRFC, PFC, BHEL"
2024-06-24,5d,>=8%,20,2,10.0,"SOBHA, BSE"
2024-06-26,5d,>=8%,20,1,5.0,MOTILALOFS
2024-06-27,5d,>=8%,20,1,5.0,MOTILALOFS
2024-06-28,5d,>=8%,20,1,5.0,MOTILALOFS
2024-07-01,5d,>=8%,20,2,10.0,"PRESTIGE, MOTILALOFS"
2024-07-02,5d,>=8%,20,1,5.0,MOTILALOFS
2024-07-03,5d,>=8%,20,1,5.0,MOTILALOFS
2024-07-04,5d,>=8%,20,1,5.0,MOTILALOFS
2024-07-05,5d,>=8%,20,1,5.0,MOTILALOFS
2024-07-10,5d,>=8%,20,1,5.0,BSE
2024-07-18,5d,>=8%,20,1,5.0,HAL
2024-07-19,5d,>=8%,20,6,30.0,"HAL, SOBHA, COCHINSHIP, TRENT, DIXON, BHEL"
2024-07-22,5d,>=8%,20,3,15.0,"HAL, SOBHA, DIXON"
2024-07-23,5d,>=8%,20,5,25.0,"APARINDS, HAL, IRFC, DIXON, HUDCO"
2024-07-24,5d,>=8%,20,4,20.0,"APARINDS, HAL, IRFC, DIXON"
2024-07-25,5d,>=8%,20,2,10.0,"IRFC, DIXON"
2024-07-26,5d,>=8%,20,1,5.0,IRFC
2024-08-05,5d,>=8%,20,8,40.0,"RECLTD, HAL, MOTHERSON, IRFC, PRESTIGE, PFC, HUDCO, BHEL"
2024-08-06,5d,>=8%,20,8,40.0,"RECLTD, APARINDS, HAL, IRFC, COCHINSHIP, PRESTIGE, HUDCO, BHEL"
2024-08-07,5d,>=8%,20,4,20.0,"RECLTD, APARINDS, COCHINSHIP, PRESTIGE"
2024-08-08,5d,>=8%,20,1,5.0,COCHINSHIP
2024-08-14,5d,>=8%,20,1,5.0,ZYDUSLIFE
2024-08-19,5d,>=8%,20,2,10.0,"ZYDUSLIFE, COCHINSHIP"
2024-08-20,5d,>=8%,20,1,5.0,COCHINSHIP
2024-08-30,5d,>=8%,20,1,5.0,COCHINSHIP
2024-09-02,5d,>=8%,20,1,5.0,COCHINSHIP
2024-09-03,5d,>=8%,20,1,5.0,COCHINSHIP
2024-09-04,5d,>=8%,20,1,5.0,HUDCO
2024-09-05,5d,>=8%,20,2,10.0,"OIL, HUDCO"
2024-09-06,5d,>=8%,20,4,20.0,"OIL, DIXON, HUDCO, BHEL"
2024-09-09,5d,>=8%,20,3,15.0,"OIL, HUDCO, BHEL"
2024-09-10,5d,>=8%,20,1,5.0,OIL
2024-09-11,5d,>=8%,20,1,5.0,OIL
2024-09-12,5d,>=8%,20,1,5.0,OIL
2024-09-16,5d,>=8%,20,1,5.0,GRANULES
2024-09-17,5d,>=8%,20,1,5.0,GRANULES
2024-09-18,5d,>=8%,20,1,5.0,GRANULES
2024-09-19,5d,>=8%,20,1,5.0,HAL
2024-10-03,5d,>=8%,20,1,5.0,SUZLON
2024-10-04,5d,>=8%,20,2,10.0,"SUZLON, HEROMOTOCO"
2024-10-07,5d,>=8%,20,4,20.0,"RVNL, COCHINSHIP, SUZLON, BAJAJ-AUTO"
2024-10-08,5d,>=8%,20,1,5.0,SUZLON
2024-10-16,5d,>=8%,20,1,5.0,OIL
2024-10-17,5d,>=8%,20,2,10.0,"OIL, BAJAJ-AUTO"
2024-10-18,5d,>=8%,20,2,10.0,"OIL, BAJAJ-AUTO"
2024-10-21,5d,>=8%,20,2,10.0,"OIL, BAJAJ-AUTO"
2024-10-22,5d,>=8%,20,6,30.0,"POWERINDIA, KALYANKJIL, ETERNAL, PCBL, PRESTIGE, BAJAJ-AUTO"
2024-10-23,5d,>=8%,20,5,25.0,"POWERINDIA, HAL, PCBL, SUZLON, BAJAJ-AUTO"
2024-10-24,5d,>=8%,20,2,10.0,"POWERINDIA, PCBL"
2024-10-25,5d,>=8%,20,5,25.0,"POWERINDIA, PCBL, OIL, DIXON, COLPAL"
2024-10-28,5d,>=8%,20,3,15.0,"POWERINDIA, HAL, OIL"
2024-11-07,5d,>=8%,20,1,5.0,TRENT
2024-11-08,5d,>=8%,20,1,5.0,TRENT
2024-11-11,5d,>=8%,20,1,5.0,TRENT
2024-11-12,5d,>=8%,20,3,15.0,"GLENMARK, COHANCE, PPLPHARMA"
2024-11-13,5d,>=8%,20,6,30.0,"POWERINDIA, TORNTPOWER, VEDL, GLENMARK, JUBLPHARMA, PPLPHARMA"
2024-11-14,5d,>=8%,20,3,15.0,"POWERINDIA, TORNTPOWER, PPLPHARMA"
2024-11-18,5d,>=8%,20,4,20.0,"POWERINDIA, GLENMARK, MOTILALOFS, PPLPHARMA"
2025-06-16,5d,>=8%,20,2,10.0,"BSE, PAYTM"
2025-06-17,5d,>=8%,20,2,10.0,"BSE, PAYTM"
2025-06-18,5d,>=8%,20,1,5.0,BSE
2025-06-20,5d,>=8%,20,1,5.0,ERIS
2025-06-23,5d,>=8%,20,2,10.0,"ERIS, KIMS"
2025-06-24,5d,>=8%,20,1,5.0,ERIS
2025-06-25,5d,>=8%,20,1,5.0,ERIS
2025-06-30,5d,>=8%,20,1,5.0,GRSE
2025-07-04,5d,>=8%,20,1,5.0,COROMANDEL
2025-07-07,5d,>=8%,20,1,5.0,COROMANDEL
2025-07-08,5d,>=8%,20,2,10.0,"DEEPAKFERT, BSE"
2025-07-09,5d,>=8%,20,1,5.0,BSE
2025-07-10,5d,>=8%,20,2,10.0,"DEEPAKFERT, BSE"
2025-07-11,5d,>=8%,20,3,15.0,"SOLARINDS, BSE, MCX"
2025-07-14,5d,>=8%,20,1,5.0,SOLARINDS
2025-07-24,5d,>=8%,20,1,5.0,COFORGE
2025-07-25,5d,>=8%,20,1,5.0,COFORGE
2025-08-04,5d,>=8%,20,1,5.0,NH
2025-08-05,5d,>=8%,20,1,5.0,NH
2025-08-06,5d,>=8%,20,1,5.0,NH
2025-08-07,5d,>=8%,20,1,5.0,COROMANDEL
2025-08-08,5d,>=8%,20,1,5.0,NH
2025-08-11,5d,>=8%,20,2,10.0,"RAMCOCEM, AMBER"
2025-08-12,5d,>=8%,20,3,15.0,"RAMCOCEM, COROMANDEL, AMBER"
2025-08-13,5d,>=8%,20,2,10.0,"COROMANDEL, AMBER"
2025-08-14,5d,>=8%,20,1,5.0,AMBER
2025-08-25,5d,>=8%,20,2,10.0,"BAJAJHLDNG, BSE"
2025-08-26,5d,>=8%,20,1,5.0,BSE
2025-08-28,5d,>=8%,20,2,10.0,"BSE, MCX"
2025-08-29,5d,>=8%,20,2,10.0,"DEEPAKFERT, BSE"
2025-09-01,5d,>=8%,20,1,5.0,DEEPAKFERT
2026-05-11,5d,>=8%,20,1,5.0,GMDCLTD
2026-05-12,5d,>=8%,20,3,15.0,"KIRLOSENG, ADANIPOWER, GMDCLTD"
2026-05-13,5d,>=8%,20,1,5.0,NETWEB
2026-05-14,5d,>=8%,20,2,10.0,"NETWEB, GVT&D"
2026-05-15,5d,>=8%,20,1,5.0,NETWEB
2026-05-18,5d,>=8%,20,2,10.0,"NETWEB, SCHNEIDER"
2026-05-21,5d,>=8%,20,1,5.0,HINDCOPPER
2026-05-27,5d,>=8%,20,2,10.0,"GESHIP, MCX"
2026-05-29,5d,>=8%,20,2,10.0,"GESHIP, MCX"
2026-06-01,5d,>=8%,20,2,10.0,"GESHIP, MCX"
2026-06-02,5d,>=8%,20,2,10.0,"SCHNEIDER, MCX"
2026-06-03,5d,>=8%,20,3,15.0,"GESHIP, SCHNEIDER, MCX"
2026-06-04,5d,>=8%,20,3,15.0,"GLENMARK, SCHNEIDER, MCX"
2026-06-05,5d,>=8%,20,2,10.0,"VEDL, SCHNEIDER"
2026-06-08,5d,>=8%,20,4,20.0,"VEDL, NATIONALUM, GMDCLTD, SCHNEIDER"
2026-06-09,5d,>=8%,20,2,10.0,"VEDL, NATIONALUM"
2026-06-10,5d,>=8%,20,5,25.0,"HINDALCO, VEDL, NETWEB, NATIONALUM, GMDCLTD"
2026-06-11,5d,>=8%,20,5,25.0,"POWERINDIA, HINDALCO, NETWEB, NATIONALUM, GMDCLTD"
2026-06-16,5d,>=8%,20,1,5.0,HINDALCO
2026-06-25,5d,>=8%,20,2,10.0,"VEDL, NATIONALUM"
2026-06-29,5d,>=8%,20,2,10.0,"NETWEB, GVT&D"
2026-06-30,5d,>=8%,20,4,20.0,"VEDL, NETWEB, NATIONALUM, GVT&D"
2026-07-01,5d,>=8%,20,3,15.0,"APARINDS, NETWEB, GVT&D"
2026-07-02,5d,>=8%,20,3,15.0,"APARINDS, KIRLOSENG, NETWEB"
2026-07-03,5d,>=8%,20,5,25.0,"POWERINDIA, APARINDS, KIRLOSENG, NETWEB, GVT&D"
2026-07-06,5d,>=8%,20,2,10.0,"APARINDS, GVT&D"
2026-07-07,5d,>=8%,20,2,10.0,"APARINDS, GVT&D"
2026-07-08,5d,>=8%,20,1,5.0,GVT&D
2026-07-17,5d,>=8%,20,1,5.0,KIRLOSENG
2026-07-20,5d,>=8%,20,1,5.0,KIRLOSENG
2026-07-22,5d,>=8%,20,1,5.0,KIRLOSENG
2026-07-23,5d,>=8%,20,1,5.0,KIRLOSENG
2026-07-28,5d,>=8%,20,2,10.0,"HFCL, GVT&D"
2026-07-29,5d,>=8%,20,2,10.0,"HFCL, GVT&D"
2026-07-30,5d,>=8%,20,1,5.0,HFCL
2026-08-12,5d,>=8%,20,1,5.0,KIRLOSENG
2026-08-13,5d,>=8%,20,1,5.0,KIRLOSENG
2026-08-14,5d,>=8%,20,1,5.0,BHARATFORG
2026-08-31,5d,>=8%,20,2,10.0,"HINDCOPPER, ADANIENSOL"
2026-09-01,5d,>=8%,20,1,5.0,ADANIENSOL
2026-09-02,5d,>=8%,20,1,5.0,ADANIENSOL
2026-09-03,5d,>=8%,20,2,10.0,"HFCL, ADANIENSOL"
2026-09-04,5d,>=8%,20,1,5.0,ADANIENSOL
2007-10-08,5d,>=10%,20,2,10.0,"PRAJIND, TFCILTD"
2007-10-09,5d,>=10%,20,3,15.0,"APTECHT, PRAJIND, TFCILTD"
2007-10-10,5d,>=10%,20,1,5.0,TFCILTD
2007-10-18,5d,>=10%,20,3,15.0,"ADANIENT, PRAJIND, CRISIL"
2007-10-19,5d,>=10%,20,8,40.0,"ADANIENT, APTECHT, PRAJIND, SOUTHBANK, JINDALSTEL, CRISIL, KOTAKBANK, LT"
2007-10-22,5d,>=10%,20,7,35.0,"JSWSTEEL, BHARTIARTL, PRAJIND, JINDALSTEL, CRISIL, KOTAKBANK, TFCILTD"
2007-10-24,5d,>=10%,20,1,5.0,GMDCLTD
2007-11-06,5d,>=10%,20,1,5.0,UNITDSPR
2007-11-08,5d,>=10%,20,1,5.0,JINDALSTEL
2007-11-09,5d,>=10%,20,2,10.0,"JINDALSTEL, DIVISLAB"
2007-11-12,5d,>=10%,20,2,10.0,"RIIL, JINDALSTEL"
2007-11-13,5d,>=10%,20,1,5.0,RIIL
2007-11-14,5d,>=10%,20,1,5.0,RIIL
2007-11-21,5d,>=10%,20,3,15.0,"RELINFRA, WELCORP, JINDALSTEL"
2007-11-22,5d,>=10%,20,8,40.0,"STCINDIA, RELINFRA, VEDL, WELCORP, GMDCLTD, ABAN, UNITDSPR, LT"
2007-11-23,5d,>=10%,20,4,20.0,"STCINDIA, VEDL, RIIL, GMDCLTD"
2007-11-26,5d,>=10%,20,3,15.0,"STCINDIA, GMDCLTD, THERMAX"
2007-11-27,5d,>=10%,20,2,10.0,"STCINDIA, GMDCLTD"
2007-11-28,5d,>=10%,20,1,5.0,STCINDIA
2007-11-29,5d,>=10%,20,1,5.0,STCINDIA
2007-11-30,5d,>=10%,20,1,5.0,STCINDIA
2007-12-10,5d,>=10%,20,1,5.0,STCINDIA
2007-12-17,5d,>=10%,20,1,5.0,KOTAKBANK
2007-12-18,5d,>=10%,20,3,15.0,"STCINDIA, JINDALSTEL, KOTAKBANK"
2007-12-19,5d,>=10%,20,3,15.0,"STCINDIA, JINDALSTEL, KOTAKBANK"
2007-12-20,5d,>=10%,20,3,15.0,"STCINDIA, JINDALSTEL, KOTAKBANK"
2007-12-24,5d,>=10%,20,1,5.0,JINDALSTEL
2008-01-10,5d,>=10%,20,2,10.0,"JSWSTEEL, ADANIENT"
2008-01-11,5d,>=10%,20,5,25.0,"STCINDIA, JSWSTEEL, ADANIENT, RIIL, KOTAKBANK"
2008-01-14,5d,>=10%,20,4,20.0,"STCINDIA, ADANIENT, RIIL, USHAMART"
2008-01-15,5d,>=10%,20,4,20.0,"STCINDIA, ADANIENT, RIIL, USHAMART"
2008-01-16,5d,>=10%,20,4,20.0,"RELINFRA, SOUTHBANK, RIIL, USHAMART"
2008-01-17,5d,>=10%,20,1,5.0,RELINFRA
2008-01-18,5d,>=10%,20,3,15.0,"RELINFRA, RELIANCE, ABAN"
2008-01-21,5d,>=10%,20,16,80.0,"INDIAGLYCO, STCINDIA, JSWSTEEL, RELINFRA, VEDL, RELIANCE, SOUTHBANK, WELCORP, RIIL, GMDCLTD, JINDALSTEL, KOTAKBANK, ABAN, DIVISLAB, RAJESHEXPO, LT"
2008-01-22,5d,>=10%,20,18,90.0,"INDIAGLYCO, STCINDIA, JSWSTEEL, ADANIENT, RELINFRA, VEDL, RELIANCE, SOUTHBANK, WELCORP, SHRIRAMFIN, RIIL, GMDCLTD, JINDALSTEL, KOTAKBANK, ABAN, DIVISLAB, RAJESHEXPO, USHAMART"
2008-01-23,5d,>=10%,20,16,80.0,"INDIAGLYCO, STCINDIA, JSWSTEEL, ADANIENT, RELINFRA, VEDL, RELIANCE, SOUTHBANK, RIIL, GMDCLTD, JINDALSTEL, KOTAKBANK, ABAN, DIVISLAB, RAJESHEXPO, USHAMART"
2008-01-24,5d,>=10%,20,18,90.0,"INDIAGLYCO, STCINDIA, JSWSTEEL, ADANIENT, RELINFRA, VEDL, RELIANCE, SOUTHBANK, WELCORP, RIIL, GMDCLTD, JINDALSTEL, KOTAKBANK, ABAN, DIVISLAB, RAJESHEXPO, USHAMART, LT"
2008-01-25,5d,>=10%,20,11,55.0,"INDIAGLYCO, STCINDIA, JSWSTEEL, ADANIENT, RIIL, GMDCLTD, JINDALSTEL, ABAN, DIVISLAB, RAJESHEXPO, USHAMART"
2008-01-28,5d,>=10%,20,3,15.0,"STCINDIA, RIIL, USHAMART"
2009-04-22,5d,>=10%,17,3,17.647058823529413,"FSL, EMBDL, IIFL"
2009-04-27,5d,>=10%,17,2,11.764705882352942,"DONEAR, FSL"
2009-04-28,5d,>=10%,17,3,17.647058823529413,"NOIDATOLL, FSL, EMBDL"
2009-05-14,5d,>=10%,17,1,5.882352941176471,NIITLTD
2009-05-25,5d,>=10%,17,1,5.882352941176471,HEROMOTOCO
2009-05-27,5d,>=10%,17,1,5.882352941176471,PFC
2009-06-08,5d,>=10%,17,1,5.882352941176471,EMBDL
2009-06-11,5d,>=10%,20,1,5.0,MUNJALSHOW
2009-06-12,5d,>=10%,20,1,5.0,IIFL
2009-06-15,5d,>=10%,20,1,5.0,IIFL
2009-06-16,5d,>=10%,20,1,5.0,IIFL
2009-06-17,5d,>=10%,20,2,10.0,"IIFL, BHEL"
2009-06-18,5d,>=10%,20,3,15.0,"IIFL, ONGC, BHEL"
2009-06-19,5d,>=10%,20,2,10.0,"IIFL, ONGC"
2009-06-22,5d,>=10%,20,1,5.0,ONGC
2009-06-23,5d,>=10%,20,3,15.0,"COROMANDEL, RALLIS, ORIENTPPR"
2009-07-06,5d,>=10%,20,2,10.0,"BANKBARODA, ORIENTPPR"
2009-07-07,5d,>=10%,20,2,10.0,"ENGINERSIN, BANKBARODA"
2009-07-08,5d,>=10%,20,2,10.0,"ENGINERSIN, BANKBARODA"
2009-07-09,5d,>=10%,20,2,10.0,"BANKBARODA, ONGC"
2009-07-10,5d,>=10%,20,5,25.0,"UNIONBANK, BANKBARODA, COROMANDEL, ONGC, LICHSGFIN"
2009-07-13,5d,>=10%,20,2,10.0,"COROMANDEL, JAYSREETEA"
2009-07-14,5d,>=10%,20,1,5.0,COROMANDEL
2009-07-28,5d,>=10%,20,1,5.0,UNIONBANK
2009-07-29,5d,>=10%,20,1,5.0,UNIONBANK
2009-08-10,5d,>=10%,20,4,20.0,"SHREECEM, MUNJALSHOW, MARUTI, HEROMOTOCO"
2009-08-11,5d,>=10%,20,5,25.0,"SHREECEM, GODREJCP, MUNJALSHOW, MARUTI, HEROMOTOCO"
2009-08-12,5d,>=10%,20,4,20.0,"SHREECEM, MUNJALSHOW, MARUTI, HEROMOTOCO"
2009-10-08,5d,>=10%,20,1,5.0,MARUTI
2009-10-09,5d,>=10%,20,1,5.0,MARUTI
2009-10-27,5d,>=10%,20,1,5.0,SHREECEM
2009-10-30,5d,>=10%,20,2,10.0,"MUNJALSHOW, LICHSGFIN"
2009-11-03,5d,>=10%,20,5,25.0,"MUNJALSHOW, AUROPHARMA, JINDALSTEL, LICHSGFIN, RALLIS"
2009-11-04,5d,>=10%,20,1,5.0,MUNJALSHOW
2009-11-05,5d,>=10%,20,1,5.0,MUNJALSHOW
2009-11-06,5d,>=10%,20,1,5.0,MUNJALSHOW
2009-12-18,5d,>=10%,20,1,5.0,GODREJCP
2010-01-22,5d,>=10%,20,2,10.0,"MCLEODRUSS, JAYSREETEA"
2010-01-25,5d,>=10%,20,2,10.0,"MCLEODRUSS, JAYSREETEA"
2010-01-27,5d,>=10%,20,6,30.0,"EICHERMOT, SEAMECLTD, VEDL, MCLEODRUSS, JAYSREETEA, LICHSGFIN"
2010-01-28,5d,>=10%,20,4,20.0,"SEAMECLTD, VEDL, MCLEODRUSS, JAYSREETEA"
2010-01-29,5d,>=10%,20,3,15.0,"VEDL, MCLEODRUSS, JAYSREETEA"
2010-02-02,5d,>=10%,20,1,5.0,RENUKA
2010-02-05,5d,>=10%,20,1,5.0,RENUKA
2010-02-06,5d,>=10%,20,1,5.0,RENUKA
2010-02-23,5d,>=10%,20,1,5.0,DHAMPURSUG
2010-02-24,5d,>=10%,20,1,5.0,DHAMPURSUG
2010-02-25,5d,>=10%,20,1,5.0,DHAMPURSUG
2010-02-26,5d,>=10%,20,1,5.0,DHAMPURSUG
2010-03-02,5d,>=10%,20,1,5.0,DHAMPURSUG
2010-04-01,5d,>=10%,20,1,5.0,ENGINERSIN
2010-04-28,5d,>=10%,20,1,5.0,MCLEODRUSS
2010-05-03,5d,>=10%,20,1,5.0,SOUTHBANK
2010-05-04,5d,>=10%,20,2,10.0,"VEDL, SOUTHBANK"
2010-05-05,5d,>=10%,20,1,5.0,SOUTHBANK
2010-05-06,5d,>=10%,20,2,10.0,"SOUTHBANK, JINDALSTEL"
2010-05-07,5d,>=10%,20,4,20.0,"SOUTHBANK, JINDALSTEL, TMPV, JINDALSAW"
2010-05-13,5d,>=10%,20,1,5.0,ENGINERSIN
2010-05-14,5d,>=10%,20,1,5.0,ENGINERSIN
2010-05-17,5d,>=10%,20,1,5.0,ENGINERSIN
2010-05-18,5d,>=10%,20,1,5.0,ENGINERSIN
2010-05-19,5d,>=10%,20,3,15.0,"ENGINERSIN, VEDL, TMPV"
2010-05-20,5d,>=10%,20,3,15.0,"ENGINERSIN, VEDL, TMPV"
2010-05-21,5d,>=10%,20,3,15.0,"ENGINERSIN, ESCORTS, TMPV"
2010-05-24,5d,>=10%,20,3,15.0,"ENGINERSIN, VEDL, TMPV"
2010-07-30,5d,>=10%,20,1,5.0,STLTECH
2010-09-22,5d,>=10%,20,1,5.0,KARURVYSYA
2010-10-12,5d,>=10%,20,1,5.0,VIPIND
2010-10-20,5d,>=10%,20,1,5.0,JINDALPOLY
2010-10-21,5d,>=10%,20,1,5.0,JINDALPOLY
2010-10-22,5d,>=10%,20,1,5.0,JINDALPOLY
2010-10-29,5d,>=10%,20,1,5.0,VENKEYS
2010-11-01,5d,>=10%,20,1,5.0,VENKEYS
2010-11-02,5d,>=10%,20,1,5.0,VENKEYS
2010-11-15,5d,>=10%,20,2,10.0,"UFLEX, JINDALPOLY"
2010-11-16,5d,>=10%,20,2,10.0,"UFLEX, JINDALPOLY"
2010-11-18,5d,>=10%,20,3,15.0,"UFLEX, TITAN, JINDALPOLY"
2010-11-19,5d,>=10%,20,4,20.0,"UFLEX, VENKEYS, TITAN, JINDALPOLY"
2010-11-22,5d,>=10%,20,1,5.0,JINDALPOLY
2010-11-23,5d,>=10%,20,1,5.0,VENKEYS
2010-11-24,5d,>=10%,20,2,10.0,"VENKEYS, COROMANDEL"
2010-11-25,5d,>=10%,20,1,5.0,COROMANDEL
2010-11-26,5d,>=10%,20,3,15.0,"UFLEX, JINDALPOLY, COROMANDEL"
2010-11-29,5d,>=10%,20,2,10.0,"UFLEX, JINDALPOLY"
2011-04-29,5d,>=10%,20,1,5.0,UCOBANK
2011-05-02,5d,>=10%,20,3,15.0,"UCOBANK, ELGIEQUIP, BANKBARODA"
2011-05-03,5d,>=10%,20,4,20.0,"UCOBANK, M&MFIN, ELGIEQUIP, BANKBARODA"
2011-05-04,5d,>=10%,20,3,15.0,"UCOBANK, ELGIEQUIP, BANKBARODA"
2011-05-05,5d,>=10%,20,5,25.0,"UCOBANK, BAJFINANCE, M&MFIN, ELGIEQUIP, BANKBARODA"
2011-05-06,5d,>=10%,20,1,5.0,BAJFINANCE
2011-05-09,5d,>=10%,20,1,5.0,JINDALPOLY
2011-05-16,5d,>=10%,20,1,5.0,M&MFIN
2011-06-20,5d,>=10%,20,1,5.0,UBL
2011-06-21,5d,>=10%,20,2,10.0,"JINDALPOLY, UBL"
2011-06-22,5d,>=10%,20,2,10.0,"JINDALPOLY, UBL"
2011-06-23,5d,>=10%,20,3,15.0,"ARVIND, JINDALPOLY, UBL"
2011-06-24,5d,>=10%,20,1,5.0,JINDALPOLY
2012-02-22,5d,>=10%,20,1,5.0,ARVIND
2012-02-23,5d,>=10%,20,1,5.0,ARVIND
2012-02-24,5d,>=10%,20,1,5.0,ARVIND
2012-02-27,5d,>=10%,20,1,5.0,ARVIND
2012-02-28,5d,>=10%,20,1,5.0,ARVIND
2012-03-28,5d,>=10%,20,1,5.0,ARVIND
2012-04-11,5d,>=10%,20,1,5.0,SHREECEM
2012-04-12,5d,>=10%,20,1,5.0,SHREECEM
2012-04-27,5d,>=10%,20,1,5.0,ASTRAZEN
2012-05-02,5d,>=10%,20,1,5.0,ASTRAZEN
2012-05-08,5d,>=10%,20,1,5.0,VSTIND
2012-05-09,5d,>=10%,20,1,5.0,KAJARIACER
2012-05-14,5d,>=10%,20,1,5.0,ASTRAZEN
2012-05-15,5d,>=10%,20,1,5.0,ASTRAZEN
2012-05-16,5d,>=10%,20,1,5.0,ASTRAZEN
2012-06-04,5d,>=10%,20,2,10.0,"JUBLFOOD, HAVELLS"
2012-06-05,5d,>=10%,20,1,5.0,BATAINDIA
2012-07-27,5d,>=10%,20,1,5.0,ASTRAZEN
2012-07-31,5d,>=10%,20,1,5.0,HAVELLS
2012-09-04,5d,>=10%,20,1,5.0,BLUEDART
2012-09-05,5d,>=10%,20,1,5.0,BLUEDART
2012-09-06,5d,>=10%,20,1,5.0,BLUEDART
2012-09-07,5d,>=10%,20,1,5.0,BLUEDART
2012-09-08,5d,>=10%,20,1,5.0,BLUEDART
2012-10-30,5d,>=10%,20,1,5.0,HAVELLS
2012-10-31,5d,>=10%,20,1,5.0,HAVELLS
2012-12-11,5d,>=10%,20,1,5.0,STAR
2012-12-17,5d,>=10%,20,1,5.0,KTKBANK
2012-12-18,5d,>=10%,20,1,5.0,KTKBANK
2013-01-24,5d,>=10%,20,3,15.0,"DCW, M&MFIN, KTKBANK"
2013-02-07,5d,>=10%,20,2,10.0,"AARTIIND, STAR"
2013-02-08,5d,>=10%,20,2,10.0,"KTKBANK, STAR"
2013-02-11,5d,>=10%,20,1,5.0,AARTIIND
2013-02-13,5d,>=10%,20,1,5.0,ATUL
2013-11-11,5d,>=10%,20,1,5.0,UNITDSPR
2013-11-12,5d,>=10%,20,1,5.0,RCOM
2013-12-20,5d,>=10%,20,1,5.0,MOTHERSON
2013-12-23,5d,>=10%,20,1,5.0,MOTHERSON
2013-12-24,5d,>=10%,20,1,5.0,MOTHERSON
2013-12-26,5d,>=10%,20,1,5.0,MOTHERSON
2013-12-27,5d,>=10%,20,1,5.0,MOTHERSON
2014-01-03,5d,>=10%,20,1,5.0,ESCORTS
2014-01-07,5d,>=10%,20,1,5.0,ESCORTS
2014-01-08,5d,>=10%,20,1,5.0,ESCORTS
2014-01-09,5d,>=10%,20,1,5.0,M&MFIN
2014-01-10,5d,>=10%,20,2,10.0,"FINPIPE, M&MFIN"
2014-01-13,5d,>=10%,20,1,5.0,M&MFIN
2014-01-14,5d,>=10%,20,1,5.0,M&MFIN
2014-01-22,5d,>=10%,20,1,5.0,M&MFIN
2014-01-23,5d,>=10%,20,2,10.0,"M&MFIN, SUPREMEIND"
2014-01-24,5d,>=10%,20,2,10.0,"M&MFIN, SUPREMEIND"
2014-01-27,5d,>=10%,20,2,10.0,"M&MFIN, SUPREMEIND"
2014-01-28,5d,>=10%,20,2,10.0,"RCOM, BIOCON"
2014-01-29,5d,>=10%,20,1,5.0,BIOCON
2014-01-30,5d,>=10%,20,2,10.0,"RCOM, BLUEDART"
2014-01-31,5d,>=10%,20,1,5.0,BLUEDART
2014-02-03,5d,>=10%,20,1,5.0,BLUEDART
2014-02-04,5d,>=10%,20,1,5.0,BLUEDART
2014-03-10,5d,>=10%,20,1,5.0,ECLERX
2014-04-07,5d,>=10%,20,1,5.0,PAGEIND
2014-04-09,5d,>=10%,20,1,5.0,PAGEIND
2014-04-25,5d,>=10%,20,1,5.0,MRF
2014-04-28,5d,>=10%,20,1,5.0,MRF
2014-04-29,5d,>=10%,20,1,5.0,MRF
2014-05-05,5d,>=10%,20,1,5.0,RCOM
2014-05-06,5d,>=10%,20,1,5.0,ESCORTS
2014-05-07,5d,>=10%,20,2,10.0,"FSL, ESCORTS"
2014-05-08,5d,>=10%,20,1,5.0,ESCORTS
2014-05-09,5d,>=10%,20,1,5.0,ESCORTS
2014-05-19,5d,>=10%,20,1,5.0,IPCALAB
2014-05-27,5d,>=10%,20,1,5.0,ECLERX
2014-05-30,5d,>=10%,20,1,5.0,EICHERMOT
2014-06-19,5d,>=10%,20,1,5.0,KAJARIACER
2014-07-07,5d,>=10%,20,1,5.0,SRF
2014-07-08,5d,>=10%,20,1,5.0,SRF
2014-07-09,5d,>=10%,20,1,5.0,SRF
2014-07-10,5d,>=10%,20,2,10.0,"ARVIND, AUROPHARMA"
2014-07-11,5d,>=10%,20,2,10.0,"TVSMOTOR, ARVIND"
2014-07-14,5d,>=10%,20,6,30.0,"FSL, ARVIND, AUROPHARMA, KEC, CANFINHOME, SWARAJENG"
2014-07-25,5d,>=10%,20,1,5.0,TVSMOTOR
2014-07-28,5d,>=10%,20,3,15.0,"TVSMOTOR, ARVIND, CANFINHOME"
2014-07-30,5d,>=10%,20,2,10.0,"TVSMOTOR, CANFINHOME"
2014-07-31,5d,>=10%,20,1,5.0,TVSMOTOR
2014-08-01,5d,>=10%,20,2,10.0,"KEC, CANFINHOME"
2014-08-04,5d,>=10%,20,1,5.0,KEC
2014-08-05,5d,>=10%,20,1,5.0,KEC
2014-08-06,5d,>=10%,20,1,5.0,KEC
2014-08-07,5d,>=10%,20,1,5.0,KEC
2014-08-08,5d,>=10%,20,1,5.0,KEC
2014-08-12,5d,>=10%,20,1,5.0,SKFINDIA
2014-09-24,5d,>=10%,20,1,5.0,FINCABLES
2014-09-25,5d,>=10%,20,3,15.0,"ARVIND, SIMPLEXINF, FINCABLES"
2014-09-26,5d,>=10%,20,1,5.0,SIMPLEXINF
2014-09-29,5d,>=10%,20,1,5.0,SIMPLEXINF
2014-09-30,5d,>=10%,20,1,5.0,SIMPLEXINF
2014-10-01,5d,>=10%,20,1,5.0,SIMPLEXINF
2014-10-22,5d,>=10%,20,2,10.0,"ATUL, SUNDRMFAST"
2014-10-23,5d,>=10%,20,1,5.0,ATUL
2014-11-14,5d,>=10%,20,1,5.0,BALKRISIND
2014-11-17,5d,>=10%,20,1,5.0,BALKRISIND
2014-11-18,5d,>=10%,20,1,5.0,BALKRISIND
2014-11-19,5d,>=10%,20,1,5.0,BALKRISIND
2014-11-20,5d,>=10%,20,1,5.0,BALKRISIND
2014-12-09,5d,>=10%,20,1,5.0,AIAENG
2014-12-10,5d,>=10%,20,1,5.0,AIAENG
2014-12-17,5d,>=10%,20,1,5.0,BHARATFORG
2014-12-31,5d,>=10%,20,1,5.0,AARTIIND
2015-01-29,5d,>=10%,20,1,5.0,CANFINHOME
2015-01-30,5d,>=10%,20,1,5.0,CANFINHOME
2015-02-06,5d,>=10%,20,1,5.0,AUROPHARMA
2015-02-09,5d,>=10%,20,2,10.0,"SUNDRMFAST, AUROPHARMA"
2015-02-10,5d,>=10%,20,2,10.0,"SUNDRMFAST, AUROPHARMA"
2015-02-24,5d,>=10%,20,1,5.0,TVSMOTOR
2015-02-25,5d,>=10%,20,1,5.0,TVSMOTOR
2015-03-25,5d,>=10%,20,1,5.0,AARTIIND
2015-04-16,5d,>=10%,20,1,5.0,BEL
2015-04-17,5d,>=10%,20,2,10.0,"BEL, LUPIN"
2015-04-20,5d,>=10%,20,3,15.0,"BEL, BHARATFORG, INDUSINDBK"
2015-04-21,5d,>=10%,20,4,20.0,"EICHERMOT, SUNDRMFAST, LUPIN, INDUSINDBK"
2015-04-22,5d,>=10%,20,4,20.0,"BOSCHLTD, LUPIN, BHARATFORG, INDUSINDBK"
2015-04-23,5d,>=10%,20,1,5.0,HONAUT
2015-04-24,5d,>=10%,20,2,10.0,"BOSCHLTD, HONAUT"
2015-04-27,5d,>=10%,20,3,15.0,"BOSCHLTD, GFLLIMITED, SRF"
2015-04-28,5d,>=10%,20,2,10.0,"BOSCHLTD, GFLLIMITED"
2015-04-30,5d,>=10%,20,1,5.0,JKIL
2015-05-07,5d,>=10%,20,2,10.0,"SRF, CANFINHOME"
2015-05-12,5d,>=10%,20,1,5.0,FINCABLES
2015-06-04,5d,>=10%,20,1,5.0,SUNDRMFAST
2015-06-05,5d,>=10%,20,1,5.0,JKIL
2015-06-09,5d,>=10%,20,1,5.0,JKIL
2017-04-13,5d,>=10%,20,1,5.0,VEDL
2017-04-17,5d,>=10%,20,1,5.0,VEDL
2017-04-18,5d,>=10%,20,1,5.0,VEDL
2017-04-20,5d,>=10%,20,1,5.0,VEDL
2017-05-03,5d,>=10%,20,1,5.0,BIOCON
2017-05-05,5d,>=10%,20,1,5.0,TATACOMM
2017-05-09,5d,>=10%,20,1,5.0,RAIN
2017-05-11,5d,>=10%,20,1,5.0,RAIN
2017-05-18,5d,>=10%,20,2,10.0,"CESC, YESBANK"
2017-05-19,5d,>=10%,20,1,5.0,CESC
2017-05-22,5d,>=10%,20,2,10.0,"CESC, BAJAJFINSV"
2017-05-23,5d,>=10%,20,6,30.0,"RAIN, CESC, VGUARD, INDIANB, BAJAJFINSV, MOTILALOFS"
2017-05-24,5d,>=10%,20,6,30.0,"RAIN, CESC, VGUARD, INDIANB, BAJAJFINSV, MOTILALOFS"
2017-05-25,5d,>=10%,20,1,5.0,VGUARD
2017-06-12,5d,>=10%,20,1,5.0,ADANIENSOL
2017-06-13,5d,>=10%,20,1,5.0,ADANIENSOL
2017-06-27,5d,>=10%,20,2,10.0,"RECLTD, INDIANB"
2017-08-10,5d,>=10%,20,4,20.0,"RAIN, AVANTIFEED, ESCORTS, CAPLIPOINT"
2017-08-11,5d,>=10%,20,3,15.0,"RAIN, ADANIENSOL, ESCORTS"
2017-08-14,5d,>=10%,20,1,5.0,ADANIENSOL
2017-08-16,5d,>=10%,20,1,5.0,ADANIENSOL
2017-09-21,5d,>=10%,20,1,5.0,ADANIENSOL
2017-09-27,5d,>=10%,20,1,5.0,BOMDYEING
2017-09-28,5d,>=10%,20,1,5.0,BOMDYEING
2017-09-29,5d,>=10%,20,1,5.0,BOMDYEING
2017-10-16,5d,>=10%,20,1,5.0,BOMDYEING
2017-10-17,5d,>=10%,20,1,5.0,BOMDYEING
2017-10-25,5d,>=10%,20,1,5.0,EDELWEISS
2017-11-01,5d,>=10%,20,1,5.0,ADANIENSOL
2017-11-03,5d,>=10%,20,1,5.0,ADANIENSOL
2017-11-15,5d,>=10%,20,1,5.0,AVANTIFEED
2017-11-16,5d,>=10%,20,2,10.0,"BOMDYEING, AVANTIFEED"
2017-11-17,5d,>=10%,20,1,5.0,RAIN
2017-11-20,5d,>=10%,20,1,5.0,RAIN
2017-11-21,5d,>=10%,20,1,5.0,RAIN
2017-11-22,5d,>=10%,20,1,5.0,RAIN
2017-11-30,5d,>=10%,20,1,5.0,ADANIENSOL
2017-12-01,5d,>=10%,20,1,5.0,ADANIENSOL
2018-01-18,5d,>=10%,20,2,10.0,"BOMDYEING, MOTILALOFS"
2018-01-30,5d,>=10%,20,4,20.0,"BOMDYEING, BBTC, MOTILALOFS, APLAPOLLO"
2018-01-31,5d,>=10%,20,7,35.0,"BOMDYEING, BBTC, RAIN, AVANTIFEED, VAKRANGEE, MOTILALOFS, APLAPOLLO"
2018-02-01,5d,>=10%,20,3,15.0,"RAIN, VAKRANGEE, APLAPOLLO"
2018-02-02,5d,>=10%,20,7,35.0,"BOMDYEING, BBTC, RAIN, ADANIENSOL, VAKRANGEE, APLAPOLLO, EDELWEISS"
2018-02-05,5d,>=10%,20,5,25.0,"BBTC, RAIN, VAKRANGEE, APLAPOLLO, EDELWEISS"
2019-04-26,5d,>=10%,20,1,5.0,ADANIPOWER
2019-04-30,5d,>=10%,20,1,5.0,ADANIPOWER
2019-05-02,5d,>=10%,20,1,5.0,ADANIPOWER
2019-05-03,5d,>=10%,20,1,5.0,ADANIPOWER
2019-05-06,5d,>=10%,20,1,5.0,ADANIPOWER
2019-05-07,5d,>=10%,20,2,10.0,"PRAJIND, ADANIPOWER"
2019-05-08,5d,>=10%,20,1,5.0,PRAJIND
2019-05-09,5d,>=10%,20,2,10.0,"RELIANCE, PRAJIND"
2019-05-10,5d,>=10%,20,2,10.0,"RELIANCE, PRAJIND"
2019-05-13,5d,>=10%,20,3,15.0,"RELIANCE, PRAJIND, BALRAMCHIN"
2020-02-05,5d,>=10%,20,1,5.0,MANAPPURAM
2020-02-14,5d,>=10%,20,1,5.0,WHIRLPOOL
2020-02-17,5d,>=10%,20,1,5.0,MASFIN
2020-02-18,5d,>=10%,20,2,10.0,"MASFIN, ADANIGREEN"
2020-02-19,5d,>=10%,20,1,5.0,MASFIN
2020-02-20,5d,>=10%,20,1,5.0,MASFIN
2020-02-24,5d,>=10%,20,1,5.0,ADANIGREEN
2020-02-26,5d,>=10%,20,1,5.0,DIXON
2020-02-27,5d,>=10%,20,3,15.0,"ADANIGREEN, RELAXO, DIXON"
2020-02-28,5d,>=10%,20,3,15.0,"ADANIGREEN, RELAXO, DIXON"
2020-03-02,5d,>=10%,20,2,10.0,"ADANIGREEN, RELAXO"
2020-07-09,5d,>=10%,20,1,5.0,GUJENERGY
2020-07-14,5d,>=10%,20,1,5.0,ADANIGREEN
2020-07-16,5d,>=10%,20,1,5.0,DMART
2020-07-17,5d,>=10%,20,1,5.0,DMART
2020-07-27,5d,>=10%,20,1,5.0,TRENT
2020-08-31,5d,>=10%,20,1,5.0,PERSISTENT
2020-09-18,5d,>=10%,20,1,5.0,EPL
2020-09-21,5d,>=10%,20,1,5.0,EPL
2020-09-22,5d,>=10%,20,3,15.0,"EPL, DIXON, RALLIS"
2020-09-23,5d,>=10%,20,3,15.0,"ADANIGREEN, EPL, DIXON"
2020-09-24,5d,>=10%,20,3,15.0,"EPL, DIXON, RALLIS"
2020-09-25,5d,>=10%,20,1,5.0,LAURUSLABS
2020-10-12,5d,>=10%,20,1,5.0,ADANIGREEN
2020-10-20,5d,>=10%,20,1,5.0,PERSISTENT
2020-10-21,5d,>=10%,20,1,5.0,PERSISTENT
2020-11-04,5d,>=10%,20,1,5.0,LAURUSLABS
2020-11-05,5d,>=10%,20,1,5.0,LAURUSLABS
2020-11-06,5d,>=10%,20,1,5.0,LAURUSLABS
2020-11-09,5d,>=10%,20,1,5.0,LAURUSLABS
2020-11-10,5d,>=10%,20,2,10.0,"IPCALAB, LAURUSLABS"
2020-11-11,5d,>=10%,20,1,5.0,IPCALAB
2020-11-12,5d,>=10%,20,1,5.0,IPCALAB
2020-11-13,5d,>=10%,20,1,5.0,IPCALAB
2021-01-11,5d,>=10%,20,1,5.0,ADANIGREEN
2021-01-12,5d,>=10%,20,1,5.0,ADANIGREEN
2021-01-13,5d,>=10%,20,2,10.0,"ADANIGREEN, SUZLON"
2021-01-14,5d,>=10%,20,1,5.0,SUZLON
2021-01-15,5d,>=10%,20,1,5.0,SUZLON
2021-01-20,5d,>=10%,20,1,5.0,APLLTD
2021-01-21,5d,>=10%,20,1,5.0,APLLTD
2021-01-22,5d,>=10%,20,1,5.0,APLLTD
2021-01-25,5d,>=10%,20,3,15.0,"APLLTD, SUZLON, DIXON"
2021-01-27,5d,>=10%,20,1,5.0,SUZLON
2021-02-01,5d,>=10%,20,1,5.0,DRREDDY
2021-02-02,5d,>=10%,20,1,5.0,DRREDDY
2021-02-11,5d,>=10%,20,1,5.0,SUZLON
2021-02-15,5d,>=10%,20,1,5.0,SUZLON
2021-02-16,5d,>=10%,20,1,5.0,SUZLON
2021-02-17,5d,>=10%,20,1,5.0,SUZLON
2021-02-18,5d,>=10%,20,1,5.0,SUZLON
2021-02-19,5d,>=10%,20,1,5.0,SUZLON
2021-02-22,5d,>=10%,20,2,10.0,"BAJAJELEC, SUZLON"
2021-03-15,5d,>=10%,20,1,5.0,APLAPOLLO
2021-03-16,5d,>=10%,20,1,5.0,APLAPOLLO
2021-03-17,5d,>=10%,20,1,5.0,APLAPOLLO
2021-03-18,5d,>=10%,20,2,10.0,"HINDCOPPER, GRANULES"
2021-03-19,5d,>=10%,20,1,5.0,BAJAJELEC
2021-03-23,5d,>=10%,20,1,5.0,VAIBHAVGBL
2021-03-25,5d,>=10%,20,1,5.0,DIXON
2021-03-26,5d,>=10%,20,1,5.0,DIXON
2021-03-30,5d,>=10%,20,1,5.0,DIXON
2021-03-31,5d,>=10%,20,1,5.0,ADANIGREEN
2021-04-01,5d,>=10%,20,1,5.0,ADANIGREEN
2021-04-07,5d,>=10%,20,1,5.0,APLAPOLLO
2021-04-12,5d,>=10%,20,2,10.0,"ADANIENSOL, ATGL"
2021-04-13,5d,>=10%,20,2,10.0,"ADANIENSOL, ATGL"
2021-04-15,5d,>=10%,20,1,5.0,ADANIENSOL
2021-04-22,5d,>=10%,20,1,5.0,VAIBHAVGBL
2021-05-04,5d,>=10%,20,1,5.0,INDIAMART
2021-05-05,5d,>=10%,20,1,5.0,INDIAMART
2021-05-06,5d,>=10%,20,1,5.0,INDIAMART
2021-05-17,5d,>=10%,20,1,5.0,VAIBHAVGBL
2021-05-18,5d,>=10%,20,2,10.0,"VAIBHAVGBL, JINDALSTEL"
2021-05-19,5d,>=10%,20,1,5.0,JINDALSTEL
2021-05-20,5d,>=10%,20,1,5.0,JINDALSTEL
2021-06-15,5d,>=10%,20,1,5.0,ATGL
2021-06-16,5d,>=10%,20,2,10.0,"ADANIENSOL, ATGL"
2021-06-17,5d,>=10%,20,2,10.0,"ADANIENSOL, ATGL"
2021-06-18,5d,>=10%,20,5,25.0,"HINDCOPPER, ADANIGREEN, ADANIENSOL, TIINDIA, ATGL"
2021-06-21,5d,>=10%,20,5,25.0,"HINDCOPPER, AFFLE, ADANIENSOL, TIINDIA, ATGL"
2021-06-22,5d,>=10%,20,2,10.0,"AFFLE, TIINDIA"
2021-06-23,5d,>=10%,20,1,5.0,AFFLE
2021-06-28,5d,>=10%,20,2,10.0,"ADANIENSOL, ATGL"
2021-06-29,5d,>=10%,20,2,10.0,"ADANIENSOL, ATGL"
2021-06-30,5d,>=10%,20,2,10.0,"ADANIENSOL, ATGL"
2021-07-01,5d,>=10%,20,2,10.0,"ADANIENSOL, ATGL"
2021-07-02,5d,>=10%,20,3,15.0,"ADANIGREEN, ADANIENSOL, ATGL"
2021-07-05,5d,>=10%,20,3,15.0,"ADANIGREEN, ADANIENSOL, ATGL"
2021-07-06,5d,>=10%,20,2,10.0,"ADANIENSOL, ATGL"
2021-07-07,5d,>=10%,20,2,10.0,"ADANIENSOL, ATGL"
2021-07-20,5d,>=10%,20,1,5.0,ATGL
2021-07-27,5d,>=10%,20,1,5.0,CDSL
2021-07-28,5d,>=10%,20,1,5.0,CDSL
2021-07-29,5d,>=10%,20,1,5.0,FSL
2021-07-30,5d,>=10%,20,1,5.0,FSL
2021-08-11,5d,>=10%,20,1,5.0,FSL
2021-08-23,5d,>=10%,20,1,5.0,FSL
2021-08-24,5d,>=10%,20,1,5.0,JSWENERGY
2021-08-26,5d,>=10%,20,1,5.0,FSL
2021-09-01,5d,>=10%,20,1,5.0,LINDEINDIA
2021-09-20,5d,>=10%,20,1,5.0,TATASTEEL
2021-09-21,5d,>=10%,20,2,10.0,"TATASTEEL, ADANIENSOL"
2021-09-22,5d,>=10%,20,2,10.0,"TATASTEEL, ADANIENSOL"
2021-09-23,5d,>=10%,20,1,5.0,ADANIENSOL
2021-09-24,5d,>=10%,20,1,5.0,ADANIENSOL
2021-09-30,5d,>=10%,20,2,10.0,"APOLLOHOSP, APLAPOLLO"
2021-10-20,5d,>=10%,20,3,15.0,"POLYCAB, SRF, DEEPAKNTR"
2021-10-21,5d,>=10%,20,2,10.0,"POLYCAB, DEEPAKNTR"
2021-10-22,5d,>=10%,20,4,20.0,"POLYCAB, FLUOROCHEM, ECLERX, DEEPAKNTR"
2021-10-25,5d,>=10%,20,5,25.0,"FLUOROCHEM, DIXON, APLAPOLLO, ECLERX, DEEPAKNTR"
2021-10-26,5d,>=10%,20,1,5.0,DEEPAKNTR
2021-10-28,5d,>=10%,20,1,5.0,ADANIENT
2021-11-18,5d,>=10%,20,1,5.0,JSWENERGY
2021-11-30,5d,>=10%,20,1,5.0,TATASTEEL
2021-12-01,5d,>=10%,20,1,5.0,CENTURYPLY
2021-12-02,5d,>=10%,20,1,5.0,TRIDENT
2021-12-03,5d,>=10%,20,1,5.0,TRIDENT
2021-12-06,5d,>=10%,20,1,5.0,TRIDENT
2021-12-16,5d,>=10%,20,1,5.0,FLUOROCHEM
2021-12-17,5d,>=10%,20,2,10.0,"IEX, FLUOROCHEM"
2021-12-20,5d,>=10%,20,5,25.0,"CENTURYPLY, POLYCAB, IEX, FLUOROCHEM, LINDEINDIA"
2021-12-21,5d,>=10%,20,4,20.0,"IEX, BSE, CDSL, ATGL"
2021-12-22,5d,>=10%,20,2,10.0,"BSE, ATGL"
2021-12-23,5d,>=10%,20,1,5.0,BSE
2022-01-21,5d,>=10%,20,2,10.0,"LTTS, ECLERX"
2022-01-24,5d,>=10%,20,5,25.0,"TRIDENT, GRASIM, LTTS, ECLERX, DEEPAKNTR"
2022-01-25,5d,>=10%,20,4,20.0,"LTTS, UNOMINDA, ECLERX, DEEPAKNTR"
2022-01-27,5d,>=10%,20,6,30.0,"LTTS, IEX, UNOMINDA, FLUOROCHEM, ECLERX, DEEPAKNTR"
2022-01-28,5d,>=10%,20,5,25.0,"LTTS, IEX, FLUOROCHEM, ECLERX, DEEPAKNTR"
2022-01-31,5d,>=10%,20,1,5.0,DEEPAKNTR
2022-02-14,5d,>=10%,20,5,25.0,"TRIDENT, TATAPOWER, UNOMINDA, FLUOROCHEM, DEEPAKNTR"
2022-02-17,5d,>=10%,20,1,5.0,PERSISTENT
2022-09-19,5d,>=10%,20,3,15.0,"ELGIEQUIP, TIMKEN, GNFC"
2022-09-20,5d,>=10%,20,3,15.0,"ELGIEQUIP, TIMKEN, GNFC"
2022-09-21,5d,>=10%,20,3,15.0,"ELGIEQUIP, TIMKEN, GNFC"
2022-09-22,5d,>=10%,20,2,10.0,"SCHAEFFLER, ELGIEQUIP"
2022-09-26,5d,>=10%,20,1,5.0,ELGIEQUIP
2022-09-27,5d,>=10%,20,4,20.0,"ADANIGREEN, ELGIEQUIP, ADANIENSOL, BDL"
2022-09-28,5d,>=10%,20,3,15.0,"ADANIGREEN, ELGIEQUIP, BDL"
2022-09-29,5d,>=10%,20,5,25.0,"ADANIGREEN, ELGIEQUIP, VBL, ADANIENSOL, GNFC"
2022-09-30,5d,>=10%,20,1,5.0,ADANIENSOL
2022-10-03,5d,>=10%,20,2,10.0,"ADANIENT, ADANIENSOL"
2022-10-20,5d,>=10%,20,1,5.0,SCHAEFFLER
2022-10-27,5d,>=10%,20,1,5.0,SCHAEFFLER
2022-10-31,5d,>=10%,20,1,5.0,FINEORG
2022-11-01,5d,>=10%,20,1,5.0,FINEORG
2022-11-02,5d,>=10%,20,1,5.0,FINEORG
2022-11-11,5d,>=10%,20,1,5.0,TIINDIA
2022-11-14,5d,>=10%,20,1,5.0,TIINDIA
2022-11-15,5d,>=10%,20,2,10.0,"FLUOROCHEM, TIINDIA"
2022-11-22,5d,>=10%,20,1,5.0,ADANIENSOL
2022-11-23,5d,>=10%,20,1,5.0,ADANIENSOL
2022-11-24,5d,>=10%,20,1,5.0,ADANIENSOL
2022-11-25,5d,>=10%,20,1,5.0,ADANIENSOL
2022-11-28,5d,>=10%,20,1,5.0,ADANIENSOL
2022-12-22,5d,>=10%,20,2,10.0,"COCHINSHIP, BDL"
2022-12-23,5d,>=10%,20,4,20.0,"COCHINSHIP, FLUOROCHEM, BDL, MAZDOCK"
2022-12-26,5d,>=10%,20,1,5.0,COCHINSHIP
2023-05-22,5d,>=10%,20,1,5.0,SIEMENS
2023-05-23,5d,>=10%,20,1,5.0,SIEMENS
2023-05-24,5d,>=10%,20,1,5.0,SIEMENS
2023-05-30,5d,>=10%,20,1,5.0,FINCABLES
2023-07-28,5d,>=10%,20,1,5.0,RVNL
2023-08-07,5d,>=10%,20,1,5.0,CUMMINSIND
2023-08-14,5d,>=10%,20,1,5.0,FACT
2023-08-17,5d,>=10%,20,1,5.0,APOLLOTYRE
2023-09-12,5d,>=10%,20,1,5.0,NCC
2023-09-15,5d,>=10%,20,1,5.0,SUPREMEIND
2023-09-18,5d,>=10%,20,2,10.0,"RVNL, SUPREMEIND"
2023-09-22,5d,>=10%,20,1,5.0,JSL
2023-09-25,5d,>=10%,20,1,5.0,KALYANKJIL
2023-09-26,5d,>=10%,20,1,5.0,GLENMARK
2023-10-06,5d,>=10%,20,1,5.0,FINCABLES
2023-10-17,5d,>=10%,20,1,5.0,FINCABLES
2023-10-18,5d,>=10%,20,1,5.0,FINCABLES
2023-10-23,5d,>=10%,20,5,25.0,"MAHABANK, UNIONBANK, ZENSARTECH, NCC, MAZDOCK"
2023-10-25,5d,>=10%,20,8,40.0,"MAHABANK, RVNL, FACT, UNIONBANK, IRFC, ZENSARTECH, NCC, MAZDOCK"
2023-10-26,5d,>=10%,20,3,15.0,"MAHABANK, SUPREMEIND, MAZDOCK"
2024-01-11,5d,>=10%,20,1,5.0,POLYCAB
2024-01-12,5d,>=10%,20,1,5.0,POLYCAB
2024-01-15,5d,>=10%,20,1,5.0,POLYCAB
2024-01-16,5d,>=10%,20,1,5.0,POLYCAB
2024-01-23,5d,>=10%,20,2,10.0,"PRESTIGE, JSL"
2024-01-24,5d,>=10%,20,1,5.0,CYIENT
2024-02-05,5d,>=10%,20,1,5.0,AUROPHARMA
2024-02-06,5d,>=10%,20,1,5.0,AUROPHARMA
2024-02-07,5d,>=10%,20,1,5.0,AUROPHARMA
2024-02-12,5d,>=10%,20,4,20.0,"IRFC, HUDCO, NBCC, NLCINDIA"
2024-02-13,5d,>=10%,20,3,15.0,"HUDCO, NBCC, NLCINDIA"
2024-02-14,5d,>=10%,20,2,10.0,"PRESTIGE, NBCC"
2024-02-15,5d,>=10%,20,1,5.0,NBCC
2024-02-29,5d,>=10%,20,1,5.0,NLCINDIA
2024-03-06,5d,>=10%,20,2,10.0,"SUZLON, JBMA"
2024-03-07,5d,>=10%,20,1,5.0,JBMA
2024-03-11,5d,>=10%,20,3,15.0,"SUZLON, JBMA, NBCC"
2024-03-12,5d,>=10%,20,2,10.0,"JBMA, NBCC"
2024-03-13,5d,>=10%,20,6,30.0,"ETERNAL, IRFC, BSE, HUDCO, JBMA, NBCC"
2024-03-14,5d,>=10%,20,2,10.0,"PRESTIGE, BSE"
2024-03-15,5d,>=10%,20,4,20.0,"PRESTIGE, NTPC, PFC, NBCC"
2024-03-18,5d,>=10%,20,3,15.0,"TVSMOTOR, PRESTIGE, PFC"
2024-03-19,5d,>=10%,20,3,15.0,"RECLTD, PRESTIGE, PFC"
2024-04-30,5d,>=10%,20,1,5.0,BSE
2024-05-06,5d,>=10%,20,1,5.0,BSE
2024-05-09,5d,>=10%,20,1,5.0,PFC
2024-05-10,5d,>=10%,20,1,5.0,PFC
2024-05-14,5d,>=10%,20,1,5.0,CHALET
2024-05-15,5d,>=10%,20,1,5.0,CHALET
2024-06-04,5d,>=10%,20,4,20.0,"RECLTD, HAL, PFC, BHEL"
2024-06-05,5d,>=10%,20,5,25.0,"RECLTD, HAL, PFC, HUDCO, BHEL"
2024-06-06,5d,>=10%,20,1,5.0,RECLTD
2024-06-10,5d,>=10%,20,2,10.0,"RECLTD, PFC"
2024-07-01,5d,>=10%,20,1,5.0,PRESTIGE
2024-07-02,5d,>=10%,20,1,5.0,MOTILALOFS
2024-07-04,5d,>=10%,20,1,5.0,MOTILALOFS
2024-07-05,5d,>=10%,20,1,5.0,MOTILALOFS
2024-07-19,5d,>=10%,20,4,20.0,"HAL, COCHINSHIP, DIXON, BHEL"
2024-07-23,5d,>=10%,20,3,15.0,"HAL, IRFC, DIXON"
2024-07-24,5d,>=10%,20,2,10.0,"APARINDS, DIXON"
2024-07-25,5d,>=10%,20,1,5.0,IRFC
2024-07-26,5d,>=10%,20,1,5.0,IRFC
2024-08-05,5d,>=10%,20,3,15.0,"RECLTD, MOTHERSON, PRESTIGE"
2024-08-06,5d,>=10%,20,4,20.0,"RECLTD, APARINDS, COCHINSHIP, PRESTIGE"
2024-08-07,5d,>=10%,20,2,10.0,"APARINDS, COCHINSHIP"
2024-08-08,5d,>=10%,20,1,5.0,COCHINSHIP
2024-08-20,5d,>=10%,20,1,5.0,COCHINSHIP
2024-09-02,5d,>=10%,20,1,5.0,COCHINSHIP
2024-09-05,5d,>=10%,20,2,10.0,"OIL, HUDCO"
2024-09-06,5d,>=10%,20,1,5.0,OIL
2024-09-09,5d,>=10%,20,1,5.0,OIL
2024-09-10,5d,>=10%,20,1,5.0,OIL
2024-09-11,5d,>=10%,20,1,5.0,OIL
2024-09-12,5d,>=10%,20,1,5.0,OIL
2024-09-16,5d,>=10%,20,1,5.0,GRANULES
2024-09-17,5d,>=10%,20,1,5.0,GRANULES
2024-09-18,5d,>=10%,20,1,5.0,GRANULES
2024-10-07,5d,>=10%,20,2,10.0,"RVNL, SUZLON"
2024-10-17,5d,>=10%,20,1,5.0,BAJAJ-AUTO
2024-10-18,5d,>=10%,20,1,5.0,BAJAJ-AUTO
2024-10-21,5d,>=10%,20,1,5.0,BAJAJ-AUTO
2024-10-22,5d,>=10%,20,3,15.0,"POWERINDIA, PCBL, BAJAJ-AUTO"
2024-10-23,5d,>=10%,20,1,5.0,POWERINDIA
2024-10-24,5d,>=10%,20,1,5.0,POWERINDIA
2024-10-25,5d,>=10%,20,2,10.0,"POWERINDIA, PCBL"
2024-10-28,5d,>=10%,20,1,5.0,OIL
2024-11-08,5d,>=10%,20,1,5.0,TRENT
2024-11-13,5d,>=10%,20,3,15.0,"POWERINDIA, GLENMARK, PPLPHARMA"
2024-11-14,5d,>=10%,20,3,15.0,"POWERINDIA, TORNTPOWER, PPLPHARMA"
2024-11-18,5d,>=10%,20,4,20.0,"POWERINDIA, GLENMARK, MOTILALOFS, PPLPHARMA"
2025-06-17,5d,>=10%,20,2,10.0,"BSE, PAYTM"
2025-06-23,5d,>=10%,20,1,5.0,ERIS
2025-06-24,5d,>=10%,20,1,5.0,ERIS
2025-06-30,5d,>=10%,20,1,5.0,GRSE
2025-07-08,5d,>=10%,20,1,5.0,BSE
2025-07-10,5d,>=10%,20,1,5.0,BSE
2025-07-11,5d,>=10%,20,1,5.0,BSE
2025-07-24,5d,>=10%,20,1,5.0,COFORGE
2025-08-08,5d,>=10%,20,1,5.0,NH
2025-08-11,5d,>=10%,20,1,5.0,AMBER
2025-08-12,5d,>=10%,20,1,5.0,AMBER
2025-08-14,5d,>=10%,20,1,5.0,AMBER
2025-08-26,5d,>=10%,20,1,5.0,BSE
2025-08-28,5d,>=10%,20,2,10.0,"BSE, MCX"
2025-08-29,5d,>=10%,20,1,5.0,BSE
2026-05-12,5d,>=10%,20,2,10.0,"KIRLOSENG, GMDCLTD"
2026-05-15,5d,>=10%,20,1,5.0,NETWEB
2026-05-18,5d,>=10%,20,1,5.0,NETWEB
2026-05-29,5d,>=10%,20,2,10.0,"GESHIP, MCX"
2026-06-01,5d,>=10%,20,2,10.0,"GESHIP, MCX"
2026-06-02,5d,>=10%,20,2,10.0,"SCHNEIDER, MCX"
2026-06-03,5d,>=10%,20,3,15.0,"GESHIP, SCHNEIDER, MCX"
2026-06-04,5d,>=10%,20,1,5.0,SCHNEIDER
2026-06-05,5d,>=10%,20,2,10.0,"VEDL, SCHNEIDER"
2026-06-08,5d,>=10%,20,1,5.0,NATIONALUM
2026-06-09,5d,>=10%,20,1,5.0,NATIONALUM
2026-06-10,5d,>=10%,20,1,5.0,NATIONALUM
2026-06-11,5d,>=10%,20,3,15.0,"NETWEB, NATIONALUM, GMDCLTD"
2026-06-25,5d,>=10%,20,1,5.0,VEDL
2026-06-29,5d,>=10%,20,2,10.0,"NETWEB, GVT&D"
2026-06-30,5d,>=10%,20,3,15.0,"NETWEB, NATIONALUM, GVT&D"
2026-07-01,5d,>=10%,20,1,5.0,APARINDS
2026-07-02,5d,>=10%,20,1,5.0,NETWEB
2026-07-03,5d,>=10%,20,4,20.0,"APARINDS, KIRLOSENG, NETWEB, GVT&D"
2026-07-06,5d,>=10%,20,1,5.0,APARINDS
2026-07-07,5d,>=10%,20,1,5.0,GVT&D
2026-07-28,5d,>=10%,20,1,5.0,HFCL
2026-07-29,5d,>=10%,20,1,5.0,HFCL
2026-07-30,5d,>=10%,20,1,5.0,HFCL
2026-09-01,5d,>=10%,20,1,5.0,ADANIENSOL
2026-09-02,5d,>=10%,20,1,5.0,ADANIENSOL
2026-09-03,5d,>=10%,20,2,10.0,"HFCL, ADANIENSOL"
2026-09-04,5d,>=10%,20,1,5.0,ADANIENSOL
2007-10-08,5d,>=12%,20,1,5.0,PRAJIND
2007-10-09,5d,>=12%,20,2,10.0,"PRAJIND, TFCILTD"
2007-10-19,5d,>=12%,20,4,20.0,"ADANIENT, APTECHT, CRISIL, KOTAKBANK"
2007-10-22,5d,>=12%,20,4,20.0,"BHARTIARTL, JINDALSTEL, KOTAKBANK, TFCILTD"
2007-10-24,5d,>=12%,20,1,5.0,GMDCLTD
2007-11-06,5d,>=12%,20,1,5.0,UNITDSPR
2007-11-08,5d,>=12%,20,1,5.0,JINDALSTEL
2007-11-09,5d,>=12%,20,1,5.0,JINDALSTEL
2007-11-12,5d,>=12%,20,2,10.0,"RIIL, JINDALSTEL"
2007-11-13,5d,>=12%,20,1,5.0,RIIL
2007-11-14,5d,>=12%,20,1,5.0,RIIL
2007-11-22,5d,>=12%,20,5,25.0,"STCINDIA, RELINFRA, VEDL, ABAN, LT"
2007-11-23,5d,>=12%,20,2,10.0,"STCINDIA, GMDCLTD"
2007-11-26,5d,>=12%,20,2,10.0,"STCINDIA, GMDCLTD"
2007-11-27,5d,>=12%,20,2,10.0,"STCINDIA, GMDCLTD"
2007-11-28,5d,>=12%,20,1,5.0,STCINDIA
2007-11-29,5d,>=12%,20,1,5.0,STCINDIA
2007-11-30,5d,>=12%,20,1,5.0,STCINDIA
2007-12-18,5d,>=12%,20,3,15.0,"STCINDIA, JINDALSTEL, KOTAKBANK"
2007-12-19,5d,>=12%,20,3,15.0,"STCINDIA, JINDALSTEL, KOTAKBANK"
2007-12-20,5d,>=12%,20,2,10.0,"STCINDIA, JINDALSTEL"
2008-01-11,5d,>=12%,20,3,15.0,"STCINDIA, ADANIENT, RIIL"
2008-01-14,5d,>=12%,20,4,20.0,"STCINDIA, ADANIENT, RIIL, USHAMART"
2008-01-15,5d,>=12%,20,1,5.0,RIIL
2008-01-18,5d,>=12%,20,2,10.0,"RELINFRA, ABAN"
2008-01-21,5d,>=12%,20,14,70.0,"INDIAGLYCO, JSWSTEEL, RELINFRA, VEDL, RELIANCE, SOUTHBANK, WELCORP, RIIL, GMDCLTD, JINDALSTEL, KOTAKBANK, ABAN, DIVISLAB, RAJESHEXPO"
2008-01-22,5d,>=12%,20,18,90.0,"INDIAGLYCO, STCINDIA, JSWSTEEL, ADANIENT, RELINFRA, VEDL, RELIANCE, SOUTHBANK, WELCORP, SHRIRAMFIN, RIIL, GMDCLTD, JINDALSTEL, KOTAKBANK, ABAN, DIVISLAB, RAJESHEXPO, USHAMART"
2008-01-23,5d,>=12%,20,14,70.0,"INDIAGLYCO, STCINDIA, JSWSTEEL, ADANIENT, RELINFRA, RELIANCE, SOUTHBANK, RIIL, GMDCLTD, JINDALSTEL, ABAN, DIVISLAB, RAJESHEXPO, USHAMART"
2008-01-24,5d,>=12%,20,17,85.0,"INDIAGLYCO, STCINDIA, JSWSTEEL, ADANIENT, RELINFRA, RELIANCE, SOUTHBANK, WELCORP, RIIL, GMDCLTD, JINDALSTEL, KOTAKBANK, ABAN, DIVISLAB, RAJESHEXPO, USHAMART, LT"
2008-01-25,5d,>=12%,20,7,35.0,"INDIAGLYCO, STCINDIA, RIIL, GMDCLTD, JINDALSTEL, ABAN, USHAMART"
2008-01-28,5d,>=12%,20,3,15.0,"STCINDIA, RIIL, USHAMART"
2009-04-22,5d,>=12%,17,2,11.764705882352942,"FSL, IIFL"
2009-04-28,5d,>=12%,17,1,5.882352941176471,FSL
2009-06-08,5d,>=12%,17,1,5.882352941176471,EMBDL
2009-06-12,5d,>=12%,20,1,5.0,IIFL
2009-06-15,5d,>=12%,20,1,5.0,IIFL
2009-06-16,5d,>=12%,20,1,5.0,IIFL
2009-06-17,5d,>=12%,20,1,5.0,IIFL
2009-06-18,5d,>=12%,20,1,5.0,IIFL
2009-06-19,5d,>=12%,20,1,5.0,IIFL
2009-06-22,5d,>=12%,20,1,5.0,ONGC
2009-06-23,5d,>=12%,20,2,10.0,"COROMANDEL, RALLIS"
2009-07-06,5d,>=12%,20,1,5.0,ORIENTPPR
2009-07-07,5d,>=12%,20,1,5.0,ENGINERSIN
2009-07-08,5d,>=12%,20,1,5.0,BANKBARODA
2009-07-09,5d,>=12%,20,2,10.0,"BANKBARODA, ONGC"
2009-07-10,5d,>=12%,20,4,20.0,"UNIONBANK, BANKBARODA, COROMANDEL, ONGC"
2009-07-13,5d,>=12%,20,1,5.0,COROMANDEL
2009-07-29,5d,>=12%,20,1,5.0,UNIONBANK
2009-08-10,5d,>=12%,20,3,15.0,"MUNJALSHOW, MARUTI, HEROMOTOCO"
2009-08-11,5d,>=12%,20,2,10.0,"MARUTI, HEROMOTOCO"
2009-10-30,5d,>=12%,20,2,10.0,"MUNJALSHOW, LICHSGFIN"
2009-11-03,5d,>=12%,20,3,15.0,"MUNJALSHOW, LICHSGFIN, RALLIS"
2009-11-04,5d,>=12%,20,1,5.0,MUNJALSHOW
2009-11-05,5d,>=12%,20,1,5.0,MUNJALSHOW
2009-11-06,5d,>=12%,20,1,5.0,MUNJALSHOW
2010-01-25,5d,>=12%,20,1,5.0,MCLEODRUSS
2010-01-27,5d,>=12%,20,4,20.0,"SEAMECLTD, VEDL, MCLEODRUSS, JAYSREETEA"
2010-01-28,5d,>=12%,20,3,15.0,"VEDL, MCLEODRUSS, JAYSREETEA"
2010-01-29,5d,>=12%,20,2,10.0,"MCLEODRUSS, JAYSREETEA"
2010-02-06,5d,>=12%,20,1,5.0,RENUKA
2010-02-23,5d,>=12%,20,1,5.0,DHAMPURSUG
2010-02-24,5d,>=12%,20,1,5.0,DHAMPURSUG
2010-02-25,5d,>=12%,20,1,5.0,DHAMPURSUG
2010-02-26,5d,>=12%,20,1,5.0,DHAMPURSUG
2010-03-02,5d,>=12%,20,1,5.0,DHAMPURSUG
2010-04-01,5d,>=12%,20,1,5.0,ENGINERSIN
2010-04-28,5d,>=12%,20,1,5.0,MCLEODRUSS
2010-05-03,5d,>=12%,20,1,5.0,SOUTHBANK
2010-05-04,5d,>=12%,20,1,5.0,SOUTHBANK
2010-05-05,5d,>=12%,20,1,5.0,SOUTHBANK
2010-05-06,5d,>=12%,20,1,5.0,SOUTHBANK
2010-05-07,5d,>=12%,20,3,15.0,"SOUTHBANK, JINDALSTEL, TMPV"
2010-05-14,5d,>=12%,20,1,5.0,ENGINERSIN
2010-05-17,5d,>=12%,20,1,5.0,ENGINERSIN
2010-05-19,5d,>=12%,20,1,5.0,ENGINERSIN
2010-05-20,5d,>=12%,20,1,5.0,TMPV
2010-05-21,5d,>=12%,20,2,10.0,"ENGINERSIN, TMPV"
2010-05-24,5d,>=12%,20,2,10.0,"ENGINERSIN, VEDL"
2010-09-22,5d,>=12%,20,1,5.0,KARURVYSYA
2010-10-12,5d,>=12%,20,1,5.0,VIPIND
2010-10-20,5d,>=12%,20,1,5.0,JINDALPOLY
2010-10-21,5d,>=12%,20,1,5.0,JINDALPOLY
2010-11-15,5d,>=12%,20,2,10.0,"UFLEX, JINDALPOLY"
2010-11-16,5d,>=12%,20,2,10.0,"UFLEX, JINDALPOLY"
2010-11-18,5d,>=12%,20,2,10.0,"UFLEX, JINDALPOLY"
2010-11-19,5d,>=12%,20,3,15.0,"UFLEX, VENKEYS, JINDALPOLY"
2010-11-22,5d,>=12%,20,1,5.0,JINDALPOLY
2010-11-23,5d,>=12%,20,1,5.0,VENKEYS
2010-11-26,5d,>=12%,20,2,10.0,"UFLEX, JINDALPOLY"
2010-11-29,5d,>=12%,20,1,5.0,UFLEX
2011-04-29,5d,>=12%,20,1,5.0,UCOBANK
2011-05-02,5d,>=12%,20,2,10.0,"UCOBANK, ELGIEQUIP"
2011-05-03,5d,>=12%,20,3,15.0,"UCOBANK, ELGIEQUIP, BANKBARODA"
2011-05-04,5d,>=12%,20,2,10.0,"UCOBANK, BANKBARODA"
2011-05-05,5d,>=12%,20,2,10.0,"UCOBANK, BAJFINANCE"
2011-06-21,5d,>=12%,20,2,10.0,"JINDALPOLY, UBL"
2011-06-22,5d,>=12%,20,1,5.0,JINDALPOLY
2011-06-23,5d,>=12%,20,2,10.0,"ARVIND, JINDALPOLY"
2012-02-22,5d,>=12%,20,1,5.0,ARVIND
2012-02-23,5d,>=12%,20,1,5.0,ARVIND
2012-02-24,5d,>=12%,20,1,5.0,ARVIND
2012-02-27,5d,>=12%,20,1,5.0,ARVIND
2012-02-28,5d,>=12%,20,1,5.0,ARVIND
2012-05-14,5d,>=12%,20,1,5.0,ASTRAZEN
2012-05-15,5d,>=12%,20,1,5.0,ASTRAZEN
2012-05-16,5d,>=12%,20,1,5.0,ASTRAZEN
2012-06-04,5d,>=12%,20,1,5.0,JUBLFOOD
2012-07-27,5d,>=12%,20,1,5.0,ASTRAZEN
2012-09-04,5d,>=12%,20,1,5.0,BLUEDART
2012-09-05,5d,>=12%,20,1,5.0,BLUEDART
2012-09-06,5d,>=12%,20,1,5.0,BLUEDART
2012-09-07,5d,>=12%,20,1,5.0,BLUEDART
2012-10-30,5d,>=12%,20,1,5.0,HAVELLS
2012-12-17,5d,>=12%,20,1,5.0,KTKBANK
2012-12-18,5d,>=12%,20,1,5.0,KTKBANK
2013-02-07,5d,>=12%,20,1,5.0,STAR
2013-12-20,5d,>=12%,20,1,5.0,MOTHERSON
2013-12-23,5d,>=12%,20,1,5.0,MOTHERSON
2013-12-24,5d,>=12%,20,1,5.0,MOTHERSON
2013-12-26,5d,>=12%,20,1,5.0,MOTHERSON
2013-12-27,5d,>=12%,20,1,5.0,MOTHERSON
2014-01-10,5d,>=12%,20,1,5.0,M&MFIN
2014-01-23,5d,>=12%,20,1,5.0,M&MFIN
2014-01-24,5d,>=12%,20,1,5.0,M&MFIN
2014-01-27,5d,>=12%,20,1,5.0,M&MFIN
2014-01-28,5d,>=12%,20,1,5.0,BIOCON
2014-01-30,5d,>=12%,20,2,10.0,"RCOM, BLUEDART"
2014-01-31,5d,>=12%,20,1,5.0,BLUEDART
2014-02-03,5d,>=12%,20,1,5.0,BLUEDART
2014-02-04,5d,>=12%,20,1,5.0,BLUEDART
2014-03-10,5d,>=12%,20,1,5.0,ECLERX
2014-04-07,5d,>=12%,20,1,5.0,PAGEIND
2014-04-25,5d,>=12%,20,1,5.0,MRF
2014-04-28,5d,>=12%,20,1,5.0,MRF
2014-04-29,5d,>=12%,20,1,5.0,MRF
2014-05-07,5d,>=12%,20,1,5.0,FSL
2014-05-08,5d,>=12%,20,1,5.0,ESCORTS
2014-07-08,5d,>=12%,20,1,5.0,SRF
2014-07-09,5d,>=12%,20,1,5.0,SRF
2014-07-10,5d,>=12%,20,2,10.0,"ARVIND, AUROPHARMA"
2014-07-11,5d,>=12%,20,2,10.0,"TVSMOTOR, ARVIND"
2014-07-14,5d,>=12%,20,2,10.0,"FSL, ARVIND"
2014-07-25,5d,>=12%,20,1,5.0,TVSMOTOR
2014-07-28,5d,>=12%,20,2,10.0,"TVSMOTOR, CANFINHOME"
2014-07-30,5d,>=12%,20,2,10.0,"TVSMOTOR, CANFINHOME"
2014-07-31,5d,>=12%,20,1,5.0,TVSMOTOR
2014-08-01,5d,>=12%,20,2,10.0,"KEC, CANFINHOME"
2014-08-04,5d,>=12%,20,1,5.0,KEC
2014-08-05,5d,>=12%,20,1,5.0,KEC
2014-08-06,5d,>=12%,20,1,5.0,KEC
2014-08-07,5d,>=12%,20,1,5.0,KEC
2014-08-08,5d,>=12%,20,1,5.0,KEC
2014-09-25,5d,>=12%,20,2,10.0,"SIMPLEXINF, FINCABLES"
2014-09-26,5d,>=12%,20,1,5.0,SIMPLEXINF
2014-09-29,5d,>=12%,20,1,5.0,SIMPLEXINF
2014-09-30,5d,>=12%,20,1,5.0,SIMPLEXINF
2014-11-14,5d,>=12%,20,1,5.0,BALKRISIND
2014-11-17,5d,>=12%,20,1,5.0,BALKRISIND
2014-11-18,5d,>=12%,20,1,5.0,BALKRISIND
2014-11-19,5d,>=12%,20,1,5.0,BALKRISIND
2014-11-20,5d,>=12%,20,1,5.0,BALKRISIND
2014-12-10,5d,>=12%,20,1,5.0,AIAENG
2015-02-09,5d,>=12%,20,2,10.0,"SUNDRMFAST, AUROPHARMA"
2015-02-10,5d,>=12%,20,2,10.0,"SUNDRMFAST, AUROPHARMA"
2015-04-17,5d,>=12%,20,2,10.0,"BEL, LUPIN"
2015-04-20,5d,>=12%,20,1,5.0,BEL
2015-04-24,5d,>=12%,20,2,10.0,"BOSCHLTD, HONAUT"
2015-04-27,5d,>=12%,20,2,10.0,"BOSCHLTD, SRF"
2015-06-04,5d,>=12%,20,1,5.0,SUNDRMFAST
2017-04-17,5d,>=12%,20,1,5.0,VEDL
2017-04-18,5d,>=12%,20,1,5.0,VEDL
2017-05-18,5d,>=12%,20,1,5.0,CESC
2017-05-22,5d,>=12%,20,1,5.0,BAJAJFINSV
2017-05-23,5d,>=12%,20,4,20.0,"RAIN, CESC, VGUARD, BAJAJFINSV"
2017-05-24,5d,>=12%,20,3,15.0,"RAIN, VGUARD, MOTILALOFS"
2017-05-25,5d,>=12%,20,1,5.0,VGUARD
2017-06-12,5d,>=12%,20,1,5.0,ADANIENSOL
2017-08-10,5d,>=12%,20,2,10.0,"RAIN, ESCORTS"
2017-08-11,5d,>=12%,20,1,5.0,ADANIENSOL
2017-08-14,5d,>=12%,20,1,5.0,ADANIENSOL
2017-08-16,5d,>=12%,20,1,5.0,ADANIENSOL
2017-09-27,5d,>=12%,20,1,5.0,BOMDYEING
2017-09-28,5d,>=12%,20,1,5.0,BOMDYEING
2017-09-29,5d,>=12%,20,1,5.0,BOMDYEING
2017-10-17,5d,>=12%,20,1,5.0,BOMDYEING
2017-11-16,5d,>=12%,20,1,5.0,AVANTIFEED
2017-11-17,5d,>=12%,20,1,5.0,RAIN
2017-11-20,5d,>=12%,20,1,5.0,RAIN
2017-11-21,5d,>=12%,20,1,5.0,RAIN
2017-11-22,5d,>=12%,20,1,5.0,RAIN
2017-12-01,5d,>=12%,20,1,5.0,ADANIENSOL
2018-01-18,5d,>=12%,20,1,5.0,BOMDYEING
2018-01-30,5d,>=12%,20,1,5.0,MOTILALOFS
2018-01-31,5d,>=12%,20,4,20.0,"AVANTIFEED, VAKRANGEE, MOTILALOFS, APLAPOLLO"
2018-02-01,5d,>=12%,20,2,10.0,"VAKRANGEE, APLAPOLLO"
2018-02-02,5d,>=12%,20,5,25.0,"BOMDYEING, BBTC, RAIN, VAKRANGEE, APLAPOLLO"
2018-02-05,5d,>=12%,20,4,20.0,"RAIN, VAKRANGEE, APLAPOLLO, EDELWEISS"
2019-05-02,5d,>=12%,20,1,5.0,ADANIPOWER
2019-05-03,5d,>=12%,20,1,5.0,ADANIPOWER
2019-05-06,5d,>=12%,20,1,5.0,ADANIPOWER
2019-05-07,5d,>=12%,20,1,5.0,ADANIPOWER
2020-02-14,5d,>=12%,20,1,5.0,WHIRLPOOL
2020-02-17,5d,>=12%,20,1,5.0,MASFIN
2020-02-18,5d,>=12%,20,1,5.0,MASFIN
2020-02-19,5d,>=12%,20,1,5.0,MASFIN
2020-02-27,5d,>=12%,20,1,5.0,ADANIGREEN
2020-02-28,5d,>=12%,20,3,15.0,"ADANIGREEN, RELAXO, DIXON"
2020-03-02,5d,>=12%,20,2,10.0,"ADANIGREEN, RELAXO"
2020-07-14,5d,>=12%,20,1,5.0,ADANIGREEN
2020-07-16,5d,>=12%,20,1,5.0,DMART
2020-07-17,5d,>=12%,20,1,5.0,DMART
2020-08-31,5d,>=12%,20,1,5.0,PERSISTENT
2020-09-21,5d,>=12%,20,1,5.0,EPL
2020-09-22,5d,>=12%,20,2,10.0,"EPL, DIXON"
2020-09-23,5d,>=12%,20,3,15.0,"ADANIGREEN, EPL, DIXON"
2020-09-24,5d,>=12%,20,1,5.0,DIXON
2020-11-04,5d,>=12%,20,1,5.0,LAURUSLABS
2020-11-05,5d,>=12%,20,1,5.0,LAURUSLABS
2020-11-06,5d,>=12%,20,1,5.0,LAURUSLABS
2020-11-09,5d,>=12%,20,1,5.0,LAURUSLABS
2020-11-11,5d,>=12%,20,1,5.0,IPCALAB
2021-01-12,5d,>=12%,20,1,5.0,ADANIGREEN
2021-01-13,5d,>=12%,20,2,10.0,"ADANIGREEN, SUZLON"
2021-01-14,5d,>=12%,20,1,5.0,SUZLON
2021-01-15,5d,>=12%,20,1,5.0,SUZLON
2021-01-21,5d,>=12%,20,1,5.0,APLLTD
2021-01-22,5d,>=12%,20,1,5.0,APLLTD
2021-01-25,5d,>=12%,20,1,5.0,SUZLON
2021-02-01,5d,>=12%,20,1,5.0,DRREDDY
2021-02-17,5d,>=12%,20,1,5.0,SUZLON
2021-02-18,5d,>=12%,20,1,5.0,SUZLON
2021-02-19,5d,>=12%,20,1,5.0,SUZLON
2021-02-22,5d,>=12%,20,2,10.0,"BAJAJELEC, SUZLON"
2021-03-15,5d,>=12%,20,1,5.0,APLAPOLLO
2021-03-16,5d,>=12%,20,1,5.0,APLAPOLLO
2021-03-17,5d,>=12%,20,1,5.0,APLAPOLLO
2021-03-18,5d,>=12%,20,1,5.0,GRANULES
2021-03-25,5d,>=12%,20,1,5.0,DIXON
2021-03-26,5d,>=12%,20,1,5.0,DIXON
2021-03-31,5d,>=12%,20,1,5.0,ADANIGREEN
2021-04-12,5d,>=12%,20,2,10.0,"ADANIENSOL, ATGL"
2021-04-13,5d,>=12%,20,2,10.0,"ADANIENSOL, ATGL"
2021-04-22,5d,>=12%,20,1,5.0,VAIBHAVGBL
2021-05-04,5d,>=12%,20,1,5.0,INDIAMART
2021-05-05,5d,>=12%,20,1,5.0,INDIAMART
2021-05-06,5d,>=12%,20,1,5.0,INDIAMART
2021-05-17,5d,>=12%,20,1,5.0,VAIBHAVGBL
2021-05-18,5d,>=12%,20,1,5.0,VAIBHAVGBL
2021-05-20,5d,>=12%,20,1,5.0,JINDALSTEL
2021-06-16,5d,>=12%,20,2,10.0,"ADANIENSOL, ATGL"
2021-06-17,5d,>=12%,20,2,10.0,"ADANIENSOL, ATGL"
2021-06-18,5d,>=12%,20,4,20.0,"HINDCOPPER, ADANIGREEN, ADANIENSOL, ATGL"
2021-06-21,5d,>=12%,20,3,15.0,"ADANIENSOL, TIINDIA, ATGL"
2021-06-28,5d,>=12%,20,1,5.0,ATGL
2021-06-29,5d,>=12%,20,2,10.0,"ADANIENSOL, ATGL"
2021-06-30,5d,>=12%,20,2,10.0,"ADANIENSOL, ATGL"
2021-07-01,5d,>=12%,20,2,10.0,"ADANIENSOL, ATGL"
2021-07-02,5d,>=12%,20,3,15.0,"ADANIGREEN, ADANIENSOL, ATGL"
2021-07-05,5d,>=12%,20,3,15.0,"ADANIGREEN, ADANIENSOL, ATGL"
2021-07-06,5d,>=12%,20,2,10.0,"ADANIENSOL, ATGL"
2021-08-24,5d,>=12%,20,1,5.0,JSWENERGY
2021-09-20,5d,>=12%,20,1,5.0,TATASTEEL
2021-09-21,5d,>=12%,20,1,5.0,ADANIENSOL
2021-09-22,5d,>=12%,20,1,5.0,ADANIENSOL
2021-09-23,5d,>=12%,20,1,5.0,ADANIENSOL
2021-09-24,5d,>=12%,20,1,5.0,ADANIENSOL
2021-10-21,5d,>=12%,20,2,10.0,"POLYCAB, DEEPAKNTR"
2021-10-22,5d,>=12%,20,1,5.0,DEEPAKNTR
2021-10-25,5d,>=12%,20,4,20.0,"FLUOROCHEM, DIXON, ECLERX, DEEPAKNTR"
2021-10-26,5d,>=12%,20,1,5.0,DEEPAKNTR
2021-10-28,5d,>=12%,20,1,5.0,ADANIENT
2021-12-02,5d,>=12%,20,1,5.0,TRIDENT
2021-12-03,5d,>=12%,20,1,5.0,TRIDENT
2021-12-06,5d,>=12%,20,1,5.0,TRIDENT
2021-12-17,5d,>=12%,20,2,10.0,"IEX, FLUOROCHEM"
2021-12-20,5d,>=12%,20,1,5.0,IEX
2021-12-21,5d,>=12%,20,2,10.0,"IEX, BSE"
2021-12-22,5d,>=12%,20,1,5.0,BSE
2022-01-21,5d,>=12%,20,1,5.0,LTTS
2022-01-24,5d,>=12%,20,2,10.0,"LTTS, ECLERX"
2022-01-25,5d,>=12%,20,3,15.0,"LTTS, ECLERX, DEEPAKNTR"
2022-01-27,5d,>=12%,20,4,20.0,"LTTS, UNOMINDA, ECLERX, DEEPAKNTR"
2022-01-28,5d,>=12%,20,2,10.0,"ECLERX, DEEPAKNTR"
2022-02-14,5d,>=12%,20,4,20.0,"TRIDENT, TATAPOWER, UNOMINDA, DEEPAKNTR"
2022-09-19,5d,>=12%,20,2,10.0,"ELGIEQUIP, TIMKEN"
2022-09-21,5d,>=12%,20,2,10.0,"ELGIEQUIP, GNFC"
2022-09-27,5d,>=12%,20,1,5.0,ELGIEQUIP
2022-09-28,5d,>=12%,20,2,10.0,"ADANIGREEN, ELGIEQUIP"
2022-09-29,5d,>=12%,20,2,10.0,"ADANIGREEN, ADANIENSOL"
2022-09-30,5d,>=12%,20,1,5.0,ADANIENSOL
2022-10-03,5d,>=12%,20,1,5.0,ADANIENSOL
2022-10-31,5d,>=12%,20,1,5.0,FINEORG
2022-11-01,5d,>=12%,20,1,5.0,FINEORG
2022-11-14,5d,>=12%,20,1,5.0,TIINDIA
2022-11-22,5d,>=12%,20,1,5.0,ADANIENSOL
2022-11-23,5d,>=12%,20,1,5.0,ADANIENSOL
2022-11-25,5d,>=12%,20,1,5.0,ADANIENSOL
2022-12-23,5d,>=12%,20,2,10.0,"COCHINSHIP, MAZDOCK"
2023-09-18,5d,>=12%,20,1,5.0,RVNL
2023-10-23,5d,>=12%,20,2,10.0,"MAHABANK, ZENSARTECH"
2023-10-25,5d,>=12%,20,4,20.0,"MAHABANK, ZENSARTECH, NCC, MAZDOCK"
2024-01-11,5d,>=12%,20,1,5.0,POLYCAB
2024-01-12,5d,>=12%,20,1,5.0,POLYCAB
2024-01-15,5d,>=12%,20,1,5.0,POLYCAB
2024-01-23,5d,>=12%,20,2,10.0,"PRESTIGE, JSL"
2024-02-05,5d,>=12%,20,1,5.0,AUROPHARMA
2024-02-06,5d,>=12%,20,1,5.0,AUROPHARMA
2024-02-07,5d,>=12%,20,1,5.0,AUROPHARMA
2024-02-12,5d,>=12%,20,3,15.0,"IRFC, NBCC, NLCINDIA"
2024-02-13,5d,>=12%,20,2,10.0,"NBCC, NLCINDIA"
2024-02-14,5d,>=12%,20,1,5.0,NBCC
2024-03-06,5d,>=12%,20,2,10.0,"SUZLON, JBMA"
2024-03-11,5d,>=12%,20,1,5.0,JBMA
2024-03-12,5d,>=12%,20,2,10.0,"JBMA, NBCC"
2024-03-13,5d,>=12%,20,5,25.0,"IRFC, BSE, HUDCO, JBMA, NBCC"
2024-03-15,5d,>=12%,20,1,5.0,NBCC
2024-03-18,5d,>=12%,20,2,10.0,"PRESTIGE, PFC"
2024-03-19,5d,>=12%,20,2,10.0,"PRESTIGE, PFC"
2024-04-30,5d,>=12%,20,1,5.0,BSE
2024-05-10,5d,>=12%,20,1,5.0,PFC
2024-06-04,5d,>=12%,20,4,20.0,"RECLTD, HAL, PFC, BHEL"
2024-06-05,5d,>=12%,20,4,20.0,"RECLTD, HAL, PFC, BHEL"
2024-06-10,5d,>=12%,20,2,10.0,"RECLTD, PFC"
2024-07-19,5d,>=12%,20,1,5.0,HAL
2024-07-23,5d,>=12%,20,1,5.0,DIXON
2024-07-24,5d,>=12%,20,1,5.0,DIXON
2024-08-05,5d,>=12%,20,1,5.0,PRESTIGE
2024-08-06,5d,>=12%,20,1,5.0,COCHINSHIP
2024-09-06,5d,>=12%,20,1,5.0,OIL
2024-09-09,5d,>=12%,20,1,5.0,OIL
2024-09-10,5d,>=12%,20,1,5.0,OIL
2024-09-11,5d,>=12%,20,1,5.0,OIL
2024-09-16,5d,>=12%,20,1,5.0,GRANULES
2024-09-17,5d,>=12%,20,1,5.0,GRANULES
2024-09-18,5d,>=12%,20,1,5.0,GRANULES
2024-10-07,5d,>=12%,20,2,10.0,"RVNL, SUZLON"
2024-10-17,5d,>=12%,20,1,5.0,BAJAJ-AUTO
2024-10-18,5d,>=12%,20,1,5.0,BAJAJ-AUTO
2024-10-22,5d,>=12%,20,2,10.0,"POWERINDIA, PCBL"
2024-10-23,5d,>=12%,20,1,5.0,POWERINDIA
2024-10-24,5d,>=12%,20,1,5.0,POWERINDIA
2024-10-25,5d,>=12%,20,1,5.0,POWERINDIA
2024-11-13,5d,>=12%,20,2,10.0,"POWERINDIA, GLENMARK"
2024-11-14,5d,>=12%,20,1,5.0,POWERINDIA
2024-11-18,5d,>=12%,20,1,5.0,POWERINDIA
2025-06-23,5d,>=12%,20,1,5.0,ERIS
2025-06-30,5d,>=12%,20,1,5.0,GRSE
2025-07-10,5d,>=12%,20,1,5.0,BSE
2025-08-11,5d,>=12%,20,1,5.0,AMBER
2025-08-12,5d,>=12%,20,1,5.0,AMBER
2025-08-28,5d,>=12%,20,1,5.0,BSE
2026-05-15,5d,>=12%,20,1,5.0,NETWEB
2026-05-29,5d,>=12%,20,1,5.0,GESHIP
2026-06-02,5d,>=12%,20,2,10.0,"SCHNEIDER, MCX"
2026-06-03,5d,>=12%,20,2,10.0,"SCHNEIDER, MCX"
2026-06-04,5d,>=12%,20,1,5.0,SCHNEIDER
2026-06-08,5d,>=12%,20,1,5.0,NATIONALUM
2026-06-10,5d,>=12%,20,1,5.0,NATIONALUM
2026-06-11,5d,>=12%,20,2,10.0,"NETWEB, GMDCLTD"
2026-07-01,5d,>=12%,20,1,5.0,APARINDS
2026-07-02,5d,>=12%,20,1,5.0,NETWEB
2026-07-03,5d,>=12%,20,1,5.0,GVT&D
2026-07-28,5d,>=12%,20,1,5.0,HFCL
2026-09-01,5d,>=12%,20,1,5.0,ADANIENSOL
2026-09-03,5d,>=12%,20,1,5.0,ADANIENSOL
