window,x,date,symbol,fall_pct,weight_pct
1,5,2020-02-01,SBILIFE,-10.159943667639071,4.721532641111766
1,5,2009-04-16,IDEA,-7.280701754385966,4.80222169811361
1,5,2009-05-21,IDEA,-5.230557467309027,4.818579894149508
1,5,2009-06-08,IDEA,-5.793602896801442,4.692272859334707
1,5,2014-01-16,IDEA,-7.168352171326586,5.264717481306658
1,5,2014-01-27,IDEA,-5.0180387012135,4.830358250640267
1,5,2014-02-10,IDEA,-8.435916002896448,4.409112195971561
1,5,2009-06-18,ENGINERSIN,-6.669478250391614,5.670384466992796
1,5,2009-07-01,ENGINERSIN,-5.616953400934255,5.973381396977003
1,5,2009-07-06,ENGINERSIN,-7.353740264444852,5.512702787154597
1,5,2009-07-13,ENGINERSIN,-5.189295039164488,5.0854876872310095
1,5,2010-03-30,ENGINERSIN,-5.081655510119032,5.237320519844682
1,5,2010-05-10,ENGINERSIN,-5.87463409710306,7.044639329897548
1,5,2010-05-13,ENGINERSIN,-7.164720553225267,4.760369911249069
1,5,2010-05-21,ENGINERSIN,-6.196260406714904,4.036395954196852
1,5,2024-10-22,POWERINDIA,-7.038164411359926,5.429468382707248
1,5,2024-11-13,POWERINDIA,-6.419847446112037,4.736647249073235
1,5,2026-06-01,POWERINDIA,-5.371309663155155,5.376641842348395
1,5,2026-06-08,POWERINDIA,-5.044751830756711,5.272437153214115
1,5,2026-06-24,POWERINDIA,-5.929620393460788,4.837860927915991
1,5,2026-07-03,POWERINDIA,-8.097705403404888,4.650399019516668
1,5,2009-04-16,DSKULKARNI,-8.566978193146413,6.004800161654785
1,5,2009-06-08,DSKULKARNI,-9.505106048703848,8.00415205413251
1,5,2007-12-19,BLUESTARCO,-5.78171699474388,5.256759173512364
1,5,2008-01-21,BLUESTARCO,-5.6745623069001105,5.273036390421528
1,5,2021-12-01,TRIDENT,-5.000000000000004,6.709888128519011
1,5,2022-01-18,TRIDENT,-5.000000000000004,6.100730708249069
1,5,2009-04-16,NOIDATOLL,-8.075601374570452,5.025668845719543
1,5,2009-04-22,NOIDATOLL,-10.66878980891719,5.450631928884069
1,5,2009-05-26,NOIDATOLL,-5.754475703324813,4.90682556165417
1,5,2009-06-08,NOIDATOLL,-9.613130128956627,4.951574422180726
1,5,2015-04-24,BOSCHLTD,-7.42859551864421,4.927539679302782
1,5,2026-06-29,SYRMA,-5.01214855952794,5.711079160947746
1,5,2026-07-24,SYRMA,-6.644927536231893,5.026182730628662
1,5,2022-12-21,RHIM,-5.037753657385569,5.264138643640683
1,5,2017-05-05,TATACOMM,-9.116841624828842,4.743202718159145
1,5,2025-07-07,DEEPAKFERT,-5.7254810222820085,5.462950526777965
1,5,2021-02-22,BAJAJELEC,-7.359502965264042,4.835196324993517
1,5,2009-04-23,DONEAR,-6.607929515418498,5.3789664043328225
1,5,2009-04-27,DONEAR,-5.3488372093023155,4.940785335239788
1,5,2021-11-22,CENTURYPLY,-6.499962899755152,4.983321400266394
1,5,2021-11-29,CENTURYPLY,-8.176691729323293,4.835629866661352
1,5,2021-12-17,CENTURYPLY,-5.469581593384099,4.657362491386776
1,5,2022-02-14,CENTURYPLY,-7.960672375515387,5.079260199765183
1,5,2009-04-16,FSL,-9.138381201044387,5.023579285671279
1,5,2009-04-22,FSL,-7.202216066482004,4.759244507142137
1,5,2009-04-28,FSL,-5.198776758409796,4.338442141263207
1,5,2009-05-19,FSL,-6.301369863013695,4.128787344079574
1,5,2009-06-08,FSL,-9.532374100719432,4.902444373381632
1,5,2014-04-30,FSL,-5.341246290801194,5.904812020350088
1,5,2014-05-05,FSL,-12.061068702290079,5.6663669477252485
1,5,2014-05-19,FSL,-6.474820143884896,4.676616932847663
1,5,2014-07-11,FSL,-5.721716514954489,4.951979090464476
1,5,2021-02-09,FSL,-5.185909980430525,5.008080338109973
1,5,2021-04-12,FSL,-7.7177053239785405,4.887358140789668
1,5,2021-08-20,FSL,-6.20995564317397,5.080100082640538
1,5,2020-02-17,MASFIN,-13.07602916306534,5.071015659431309
1,5,2020-02-28,MASFIN,-5.097672508214668,5.16589269228195
1,5,2021-11-22,POLYCAB,-5.062047673462844,5.141364845615036
1,5,2022-01-21,POLYCAB,-6.353498433537219,5.115638973848268
1,5,2024-01-09,POLYCAB,-8.928287411704162,5.00469558370347
1,5,2024-01-11,POLYCAB,-21.038916090678672,4.587231708865716
1,5,2009-11-19,DHAMPURSUG,-5.337519623233922,5.470691042912973
1,5,2009-11-23,DHAMPURSUG,-5.233265720081137,5.321145026038367
1,5,2010-01-27,DHAMPURSUG,-5.882352941176472,5.185265248857672
1,5,2010-02-04,DHAMPURSUG,-6.133671742808799,5.118108504594621
1,5,2010-02-23,DHAMPURSUG,-8.354052710094473,4.593185544766295
1,5,2010-03-02,DHAMPURSUG,-7.2372199885123445,3.952204670644515
1,5,2008-01-21,INDIAGLYCO,-12.77533039647577,5.171223924590983
1,5,2008-01-24,INDIAGLYCO,-7.142857142857128,4.825317152731326
1,5,2024-11-14,TORNTPOWER,-5.233724393653871,4.767015921112374
1,5,2015-04-20,HONAUT,-5.8070421460884365,5.11575813793459
1,5,2015-05-26,HONAUT,-6.216343697181714,4.650460676816863
1,5,2023-10-23,MAHABANK,-8.15602836879432,4.625561861633865
1,5,2012-08-28,DCW,-5.276381909547723,4.812213262861881
1,5,2012-11-20,DCW,-6.651884700665189,4.728086872484221
1,5,2014-09-16,EICHERMOT,-5.900860303154443,5.398626445201372
1,5,2025-06-20,ERIS,-6.291047355686141,5.411472229738195
1,5,2020-07-16,DMART,-6.490087823514335,4.566798603299592
1,5,2020-02-01,NAUKRI,-6.0310771661838185,5.293371952641354
1,5,2010-01-27,RECLTD,-7.776609702462467,4.983438939052734
1,5,2017-05-31,RECLTD,-6.052503646086538,4.861163335081468
1,5,2023-09-12,RECLTD,-8.17156590867073,5.184286076256508
1,5,2023-12-20,RECLTD,-7.055038492473853,5.394483204208137
1,5,2024-01-23,RECLTD,-5.519939150277075,5.278320364078848
1,5,2024-02-12,RECLTD,-5.980514096185729,4.848735950403405
1,5,2024-03-13,RECLTD,-7.238883143743536,5.4124398779683
1,5,2024-05-06,RECLTD,-7.386159913947643,5.901992158397758
1,5,2024-06-04,RECLTD,-25.194375516956168,5.393014535824445
1,5,2024-08-05,RECLTD,-5.2287046886506765,5.002182971255388
1,5,2021-03-17,VAIBHAVGBL,-11.404380872967511,5.862168918112357
1,5,2021-05-12,VAIBHAVGBL,-5.773548594033995,4.826767253354692
1,5,2017-04-13,HINDALCO,-5.051813471502586,4.924923321056279
1,5,2021-04-12,HINDCOPPER,-8.727399165507654,5.252922416424553
1,5,2021-04-19,HINDCOPPER,-6.109432695535411,5.534009017486402
1,5,2021-05-12,HINDCOPPER,-5.2277014281864815,4.932628370573402
1,5,2021-06-18,HINDCOPPER,-5.568293481821163,4.80249210712808
1,5,2026-05-15,HINDCOPPER,-5.969164811608552,5.525160344246529
1,5,2026-08-25,HINDCOPPER,-7.22807628668466,5.285718534108756
1,5,2024-07-19,APARINDS,-6.711257161136475,4.955969081340228
1,5,2026-07-01,APARINDS,-6.98948709780185,5.6528715056124
1,5,2026-07-03,APARINDS,-6.138666313489171,5.483090767434341
1,5,2026-07-08,APARINDS,-5.023314963967785,5.01045596322106
1,5,2022-12-23,GESHIP,-9.34996168048492,5.452206444040427
1,5,2026-05-27,GESHIP,-8.444902162718847,5.114019415348729
1,5,2026-06-10,GESHIP,-5.158785189294135,4.962514076943213
1,5,2025-08-08,RAMCOCEM,-5.726097282082865,4.902371495503627
1,5,2011-04-29,UCOBANK,-9.015679442508706,4.915915779688362
1,5,2014-05-26,TVSMOTOR,-5.868989019310877,5.93255414821092
1,5,2014-07-08,TVSMOTOR,-5.293233082706772,5.002882388580178
1,5,2014-07-11,TVSMOTOR,-6.23818525519847,4.997563036748493
1,5,2014-07-25,TVSMOTOR,-9.716088328075712,4.75698699923805
1,5,2015-02-02,TVSMOTOR,-7.446463335496423,5.374985133760191
1,5,2015-02-24,TVSMOTOR,-6.875107963378813,4.688761881988348
1,5,2017-08-11,TVSMOTOR,-7.567800258286706,5.123716128647175
1,5,2010-01-27,SEAMECLTD,-5.675237433402824,4.48189252417038
1,5,2022-09-26,SOLARINDS,-6.892727198950411,5.343277417618085
1,5,2011-05-13,ATUL,-8.236536430834207,4.967667216161355
1,5,2011-06-20,ATUL,-5.21926284638149,5.336492741250444
1,5,2013-01-11,ATUL,-5.068728522336762,4.9084760324120875
1,5,2013-01-18,ATUL,-8.84877556172684,4.802876723175101
1,5,2014-10-17,ATUL,-10.417392516200962,5.350737771262285
1,5,2014-12-17,ATUL,-6.628318921183951,5.38129263808616
1,5,2023-09-12,KALYANKJIL,-7.415639523135987,4.606246812545107
1,5,2023-09-25,KALYANKJIL,-5.33147890588781,4.217799638477627
1,5,2024-09-26,KALYANKJIL,-5.47348984436824,5.7124869639398765
1,5,2016-10-19,MPHASIS,-5.349946965004526,5.011713564133547
1,5,2011-05-03,BAJFINANCE,-5.797101449275366,4.880119157746942
1,5,2013-01-23,BAJFINANCE,-5.035971223021585,5.136863056076312
1,5,2014-05-28,AIAENG,-5.110453773050539,5.894070109060404
1,5,2020-02-10,WHIRLPOOL,-6.123860918381451,5.020400247935169
1,5,2008-01-08,STCINDIA,-5.000000000000004,5.005420262469153
1,5,2008-01-22,STCINDIA,-5.000000000000004,4.947953128157568
1,5,2008-01-24,STCINDIA,-5.002240417124937,4.433493830086397
1,5,2024-03-13,HAL,-6.979235206806333,5.357020057669599
1,5,2024-06-04,HAL,-17.8301555848416,6.368645915251575
1,5,2024-07-18,HAL,-5.885277892445673,4.695766270725624
1,5,2007-10-19,ABB,-5.693078493226944,5.202158774312939
1,5,2023-07-20,ABB,-6.442639367975966,4.926938571717573
1,5,2026-05-12,KIRLOSENG,-5.9578313253012105,4.7565799339050825
1,5,2026-07-17,KIRLOSENG,-5.859521722799554,5.279080180913111
1,5,2022-09-16,SCHAEFFLER,-5.014689631007241,5.146563252244601
1,5,2022-10-20,SCHAEFFLER,-7.621391950580902,4.877871066848334
1,5,2022-11-30,SCHAEFFLER,-5.56310559663954,4.8397978955614365
1,5,2007-10-05,JSWSTEEL,-6.632653061224492,5.827844580316466
1,5,2007-10-18,JSWSTEEL,-6.671409807355511,5.1398002487439
1,5,2007-12-17,JSWSTEEL,-13.073437441485968,5.372182176985773
1,5,2008-01-16,JSWSTEEL,-5.453494612558307,4.974646666547508
1,5,2008-01-21,JSWSTEEL,-11.632987438558162,4.78612073359744
1,5,2008-01-24,JSWSTEEL,-9.992246058413023,4.722580460961353
1,5,2010-05-04,JSWSTEEL,-6.363301550926881,4.830087185088925
1,5,2021-08-20,JSWSTEEL,-7.166587565258665,4.834243075919327
1,5,2021-09-20,JSWSTEEL,-7.19624798475742,4.759912346296528
1,5,2020-08-31,FDC,-5.439902750341908,4.678978804627477
1,5,2020-09-21,FDC,-7.571947471360707,5.173404445631604
1,5,2007-10-08,ADANIENT,-7.646264890558063,7.392258986690903
1,5,2007-10-19,ADANIENT,-7.471175062933144,4.790871176474922
1,5,2021-10-28,ADANIENT,-10.724609053497947,5.108106100391671
1,5,2021-11-26,ADANIENT,-5.303495685242066,5.504703319573067
1,5,2022-01-24,ADANIENT,-6.156068059755371,5.137729764726612
1,5,2022-02-14,ADANIENT,-5.687943594120881,5.221795869498718
1,5,2022-09-21,ADANIENT,-5.071095401797965,5.555303286694562
1,5,2022-10-03,ADANIENT,-8.636241530609201,5.215851805242759
1,5,2022-12-21,ADANIENT,-6.322618988658302,5.317199098481261
1,5,2022-12-23,ADANIENT,-5.850953206239174,5.16756849047601
1,5,2021-04-12,AFFLE,-5.432996949072977,4.911524389309014
1,5,2022-01-24,GRASIM,-5.6581663969644485,4.799853221993172
1,5,2013-12-20,MOTHERSON,-31.27962085308057,5.0776021118906
1,5,2024-07-19,MOTHERSON,-5.932016738859125,5.144535774332423
1,5,2024-08-05,MOTHERSON,-9.17488162695025,4.771649314846129
1,5,2022-10-03,ADANIGREEN,-8.260350318471332,5.016851502601788
1,5,2009-04-22,SHREECEM,-5.25451559934319,5.382016173900814
1,5,2009-05-19,SHREECEM,-5.136855852424227,4.976719056670958
1,5,2010-05-21,SHREECEM,-6.915996737737395,5.27918576315168
1,5,2023-07-27,RVNL,-6.145251396648044,5.184654283579985
1,5,2023-09-12,RVNL,-10.369393139841687,5.731142078242464
1,5,2023-10-09,RVNL,-5.174948544545732,5.33164317923084
1,5,2023-10-23,RVNL,-6.240713224368499,4.997571209759631
1,5,2024-10-07,RVNL,-8.451560599918928,4.3955935143086995
1,5,2023-08-14,FACT,-5.773776027011812,4.703727282780577
1,5,2023-09-07,FACT,-5.88558352402746,5.785082820118606
1,5,2023-09-12,FACT,-7.682339874120703,5.378576368881682
1,5,2023-10-23,FACT,-7.786827692739795,6.654392129649926
1,5,2023-12-20,FACT,-6.797919762258542,5.20722815822401
1,5,2009-10-27,BIRLACORPN,-7.4333116460637445,5.015698268476101
1,5,2007-11-21,RELINFRA,-5.729485822516844,4.712481270658688
1,5,2008-01-21,RELINFRA,-16.915071460526022,4.6492899729602115
1,5,2008-01-24,RELINFRA,-8.429785409889801,4.865310665896211
1,5,2007-11-21,VEDL,-7.786885245901642,4.732234236007425
1,5,2007-12-17,VEDL,-5.988023952095811,5.3220838807921655
1,5,2008-01-21,VEDL,-25.023169601482852,4.75952529422333
1,5,2010-01-27,VEDL,-5.306427503736922,4.739778243788892
1,5,2010-05-03,VEDL,-6.47039792947266,4.479711101520074
1,5,2010-05-14,VEDL,-5.257586450246999,4.7940209320885145
1,5,2010-05-18,VEDL,-5.615164520743932,4.766024094789647
1,5,2017-04-11,VEDL,-7.660239708181349,5.002245273603071
1,5,2017-04-13,VEDL,-6.0672917815775,4.703037979212398
1,5,2026-06-23,VEDL,-7.8960274644433674,4.681426574966844
1,5,2021-12-20,LTTS,-7.487885089270174,5.119982839862086
1,5,2022-01-19,LTTS,-6.326907111890046,4.731916252381517
1,5,2022-01-21,LTTS,-6.037698994042396,4.399897682554772
1,5,2022-01-27,LTTS,-5.066643416851047,4.183132892383204
1,5,2023-05-22,SIEMENS,-8.676873739202396,4.845705218886296
1,5,2009-06-18,BERGEPAINT,-7.858864949676625,4.764754099489784
1,5,2017-09-27,BOMDYEING,-5.000000000000004,6.490634339413427
1,5,2018-01-16,BOMDYEING,-6.121008996295629,4.815082958525382
1,5,2018-01-18,BOMDYEING,-6.452216195997762,4.58751291834817
1,5,2018-02-02,BOMDYEING,-13.45068833220493,4.076652430391944
1,5,2015-01-29,TORNTPHARM,-6.068732208424432,4.773556911104363
1,5,2020-09-21,TORNTPHARM,-5.726106456211111,4.7866693589445575
1,5,2018-02-02,BBTC,-9.453034198570077,4.536819617346041
1,5,2024-06-19,SOBHA,-6.530999675880899,4.968567813424767
1,5,2024-03-13,ETERNAL,-5.258126195028678,4.84412824910293
1,5,2024-07-16,ETERNAL,-5.088370063277326,5.449799415420191
1,5,2009-07-30,PNB,-5.932321403704222,5.297238729399276
1,5,2013-11-12,RCOM,-5.243857719105249,4.596350171260996
1,5,2014-01-02,RCOM,-5.999277195518604,4.821594505783423
1,5,2014-01-27,RCOM,-5.183752417794974,4.977040596383152
1,5,2014-04-30,RCOM,-6.383792048929671,4.736625897923725
1,5,2021-11-18,TATAPOWER,-5.122048819527814,5.176540953065803
1,5,2021-11-26,TATAPOWER,-6.363261943986831,5.068736967025021
1,5,2022-01-24,TATAPOWER,-5.1250258317834145,5.141356423908328
1,5,2022-02-08,TATAPOWER,-6.731532962668796,5.004563807322873
1,5,2022-02-14,TATAPOWER,-5.0796383986224765,4.728898242982379
1,5,2024-10-22,PCBL,-5.934207697269411,4.594547994690655
1,5,2024-10-31,PCBL,-5.212778226271486,4.533004255251328
1,5,2009-08-17,GODREJCP,-5.351502620466919,5.093056056854735
1,5,2009-09-09,GODREJCP,-6.037882384418958,5.208514351208085
1,5,2009-11-12,GODREJCP,-5.4649720985464505,5.047888227091566
1,5,2012-11-05,GODREJCP,-5.036697893338083,5.053666567344012
1,5,2007-10-08,APTECHT,-7.303340575386552,4.454982252401771
1,5,2007-10-18,APTECHT,-6.867913613034238,4.453440185796714
1,5,2007-11-01,APTECHT,-5.89887640449438,4.327227525602777
1,5,2009-05-07,UNIONBANK,-6.204951425885308,4.803936364989002
1,5,2009-05-21,UNIONBANK,-5.1439822791041205,4.856684294972857
1,5,2009-07-06,UNIONBANK,-9.003674969375265,5.880132549327465
1,5,2009-07-24,UNIONBANK,-5.5051676861421655,4.90012223949402
1,5,2009-10-26,UNIONBANK,-6.653658536585372,5.441394703476131
1,5,2023-08-29,UNIONBANK,-7.047387606318345,5.273668407857492
1,5,2023-10-09,UNIONBANK,-6.227106227106227,5.903093606042536
1,5,2023-10-23,UNIONBANK,-6.728665207877471,4.885869101719374
1,5,2007-10-18,BHARTIARTL,-8.258258258258255,5.0737421366387
1,5,2007-11-01,BHARTIARTL,-6.606397774687068,4.196263781905172
1,5,2012-06-04,JUBLFOOD,-6.801507843216736,5.618440496296526
1,5,2025-08-19,BAJAJHLDNG,-5.081594711836401,5.1673811864952395
1,5,2023-11-13,GLENMARK,-5.033754997705964,4.874287883560551
1,5,2024-11-07,GLENMARK,-6.308827270414663,5.080473613893287
1,5,2026-05-22,GLENMARK,-5.595486836606778,4.836213588881034
1,5,2010-08-25,SUDARCOLOR,-5.438005390835587,5.248721342695725
1,5,2015-04-13,BEL,-5.241221498815019,5.012958149068915
1,5,2015-06-03,BEL,-6.2939534830685595,5.08553679097411
1,5,2022-10-31,FINEORG,-9.646451531676147,4.62650333284188
1,5,2025-08-04,NH,-5.9521973785659155,4.935170145030779
1,5,2011-06-20,ARVIND,-6.228373702422141,4.719930810653997
1,5,2012-02-22,ARVIND,-9.781021897810227,4.990458218426968
1,5,2012-02-24,ARVIND,-6.375838926174504,4.464191636457651
1,5,2012-03-22,ARVIND,-6.730769230769229,4.820751579193595
1,5,2014-05-16,ARVIND,-6.062874251496996,5.00258319525729
1,5,2014-05-26,ARVIND,-5.811481218993608,4.928867309242347
1,5,2014-07-08,ARVIND,-5.610753945061364,5.002882388580178
1,5,2014-07-25,ARVIND,-6.536346976175922,4.773786827768307
1,5,2014-08-08,ARVIND,-5.094786729857836,5.074613845529864
1,5,2014-09-16,ARVIND,-8.58843537414965,5.080747014960705
1,5,2010-01-27,RENUKA,-5.287865367581935,4.859440212027343
1,5,2010-02-05,RENUKA,-5.299055613850989,4.2489552334374405
1,5,2010-11-15,UFLEX,-9.185472496473912,4.675231464910708
1,5,2010-11-26,UFLEX,-8.760365724005947,4.144410687882367
1,5,2009-06-08,MUNJALSHOW,-7.215332581736201,5.397581816807322
1,5,2009-07-08,MUNJALSHOW,-6.1843640606767725,4.810881363323654
1,5,2009-07-28,MUNJALSHOW,-6.172839506172845,5.3301341576877626
1,5,2009-07-31,MUNJALSHOW,-5.35087719298245,5.705942459843287
1,5,2009-08-10,MUNJALSHOW,-5.722326454033766,5.461070095587885
1,5,2009-10-27,MUNJALSHOW,-6.583072100313469,5.428197359444583
1,5,2009-10-30,MUNJALSHOW,-10.402097902097907,5.015906759567469
1,5,2024-08-13,ZYDUSLIFE,-5.9940818937939895,4.844401903565094
1,5,2024-08-26,ZYDUSLIFE,-5.959955883600577,4.517519825994784
1,5,2023-08-11,APOLLOTYRE,-8.272506082725062,4.928581521438042
1,5,2026-05-12,NETWEB,-6.50027938163531,5.40092664840229
1,5,2026-06-08,NETWEB,-8.604800685812265,5.730084692535356
1,5,2026-06-29,NETWEB,-9.891176827541571,5.521008554779081
1,5,2026-08-19,NETWEB,-5.406667289195999,5.386134342845205
1,5,2023-10-23,IRFC,-6.294613887086298,5.186822428062571
1,5,2024-02-12,IRFC,-13.500325309043593,4.810193250870263
1,5,2024-03-13,IRFC,-9.140767824497253,4.758742134312743
1,5,2024-06-04,IRFC,-12.70177295580841,5.594837262927075
1,5,2024-07-23,IRFC,-5.10313813667026,5.21726175782674
1,5,2024-08-05,IRFC,-6.733218946602204,4.73536276637203
1,5,2024-10-07,IRFC,-5.076609456171499,4.529065289446934
1,5,2020-02-04,MANAPPURAM,-6.192286800651825,4.965728669037023
1,5,2020-02-28,MANAPPURAM,-5.405405405405417,5.43703202245451
1,5,2014-01-23,BIOCON,-5.814601639662542,4.913834733423147
1,5,2017-03-02,BIOCON,-7.300958222159992,4.985004539759341
1,5,2020-09-21,BIOCON,-5.429515418502195,4.983367592338387
1,5,2012-05-03,KAJARIACER,-6.453333333333333,5.378841395308343
1,5,2013-01-21,KAJARIACER,-6.325167037861911,4.936964155400194
1,5,2014-05-26,KAJARIACER,-5.259949490551241,5.57472692600286
1,5,2015-04-27,KAJARIACER,-7.085272334010629,5.271283458892287
1,5,2022-12-22,COCHINSHIP,-8.988294314381273,4.667156187577702
1,5,2024-08-05,COCHINSHIP,-5.0001970132786955,4.5012707612728375
1,5,2024-08-13,COCHINSHIP,-5.208042146005798,4.584955813437483
1,5,2017-03-09,RAIN,-5.4182509505703464,5.111303163629107
1,5,2017-05-05,RAIN,-5.919132972071706,5.329900161423692
1,5,2017-05-23,RAIN,-5.469141996989468,4.771706102483347
1,5,2017-08-10,RAIN,-13.959680486877135,5.06691663132136
1,5,2017-09-22,RAIN,-7.681603117172287,5.7388155676337735
1,5,2018-01-18,RAIN,-5.098572399728074,4.851759063501356
1,5,2018-02-02,RAIN,-8.454971082346475,4.280814084282754
1,5,2010-10-22,M&MFIN,-6.010568031704089,5.480363377110427
1,5,2010-11-25,M&MFIN,-5.094447624499132,5.489721293920788
1,5,2014-01-23,M&MFIN,-5.892547660311953,3.932985092651646
1,5,2010-09-15,VENKEYS,-5.194912060404889,5.022652174443653
1,5,2010-10-27,VENKEYS,-8.981147784131238,4.895887761008691
1,5,2011-06-22,TITAN,-6.254913951253604,5.390382066934553
1,5,2011-06-24,TITAN,-5.460899956312804,5.461558399288993
1,5,2008-01-21,RELIANCE,-9.244187071301235,5.246257950640429
1,5,2007-10-08,PRAJIND,-9.394939493949394,4.650875782534813
1,5,2011-04-29,ELGIEQUIP,-11.156812339331612,5.145715185295049
1,5,2022-09-16,ELGIEQUIP,-6.820996475183383,4.68433342946367
1,5,2022-09-26,ELGIEQUIP,-6.334037115235025,4.1092939979292
1,5,2008-01-22,SOUTHBANK,-10.992907801418427,4.818505164418197
1,5,2010-05-03,SOUTHBANK,-12.25886745488488,4.966404942618328
1,5,2024-01-23,PRESTIGE,-11.677158622833606,4.829485671270374
1,5,2024-02-29,PRESTIGE,-5.06895569748993,5.211829465440662
1,5,2024-05-07,PRESTIGE,-5.57624398073836,5.00756051789092
1,5,2024-06-04,PRESTIGE,-12.877478100507144,5.134653849723468
1,5,2022-09-26,VBL,-6.216834203373745,5.549116156609624
1,5,2022-12-23,VBL,-6.73282387454277,5.357880516161642
1,5,2012-05-04,MRF,-7.805277735721338,5.138348489451271
1,5,2014-04-22,MRF,-5.683930041326879,5.149957350437298
1,5,2014-04-25,MRF,-5.848166139721811,4.73430808671894
1,5,2012-11-08,IPCALAB,-6.283974777125456,4.890136362455364
1,5,2014-05-19,IPCALAB,-6.614563476934798,4.54238332285626
1,5,2020-08-31,IPCALAB,-5.641230723087309,4.679138172179805
1,5,2020-11-10,IPCALAB,-8.888594223076751,5.0027218523546555
1,5,2020-08-11,LAURUSLABS,-6.533623716609638,5.006537525432419
1,5,2020-09-24,LAURUSLABS,-5.390361798740284,5.49985401422481
1,5,2020-10-26,LAURUSLABS,-5.870958128445835,5.757245157367426
1,5,2020-11-02,LAURUSLABS,-5.807764558547257,5.450424955647533
1,5,2020-12-21,LAURUSLABS,-6.2756183745583005,5.252720909947399
1,5,2021-08-23,LAURUSLABS,-6.192997940570743,4.7964285124595785
1,5,2017-08-10,AVANTIFEED,-7.430731587875627,4.840233253110923
1,5,2017-09-22,AVANTIFEED,-5.311230672840184,5.2263203848226105
1,5,2017-11-15,AVANTIFEED,-7.146916800799252,4.770543396394486
1,5,2019-05-07,BALRAMCHIN,-6.512536633018562,5.002303491484351
1,5,2019-05-13,BALRAMCHIN,-5.774550484094054,4.867795209909787
1,5,2017-05-18,CESC,-14.919561430474438,4.897002472228766
1,5,2021-05-20,TATASTEEL,-5.246831516440665,4.788084196746265
1,5,2021-08-20,TATASTEEL,-8.528508023216098,5.213480641418807
1,5,2021-09-20,TATASTEEL,-9.83776576042671,4.617008520880192
1,5,2021-11-26,TATASTEEL,-5.39685330051859,4.2610510448047
1,5,2017-08-11,ADANIENSOL,-7.741659538066736,4.866457565573478
1,5,2018-02-02,ADANIENSOL,-6.512301013024602,5.343295454617615
1,5,2022-09-29,ADANIENSOL,-5.432941895005683,4.799418624299218
1,5,2022-10-03,ADANIENSOL,-5.050458994467755,4.293324574211686
1,5,2026-08-31,ADANIENSOL,-10.37055773365373,4.668925582538778
1,5,2014-09-16,SUNDRMFAST,-6.531986531986522,5.307050308914526
1,5,2014-10-16,SUNDRMFAST,-7.155581947743473,5.098018184615
1,5,2015-02-04,SUNDRMFAST,-8.280701754385955,5.138669295970867
1,5,2015-02-06,SUNDRMFAST,-5.55555555555557,4.869644000981626
1,5,2015-04-27,SUNDRMFAST,-5.506549051055876,5.257414588852648
1,5,2007-11-21,WELCORP,-7.828191167574117,6.171936991029623
1,5,2007-12-17,WELCORP,-7.0256355250455815,5.169774306505662
1,5,2008-01-21,WELCORP,-14.522821576763489,6.011839830543927
1,5,2012-12-13,KTKBANK,-14.477211796246648,4.823064834004068
1,5,2013-01-23,KTKBANK,-5.611222444889785,5.007763192089659
1,5,2013-02-13,KTKBANK,-5.343028770154923,5.256713825675675
1,5,2021-12-15,IEX,-6.219752643842968,5.243679042664547
1,5,2021-12-20,IEX,-6.833268254588065,5.01483943604317
1,5,2014-11-14,BALKRISIND,-16.54989127808649,4.945157207310551
1,5,2009-04-16,MCLEODRUSS,-7.175472928897586,5.329868395229207
1,5,2009-05-11,MCLEODRUSS,-7.68374164810689,6.1215690101448965
1,5,2009-05-26,MCLEODRUSS,-6.271268838113753,5.196747366310066
1,5,2009-06-08,MCLEODRUSS,-6.476938174681068,4.763233879808379
1,5,2009-08-19,MCLEODRUSS,-6.221821460775468,5.561783155973298
1,5,2009-10-12,MCLEODRUSS,-5.213613323678501,4.973859673076091
1,5,2009-11-03,MCLEODRUSS,-6.358800773694395,4.982080337736184
1,5,2009-11-26,MCLEODRUSS,-5.224564619615036,5.769083398095088
1,5,2010-01-08,MCLEODRUSS,-6.7090050480377865,5.412310745036422
1,5,2010-01-25,MCLEODRUSS,-8.237360921335146,4.53051988215662
1,5,2010-02-05,MCLEODRUSS,-5.431034482758623,4.302559353584492
1,5,2010-05-07,MCLEODRUSS,-5.033325672259259,4.250496428267985
1,5,2009-10-29,AUROPHARMA,-5.909257226491038,5.194767970883282
1,5,2010-02-05,AUROPHARMA,-5.313536737912661,5.140398817669022
1,5,2014-07-09,AUROPHARMA,-7.605288264958443,4.948528695334444
1,5,2015-02-09,AUROPHARMA,-5.541277785292397,4.724138749417407
1,5,2024-02-01,AUROPHARMA,-6.9193324061196275,5.077014227999652
1,5,2009-07-02,BANKBARODA,-5.245231607629441,5.737069148743962
1,5,2009-07-06,BANKBARODA,-9.039548022598854,5.426638247195276
1,5,2009-07-08,BANKBARODA,-5.951448707909169,4.936765284572194
1,5,2011-04-28,BANKBARODA,-5.3532008830022075,4.987114010483483
1,5,2024-09-04,OIL,-6.521888059190251,5.917428266945894
1,5,2024-10-03,OIL,-5.265934065934075,4.392518621716244
1,5,2024-10-16,OIL,-5.764590222539989,4.870393444866268
1,5,2011-05-16,FMGOETZE,-7.6396206533192785,5.023043897937394
1,5,2015-06-03,JKLAKSHMI,-5.7816769739680645,4.843574283962006
1,5,2014-05-19,PERSISTENT,-7.732774911895401,4.768075069912584
1,5,2020-08-31,PERSISTENT,-5.887841288548423,5.071645263362603
1,5,2020-10-15,PERSISTENT,-5.759257906654003,5.192955937535402
1,5,2022-01-24,PERSISTENT,-5.473544727543245,4.7140939846917105
1,5,2022-02-14,PERSISTENT,-6.013702710753643,5.0806336834527945
1,5,2023-09-12,ZENSARTECH,-6.690909090909081,4.790162329338039
1,5,2023-10-18,ZENSARTECH,-5.907479778242298,4.910172184238081
1,5,2023-10-23,ZENSARTECH,-6.090526933229046,4.665125900968883
1,5,2012-04-09,GFLLIMITED,-5.797101449275354,4.730992670351499
1,5,2012-04-23,GFLLIMITED,-5.138339920948621,4.768363523934147
1,5,2012-05-04,GFLLIMITED,-6.153846153846166,4.593256157944421
1,5,2015-04-27,GFLLIMITED,-5.294117647058827,4.910759998772858
1,5,2021-01-29,DRREDDY,-5.523625764604468,4.751809489544658
1,5,2010-10-20,JINDALPOLY,-7.314458359729059,6.279293890685289
1,5,2010-11-15,JINDALPOLY,-7.444752541803201,4.674118339782588
1,5,2010-11-26,JINDALPOLY,-9.942257217847771,3.999467243615558
1,5,2011-06-20,JINDALPOLY,-6.021341463414631,4.776776452244837
1,5,2022-11-11,INDHOTEL,-6.894006495423666,4.989403082789256
1,5,2009-06-26,LUPIN,-5.677563565241684,5.485790961480042
1,5,2015-04-17,LUPIN,-6.863983162325704,4.563886041695255
1,5,2024-10-10,LUPIN,-5.747905776339102,5.042019704559916
1,5,2022-02-08,UNOMINDA,-7.7355267889248625,5.0032382732147145
1,5,2024-03-13,NTPC,-6.453952139231323,5.221460517845736
1,5,2024-06-04,NTPC,-15.454313425216949,5.060101889290303
1,5,2009-06-12,COROMANDEL,-5.721230251472376,5.448858300396686
1,5,2009-06-17,COROMANDEL,-5.141928701137333,5.330031899382754
1,5,2009-06-22,COROMANDEL,-7.086219010338257,5.31403561501667
1,5,2009-07-06,COROMANDEL,-7.342899554675908,5.18638894906602
1,5,2009-07-08,COROMANDEL,-6.53423941453215,5.086714890577539
1,5,2009-07-13,COROMANDEL,-7.374971191518787,4.721123453606611
1,5,2010-09-14,COROMANDEL,-5.042506828714366,5.535704821139836
1,5,2010-11-22,COROMANDEL,-5.169987176680335,5.020742151925628
1,5,2011-04-21,COROMANDEL,-9.730113636363635,5.392744732207857
1,5,2020-08-31,COROMANDEL,-6.43235257909639,5.033121179459886
1,5,2020-11-10,COROMANDEL,-5.7169081492165486,5.002484655834083
1,5,2020-12-30,COROMANDEL,-5.716297904806622,5.2133202370507
1,5,2025-07-01,COROMANDEL,-7.169088296343606,5.046790090786431
1,5,2025-08-13,COROMANDEL,-5.8192891706991485,4.791950803366067
1,5,2009-04-16,EMBDL,-8.86203423967774,5.84232478797118
1,5,2009-04-22,EMBDL,-5.954088952654235,5.495716121144537
1,5,2009-04-27,EMBDL,-11.475964793500326,5.770443779846666
1,5,2009-06-02,EMBDL,-5.350292751867558,6.675046370611254
1,5,2009-06-08,EMBDL,-9.937486527268803,6.115936420553041
1,5,2021-10-19,FLUOROCHEM,-5.761111901712434,4.737706513511399
1,5,2021-12-16,FLUOROCHEM,-8.442588726513566,4.689472490737349
1,5,2022-01-27,FLUOROCHEM,-5.542468639279896,4.860026765942812
1,5,2022-02-08,FLUOROCHEM,-5.786688674207474,5.004563807322873
1,5,2022-10-19,FLUOROCHEM,-6.699459174582467,4.945864668816919
1,5,2022-12-05,FLUOROCHEM,-5.79733256016236,4.51145733215833
1,5,2022-12-23,FLUOROCHEM,-7.027498908773467,4.810183118946785
1,5,2014-07-08,KEC,-6.4469914040114595,5.00282012806687
1,5,2014-07-11,KEC,-6.182495344506512,5.0346174796876735
1,5,2014-08-01,KEC,-5.759599332220356,4.317866529184852
1,5,2014-08-08,KEC,-5.155642023346296,4.719662163909109
1,5,2014-08-13,KEC,-5.202863961813842,4.8062672584256925
1,5,2014-09-16,KEC,-7.665352606219889,5.1331078835161
1,5,2014-11-03,KEC,-7.3315118397085595,5.178145214603137
1,5,2022-11-09,TIINDIA,-5.786960673669594,5.001358843734821
1,5,2022-12-23,TIINDIA,-5.0328975476373605,5.1935571246134895
1,5,2020-09-18,EPL,-7.662694775435385,4.681459197717703
1,5,2020-09-23,EPL,-5.285118219749652,4.4499983976128785
1,5,2026-06-04,NATIONALUM,-5.241474021515213,5.1540418706302225
1,5,2026-06-23,NATIONALUM,-5.966397671649693,4.652651223624687
1,5,2026-08-14,NATIONALUM,-6.117353308364548,5.191771448812734
1,5,2009-11-03,JAYSREETEA,-6.199021207177813,5.163797047006757
1,5,2010-01-22,JAYSREETEA,-5.04090789126418,5.16069294524828
1,5,2021-12-17,BSE,-7.127614169867702,5.460039831516568
1,5,2022-01-24,BSE,-5.024027959807775,5.221173030875142
1,5,2022-02-14,BSE,-5.586370839936605,5.450879726052867
1,5,2023-11-09,BSE,-5.179282868525892,5.430979137595983
1,5,2023-11-20,BSE,-6.146189735614305,6.064457840471381
1,5,2024-01-23,BSE,-5.802436086199981,4.912578425648534
1,5,2024-02-12,BSE,-5.115382298005667,4.884259037162321
1,5,2024-03-13,BSE,-6.373917900027937,4.726060906683024
1,5,2024-04-29,BSE,-13.67629193533314,5.610317551681146
1,5,2024-06-04,BSE,-5.572481028083976,4.386297697370155
1,5,2024-08-05,BSE,-6.869112398338295,5.353243936676601
1,5,2025-07-04,BSE,-6.556505088472042,4.598011836850194
1,5,2025-07-08,BSE,-6.038995523860091,5.003455758956172
1,5,2025-08-21,BSE,-7.562425683709872,4.9526998582552695
1,5,2021-04-12,CDSL,-5.9532529799560585,5.542781289594432
1,5,2021-12-20,CDSL,-5.174295435578102,5.1312191411233945
1,5,2022-01-24,CDSL,-5.110226770260873,5.033783894592468
1,5,2020-08-31,NAVINFLUOR,-8.518067207198754,4.936384898915637
1,5,2021-01-28,NAVINFLUOR,-5.148695124418367,4.745998013695488
1,5,2008-01-22,SHRIRAMFIN,-13.375796178343947,6.419028516692027
1,5,2021-04-08,ATGL,-9.999093874592235,4.617074322719153
1,5,2021-04-12,ATGL,-9.363415861974278,4.52109272482026
1,5,2021-05-14,ATGL,-9.162891621302682,5.105628867293321
1,5,2021-06-24,ATGL,-5.014984257046384,4.125278127230179
1,5,2022-10-03,ATGL,-7.157507073670965,4.802970621803397
1,5,2022-12-23,ATGL,-8.980585941349561,5.192975722879447
1,5,2020-12-21,APLLTD,-7.161229186408546,5.303934856558705
1,5,2014-08-13,SRF,-5.80710807471474,5.762949014420201
1,5,2014-10-16,SRF,-6.236605229318471,4.824948628007552
1,5,2014-10-31,SRF,-5.110789444382591,5.995612999876488
1,5,2015-02-11,SRF,-5.680210228421267,5.15896005215973
1,5,2015-04-24,SRF,-5.352683409508541,5.551242549872474
1,5,2015-04-30,SRF,-6.285549021498127,5.532123081323735
1,5,2015-06-03,SRF,-5.198019801980191,5.8086098132141295
1,5,2020-02-28,SRF,-6.030842001110126,5.3263318926543
1,5,2021-10-25,SRF,-5.233252914252217,4.821356013834157
1,5,2011-06-20,WOCKPHARMA,-5.188679245283023,4.8622318486376095
1,5,2018-02-01,VAKRANGEE,-19.999999999999996,4.693772190912057
1,5,2009-05-21,PFC,-5.424912689173467,5.421259597896711
1,5,2009-05-26,PFC,-8.247925817471923,4.774367846218383
1,5,2009-06-08,PFC,-7.285575048732951,4.423353910150698
1,5,2009-07-06,PFC,-6.708193579300437,5.391217911255061
1,5,2009-11-03,PFC,-5.796120884077583,4.9416019877877115
1,5,2023-09-12,PFC,-7.609405617243636,5.4107719795793585
1,5,2023-12-20,PFC,-6.58103975535168,5.313955298341741
1,5,2024-01-23,PFC,-5.5741227023155755,5.150951806898768
1,5,2024-02-09,PFC,-8.472948458008744,5.0507022879426735
1,5,2024-03-13,PFC,-7.33014800139844,5.342976962314619
1,5,2024-05-06,PFC,-8.8770943906754,5.618245620858672
1,5,2024-05-09,PFC,-5.1825810841460545,5.065725669562697
1,5,2024-06-04,PFC,-23.080389329488092,5.8405047659078635
1,5,2024-08-05,PFC,-5.367661029830884,4.761773372781429
1,5,2025-08-21,JKCEMENT,-5.372065260644643,5.425485469173813
1,5,2014-09-16,BHARATFORG,-5.961862030286036,5.019650720204981
1,5,2014-10-10,BHARATFORG,-5.59310473119613,4.994051000597247
1,5,2015-01-06,BHARATFORG,-5.664165697981605,5.001575301426399
1,5,2015-04-17,BHARATFORG,-7.946943483275659,4.973345725206705
1,5,2015-05-06,BHARATFORG,-5.243818418433744,5.265622938532327
1,5,2015-06-09,BHARATFORG,-5.104428460005206,5.013781260722209
1,5,2026-08-10,BHARATFORG,-7.597563129083518,5.137560786540212
1,5,2009-04-16,IIFL,-15.691007845503924,5.949494186465396
1,5,2009-04-28,IIFL,-5.096774193548392,5.629383093792228
1,5,2009-05-21,IIFL,-7.057256990679095,8.49128778016742
1,5,2009-06-08,IIFL,-10.503144654088048,7.6755243183586455
1,5,2009-06-15,IIFL,-9.883502442690716,4.586944737664541
1,5,2009-06-17,IIFL,-8.747514910536779,4.312691348906219
1,5,2009-06-30,IIFL,-6.957547169811329,4.427119649871754
1,5,2009-07-06,IIFL,-9.394654088050313,4.3952408418561
1,5,2020-02-27,RELAXO,-5.406824146981637,5.345377009469251
1,5,2009-12-03,SUPREMEIND,-6.2151616499442675,5.315561030132333
1,5,2014-01-23,SUPREMEIND,-7.2693073688869125,5.254023632322768
1,5,2023-10-23,SUPREMEIND,-8.312649822864282,5.626288449177806
1,5,2009-04-16,NIITLTD,-8.595041322314046,5.33695825252688
1,5,2009-04-22,NIITLTD,-8.176100628930827,5.639126993341169
1,5,2009-04-28,NIITLTD,-6.853582554517123,5.7285542373268905
1,5,2009-05-11,NIITLTD,-5.211267605633796,6.140148382440852
1,5,2009-05-13,NIITLTD,-6.465517241379315,6.063973856682814
1,5,2009-05-19,NIITLTD,-5.8186738836265235,5.6220930948979735
1,5,2009-05-26,NIITLTD,-10.844370860927155,7.743340329189012
1,5,2009-06-08,NIITLTD,-9.970887918486182,8.147953834024694
1,5,2019-04-22,ADANIPOWER,-6.451612903225801,5.294527800099848
1,5,2019-04-30,ADANIPOWER,-7.216494845360821,4.774284312573066
1,5,2019-05-13,ADANIPOWER,-7.2289156626506035,5.015495756695925
1,5,2026-05-12,ADANIPOWER,-5.58483087871009,4.824312367500928
1,5,2026-08-31,ADANIPOWER,-6.880496637351263,4.862814135432759
1,5,2023-05-23,NCC,-8.489722966934766,4.8734097966468415
1,5,2023-09-12,NCC,-8.65617433414042,4.66253954403338
1,5,2023-10-23,NCC,-6.185233160621772,4.822650587602658
1,5,2014-09-25,SIMPLEXINF,-5.601148953631507,4.3725796217006705
1,5,2021-01-15,INDIAMART,-5.010950396837488,5.478123066822837
1,5,2021-02-08,INDIAMART,-6.120091198151501,6.501083644079275
1,5,2021-04-12,INDIAMART,-6.092346902317603,5.05123572193396
1,5,2021-04-30,INDIAMART,-9.832225423690355,5.159056093085828
1,5,2017-10-25,LTF,-7.706855791962175,5.026136404795819
1,5,2017-11-21,LTF,-5.027932960893844,4.82401330768323
1,5,2008-01-22,RIIL,-5.000116390046316,4.90941324172047
1,5,2022-09-26,BDL,-6.677640603566537,5.55163654380269
1,5,2022-12-21,BDL,-5.010551377089978,4.818998114005358
1,5,2007-10-19,GMDCLTD,-5.001057753331917,8.992157107601356
1,5,2007-11-22,GMDCLTD,-5.002804262478966,4.817938262139143
1,5,2008-01-22,GMDCLTD,-9.993708561196346,5.392220598932413
1,5,2008-01-24,GMDCLTD,-8.802946593001849,4.923770239430946
1,5,2026-06-08,GMDCLTD,-7.312808817939953,4.360364364339847
1,5,2014-03-26,TATAELXSI,-6.7883528900478,4.635035817133155
1,5,2014-05-26,TATAELXSI,-5.526657997399209,4.46871270116775
1,5,2014-06-13,TATAELXSI,-5.230431602048268,4.872711096599704
1,5,2014-07-08,TATAELXSI,-5.686119873817031,5.002882388580178
1,5,2020-12-21,TATAELXSI,-5.167777030743837,4.750425813472921
1,5,2021-01-15,TATAELXSI,-5.314940867016038,6.448173313007012
1,5,2021-01-21,TATAELXSI,-7.530044843049333,7.299236067477248
1,5,2021-04-12,TATAELXSI,-5.959827185968525,5.230960480116925
1,5,2021-11-22,TATAELXSI,-5.648006884950907,5.06655681858613
1,5,2021-12-20,TATAELXSI,-5.2131213313214575,4.9482780593345455
1,5,2022-02-14,TATAELXSI,-6.573077754947554,4.963192600990814
1,5,2025-08-07,GODFRYPHLP,-7.886307166329942,6.0756415644798105
1,5,2025-08-18,GODFRYPHLP,-5.219832831001392,5.6919484242786895
1,5,2025-08-22,GODFRYPHLP,-5.144088338270936,6.100305717180697
1,5,2010-03-10,BSOFT,-5.74534161490684,5.191792410316506
1,5,2021-02-08,BSOFT,-5.526897568165068,5.179896139639043
1,5,2021-04-12,BSOFT,-5.482980680772764,4.850675291512827
1,5,2009-08-06,MARUTI,-5.340916973017961,6.069279117205368
1,5,2009-08-17,MARUTI,-5.458588104502504,5.208056738600737
1,5,2010-01-27,MARUTI,-5.282810123081183,4.408661093115152
1,5,2017-05-24,VGUARD,-5.055292259083721,4.8082858112177895
1,5,2017-07-31,VGUARD,-7.67038092770147,5.220528584135269
1,5,2020-06-30,TRENT,-5.570902394106813,5.0
1,5,2024-01-30,TRENT,-5.90029108718756,5.297348341803174
1,5,2024-07-18,TRENT,-6.000159366782654,5.000552221742568
1,5,2024-11-07,TRENT,-6.469700237222343,4.80552993000025
1,5,2014-01-02,ESCORTS,-6.491611962071486,5.11180111352651
1,5,2014-05-05,ESCORTS,-7.066557107641747,4.748113097274126
1,5,2017-08-10,ESCORTS,-7.5532500196494485,4.840400710383888
1,5,2020-12-21,ESCORTS,-6.687862352721163,4.714010951636798
1,5,2021-01-25,ESCORTS,-5.240782252454201,4.972457716538906
1,5,2020-12-21,SYNGENE,-5.921052631578949,4.916292658682138
1,5,2021-03-18,SYNGENE,-5.1647625342271635,4.968025611948885
1,5,2023-06-22,IDFCFIRSTB,-5.596107055961086,5.235963216443158
1,5,2017-09-22,IGL,-5.275304978569073,5.485425672336305
1,5,2021-02-05,SUZLON,-6.428571428571428,4.842812145690608
1,5,2021-02-17,SUZLON,-6.249999999999989,4.16833526064459
1,5,2024-06-04,SUZLON,-5.000000000000004,5.64717672997189
1,5,2024-06-10,SUZLON,-5.010020040080166,5.7790435854698945
1,5,2024-10-03,SUZLON,-5.003762227238518,5.252540177931253
1,5,2024-10-07,SUZLON,-5.008704968528188,5.037385325132445
1,5,2020-02-24,DIXON,-5.259409034511286,4.7981140300346725
1,5,2020-09-21,DIXON,-5.315114541170452,4.881918516170527
1,5,2021-03-22,DIXON,-5.00556564532193,5.655006748416491
1,5,2021-04-12,DIXON,-5.350325249757226,5.174676268546722
1,5,2021-10-20,DIXON,-8.948141156730106,5.645553641817046
1,5,2021-10-25,DIXON,-5.493882102092118,5.286248631882673
1,5,2021-11-22,DIXON,-5.955330382577539,4.772875640341281
1,5,2024-06-04,DIXON,-10.46530447096905,5.414791460694245
1,5,2024-07-19,DIXON,-5.681052415692478,4.8540222162168645
1,5,2024-10-25,DIXON,-7.426620525662053,5.683593702822324
1,5,2024-10-30,DIXON,-5.111067229393907,5.721396265316868
1,5,2014-08-08,GPPL,-5.507343124165553,5.085691928877589
1,5,2014-09-16,GPPL,-7.820440429136077,5.35393054603883
1,5,2015-01-29,GPPL,-7.26989773232547,4.783542973504234
1,5,2025-06-12,PAYTM,-6.772866885314177,4.954419753241624
1,5,2017-02-13,INDIANB,-5.656866393747673,5.197922155104876
1,5,2017-03-20,INDIANB,-5.949291275703727,4.8864310935421855
1,5,2017-06-27,INDIANB,-5.2414605418138915,4.566431085507638
1,5,2024-02-12,HUDCO,-9.992505620784408,4.977067684262735
1,5,2024-03-13,HUDCO,-9.980806142034549,4.817405215706568
1,5,2024-06-04,HUDCO,-19.99303378613725,6.188795158396376
1,5,2024-07-23,HUDCO,-5.037082818294191,5.005793083681821
1,5,2024-08-05,HUDCO,-5.241672109732209,4.572948796093442
1,5,2007-10-19,JINDALSTEL,-8.553157474020779,4.982483430063076
1,5,2007-11-08,JINDALSTEL,-7.740105710970746,4.557985163636438
1,5,2007-11-21,JINDALSTEL,-8.655737704918032,4.086539818541236
1,5,2007-11-27,JINDALSTEL,-5.876610284598572,5.404212013541028
1,5,2007-12-17,JINDALSTEL,-10.008662247664956,5.21742018554197
1,5,2008-01-21,JINDALSTEL,-26.751433038040638,5.049665025462109
1,5,2008-01-24,JINDALSTEL,-10.91992058239576,4.277793978056115
1,5,2021-05-14,JINDALSTEL,-8.607095926412622,4.76194848800234
1,5,2015-05-06,ASHOKLEY,-5.106382978723401,5.024570792690215
1,5,2021-08-26,LINDEINDIA,-7.465392864106057,6.933362003043476
1,5,2012-05-07,ARE&M,-5.057235605672295,4.97371284542752
1,5,2012-10-22,ARE&M,-5.835599247019463,5.298535632016947
1,5,2015-06-11,PAGEIND,-5.4781870146678235,4.938692117181671
1,5,2024-03-06,JBMA,-5.003995205753098,4.686629792314388
1,5,2021-09-24,APOLLOHOSP,-6.931277290429161,4.89047629227248
1,5,2023-09-15,JSL,-5.365571717560924,5.292626783910446
1,5,2023-11-22,JSL,-5.330830595964331,5.556375582827938
1,5,2024-01-23,JSL,-7.858819438407361,4.724738134358537
1,5,2007-10-19,CRISIL,-5.213177664314294,4.147901006702891
1,5,2014-07-08,CANFINHOME,-8.9278220730172,5.002882388580178
1,5,2014-07-25,CANFINHOME,-9.624724061810152,4.742512845939053
1,5,2014-09-16,CANFINHOME,-6.552614590058104,5.2834450709734675
1,5,2015-01-12,CANFINHOME,-6.450631370759163,5.729418196509276
1,5,2015-01-23,CANFINHOME,-9.906542056074763,5.709877476698532
1,5,2015-04-17,CANFINHOME,-5.340212834569491,6.062798488658954
1,5,2015-05-06,CANFINHOME,-7.174887892376692,5.882402481227294
1,5,2007-10-17,KOTAKBANK,-6.599999999999994,4.865431494931008
1,5,2007-10-19,KOTAKBANK,-8.791208791208794,4.676221057400957
1,5,2007-12-17,KOTAKBANK,-8.069620253164555,4.69824494346484
1,5,2008-01-21,KOTAKBANK,-14.387211367673169,4.591261867462312
1,5,2014-01-17,TCS,-5.839254563247254,5.23963911662386
1,5,2009-06-17,ONGC,-6.237539162631734,4.942151788623445
1,5,2009-07-06,ONGC,-6.239412761151886,5.023298541539104
1,5,2010-10-29,3MINDIA,-8.505450542687043,5.328041092194144
1,5,2017-08-10,CAPLIPOINT,-6.162185293488331,4.731400770308467
1,5,2007-11-21,ABAN,-7.829553752935836,4.727563554228905
1,5,2007-12-17,ABAN,-7.0091874763337785,4.815291392521255
1,5,2008-01-21,ABAN,-15.883228938124528,4.696732695812238
1,5,2008-01-24,ABAN,-6.737061273051747,4.42581264352752
1,5,2007-10-18,DIVISLAB,-6.00400082775746,4.956462283179117
1,5,2007-11-21,DIVISLAB,-7.874291313781756,4.886174549186113
1,5,2007-12-17,DIVISLAB,-6.013319616654944,5.151935030574323
1,5,2008-01-10,DIVISLAB,-5.32831588132634,5.042537345126692
1,5,2008-01-21,DIVISLAB,-10.85943030095926,4.930120649833947
1,5,2008-01-24,DIVISLAB,-7.320872274143298,4.978535738956989
1,5,2020-09-21,DIVISLAB,-5.549575409639996,4.842557241274122
1,5,2020-12-21,DIVISLAB,-5.1853687808187,5.0834906915021785
1,5,2011-06-20,UBL,-7.05128205128206,5.18106326736117
1,5,2016-08-23,HINDPETRO,-5.303871951269246,4.6385579270346735
1,5,2014-05-15,FINCABLES,-5.055643879173289,5.784617589351124
1,5,2014-07-08,FINCABLES,-5.414312617702444,5.002882388580178
1,5,2014-10-16,FINCABLES,-5.726287862038482,5.423088139350867
1,5,2014-11-14,FINCABLES,-5.218887402026384,5.457747529142456
1,5,2015-05-12,FINCABLES,-6.6486798997880125,4.763537530871631
1,5,2023-05-29,FINCABLES,-5.638897124221753,4.6515248651296615
1,5,2023-08-14,FINCABLES,-6.6299104066161245,5.054092068905629
1,5,2023-09-12,FINCABLES,-6.879447918913096,4.791406885513575
1,5,2023-09-29,FINCABLES,-6.235623771485921,5.129138445387006
1,5,2008-01-22,RAJESHEXPO,-18.748944791490796,5.093612629428898
1,5,2010-10-06,VIPIND,-18.180065548486613,5.172908325064425
1,5,2011-05-23,VIPIND,-6.390863711995165,5.007447631469537
1,5,2011-06-10,VIPIND,-6.949615289153632,5.083129106505605
1,5,2011-06-20,VIPIND,-5.231209930432423,4.689123211376511
1,5,2014-03-13,SUNPHARMA,-5.187820618897887,5.0519602844963885
1,5,2007-09-21,TFCILTD,-5.298013245033106,4.749496902888478
1,5,2007-10-05,TFCILTD,-5.263157894736848,3.831546509791179
1,5,2017-05-12,YESBANK,-5.972231027705566,4.835256463733708
1,5,2012-04-13,ASTRAZEN,-8.424306830257944,5.653991211181163
1,5,2012-04-27,ASTRAZEN,-7.33882651213329,4.833237895673214
1,5,2012-05-04,ASTRAZEN,-6.3772579501845446,4.516168962055448
1,5,2012-05-14,ASTRAZEN,-8.069709637329126,4.695852282530277
1,5,2020-09-08,ASTRAZEN,-7.067079599367421,5.003469782011235
1,5,2022-09-16,TIMKEN,-7.681528662420378,4.665515380053384
1,5,2022-11-01,TIMKEN,-5.722284247887899,4.598885077532896
1,5,2009-06-09,IOC,-5.55142503097894,5.022934920197499
1,5,2009-05-19,HEROMOTOCO,-10.610538455993657,5.583925932830501
1,5,2009-08-06,HEROMOTOCO,-5.538932109847739,5.214366543348198
1,5,2009-08-17,HEROMOTOCO,-6.411000653073062,5.010584447981756
1,5,2023-12-05,CYIENT,-6.756046867505661,5.007981282358764
1,5,2024-01-23,CYIENT,-5.481620187699232,4.994167253825087
1,5,2007-10-08,UNITDSPR,-6.191401300785538,4.2231167660102376
1,5,2007-11-01,UNITDSPR,-5.531542785758903,4.932741466123651
1,5,2007-11-21,UNITDSPR,-6.38760176967984,4.656342718972322
1,5,2010-05-21,INDUSINDBK,-5.402650356778793,5.548556490319382
1,5,2015-04-17,INDUSINDBK,-6.255016319760287,5.106043981988847
1,5,2012-05-30,HAVELLS,-6.9525997787422416,5.13572356730895
1,5,2012-06-01,HAVELLS,-5.464627493068597,4.921897751829458
1,5,2012-10-29,HAVELLS,-5.59401159047005,4.580889221061343
1,5,2017-05-22,MOTILALOFS,-6.329829853419411,5.786746962636179
1,5,2017-06-27,MOTILALOFS,-5.606602007827133,5.264138690992063
1,5,2018-02-05,MOTILALOFS,-5.492860898758245,4.500610763180283
1,5,2024-05-09,MOTILALOFS,-8.305626598465466,4.918816590152054
1,5,2024-06-04,MOTILALOFS,-12.52316764953666,4.560639011436321
1,5,2024-11-13,MOTILALOFS,-7.244582043343661,5.251133222536396
1,5,2010-08-25,SHOPERSTOP,-5.419936065097364,4.987251368797319
1,5,2009-06-17,LICHSGFIN,-5.932621199671317,5.666425859309225
1,5,2009-07-06,LICHSGFIN,-8.910815358727254,6.133131770448201
1,5,2009-07-22,LICHSGFIN,-6.452377191596903,4.910798581301463
1,5,2009-10-27,LICHSGFIN,-5.3060029282576915,5.433939365221898
1,5,2009-11-03,LICHSGFIN,-6.683683750923642,4.938220812382494
1,5,2010-01-27,LICHSGFIN,-6.103552532123957,4.538707125817208
1,5,2017-12-04,APLAPOLLO,-5.234424364969037,5.246681159454463
1,5,2018-01-29,APLAPOLLO,-5.583676051882314,5.660460967105263
1,5,2020-12-21,APLAPOLLO,-5.599584253605306,4.9048895704573745
1,5,2021-03-15,APLAPOLLO,-8.98970219871973,4.520001818218874
1,5,2021-04-05,APLAPOLLO,-6.873940079140761,4.538737533782911
1,5,2021-04-12,APLAPOLLO,-5.633748801534044,5.079666477908576
1,5,2021-04-19,APLAPOLLO,-5.828830260648454,4.986741325172277
1,5,2021-10-25,APLAPOLLO,-6.846714434441803,4.703408671772718
1,5,2014-08-08,SKFINDIA,-5.280614146232388,4.8175317015338655
1,5,2014-09-23,SKFINDIA,-5.507980143583257,4.907535770984041
1,5,2026-06-01,GVT&D,-7.64479664374782,5.41326619433135
1,5,2026-06-08,GVT&D,-6.374580619696069,5.447386216289837
1,5,2026-06-24,GVT&D,-6.504441154700224,5.346003865118069
1,5,2026-07-03,GVT&D,-8.735589284233225,4.900512974214888
1,5,2024-02-06,NBCC,-5.207647564011908,4.996708923896386
1,5,2024-02-12,NBCC,-10.003315310346505,4.459795113729484
1,5,2024-04-15,NBCC,-5.726045761210408,4.978585278329847
1,5,2024-05-22,BHEL,-5.404135338345862,5.313404298675092
1,5,2024-06-04,BHEL,-20.838015732862413,4.96763775445173
1,5,2009-06-29,RALLIS,-5.489417989417989,5.441698419026405
1,5,2009-08-07,RALLIS,-5.420711974110038,5.232889126556837
1,5,2009-10-27,RALLIS,-5.597694174757284,5.22788271487172
1,5,2011-05-02,RALLIS,-6.588835212023614,5.223184590496946
1,5,2020-08-31,RALLIS,-6.509629158045516,4.960033597568046
1,5,2013-01-24,AARTIIND,-6.204379562043805,5.021823430703268
1,5,2014-10-16,AARTIIND,-8.067975581587195,4.833995921605965
1,5,2023-07-21,CIEINDIA,-6.105705018126306,4.704117468256759
1,5,2015-06-03,JKIL,-6.1553985872855765,5.1126558203487695
1,5,2024-10-17,BAJAJ-AUTO,-12.890646856532905,4.804018510999472
1,5,2007-10-16,THERMAX,-5.176998995331239,5.263101274904469
1,5,2014-03-07,ECLERX,-5.683947532792,5.157737807794473
1,5,2021-10-21,ECLERX,-6.589200273410811,4.763624957156549
1,5,2021-11-29,ECLERX,-6.401249024199851,4.904552063901519
1,5,2022-01-24,ECLERX,-5.874780573434768,4.535965264203441
1,5,2025-06-24,GRSE,-8.872791822944992,5.367729352034837
1,5,2020-08-31,DEEPAKNTR,-8.605242043327078,6.223148101745505
1,5,2020-09-24,DEEPAKNTR,-5.230422935671131,5.686582977146674
1,5,2020-12-21,DEEPAKNTR,-5.760580935349269,5.34311722613026
1,5,2021-04-12,DEEPAKNTR,-5.855762081784388,4.890505586199527
1,5,2021-10-20,DEEPAKNTR,-12.673023685020002,5.413312184627539
1,5,2021-10-28,DEEPAKNTR,-7.383974940235749,4.659703935377605
1,5,2021-11-22,DEEPAKNTR,-7.14925210175783,4.767827251310351
1,5,2022-01-25,DEEPAKNTR,-6.248677920209833,4.666959753853355
1,5,2022-02-14,DEEPAKNTR,-6.713836833419984,4.747220951948163
1,5,2012-05-08,VSTIND,-9.604466254355714,5.004684304694697
1,5,2012-07-12,VSTIND,-5.972646310033969,4.960514005006524
1,5,2009-04-16,ORIENTPPR,-7.692307692307699,5.062324585087138
1,5,2009-05-11,ORIENTPPR,-7.2289156626506035,5.393354209088192
1,5,2009-05-26,ORIENTPPR,-7.150259067357522,5.809771783887607
1,5,2009-06-08,ORIENTPPR,-6.278855032317631,6.031990238535254
1,5,2009-06-17,ORIENTPPR,-7.180385288966729,5.490922899726082
1,5,2009-07-06,ORIENTPPR,-6.702702702702701,4.481012515966584
1,5,2011-04-26,BLUEDART,-7.43743508995276,5.103463743232283
1,5,2012-09-04,BLUEDART,-11.692808057493565,4.5547968817207565
1,5,2010-05-07,TMPV,-6.243654822335031,5.370201587987923
1,5,2010-05-19,TMPV,-7.433155080213904,4.783365992253135
1,5,2024-05-13,TMPV,-8.30176767676768,5.117030230025901
1,5,2025-08-11,AMBER,-6.009925895710111,4.730962158809968
1,5,2020-12-07,GRANULES,-6.764601350550881,5.033477194454945
1,5,2020-12-21,GRANULES,-7.179556517036234,4.498658211224192
1,5,2024-09-12,GRANULES,-16.521353627900115,5.032659589252179
1,5,2010-05-07,JINDALSAW,-5.939393939393945,4.8360099803514505
1,5,2017-05-17,EDELWEISS,-5.755755755755754,5.11581516863794
1,5,2017-08-10,EDELWEISS,-7.169954476479523,5.592590740424734
1,5,2017-09-22,EDELWEISS,-5.061983471074372,5.231392151321095
1,5,2017-09-27,EDELWEISS,-5.663596042306384,5.440999722979055
1,5,2017-10-25,EDELWEISS,-8.363516628251555,4.9604849727927975
1,5,2018-02-02,EDELWEISS,-7.152496626180838,5.210220248244512
1,5,2019-05-15,ABFRL,-8.289817232375974,5.242046124613863
1,5,2012-12-11,STAR,-5.318200393803185,5.008186106264605
1,5,2013-02-07,STAR,-12.691292352275664,4.992636427214431
1,5,2024-02-07,NLCINDIA,-9.599435327333705,5.132556070286383
1,5,2024-02-12,NLCINDIA,-15.413533834586456,4.603403959996828
1,5,2024-02-28,NLCINDIA,-5.241849563179213,4.2353638562177816
1,5,2025-07-24,COFORGE,-9.390712007352542,4.750775191922671
1,5,2024-10-30,MCX,-6.3650683175207945,6.1180104263117245
1,5,2026-05-29,MCX,-6.458762070603131,5.0616471527651905
1,5,2022-10-11,MAZDOCK,-7.443831454385553,4.985248000599282
1,5,2022-11-18,MAZDOCK,-6.078330179482771,5.428146702581608
1,5,2022-12-23,MAZDOCK,-11.516108654453571,4.557240994554826
1,5,2023-06-21,MAZDOCK,-6.638099246279216,6.18580128925953
1,5,2023-09-12,MAZDOCK,-8.81945208493784,5.554357038443385
1,5,2023-10-23,MAZDOCK,-6.758677168388849,4.7954237380316105
1,5,2022-09-16,GNFC,-5.994426803188391,4.936833927030609
1,5,2022-09-26,GNFC,-6.076271821383095,4.369467022254729
1,5,2024-11-12,PPLPHARMA,-7.081942899517979,4.884509519107646
1,5,2023-05-24,CUMMINSIND,-5.306582774381196,5.099639642429328
1,5,2007-10-19,LT,-5.169332611787214,4.931526289351055
1,5,2007-11-21,LT,-5.240002906819141,4.828384927011449
1,5,2008-01-21,LT,-6.157950920697052,5.109799124716652
1,5,2008-01-24,LT,-5.918881454429137,5.4535755267383275
1,5,2010-05-19,STLTECH,-5.466630493760172,5.330563156080329
1,7,2020-02-01,SBILIFE,-10.159943667639071,4.721532641111766
1,7,2009-04-16,IDEA,-7.280701754385966,4.80222169811361
1,7,2014-01-16,IDEA,-7.168352171326586,5.264717481306658
1,7,2014-02-10,IDEA,-8.435916002896448,4.409112195971561
1,7,2009-07-06,ENGINERSIN,-7.353740264444852,5.512702787154597
1,7,2010-05-13,ENGINERSIN,-7.164720553225267,4.760369911249069
1,7,2024-10-22,POWERINDIA,-7.038164411359926,5.429468382707248
1,7,2026-07-03,POWERINDIA,-8.097705403404888,4.650399019516668
1,7,2009-04-16,DSKULKARNI,-8.566978193146413,6.004800161654785
1,7,2009-06-08,DSKULKARNI,-9.505106048703848,8.00415205413251
1,7,2009-04-16,NOIDATOLL,-8.075601374570452,5.025668845719543
1,7,2009-04-22,NOIDATOLL,-10.66878980891719,5.450631928884069
1,7,2009-06-08,NOIDATOLL,-9.613130128956627,4.951574422180726
1,7,2015-04-24,BOSCHLTD,-7.42859551864421,4.927539679302782
1,7,2017-05-05,TATACOMM,-9.116841624828842,4.743202718159145
1,7,2021-02-22,BAJAJELEC,-7.359502965264042,4.835196324993517
1,7,2021-11-29,CENTURYPLY,-8.176691729323293,4.835629866661352
1,7,2022-02-14,CENTURYPLY,-7.960672375515387,5.079260199765183
1,7,2009-04-16,FSL,-9.138381201044387,5.023579285671279
1,7,2009-04-22,FSL,-7.202216066482004,4.759244507142137
1,7,2009-06-08,FSL,-9.532374100719432,4.902444373381632
1,7,2014-05-05,FSL,-12.061068702290079,5.6663669477252485
1,7,2021-04-12,FSL,-7.7177053239785405,4.887358140789668
1,7,2020-02-17,MASFIN,-13.07602916306534,5.071015659431309
1,7,2024-01-09,POLYCAB,-8.928287411704162,5.00469558370347
1,7,2024-01-11,POLYCAB,-21.038916090678672,4.587231708865716
1,7,2010-02-23,DHAMPURSUG,-8.354052710094473,4.593185544766295
1,7,2010-03-02,DHAMPURSUG,-7.2372199885123445,3.952204670644515
1,7,2008-01-21,INDIAGLYCO,-12.77533039647577,5.171223924590983
1,7,2008-01-24,INDIAGLYCO,-7.142857142857128,4.825317152731326
1,7,2023-10-23,MAHABANK,-8.15602836879432,4.625561861633865
1,7,2010-01-27,RECLTD,-7.776609702462467,4.983438939052734
1,7,2023-09-12,RECLTD,-8.17156590867073,5.184286076256508
1,7,2023-12-20,RECLTD,-7.055038492473853,5.394483204208137
1,7,2024-03-13,RECLTD,-7.238883143743536,5.4124398779683
1,7,2024-05-06,RECLTD,-7.386159913947643,5.901992158397758
1,7,2024-06-04,RECLTD,-25.194375516956168,5.393014535824445
1,7,2021-03-17,VAIBHAVGBL,-11.404380872967511,5.862168918112357
1,7,2021-04-12,HINDCOPPER,-8.727399165507654,5.252922416424553
1,7,2026-08-25,HINDCOPPER,-7.22807628668466,5.285718534108756
1,7,2022-12-23,GESHIP,-9.34996168048492,5.452206444040427
1,7,2026-05-27,GESHIP,-8.444902162718847,5.114019415348729
1,7,2011-04-29,UCOBANK,-9.015679442508706,4.915915779688362
1,7,2014-07-25,TVSMOTOR,-9.716088328075712,4.75698699923805
1,7,2015-02-02,TVSMOTOR,-7.446463335496423,5.374985133760191
1,7,2017-08-11,TVSMOTOR,-7.567800258286706,5.123716128647175
1,7,2011-05-13,ATUL,-8.236536430834207,4.967667216161355
1,7,2013-01-18,ATUL,-8.84877556172684,4.802876723175101
1,7,2014-10-17,ATUL,-10.417392516200962,5.350737771262285
1,7,2023-09-12,KALYANKJIL,-7.415639523135987,4.606246812545107
1,7,2024-06-04,HAL,-17.8301555848416,6.368645915251575
1,7,2022-10-20,SCHAEFFLER,-7.621391950580902,4.877871066848334
1,7,2007-12-17,JSWSTEEL,-13.073437441485968,5.372182176985773
1,7,2008-01-21,JSWSTEEL,-11.632987438558162,4.78612073359744
1,7,2008-01-24,JSWSTEEL,-9.992246058413023,4.722580460961353
1,7,2021-08-20,JSWSTEEL,-7.166587565258665,4.834243075919327
1,7,2021-09-20,JSWSTEEL,-7.19624798475742,4.759912346296528
1,7,2020-09-21,FDC,-7.571947471360707,5.173404445631604
1,7,2007-10-08,ADANIENT,-7.646264890558063,7.392258986690903
1,7,2007-10-19,ADANIENT,-7.471175062933144,4.790871176474922
1,7,2021-10-28,ADANIENT,-10.724609053497947,5.108106100391671
1,7,2022-10-03,ADANIENT,-8.636241530609201,5.215851805242759
1,7,2013-12-20,MOTHERSON,-31.27962085308057,5.0776021118906
1,7,2024-08-05,MOTHERSON,-9.17488162695025,4.771649314846129
1,7,2022-10-03,ADANIGREEN,-8.260350318471332,5.016851502601788
1,7,2023-09-12,RVNL,-10.369393139841687,5.731142078242464
1,7,2024-10-07,RVNL,-8.451560599918928,4.3955935143086995
1,7,2023-09-12,FACT,-7.682339874120703,5.378576368881682
1,7,2023-10-23,FACT,-7.786827692739795,6.654392129649926
1,7,2009-10-27,BIRLACORPN,-7.4333116460637445,5.015698268476101
1,7,2008-01-21,RELINFRA,-16.915071460526022,4.6492899729602115
1,7,2008-01-24,RELINFRA,-8.429785409889801,4.865310665896211
1,7,2007-11-21,VEDL,-7.786885245901642,4.732234236007425
1,7,2008-01-21,VEDL,-25.023169601482852,4.75952529422333
1,7,2017-04-11,VEDL,-7.660239708181349,5.002245273603071
1,7,2026-06-23,VEDL,-7.8960274644433674,4.681426574966844
1,7,2021-12-20,LTTS,-7.487885089270174,5.119982839862086
1,7,2023-05-22,SIEMENS,-8.676873739202396,4.845705218886296
1,7,2009-06-18,BERGEPAINT,-7.858864949676625,4.764754099489784
1,7,2018-02-02,BOMDYEING,-13.45068833220493,4.076652430391944
1,7,2018-02-02,BBTC,-9.453034198570077,4.536819617346041
1,7,2007-10-08,APTECHT,-7.303340575386552,4.454982252401771
1,7,2009-07-06,UNIONBANK,-9.003674969375265,5.880132549327465
1,7,2023-08-29,UNIONBANK,-7.047387606318345,5.273668407857492
1,7,2007-10-18,BHARTIARTL,-8.258258258258255,5.0737421366387
1,7,2022-10-31,FINEORG,-9.646451531676147,4.62650333284188
1,7,2012-02-22,ARVIND,-9.781021897810227,4.990458218426968
1,7,2014-09-16,ARVIND,-8.58843537414965,5.080747014960705
1,7,2010-11-15,UFLEX,-9.185472496473912,4.675231464910708
1,7,2010-11-26,UFLEX,-8.760365724005947,4.144410687882367
1,7,2009-06-08,MUNJALSHOW,-7.215332581736201,5.397581816807322
1,7,2009-10-30,MUNJALSHOW,-10.402097902097907,5.015906759567469
1,7,2023-08-11,APOLLOTYRE,-8.272506082725062,4.928581521438042
1,7,2026-06-08,NETWEB,-8.604800685812265,5.730084692535356
1,7,2026-06-29,NETWEB,-9.891176827541571,5.521008554779081
1,7,2024-02-12,IRFC,-13.500325309043593,4.810193250870263
1,7,2024-03-13,IRFC,-9.140767824497253,4.758742134312743
1,7,2024-06-04,IRFC,-12.70177295580841,5.594837262927075
1,7,2017-03-02,BIOCON,-7.300958222159992,4.985004539759341
1,7,2015-04-27,KAJARIACER,-7.085272334010629,5.271283458892287
1,7,2022-12-22,COCHINSHIP,-8.988294314381273,4.667156187577702
1,7,2017-08-10,RAIN,-13.959680486877135,5.06691663132136
1,7,2017-09-22,RAIN,-7.681603117172287,5.7388155676337735
1,7,2018-02-02,RAIN,-8.454971082346475,4.280814084282754
1,7,2010-10-27,VENKEYS,-8.981147784131238,4.895887761008691
1,7,2008-01-21,RELIANCE,-9.244187071301235,5.246257950640429
1,7,2007-10-08,PRAJIND,-9.394939493949394,4.650875782534813
1,7,2011-04-29,ELGIEQUIP,-11.156812339331612,5.145715185295049
1,7,2008-01-22,SOUTHBANK,-10.992907801418427,4.818505164418197
1,7,2010-05-03,SOUTHBANK,-12.25886745488488,4.966404942618328
1,7,2024-01-23,PRESTIGE,-11.677158622833606,4.829485671270374
1,7,2024-06-04,PRESTIGE,-12.877478100507144,5.134653849723468
1,7,2012-05-04,MRF,-7.805277735721338,5.138348489451271
1,7,2020-11-10,IPCALAB,-8.888594223076751,5.0027218523546555
1,7,2017-08-10,AVANTIFEED,-7.430731587875627,4.840233253110923
1,7,2017-11-15,AVANTIFEED,-7.146916800799252,4.770543396394486
1,7,2017-05-18,CESC,-14.919561430474438,4.897002472228766
1,7,2021-08-20,TATASTEEL,-8.528508023216098,5.213480641418807
1,7,2021-09-20,TATASTEEL,-9.83776576042671,4.617008520880192
1,7,2017-08-11,ADANIENSOL,-7.741659538066736,4.866457565573478
1,7,2026-08-31,ADANIENSOL,-10.37055773365373,4.668925582538778
1,7,2014-10-16,SUNDRMFAST,-7.155581947743473,5.098018184615
1,7,2015-02-04,SUNDRMFAST,-8.280701754385955,5.138669295970867
1,7,2007-11-21,WELCORP,-7.828191167574117,6.171936991029623
1,7,2007-12-17,WELCORP,-7.0256355250455815,5.169774306505662
1,7,2008-01-21,WELCORP,-14.522821576763489,6.011839830543927
1,7,2012-12-13,KTKBANK,-14.477211796246648,4.823064834004068
1,7,2014-11-14,BALKRISIND,-16.54989127808649,4.945157207310551
1,7,2009-04-16,MCLEODRUSS,-7.175472928897586,5.329868395229207
1,7,2009-05-11,MCLEODRUSS,-7.68374164810689,6.1215690101448965
1,7,2010-01-25,MCLEODRUSS,-8.237360921335146,4.53051988215662
1,7,2014-07-09,AUROPHARMA,-7.605288264958443,4.948528695334444
1,7,2009-07-06,BANKBARODA,-9.039548022598854,5.426638247195276
1,7,2011-05-16,FMGOETZE,-7.6396206533192785,5.023043897937394
1,7,2014-05-19,PERSISTENT,-7.732774911895401,4.768075069912584
1,7,2010-10-20,JINDALPOLY,-7.314458359729059,6.279293890685289
1,7,2010-11-15,JINDALPOLY,-7.444752541803201,4.674118339782588
1,7,2010-11-26,JINDALPOLY,-9.942257217847771,3.999467243615558
1,7,2022-02-08,UNOMINDA,-7.7355267889248625,5.0032382732147145
1,7,2024-06-04,NTPC,-15.454313425216949,5.060101889290303
1,7,2009-06-22,COROMANDEL,-7.086219010338257,5.31403561501667
1,7,2009-07-06,COROMANDEL,-7.342899554675908,5.18638894906602
1,7,2009-07-13,COROMANDEL,-7.374971191518787,4.721123453606611
1,7,2011-04-21,COROMANDEL,-9.730113636363635,5.392744732207857
1,7,2025-07-01,COROMANDEL,-7.169088296343606,5.046790090786431
1,7,2009-04-16,EMBDL,-8.86203423967774,5.84232478797118
1,7,2009-04-27,EMBDL,-11.475964793500326,5.770443779846666
1,7,2009-06-08,EMBDL,-9.937486527268803,6.115936420553041
1,7,2021-12-16,FLUOROCHEM,-8.442588726513566,4.689472490737349
1,7,2022-12-23,FLUOROCHEM,-7.027498908773467,4.810183118946785
1,7,2014-09-16,KEC,-7.665352606219889,5.1331078835161
1,7,2014-11-03,KEC,-7.3315118397085595,5.178145214603137
1,7,2020-09-18,EPL,-7.662694775435385,4.681459197717703
1,7,2021-12-17,BSE,-7.127614169867702,5.460039831516568
1,7,2024-04-29,BSE,-13.67629193533314,5.610317551681146
1,7,2025-08-21,BSE,-7.562425683709872,4.9526998582552695
1,7,2020-08-31,NAVINFLUOR,-8.518067207198754,4.936384898915637
1,7,2008-01-22,SHRIRAMFIN,-13.375796178343947,6.419028516692027
1,7,2021-04-08,ATGL,-9.999093874592235,4.617074322719153
1,7,2021-04-12,ATGL,-9.363415861974278,4.52109272482026
1,7,2021-05-14,ATGL,-9.162891621302682,5.105628867293321
1,7,2022-10-03,ATGL,-7.157507073670965,4.802970621803397
1,7,2022-12-23,ATGL,-8.980585941349561,5.192975722879447
1,7,2020-12-21,APLLTD,-7.161229186408546,5.303934856558705
1,7,2018-02-01,VAKRANGEE,-19.999999999999996,4.693772190912057
1,7,2009-05-26,PFC,-8.247925817471923,4.774367846218383
1,7,2009-06-08,PFC,-7.285575048732951,4.423353910150698
1,7,2023-09-12,PFC,-7.609405617243636,5.4107719795793585
1,7,2024-02-09,PFC,-8.472948458008744,5.0507022879426735
1,7,2024-03-13,PFC,-7.33014800139844,5.342976962314619
1,7,2024-05-06,PFC,-8.8770943906754,5.618245620858672
1,7,2024-06-04,PFC,-23.080389329488092,5.8405047659078635
1,7,2015-04-17,BHARATFORG,-7.946943483275659,4.973345725206705
1,7,2026-08-10,BHARATFORG,-7.597563129083518,5.137560786540212
1,7,2009-04-16,IIFL,-15.691007845503924,5.949494186465396
1,7,2009-05-21,IIFL,-7.057256990679095,8.49128778016742
1,7,2009-06-08,IIFL,-10.503144654088048,7.6755243183586455
1,7,2009-06-15,IIFL,-9.883502442690716,4.586944737664541
1,7,2009-06-17,IIFL,-8.747514910536779,4.312691348906219
1,7,2009-07-06,IIFL,-9.394654088050313,4.3952408418561
1,7,2014-01-23,SUPREMEIND,-7.2693073688869125,5.254023632322768
1,7,2023-10-23,SUPREMEIND,-8.312649822864282,5.626288449177806
1,7,2009-04-16,NIITLTD,-8.595041322314046,5.33695825252688
1,7,2009-04-22,NIITLTD,-8.176100628930827,5.639126993341169
1,7,2009-05-26,NIITLTD,-10.844370860927155,7.743340329189012
1,7,2009-06-08,NIITLTD,-9.970887918486182,8.147953834024694
1,7,2019-04-30,ADANIPOWER,-7.216494845360821,4.774284312573066
1,7,2019-05-13,ADANIPOWER,-7.2289156626506035,5.015495756695925
1,7,2023-05-23,NCC,-8.489722966934766,4.8734097966468415
1,7,2023-09-12,NCC,-8.65617433414042,4.66253954403338
1,7,2021-04-30,INDIAMART,-9.832225423690355,5.159056093085828
1,7,2017-10-25,LTF,-7.706855791962175,5.026136404795819
1,7,2008-01-22,GMDCLTD,-9.993708561196346,5.392220598932413
1,7,2008-01-24,GMDCLTD,-8.802946593001849,4.923770239430946
1,7,2026-06-08,GMDCLTD,-7.312808817939953,4.360364364339847
1,7,2021-01-21,TATAELXSI,-7.530044843049333,7.299236067477248
1,7,2025-08-07,GODFRYPHLP,-7.886307166329942,6.0756415644798105
1,7,2017-07-31,VGUARD,-7.67038092770147,5.220528584135269
1,7,2014-05-05,ESCORTS,-7.066557107641747,4.748113097274126
1,7,2017-08-10,ESCORTS,-7.5532500196494485,4.840400710383888
1,7,2021-10-20,DIXON,-8.948141156730106,5.645553641817046
1,7,2024-06-04,DIXON,-10.46530447096905,5.414791460694245
1,7,2024-10-25,DIXON,-7.426620525662053,5.683593702822324
1,7,2014-09-16,GPPL,-7.820440429136077,5.35393054603883
1,7,2015-01-29,GPPL,-7.26989773232547,4.783542973504234
1,7,2024-02-12,HUDCO,-9.992505620784408,4.977067684262735
1,7,2024-03-13,HUDCO,-9.980806142034549,4.817405215706568
1,7,2024-06-04,HUDCO,-19.99303378613725,6.188795158396376
1,7,2007-10-19,JINDALSTEL,-8.553157474020779,4.982483430063076
1,7,2007-11-08,JINDALSTEL,-7.740105710970746,4.557985163636438
1,7,2007-11-21,JINDALSTEL,-8.655737704918032,4.086539818541236
1,7,2007-12-17,JINDALSTEL,-10.008662247664956,5.21742018554197
1,7,2008-01-21,JINDALSTEL,-26.751433038040638,5.049665025462109
1,7,2008-01-24,JINDALSTEL,-10.91992058239576,4.277793978056115
1,7,2021-05-14,JINDALSTEL,-8.607095926412622,4.76194848800234
1,7,2021-08-26,LINDEINDIA,-7.465392864106057,6.933362003043476
1,7,2024-01-23,JSL,-7.858819438407361,4.724738134358537
1,7,2014-07-08,CANFINHOME,-8.9278220730172,5.002882388580178
1,7,2014-07-25,CANFINHOME,-9.624724061810152,4.742512845939053
1,7,2015-01-23,CANFINHOME,-9.906542056074763,5.709877476698532
1,7,2015-05-06,CANFINHOME,-7.174887892376692,5.882402481227294
1,7,2007-10-19,KOTAKBANK,-8.791208791208794,4.676221057400957
1,7,2007-12-17,KOTAKBANK,-8.069620253164555,4.69824494346484
1,7,2008-01-21,KOTAKBANK,-14.387211367673169,4.591261867462312
1,7,2010-10-29,3MINDIA,-8.505450542687043,5.328041092194144
1,7,2007-11-21,ABAN,-7.829553752935836,4.727563554228905
1,7,2007-12-17,ABAN,-7.0091874763337785,4.815291392521255
1,7,2008-01-21,ABAN,-15.883228938124528,4.696732695812238
1,7,2007-11-21,DIVISLAB,-7.874291313781756,4.886174549186113
1,7,2008-01-21,DIVISLAB,-10.85943030095926,4.930120649833947
1,7,2008-01-24,DIVISLAB,-7.320872274143298,4.978535738956989
1,7,2011-06-20,UBL,-7.05128205128206,5.18106326736117
1,7,2008-01-22,RAJESHEXPO,-18.748944791490796,5.093612629428898
1,7,2010-10-06,VIPIND,-18.180065548486613,5.172908325064425
1,7,2012-04-13,ASTRAZEN,-8.424306830257944,5.653991211181163
1,7,2012-04-27,ASTRAZEN,-7.33882651213329,4.833237895673214
1,7,2012-05-14,ASTRAZEN,-8.069709637329126,4.695852282530277
1,7,2020-09-08,ASTRAZEN,-7.067079599367421,5.003469782011235
1,7,2022-09-16,TIMKEN,-7.681528662420378,4.665515380053384
1,7,2009-05-19,HEROMOTOCO,-10.610538455993657,5.583925932830501
1,7,2024-05-09,MOTILALOFS,-8.305626598465466,4.918816590152054
1,7,2024-06-04,MOTILALOFS,-12.52316764953666,4.560639011436321
1,7,2024-11-13,MOTILALOFS,-7.244582043343661,5.251133222536396
1,7,2009-07-06,LICHSGFIN,-8.910815358727254,6.133131770448201
1,7,2021-03-15,APLAPOLLO,-8.98970219871973,4.520001818218874
1,7,2026-06-01,GVT&D,-7.64479664374782,5.41326619433135
1,7,2026-07-03,GVT&D,-8.735589284233225,4.900512974214888
1,7,2024-02-12,NBCC,-10.003315310346505,4.459795113729484
1,7,2024-06-04,BHEL,-20.838015732862413,4.96763775445173
1,7,2014-10-16,AARTIIND,-8.067975581587195,4.833995921605965
1,7,2024-10-17,BAJAJ-AUTO,-12.890646856532905,4.804018510999472
1,7,2025-06-24,GRSE,-8.872791822944992,5.367729352034837
1,7,2020-08-31,DEEPAKNTR,-8.605242043327078,6.223148101745505
1,7,2021-10-20,DEEPAKNTR,-12.673023685020002,5.413312184627539
1,7,2021-10-28,DEEPAKNTR,-7.383974940235749,4.659703935377605
1,7,2021-11-22,DEEPAKNTR,-7.14925210175783,4.767827251310351
1,7,2012-05-08,VSTIND,-9.604466254355714,5.004684304694697
1,7,2009-04-16,ORIENTPPR,-7.692307692307699,5.062324585087138
1,7,2009-05-11,ORIENTPPR,-7.2289156626506035,5.393354209088192
1,7,2009-05-26,ORIENTPPR,-7.150259067357522,5.809771783887607
1,7,2009-06-17,ORIENTPPR,-7.180385288966729,5.490922899726082
1,7,2011-04-26,BLUEDART,-7.43743508995276,5.103463743232283
1,7,2012-09-04,BLUEDART,-11.692808057493565,4.5547968817207565
1,7,2010-05-19,TMPV,-7.433155080213904,4.783365992253135
1,7,2024-05-13,TMPV,-8.30176767676768,5.117030230025901
1,7,2020-12-21,GRANULES,-7.179556517036234,4.498658211224192
1,7,2024-09-12,GRANULES,-16.521353627900115,5.032659589252179
1,7,2017-08-10,EDELWEISS,-7.169954476479523,5.592590740424734
1,7,2017-10-25,EDELWEISS,-8.363516628251555,4.9604849727927975
1,7,2018-02-02,EDELWEISS,-7.152496626180838,5.210220248244512
1,7,2019-05-15,ABFRL,-8.289817232375974,5.242046124613863
1,7,2013-02-07,STAR,-12.691292352275664,4.992636427214431
1,7,2024-02-07,NLCINDIA,-9.599435327333705,5.132556070286383
1,7,2024-02-12,NLCINDIA,-15.413533834586456,4.603403959996828
1,7,2025-07-24,COFORGE,-9.390712007352542,4.750775191922671
1,7,2022-10-11,MAZDOCK,-7.443831454385553,4.985248000599282
1,7,2022-12-23,MAZDOCK,-11.516108654453571,4.557240994554826
1,7,2023-09-12,MAZDOCK,-8.81945208493784,5.554357038443385
1,7,2024-11-12,PPLPHARMA,-7.081942899517979,4.884509519107646
1,8,2020-02-01,SBILIFE,-10.159943667639071,4.721532641111766
1,8,2014-02-10,IDEA,-8.435916002896448,4.409112195971561
1,8,2026-07-03,POWERINDIA,-8.097705403404888,4.650399019516668
1,8,2009-04-16,DSKULKARNI,-8.566978193146413,6.004800161654785
1,8,2009-06-08,DSKULKARNI,-9.505106048703848,8.00415205413251
1,8,2009-04-16,NOIDATOLL,-8.075601374570452,5.025668845719543
1,8,2009-04-22,NOIDATOLL,-10.66878980891719,5.450631928884069
1,8,2009-06-08,NOIDATOLL,-9.613130128956627,4.951574422180726
1,8,2017-05-05,TATACOMM,-9.116841624828842,4.743202718159145
1,8,2021-11-29,CENTURYPLY,-8.176691729323293,4.835629866661352
1,8,2009-04-16,FSL,-9.138381201044387,5.023579285671279
1,8,2009-06-08,FSL,-9.532374100719432,4.902444373381632
1,8,2014-05-05,FSL,-12.061068702290079,5.6663669477252485
1,8,2020-02-17,MASFIN,-13.07602916306534,5.071015659431309
1,8,2024-01-09,POLYCAB,-8.928287411704162,5.00469558370347
1,8,2024-01-11,POLYCAB,-21.038916090678672,4.587231708865716
1,8,2010-02-23,DHAMPURSUG,-8.354052710094473,4.593185544766295
1,8,2008-01-21,INDIAGLYCO,-12.77533039647577,5.171223924590983
1,8,2023-10-23,MAHABANK,-8.15602836879432,4.625561861633865
1,8,2023-09-12,RECLTD,-8.17156590867073,5.184286076256508
1,8,2024-06-04,RECLTD,-25.194375516956168,5.393014535824445
1,8,2021-03-17,VAIBHAVGBL,-11.404380872967511,5.862168918112357
1,8,2021-04-12,HINDCOPPER,-8.727399165507654,5.252922416424553
1,8,2022-12-23,GESHIP,-9.34996168048492,5.452206444040427
1,8,2026-05-27,GESHIP,-8.444902162718847,5.114019415348729
1,8,2011-04-29,UCOBANK,-9.015679442508706,4.915915779688362
1,8,2014-07-25,TVSMOTOR,-9.716088328075712,4.75698699923805
1,8,2011-05-13,ATUL,-8.236536430834207,4.967667216161355
1,8,2013-01-18,ATUL,-8.84877556172684,4.802876723175101
1,8,2014-10-17,ATUL,-10.417392516200962,5.350737771262285
1,8,2024-06-04,HAL,-17.8301555848416,6.368645915251575
1,8,2007-12-17,JSWSTEEL,-13.073437441485968,5.372182176985773
1,8,2008-01-21,JSWSTEEL,-11.632987438558162,4.78612073359744
1,8,2008-01-24,JSWSTEEL,-9.992246058413023,4.722580460961353
1,8,2021-10-28,ADANIENT,-10.724609053497947,5.108106100391671
1,8,2022-10-03,ADANIENT,-8.636241530609201,5.215851805242759
1,8,2013-12-20,MOTHERSON,-31.27962085308057,5.0776021118906
1,8,2024-08-05,MOTHERSON,-9.17488162695025,4.771649314846129
1,8,2022-10-03,ADANIGREEN,-8.260350318471332,5.016851502601788
1,8,2023-09-12,RVNL,-10.369393139841687,5.731142078242464
1,8,2024-10-07,RVNL,-8.451560599918928,4.3955935143086995
1,8,2008-01-21,RELINFRA,-16.915071460526022,4.6492899729602115
1,8,2008-01-24,RELINFRA,-8.429785409889801,4.865310665896211
1,8,2008-01-21,VEDL,-25.023169601482852,4.75952529422333
1,8,2023-05-22,SIEMENS,-8.676873739202396,4.845705218886296
1,8,2018-02-02,BOMDYEING,-13.45068833220493,4.076652430391944
1,8,2018-02-02,BBTC,-9.453034198570077,4.536819617346041
1,8,2009-07-06,UNIONBANK,-9.003674969375265,5.880132549327465
1,8,2007-10-18,BHARTIARTL,-8.258258258258255,5.0737421366387
1,8,2022-10-31,FINEORG,-9.646451531676147,4.62650333284188
1,8,2012-02-22,ARVIND,-9.781021897810227,4.990458218426968
1,8,2014-09-16,ARVIND,-8.58843537414965,5.080747014960705
1,8,2010-11-15,UFLEX,-9.185472496473912,4.675231464910708
1,8,2010-11-26,UFLEX,-8.760365724005947,4.144410687882367
1,8,2009-10-30,MUNJALSHOW,-10.402097902097907,5.015906759567469
1,8,2023-08-11,APOLLOTYRE,-8.272506082725062,4.928581521438042
1,8,2026-06-08,NETWEB,-8.604800685812265,5.730084692535356
1,8,2026-06-29,NETWEB,-9.891176827541571,5.521008554779081
1,8,2024-02-12,IRFC,-13.500325309043593,4.810193250870263
1,8,2024-03-13,IRFC,-9.140767824497253,4.758742134312743
1,8,2024-06-04,IRFC,-12.70177295580841,5.594837262927075
1,8,2022-12-22,COCHINSHIP,-8.988294314381273,4.667156187577702
1,8,2017-08-10,RAIN,-13.959680486877135,5.06691663132136
1,8,2018-02-02,RAIN,-8.454971082346475,4.280814084282754
1,8,2010-10-27,VENKEYS,-8.981147784131238,4.895887761008691
1,8,2008-01-21,RELIANCE,-9.244187071301235,5.246257950640429
1,8,2007-10-08,PRAJIND,-9.394939493949394,4.650875782534813
1,8,2011-04-29,ELGIEQUIP,-11.156812339331612,5.145715185295049
1,8,2008-01-22,SOUTHBANK,-10.992907801418427,4.818505164418197
1,8,2010-05-03,SOUTHBANK,-12.25886745488488,4.966404942618328
1,8,2024-01-23,PRESTIGE,-11.677158622833606,4.829485671270374
1,8,2024-06-04,PRESTIGE,-12.877478100507144,5.134653849723468
1,8,2020-11-10,IPCALAB,-8.888594223076751,5.0027218523546555
1,8,2017-05-18,CESC,-14.919561430474438,4.897002472228766
1,8,2021-08-20,TATASTEEL,-8.528508023216098,5.213480641418807
1,8,2021-09-20,TATASTEEL,-9.83776576042671,4.617008520880192
1,8,2026-08-31,ADANIENSOL,-10.37055773365373,4.668925582538778
1,8,2015-02-04,SUNDRMFAST,-8.280701754385955,5.138669295970867
1,8,2008-01-21,WELCORP,-14.522821576763489,6.011839830543927
1,8,2012-12-13,KTKBANK,-14.477211796246648,4.823064834004068
1,8,2014-11-14,BALKRISIND,-16.54989127808649,4.945157207310551
1,8,2010-01-25,MCLEODRUSS,-8.237360921335146,4.53051988215662
1,8,2009-07-06,BANKBARODA,-9.039548022598854,5.426638247195276
1,8,2010-11-26,JINDALPOLY,-9.942257217847771,3.999467243615558
1,8,2024-06-04,NTPC,-15.454313425216949,5.060101889290303
1,8,2011-04-21,COROMANDEL,-9.730113636363635,5.392744732207857
1,8,2009-04-16,EMBDL,-8.86203423967774,5.84232478797118
1,8,2009-04-27,EMBDL,-11.475964793500326,5.770443779846666
1,8,2009-06-08,EMBDL,-9.937486527268803,6.115936420553041
1,8,2021-12-16,FLUOROCHEM,-8.442588726513566,4.689472490737349
1,8,2024-04-29,BSE,-13.67629193533314,5.610317551681146
1,8,2020-08-31,NAVINFLUOR,-8.518067207198754,4.936384898915637
1,8,2008-01-22,SHRIRAMFIN,-13.375796178343947,6.419028516692027
1,8,2021-04-08,ATGL,-9.999093874592235,4.617074322719153
1,8,2021-04-12,ATGL,-9.363415861974278,4.52109272482026
1,8,2021-05-14,ATGL,-9.162891621302682,5.105628867293321
1,8,2022-12-23,ATGL,-8.980585941349561,5.192975722879447
1,8,2018-02-01,VAKRANGEE,-19.999999999999996,4.693772190912057
1,8,2009-05-26,PFC,-8.247925817471923,4.774367846218383
1,8,2024-02-09,PFC,-8.472948458008744,5.0507022879426735
1,8,2024-05-06,PFC,-8.8770943906754,5.618245620858672
1,8,2024-06-04,PFC,-23.080389329488092,5.8405047659078635
1,8,2009-04-16,IIFL,-15.691007845503924,5.949494186465396
1,8,2009-06-08,IIFL,-10.503144654088048,7.6755243183586455
1,8,2009-06-15,IIFL,-9.883502442690716,4.586944737664541
1,8,2009-06-17,IIFL,-8.747514910536779,4.312691348906219
1,8,2009-07-06,IIFL,-9.394654088050313,4.3952408418561
1,8,2023-10-23,SUPREMEIND,-8.312649822864282,5.626288449177806
1,8,2009-04-16,NIITLTD,-8.595041322314046,5.33695825252688
1,8,2009-04-22,NIITLTD,-8.176100628930827,5.639126993341169
1,8,2009-05-26,NIITLTD,-10.844370860927155,7.743340329189012
1,8,2009-06-08,NIITLTD,-9.970887918486182,8.147953834024694
1,8,2023-05-23,NCC,-8.489722966934766,4.8734097966468415
1,8,2023-09-12,NCC,-8.65617433414042,4.66253954403338
1,8,2021-04-30,INDIAMART,-9.832225423690355,5.159056093085828
1,8,2008-01-22,GMDCLTD,-9.993708561196346,5.392220598932413
1,8,2008-01-24,GMDCLTD,-8.802946593001849,4.923770239430946
1,8,2021-10-20,DIXON,-8.948141156730106,5.645553641817046
1,8,2024-06-04,DIXON,-10.46530447096905,5.414791460694245
1,8,2024-02-12,HUDCO,-9.992505620784408,4.977067684262735
1,8,2024-03-13,HUDCO,-9.980806142034549,4.817405215706568
1,8,2024-06-04,HUDCO,-19.99303378613725,6.188795158396376
1,8,2007-10-19,JINDALSTEL,-8.553157474020779,4.982483430063076
1,8,2007-11-21,JINDALSTEL,-8.655737704918032,4.086539818541236
1,8,2007-12-17,JINDALSTEL,-10.008662247664956,5.21742018554197
1,8,2008-01-21,JINDALSTEL,-26.751433038040638,5.049665025462109
1,8,2008-01-24,JINDALSTEL,-10.91992058239576,4.277793978056115
1,8,2021-05-14,JINDALSTEL,-8.607095926412622,4.76194848800234
1,8,2014-07-08,CANFINHOME,-8.9278220730172,5.002882388580178
1,8,2014-07-25,CANFINHOME,-9.624724061810152,4.742512845939053
1,8,2015-01-23,CANFINHOME,-9.906542056074763,5.709877476698532
1,8,2007-10-19,KOTAKBANK,-8.791208791208794,4.676221057400957
1,8,2007-12-17,KOTAKBANK,-8.069620253164555,4.69824494346484
1,8,2008-01-21,KOTAKBANK,-14.387211367673169,4.591261867462312
1,8,2010-10-29,3MINDIA,-8.505450542687043,5.328041092194144
1,8,2008-01-21,ABAN,-15.883228938124528,4.696732695812238
1,8,2008-01-21,DIVISLAB,-10.85943030095926,4.930120649833947
1,8,2008-01-22,RAJESHEXPO,-18.748944791490796,5.093612629428898
1,8,2010-10-06,VIPIND,-18.180065548486613,5.172908325064425
1,8,2012-04-13,ASTRAZEN,-8.424306830257944,5.653991211181163
1,8,2012-05-14,ASTRAZEN,-8.069709637329126,4.695852282530277
1,8,2009-05-19,HEROMOTOCO,-10.610538455993657,5.583925932830501
1,8,2024-05-09,MOTILALOFS,-8.305626598465466,4.918816590152054
1,8,2024-06-04,MOTILALOFS,-12.52316764953666,4.560639011436321
1,8,2009-07-06,LICHSGFIN,-8.910815358727254,6.133131770448201
1,8,2021-03-15,APLAPOLLO,-8.98970219871973,4.520001818218874
1,8,2026-07-03,GVT&D,-8.735589284233225,4.900512974214888
1,8,2024-02-12,NBCC,-10.003315310346505,4.459795113729484
1,8,2024-06-04,BHEL,-20.838015732862413,4.96763775445173
1,8,2014-10-16,AARTIIND,-8.067975581587195,4.833995921605965
1,8,2024-10-17,BAJAJ-AUTO,-12.890646856532905,4.804018510999472
1,8,2025-06-24,GRSE,-8.872791822944992,5.367729352034837
1,8,2020-08-31,DEEPAKNTR,-8.605242043327078,6.223148101745505
1,8,2021-10-20,DEEPAKNTR,-12.673023685020002,5.413312184627539
1,8,2012-05-08,VSTIND,-9.604466254355714,5.004684304694697
1,8,2012-09-04,BLUEDART,-11.692808057493565,4.5547968817207565
1,8,2024-05-13,TMPV,-8.30176767676768,5.117030230025901
1,8,2024-09-12,GRANULES,-16.521353627900115,5.032659589252179
1,8,2017-10-25,EDELWEISS,-8.363516628251555,4.9604849727927975
1,8,2019-05-15,ABFRL,-8.289817232375974,5.242046124613863
1,8,2013-02-07,STAR,-12.691292352275664,4.992636427214431
1,8,2024-02-07,NLCINDIA,-9.599435327333705,5.132556070286383
1,8,2024-02-12,NLCINDIA,-15.413533834586456,4.603403959996828
1,8,2025-07-24,COFORGE,-9.390712007352542,4.750775191922671
1,8,2022-12-23,MAZDOCK,-11.516108654453571,4.557240994554826
1,8,2023-09-12,MAZDOCK,-8.81945208493784,5.554357038443385
1,10,2020-02-01,SBILIFE,-10.159943667639071,4.721532641111766
1,10,2009-04-22,NOIDATOLL,-10.66878980891719,5.450631928884069
1,10,2014-05-05,FSL,-12.061068702290079,5.6663669477252485
1,10,2020-02-17,MASFIN,-13.07602916306534,5.071015659431309
1,10,2024-01-11,POLYCAB,-21.038916090678672,4.587231708865716
1,10,2008-01-21,INDIAGLYCO,-12.77533039647577,5.171223924590983
1,10,2024-06-04,RECLTD,-25.194375516956168,5.393014535824445
1,10,2021-03-17,VAIBHAVGBL,-11.404380872967511,5.862168918112357
1,10,2014-10-17,ATUL,-10.417392516200962,5.350737771262285
1,10,2024-06-04,HAL,-17.8301555848416,6.368645915251575
1,10,2007-12-17,JSWSTEEL,-13.073437441485968,5.372182176985773
1,10,2008-01-21,JSWSTEEL,-11.632987438558162,4.78612073359744
1,10,2021-10-28,ADANIENT,-10.724609053497947,5.108106100391671
1,10,2013-12-20,MOTHERSON,-31.27962085308057,5.0776021118906
1,10,2023-09-12,RVNL,-10.369393139841687,5.731142078242464
1,10,2008-01-21,RELINFRA,-16.915071460526022,4.6492899729602115
1,10,2008-01-21,VEDL,-25.023169601482852,4.75952529422333
1,10,2018-02-02,BOMDYEING,-13.45068833220493,4.076652430391944
1,10,2009-10-30,MUNJALSHOW,-10.402097902097907,5.015906759567469
1,10,2024-02-12,IRFC,-13.500325309043593,4.810193250870263
1,10,2024-06-04,IRFC,-12.70177295580841,5.594837262927075
1,10,2017-08-10,RAIN,-13.959680486877135,5.06691663132136
1,10,2011-04-29,ELGIEQUIP,-11.156812339331612,5.145715185295049
1,10,2008-01-22,SOUTHBANK,-10.992907801418427,4.818505164418197
1,10,2010-05-03,SOUTHBANK,-12.25886745488488,4.966404942618328
1,10,2024-01-23,PRESTIGE,-11.677158622833606,4.829485671270374
1,10,2024-06-04,PRESTIGE,-12.877478100507144,5.134653849723468
1,10,2017-05-18,CESC,-14.919561430474438,4.897002472228766
1,10,2026-08-31,ADANIENSOL,-10.37055773365373,4.668925582538778
1,10,2008-01-21,WELCORP,-14.522821576763489,6.011839830543927
1,10,2012-12-13,KTKBANK,-14.477211796246648,4.823064834004068
1,10,2014-11-14,BALKRISIND,-16.54989127808649,4.945157207310551
1,10,2024-06-04,NTPC,-15.454313425216949,5.060101889290303
1,10,2009-04-27,EMBDL,-11.475964793500326,5.770443779846666
1,10,2024-04-29,BSE,-13.67629193533314,5.610317551681146
1,10,2008-01-22,SHRIRAMFIN,-13.375796178343947,6.419028516692027
1,10,2018-02-01,VAKRANGEE,-19.999999999999996,4.693772190912057
1,10,2024-06-04,PFC,-23.080389329488092,5.8405047659078635
1,10,2009-04-16,IIFL,-15.691007845503924,5.949494186465396
1,10,2009-06-08,IIFL,-10.503144654088048,7.6755243183586455
1,10,2009-05-26,NIITLTD,-10.844370860927155,7.743340329189012
1,10,2024-06-04,DIXON,-10.46530447096905,5.414791460694245
1,10,2024-06-04,HUDCO,-19.99303378613725,6.188795158396376
1,10,2007-12-17,JINDALSTEL,-10.008662247664956,5.21742018554197
1,10,2008-01-21,JINDALSTEL,-26.751433038040638,5.049665025462109
1,10,2008-01-24,JINDALSTEL,-10.91992058239576,4.277793978056115
1,10,2008-01-21,KOTAKBANK,-14.387211367673169,4.591261867462312
1,10,2008-01-21,ABAN,-15.883228938124528,4.696732695812238
1,10,2008-01-21,DIVISLAB,-10.85943030095926,4.930120649833947
1,10,2008-01-22,RAJESHEXPO,-18.748944791490796,5.093612629428898
1,10,2010-10-06,VIPIND,-18.180065548486613,5.172908325064425
1,10,2009-05-19,HEROMOTOCO,-10.610538455993657,5.583925932830501
1,10,2024-06-04,MOTILALOFS,-12.52316764953666,4.560639011436321
1,10,2024-02-12,NBCC,-10.003315310346505,4.459795113729484
1,10,2024-06-04,BHEL,-20.838015732862413,4.96763775445173
1,10,2024-10-17,BAJAJ-AUTO,-12.890646856532905,4.804018510999472
1,10,2021-10-20,DEEPAKNTR,-12.673023685020002,5.413312184627539
1,10,2012-09-04,BLUEDART,-11.692808057493565,4.5547968817207565
1,10,2024-09-12,GRANULES,-16.521353627900115,5.032659589252179
1,10,2013-02-07,STAR,-12.691292352275664,4.992636427214431
1,10,2024-02-12,NLCINDIA,-15.413533834586456,4.603403959996828
1,10,2022-12-23,MAZDOCK,-11.516108654453571,4.557240994554826
1,12,2014-05-05,FSL,-12.061068702290079,5.6663669477252485
1,12,2020-02-17,MASFIN,-13.07602916306534,5.071015659431309
1,12,2024-01-11,POLYCAB,-21.038916090678672,4.587231708865716
1,12,2008-01-21,INDIAGLYCO,-12.77533039647577,5.171223924590983
1,12,2024-06-04,RECLTD,-25.194375516956168,5.393014535824445
1,12,2024-06-04,HAL,-17.8301555848416,6.368645915251575
1,12,2007-12-17,JSWSTEEL,-13.073437441485968,5.372182176985773
1,12,2013-12-20,MOTHERSON,-31.27962085308057,5.0776021118906
1,12,2008-01-21,RELINFRA,-16.915071460526022,4.6492899729602115
1,12,2008-01-21,VEDL,-25.023169601482852,4.75952529422333
1,12,2018-02-02,BOMDYEING,-13.45068833220493,4.076652430391944
1,12,2024-02-12,IRFC,-13.500325309043593,4.810193250870263
1,12,2024-06-04,IRFC,-12.70177295580841,5.594837262927075
1,12,2017-08-10,RAIN,-13.959680486877135,5.06691663132136
1,12,2010-05-03,SOUTHBANK,-12.25886745488488,4.966404942618328
1,12,2024-06-04,PRESTIGE,-12.877478100507144,5.134653849723468
1,12,2017-05-18,CESC,-14.919561430474438,4.897002472228766
1,12,2008-01-21,WELCORP,-14.522821576763489,6.011839830543927
1,12,2012-12-13,KTKBANK,-14.477211796246648,4.823064834004068
1,12,2014-11-14,BALKRISIND,-16.54989127808649,4.945157207310551
1,12,2024-06-04,NTPC,-15.454313425216949,5.060101889290303
1,12,2024-04-29,BSE,-13.67629193533314,5.610317551681146
1,12,2008-01-22,SHRIRAMFIN,-13.375796178343947,6.419028516692027
1,12,2018-02-01,VAKRANGEE,-19.999999999999996,4.693772190912057
1,12,2024-06-04,PFC,-23.080389329488092,5.8405047659078635
1,12,2009-04-16,IIFL,-15.691007845503924,5.949494186465396
1,12,2024-06-04,HUDCO,-19.99303378613725,6.188795158396376
1,12,2008-01-21,JINDALSTEL,-26.751433038040638,5.049665025462109
1,12,2008-01-21,KOTAKBANK,-14.387211367673169,4.591261867462312
1,12,2008-01-21,ABAN,-15.883228938124528,4.696732695812238
1,12,2008-01-22,RAJESHEXPO,-18.748944791490796,5.093612629428898
1,12,2010-10-06,VIPIND,-18.180065548486613,5.172908325064425
1,12,2024-06-04,MOTILALOFS,-12.52316764953666,4.560639011436321
1,12,2024-06-04,BHEL,-20.838015732862413,4.96763775445173
1,12,2024-10-17,BAJAJ-AUTO,-12.890646856532905,4.804018510999472
1,12,2021-10-20,DEEPAKNTR,-12.673023685020002,5.413312184627539
1,12,2024-09-12,GRANULES,-16.521353627900115,5.032659589252179
1,12,2013-02-07,STAR,-12.691292352275664,4.992636427214431
1,12,2024-02-12,NLCINDIA,-15.413533834586456,4.603403959996828
3,5,2020-02-01,SBILIFE,-11.381226433816227,4.79366548177506
3,5,2009-05-21,IDEA,-9.348255431204755,5.518363336027671
3,5,2014-01-02,IDEA,-5.584950029394475,4.767425961279162
3,5,2014-01-17,IDEA,-9.715994020926754,5.265260309159175
3,5,2014-01-28,IDEA,-9.727626459143968,4.8374581524509495
3,5,2014-02-10,IDEA,-12.339688041594455,4.599389593004528
3,5,2009-06-18,ENGINERSIN,-8.747643732327992,5.713956678295841
3,5,2009-07-08,ENGINERSIN,-11.398901165247842,5.512702787154597
3,5,2009-07-23,ENGINERSIN,-6.635681487288625,5.356670486510809
3,5,2009-09-11,ENGINERSIN,-6.00572498073324,5.160880382336412
3,5,2009-10-26,ENGINERSIN,-5.830775975449365,5.133735386507361
3,5,2010-01-21,ENGINERSIN,-5.565429609783279,7.3524711465912205
3,5,2010-02-25,ENGINERSIN,-6.310768108896447,4.825457305038889
3,5,2010-03-30,ENGINERSIN,-13.712026140695654,5.78530131265957
3,5,2010-05-05,ENGINERSIN,-6.77994902293968,5.523802211753768
3,5,2010-05-21,ENGINERSIN,-13.066025803187465,4.27234387025069
3,5,2011-06-03,OSWALGREEN,-6.178608515057116,6.783405374637678
3,5,2024-10-22,POWERINDIA,-12.163149851448974,5.71584459104389
3,5,2024-11-13,POWERINDIA,-13.662313426191385,5.010827104342187
3,5,2026-05-12,POWERINDIA,-7.483870967741934,5.024331791682218
3,5,2026-06-03,POWERINDIA,-8.46664065548186,5.376641842348395
3,5,2026-06-10,POWERINDIA,-9.777596962299972,5.272437153214115
3,5,2026-06-24,POWERINDIA,-7.944685466377443,4.996618143364909
3,5,2026-07-03,POWERINDIA,-11.111111111111116,4.769327676785702
3,5,2009-04-20,DSKULKARNI,-11.838006230529597,6.004800161654785
3,5,2007-10-09,BLUESTARCO,-5.289634146341471,4.483372662692179
3,5,2007-12-19,BLUESTARCO,-6.609459597507394,5.007337662663205
3,5,2008-01-11,BLUESTARCO,-5.538849548937829,5.040609824334103
3,5,2008-01-21,BLUESTARCO,-6.559885737604576,5.09890449717985
3,5,2021-12-02,TRIDENT,-14.168190127970748,7.069531393398501
3,5,2021-12-21,TRIDENT,-11.508282476024412,5.857974290816672
3,5,2022-01-19,TRIDENT,-5.246913580246915,5.860730395921124
3,5,2022-01-27,TRIDENT,-5.128205128205121,5.934980760951248
3,5,2022-02-14,TRIDENT,-9.698996655518389,4.940955676971078
3,5,2022-02-21,TRIDENT,-7.7661431064572355,4.887899271992045
3,5,2012-02-23,AMBUJACEM,-6.8457538994800675,4.543743771936366
3,5,2009-04-20,NOIDATOLL,-9.106529209622005,5.025668845719543
3,5,2009-04-24,NOIDATOLL,-8.439490445859866,5.450631928884069
3,5,2009-05-15,NOIDATOLL,-5.782312925170063,5.014848986647148
3,5,2009-06-08,NOIDATOLL,-7.1084337349397675,4.878157442466387
3,5,2015-03-25,BOSCHLTD,-5.831348017363592,5.287740295618141
3,5,2015-04-27,BOSCHLTD,-11.395212977622737,4.957518256228271
3,5,2015-05-07,BOSCHLTD,-7.823238571573221,4.755235762438316
3,5,2015-06-03,BOSCHLTD,-8.260663827485981,4.822065613902048
3,5,2015-06-09,BOSCHLTD,-6.274849214291511,4.724508655115656
3,5,2026-07-24,SYRMA,-6.264551804423757,4.934981574202444
3,5,2017-05-18,FEDERALBNK,-5.245202558635398,4.884456573445103
3,5,2017-08-10,FEDERALBNK,-8.558951965065498,5.008723375560805
3,5,2022-12-23,RHIM,-10.765691363850872,5.264138643640683
3,5,2017-05-05,TATACOMM,-10.213053770713564,4.817604199075324
3,5,2025-07-08,DEEPAKFERT,-7.577072126785822,5.511120502559846
3,5,2025-08-08,DEEPAKFERT,-5.043916300697504,5.000750271350654
3,5,2025-08-29,DEEPAKFERT,-7.572427572427576,4.817858897233428
3,5,2021-02-22,BAJAJELEC,-9.185537899341112,4.907667579628935
3,5,2021-03-17,BAJAJELEC,-7.42329264269218,5.015698691010341
3,5,2021-05-06,BAJAJELEC,-6.232857277972192,5.607791294639992
3,5,2009-04-27,DONEAR,-10.352422907488979,5.3789664043328225
3,5,2009-06-02,DONEAR,-12.177985948477755,7.206230123767243
3,5,2009-06-08,DONEAR,-7.53512132822477,6.147699047117904
3,5,2021-11-22,CENTURYPLY,-9.889874141876442,5.1020041178880895
3,5,2021-11-29,CENTURYPLY,-10.064436943847788,4.877132287288683
3,5,2021-12-20,CENTURYPLY,-11.672025723472668,4.719427483475467
3,5,2022-01-24,CENTURYPLY,-6.173598831398475,4.907698435557857
3,5,2022-02-14,CENTURYPLY,-9.206100899491599,5.1125931406543925
3,5,2009-04-17,FSL,-7.853403141361259,5.15683263062037
3,5,2009-04-29,FSL,-9.011627906976738,4.494242054212285
3,5,2009-06-08,FSL,-10.815602836879435,5.035011048944793
3,5,2014-02-20,FSL,-5.772495755517825,5.527246575386015
3,5,2014-04-10,FSL,-5.820105820105825,5.048131577145357
3,5,2014-05-05,FSL,-14.54005934718101,5.904812020350088
3,5,2014-05-19,FSL,-9.24956369982548,4.7554587852944525
3,5,2014-07-11,FSL,-7.525510204081643,5.011686723516682
3,5,2014-08-13,FSL,-6.812339331619532,5.133865136948235
3,5,2021-03-09,FSL,-5.002315886984721,4.809401196060256
3,5,2021-03-26,FSL,-6.547359231776517,5.2755568028695174
3,5,2021-04-12,FSL,-8.660130718954251,4.992122630074982
3,5,2021-04-22,FSL,-5.015002143163317,4.786220956481133
3,5,2021-05-11,FSL,-5.992366412213734,5.02477609572333
3,5,2021-07-30,FSL,-9.374273086764351,5.40805547284941
3,5,2021-08-11,FSL,-8.824273072060674,4.889460250457015
3,5,2021-08-23,FSL,-10.538060996776588,5.084015705686676
3,5,2025-07-01,FSL,-6.638841789487426,5.076789194317912
3,5,2020-02-18,MASFIN,-17.38741526683342,5.493507046786092
3,5,2020-03-02,MASFIN,-7.963555194805205,5.190778505331027
3,5,2021-10-21,POLYCAB,-10.655671761866458,4.820375079823385
3,5,2021-11-22,POLYCAB,-6.503455083909171,5.15117663033241
3,5,2021-12-17,POLYCAB,-8.925914323752849,5.165912073171475
3,5,2022-01-25,POLYCAB,-7.664478591675373,5.115638973848268
3,5,2022-02-08,POLYCAB,-5.054412088903137,4.897147409434432
3,5,2022-02-14,POLYCAB,-6.172156669944284,5.173135252989083
3,5,2023-10-26,POLYCAB,-6.80083408260479,4.83410991537692
3,5,2024-01-11,POLYCAB,-27.42760911259765,5.00469558370347
3,5,2024-01-23,POLYCAB,-5.9985798176305565,4.18003657531252
3,5,2009-11-23,DHAMPURSUG,-8.320251177394045,5.470691042912973
3,5,2010-01-14,DHAMPURSUG,-6.39853747714808,5.619126220562089
3,5,2010-01-21,DHAMPURSUG,-8.281249999999996,5.154644021606184
3,5,2010-01-29,DHAMPURSUG,-6.168300653594782,5.185265248857672
3,5,2010-02-05,DHAMPURSUG,-11.083017277707551,5.191495835677987
3,5,2010-02-23,DHAMPURSUG,-14.95154591601291,4.850999628884275
3,5,2008-01-22,INDIAGLYCO,-26.304801670146137,5.183632875156892
3,5,2024-08-14,TORNTPOWER,-6.301981579681836,4.870936332080388
3,5,2024-08-23,TORNTPOWER,-6.9741563969176745,4.848407610559709
3,5,2024-09-05,TORNTPOWER,-5.251535826515297,4.69275200421709
3,5,2024-10-28,TORNTPOWER,-6.538068472151259,5.510753070650469
3,5,2024-11-05,TORNTPOWER,-6.139700837107176,5.343578359894232
3,5,2024-11-14,TORNTPOWER,-7.216188067251894,4.685174240359684
3,5,2019-05-08,MUTHOOTFIN,-6.370382723255219,4.865693138354947
3,5,2025-08-26,LLOYDSME,-6.039063622002006,4.645816968742193
3,5,2014-12-17,HONAUT,-6.66868857549302,4.965559598606252
3,5,2015-03-12,HONAUT,-5.031784450887045,5.004427098170094
3,5,2015-04-22,HONAUT,-9.61386132804477,5.11575813793459
3,5,2015-05-07,HONAUT,-6.0283295703717155,4.742519604849402
3,5,2015-05-26,HONAUT,-6.43149865683641,4.678812824270951
3,5,2015-06-03,HONAUT,-5.812220566318915,4.49313343652994
3,5,2013-11-11,BRITANNIA,-7.265409870790085,4.986474807996022
3,5,2023-10-23,MAHABANK,-13.762486126526074,4.8954035061719745
3,5,2022-02-15,GRINDWELL,-5.751649114685808,4.792351506956058
3,5,2012-07-13,DCW,-8.571428571428562,5.093951865271956
3,5,2012-07-27,DCW,-6.725146198830423,4.572500876992872
3,5,2012-08-09,DCW,-10.659898477157348,5.004151978989024
3,5,2012-08-29,DCW,-8.009708737864084,4.979669374160096
3,5,2012-09-17,DCW,-7.174887892376692,5.503251258773654
3,5,2012-11-06,DCW,-5.378486055776898,5.523778763254548
3,5,2012-11-20,DCW,-11.181434599156114,4.896127068181448
3,5,2012-12-17,DCW,-6.029106029106024,5.165708960326981
3,5,2012-12-26,DCW,-5.58035714285714,4.787996602735692
3,5,2013-01-24,DCW,-6.476683937823835,4.540027096743878
3,5,2013-02-07,DCW,-6.434316353887393,4.999057511166746
3,5,2013-02-14,DCW,-10.220994475138124,4.9984202200121075
3,5,2009-10-06,EICHERMOT,-6.749892380542399,5.608366006628286
3,5,2009-11-03,EICHERMOT,-5.918087399568883,4.588821090780253
3,5,2009-11-25,EICHERMOT,-5.1450967311541085,5.222935603989673
3,5,2010-01-07,EICHERMOT,-5.4836083771183315,5.421769019595305
3,5,2010-01-13,EICHERMOT,-6.103213844252153,5.1316997725555025
3,5,2010-01-27,EICHERMOT,-6.75631354542473,4.799775907887581
3,5,2010-02-05,EICHERMOT,-7.990907501311417,4.745727630327886
3,5,2011-05-04,EICHERMOT,-7.964247064010587,4.902952801559116
3,5,2012-04-25,EICHERMOT,-5.233518872847453,5.269659079022273
3,5,2012-05-04,EICHERMOT,-5.335055495960949,5.295295292625682
3,5,2012-05-15,EICHERMOT,-8.729472774416603,5.0646163838479135
3,5,2012-06-05,EICHERMOT,-6.6750931636411215,5.193138278850467
3,5,2012-11-19,EICHERMOT,-9.618397385064693,5.303418774202418
3,5,2012-12-07,EICHERMOT,-5.999615633244238,5.5630349959881
3,5,2013-12-06,EICHERMOT,-6.014305873193515,6.3250010179598775
3,5,2014-04-16,EICHERMOT,-5.152293288033816,5.228793850163367
3,5,2014-05-28,EICHERMOT,-6.762866375111676,5.2060742136563976
3,5,2014-07-09,EICHERMOT,-5.195737365200825,5.35034894679488
3,5,2014-09-17,EICHERMOT,-5.1423011028127625,5.313419975747459
3,5,2014-12-09,EICHERMOT,-6.98742871954382,5.874826631469467
3,5,2015-02-09,EICHERMOT,-5.050409874682005,4.952793866776644
3,5,2015-02-23,EICHERMOT,-5.696482625550969,5.24404473769673
3,5,2015-04-21,EICHERMOT,-9.64122445886899,5.048376194543685
3,5,2015-05-28,EICHERMOT,-6.191911711016306,6.365072109931444
3,5,2015-06-04,EICHERMOT,-7.807582317511541,6.138098896633745
3,5,2025-06-20,ERIS,-9.011579124014101,5.487376348049368
3,5,2025-08-07,ERIS,-6.017414452886694,5.005974037767462
3,5,2020-07-16,DMART,-10.156896976208053,4.759190555239269
3,5,2026-07-20,HFCL,-6.746458669535594,4.9284136188793095
3,5,2026-07-27,HFCL,-11.6383662230381,4.870886176880498
3,5,2026-09-03,HFCL,-11.50989602151833,5.710433393242276
3,5,2020-02-01,NAUKRI,-5.533492189568423,5.273260755954024
3,5,2020-02-26,NAUKRI,-8.105967259285352,4.794006762115721
3,5,2009-12-17,RECLTD,-6.722238497064703,5.091244903565418
3,5,2010-01-27,RECLTD,-9.739964832956549,4.98839417182166
3,5,2010-02-08,RECLTD,-5.112613724601312,4.722900801388311
3,5,2017-04-18,RECLTD,-5.659008464328908,5.632510052934848
3,5,2017-06-02,RECLTD,-7.656781720952843,4.861163335081468
3,5,2017-06-27,RECLTD,-8.587631650013506,4.875720248817824
3,5,2023-09-13,RECLTD,-9.531741625023127,5.308610383688073
3,5,2023-10-26,RECLTD,-7.6776098662497905,4.916905550499949
3,5,2023-12-22,RECLTD,-6.5609559921865905,5.394483204208137
3,5,2024-02-12,RECLTD,-10.893909626719056,5.062105811504095
3,5,2024-02-28,RECLTD,-8.050436469447131,4.598966751242485
3,5,2024-03-15,RECLTD,-7.61116856256463,5.4124398779683
3,5,2024-04-09,RECLTD,-6.963494408102977,4.923011448136398
3,5,2024-05-07,RECLTD,-8.458205452247691,5.843804978750288
3,5,2024-06-06,RECLTD,-18.924731182795696,5.393014535824445
3,5,2024-07-19,RECLTD,-5.5779092702169635,5.15796056133634
3,5,2024-08-05,RECLTD,-10.112533954210324,5.186188807417112
3,5,2024-09-09,RECLTD,-5.539101897062359,5.044715534388625
3,5,2017-02-09,CUB,-9.966134494436375,4.999999999999997
3,5,2021-01-11,VAIBHAVGBL,-7.975117201586734,5.234269900383421
3,5,2021-03-19,VAIBHAVGBL,-16.138032776370213,5.862168918112357
3,5,2021-03-30,VAIBHAVGBL,-9.808430060987606,5.143822724556479
3,5,2021-04-19,VAIBHAVGBL,-10.844666747817232,5.62398929533936
3,5,2021-05-14,VAIBHAVGBL,-11.939225952160982,5.006391211964707
3,5,2017-03-09,HINDALCO,-5.186670007516925,5.010800682154796
3,5,2017-04-17,HINDALCO,-7.635530669381518,4.991681210823497
3,5,2017-05-05,HINDALCO,-7.215980024968783,4.881048018315459
3,5,2026-06-08,HINDALCO,-6.717007638949868,5.254596092289975
3,5,2026-06-12,HINDALCO,-5.117488622643263,4.9966964579980235
3,5,2026-06-25,HINDALCO,-6.014592782488659,4.445656081710422
3,5,2021-03-18,HINDCOPPER,-10.718273167100845,4.7322108367810385
3,5,2021-03-26,HINDCOPPER,-5.009633911368017,4.490760808796928
3,5,2021-04-12,HINDCOPPER,-9.638554216867467,5.364278563966322
3,5,2021-04-22,HINDCOPPER,-8.324941255454831,5.534009017486402
3,5,2021-05-14,HINDCOPPER,-9.571655208884188,5.006391211964707
3,5,2021-05-21,HINDCOPPER,-5.454545454545457,4.765855400081287
3,5,2021-06-02,HINDCOPPER,-6.578569376615928,4.55547076679959
3,5,2021-06-18,HINDCOPPER,-11.319593971085817,4.973422817266961
3,5,2021-06-30,HINDCOPPER,-6.580226904376019,4.837066904154449
3,5,2026-05-19,HINDCOPPER,-6.092835353285519,5.525160344246529
3,5,2026-06-08,HINDCOPPER,-7.196552988632199,4.882368900537677
3,5,2026-08-27,HINDCOPPER,-6.592353914482285,5.285718534108756
3,5,2024-07-22,APARINDS,-9.303523365417622,5.083105559361941
3,5,2024-08-05,APARINDS,-11.009924805512817,5.13089519636868
3,5,2026-07-03,APARINDS,-9.6909843899331,5.6528715056124
3,5,2026-08-17,APARINDS,-8.199999999999996,5.414171887752333
3,5,2026-09-02,APARINDS,-5.560860529124301,5.215736013967427
3,5,2022-12-23,GESHIP,-10.361694798484333,5.2691998817785235
3,5,2026-05-14,GESHIP,-6.15559628389053,5.085043506827235
3,5,2026-05-29,GESHIP,-13.933034089530505,5.179809369310277
3,5,2026-06-10,GESHIP,-6.571038251366124,4.594924080450638
3,5,2026-07-02,GESHIP,-6.650472689075626,5.064750477659056
3,5,2009-11-19,DABUR,-6.021919788028418,5.048752971320137
3,5,2013-11-07,DABUR,-5.6571911061075175,4.999978252889075
3,5,2025-08-08,RAMCOCEM,-7.690982688829551,4.947746941140388
3,5,2025-08-26,RAMCOCEM,-6.1094115529962245,4.66784193386734
3,5,2011-05-02,UCOBANK,-13.681060282171863,4.96575525777332
3,5,2014-04-16,TVSMOTOR,-8.368644067796616,4.935794564122481
3,5,2014-07-09,TVSMOTOR,-10.146198830409359,5.853763421384784
3,5,2014-07-25,TVSMOTOR,-14.796070259005656,5.046563941204164
3,5,2014-09-16,TVSMOTOR,-8.208142826039621,5.156294819643669
3,5,2014-11-17,TVSMOTOR,-6.200159489633183,4.945101645145313
3,5,2014-11-25,TVSMOTOR,-5.072773972602739,4.570930739622534
3,5,2015-01-21,TVSMOTOR,-6.090894893018895,5.724397635495764
3,5,2015-02-02,TVSMOTOR,-8.573717948717952,5.385577542936035
3,5,2015-02-24,TVSMOTOR,-8.642602948652767,4.756586268398618
3,5,2015-03-13,TVSMOTOR,-5.864406779661024,5.133176261033241
3,5,2015-03-20,TVSMOTOR,-5.225066195939987,4.917816135090376
3,5,2015-04-01,TVSMOTOR,-6.306306306306297,4.9506609631885805
3,5,2017-08-11,TVSMOTOR,-9.8269779942886,4.9917683177809105
3,5,2018-02-02,TVSMOTOR,-9.622522585615245,4.912163151930151
3,5,2022-11-21,TVSMOTOR,-6.262852033974065,5.112216336704
3,5,2024-03-15,TVSMOTOR,-7.854722197449393,5.15201637714162
3,5,2024-04-16,TVSMOTOR,-5.807189854105088,4.910788510204213
3,5,2009-11-26,SEAMECLTD,-6.214924132197053,5.714651619940626
3,5,2009-12-23,SEAMECLTD,-5.114279248698795,4.866462724262448
3,5,2010-01-27,SEAMECLTD,-9.329770652415947,4.567814732947956
3,5,2022-09-26,SOLARINDS,-10.645395778706613,5.534297457531109
3,5,2022-10-12,SOLARINDS,-6.853815862585466,6.009186476385475
3,5,2025-07-14,SOLARINDS,-7.811174403102649,4.973560573683402
3,5,2011-05-13,ATUL,-7.257203842049087,4.943706353936385
3,5,2011-06-20,ATUL,-6.1784287616511335,5.353463742366361
3,5,2012-12-26,ATUL,-7.726713630772664,4.8170328162653036
3,5,2013-01-08,ATUL,-5.02067336089781,4.5164765012074435
3,5,2013-01-18,ATUL,-6.013276064037476,4.656940728277476
3,5,2013-01-28,ATUL,-5.887011615628301,4.705302855985782
3,5,2013-02-13,ATUL,-6.594961788848009,4.930199513793774
3,5,2014-08-25,ATUL,-6.508253601093483,5.742328655746933
3,5,2014-09-29,ATUL,-5.777701307639371,5.434328663180894
3,5,2014-10-20,ATUL,-12.524644598941581,5.224787069366877
3,5,2014-10-28,ATUL,-5.136838808190747,4.6050173739830305
3,5,2014-11-26,ATUL,-5.625717566016075,5.026515777471648
3,5,2014-12-18,ATUL,-5.302798593057034,5.249968104903624
3,5,2015-01-06,ATUL,-5.765523262158522,5.330489635082682
3,5,2015-01-28,ATUL,-5.625248544882688,4.916495221109709
3,5,2015-03-09,ATUL,-5.364855649011135,4.717661959322138
3,5,2023-09-13,KALYANKJIL,-9.411764705882353,4.7038187372690015
3,5,2023-09-25,KALYANKJIL,-6.821811544604161,4.259092814293644
3,5,2023-11-16,KALYANKJIL,-7.262239313710994,5.078342909780661
3,5,2024-01-17,KALYANKJIL,-6.9979455572675935,5.192877779461629
3,5,2024-02-01,KALYANKJIL,-5.888153261022677,4.73574976860223
3,5,2024-05-30,KALYANKJIL,-5.314306802804769,4.825314502287306
3,5,2024-08-05,KALYANKJIL,-6.006213324128407,5.711279212907088
3,5,2024-09-27,KALYANKJIL,-8.458549222797917,5.75597164630131
3,5,2024-10-07,KALYANKJIL,-6.392054922348855,5.716406454654893
3,5,2024-10-22,KALYANKJIL,-7.162969576265366,5.116513377163375
3,5,2024-11-14,KALYANKJIL,-6.612396458154823,5.321988302505474
3,5,2016-10-19,MPHASIS,-5.419265737472257,5.014378266678008
3,5,2010-10-19,BAJFINANCE,-6.832298136645976,5.100541865186409
3,5,2010-11-29,BAJFINANCE,-6.578947368421051,5.015223345791401
3,5,2011-05-05,BAJFINANCE,-10.144927536231885,4.880119157746942
3,5,2013-01-24,BAJFINANCE,-6.474820143884896,5.1362740260019555
3,5,2019-05-08,BAJFINANCE,-6.137532133676082,5.12419228325316
3,5,2021-12-27,SFL,-7.20961281708945,4.9868218107188955
3,5,2014-07-11,AIAENG,-5.96107842503395,5.196928572346869
3,5,2014-08-26,AIAENG,-6.123031271399237,5.37505552215798
3,5,2014-09-17,AIAENG,-5.136252677726294,5.051873830661524
3,5,2014-12-08,AIAENG,-9.581618079475762,5.967588525925451
3,5,2015-01-08,AIAENG,-7.350758018804271,5.002526413043401
3,5,2015-02-09,AIAENG,-8.306288922024374,4.835268920930952
3,5,2020-02-12,WHIRLPOOL,-10.68018739251615,5.020400247935169
3,5,2007-11-22,STCINDIA,-14.258743030917397,6.963000070465028
3,5,2007-12-18,STCINDIA,-12.73067505424721,4.750533987814315
3,5,2008-01-10,STCINDIA,-14.261315115286088,5.005420262469153
3,5,2008-01-24,STCINDIA,-14.261029411764703,4.947953128157568
3,5,2022-09-27,HAL,-8.24908042049407,4.778095938117441
3,5,2022-11-10,HAL,-5.070384037173703,5.083309096678996
3,5,2022-12-23,HAL,-8.16126785747896,4.788661418303444
3,5,2023-06-23,HAL,-5.40831969236365,5.47101896932801
3,5,2024-02-13,HAL,-5.637349864393649,5.215207179632894
3,5,2024-03-13,HAL,-8.374280288186176,5.296210887078099
3,5,2024-05-07,HAL,-5.88265099310904,5.295340812304981
3,5,2024-06-04,HAL,-12.919366993217773,6.3514618320580185
3,5,2024-06-21,HAL,-6.558295457625885,5.460252051912755
3,5,2024-07-19,HAL,-12.79566181012245,4.841908710372551
3,5,2024-08-05,HAL,-6.738982499974611,4.2829330504691425
3,5,2024-09-19,HAL,-7.95131978204836,4.838670874507471
3,5,2024-10-07,HAL,-5.878764600890185,4.653724977392162
3,5,2024-10-24,HAL,-7.028541682818512,5.374646006253765
3,5,2024-11-14,HAL,-8.025969349866092,5.293126344720405
3,5,2007-10-22,ABB,-7.410044977511232,4.971826531963611
3,5,2007-11-22,ABB,-9.548095109429887,4.977596177120558
3,5,2007-12-19,ABB,-6.597186034392921,4.855545071974805
3,5,2022-09-16,ABB,-5.320273307828572,5.059149463824084
3,5,2022-10-24,ABB,-5.728314238952537,5.011765715630682
3,5,2023-07-21,ABB,-5.902000734827483,4.992789059453953
3,5,2026-05-12,KIRLOSENG,-9.653336419931724,4.871498299600537
3,5,2026-06-09,KIRLOSENG,-5.0566695727986115,5.400548922791572
3,5,2026-06-30,KIRLOSENG,-7.785926041504132,6.513348464221715
3,5,2026-07-20,KIRLOSENG,-7.973655869439156,5.295755489410219
3,5,2026-07-30,KIRLOSENG,-6.578774473303839,5.09515234995155
3,5,2026-08-11,KIRLOSENG,-6.554315443105518,4.854137534141784
3,5,2026-08-25,KIRLOSENG,-5.618343332868236,4.996944776926792
3,5,2010-09-22,KARURVYSYA,-9.108653220559537,4.754980292909459
3,5,2010-10-28,KARURVYSYA,-6.455862977602111,5.255086243488519
3,5,2010-11-16,KARURVYSYA,-5.594900849858342,4.883935547778775
3,5,2023-07-10,KARURVYSYA,-6.309148264984232,5.6780091248645235
3,5,2013-11-11,FINPIPE,-7.248368258330473,5.4886230424491655
3,5,2014-01-13,FINPIPE,-8.150183150183143,4.9425504208299955
3,5,2014-07-07,FINPIPE,-6.007008176205575,5.051090070143817
3,5,2014-07-21,FINPIPE,-5.684533970638439,5.216561372570841
3,5,2022-09-20,SCHAEFFLER,-10.691086493625512,5.146563252244601
3,5,2022-10-20,SCHAEFFLER,-10.338740603220009,5.1162826519026
3,5,2022-10-28,SCHAEFFLER,-11.289773556157101,4.682925568042267
3,5,2022-11-30,SCHAEFFLER,-9.066653070935725,5.00176930242777
3,5,2007-10-08,JSWSTEEL,-7.249971161610336,5.618978674914732
3,5,2007-10-18,JSWSTEEL,-13.603201945485866,5.446005356305822
3,5,2007-11-12,JSWSTEEL,-7.327909217428541,5.134165924611162
3,5,2007-11-22,JSWSTEEL,-7.129667624128033,5.040225709821955
3,5,2007-12-18,JSWSTEEL,-11.092814371257475,5.337010324039841
3,5,2008-01-09,JSWSTEEL,-8.232826428945994,4.87336478699978
3,5,2008-01-22,JSWSTEEL,-23.420893458912996,4.790173449218392
3,5,2010-05-04,JSWSTEEL,-7.1686478153272,4.793599886885429
3,5,2017-02-14,JSWSTEEL,-6.093467596178681,5.024827483919209
3,5,2021-05-14,JSWSTEEL,-6.794964739998677,5.006328907784342
3,5,2021-06-18,JSWSTEEL,-7.516204661426007,5.002719508102507
3,5,2021-08-10,JSWSTEEL,-5.384867343596467,5.342446612507704
3,5,2021-08-20,JSWSTEEL,-10.116195102737468,5.077754326747835
3,5,2021-09-20,JSWSTEEL,-9.10787339410033,4.834518495367666
3,5,2021-10-21,JSWSTEEL,-5.825649622799656,4.9618778356515305
3,5,2020-08-13,FDC,-5.1252352685681295,5.006537525432417
3,5,2020-08-24,FDC,-5.197873597164804,5.029386726477677
3,5,2020-09-01,FDC,-9.771743995226023,4.745604104378035
3,5,2020-09-21,FDC,-6.249114354541597,5.121793346573819
3,5,2020-10-05,FDC,-5.144342591325768,5.29819397497783
3,5,2020-10-12,FDC,-5.988023952095811,5.3289949034605195
3,5,2020-11-04,FDC,-6.158527749601506,5.019307062875053
3,5,2020-12-22,FDC,-7.610720940232197,4.6994604939187745
3,5,2007-10-19,ADANIENT,-14.342021980551234,4.899947678407057
3,5,2007-10-31,ADANIENT,-5.244540519295482,5.544066171975202
3,5,2007-11-22,ADANIENT,-6.710043771442087,5.164109334610691
3,5,2007-11-29,ADANIENT,-8.381357756043906,5.300995848363297
3,5,2007-12-18,ADANIENT,-5.238063108652147,5.580447558940958
3,5,2008-01-11,ADANIENT,-12.076192407801766,4.967747058136641
3,5,2008-01-22,ADANIENT,-14.143958476452168,4.642885048534744
3,5,2021-10-28,ADANIENT,-8.72328250698443,5.111392756673076
3,5,2021-11-30,ADANIENT,-5.683194383501544,5.504703319573067
3,5,2021-12-20,ADANIENT,-6.214520829657388,4.9045475490314185
3,5,2022-01-27,ADANIENT,-7.785914158053886,5.137729764726612
3,5,2022-02-14,ADANIENT,-6.685215821928104,5.240354295239331
3,5,2022-10-03,ADANIENT,-11.030501735233077,5.468480908960763
3,5,2022-12-23,ADANIENT,-12.558565697588032,5.317199098481261
3,5,2021-03-19,AFFLE,-10.122274045127956,4.961997765558825
3,5,2021-03-26,AFFLE,-6.832314881380297,4.631539221174273
3,5,2021-04-12,AFFLE,-7.869604980829436,5.096899596779402
3,5,2021-06-21,AFFLE,-10.332243742986769,4.873792511977894
3,5,2021-07-01,AFFLE,-8.327978128982371,4.398584816052543
3,5,2015-02-06,ZFCVINDIA,-5.638665132336018,5.18294227134238
3,5,2015-02-24,ZFCVINDIA,-5.587229190421894,5.216142308232017
3,5,2015-04-22,ZFCVINDIA,-6.315789473684208,5.004468311614717
3,5,2015-04-28,ZFCVINDIA,-5.2688172043010795,4.997205667467541
3,5,2025-08-25,FORTIS,-5.062503241869399,5.460197195410797
3,5,2023-07-12,CERA,-5.95866010812377,4.599981612205891
3,5,2023-09-06,CERA,-5.301530435875668,5.802148003349436
3,5,2021-04-15,GRASIM,-6.30208333333333,4.7950564302724255
3,5,2021-05-14,GRASIM,-5.36845384375757,5.004761459204231
3,5,2021-11-30,GRASIM,-5.9034951181548,4.678879360756979
3,5,2021-12-20,GRASIM,-5.160173668153023,4.88429276210063
3,5,2022-01-24,GRASIM,-6.410185441461391,4.781363609477006
3,5,2013-11-14,MOTHERSON,-6.510851419031716,5.316708115513719
3,5,2013-12-24,MOTHERSON,-34.59715639810427,5.0776021118906
3,5,2024-07-23,MOTHERSON,-5.667718963365386,5.144535774332423
3,5,2024-08-05,MOTHERSON,-10.71346814193056,4.773089833132234
3,5,2020-01-16,ADANIGREEN,-14.244810307802446,5.0
3,5,2020-01-24,ADANIGREEN,-5.933250927070455,4.715954868592654
3,5,2020-01-30,ADANIGREEN,-5.399737876802102,4.327787177691848
3,5,2020-02-13,ADANIGREEN,-6.280759315678464,5.005082826888914
3,5,2020-02-28,ADANIGREEN,-14.178897812240388,4.411995859055575
3,5,2020-07-02,ADANIGREEN,-5.229017738946251,5.0
3,5,2020-07-10,ADANIGREEN,-10.320241691842902,5.230971029452826
3,5,2020-07-23,ADANIGREEN,-8.472638948421196,4.292921897997106
3,5,2020-09-23,ADANIGREEN,-11.62109375,5.574637611216624
3,5,2020-10-08,ADANIGREEN,-7.11188204683435,5.002898852911821
3,5,2020-11-26,ADANIGREEN,-6.426332288401248,6.2554169688045285
3,5,2020-12-10,ADANIGREEN,-6.287005649717514,5.007591362314134
3,5,2021-01-12,ADANIGREEN,-13.070266202614988,4.79655624482824
3,5,2021-03-30,ADANIGREEN,-10.353506020830904,5.431298958593538
3,5,2021-04-12,ADANIGREEN,-9.241765591038288,5.002291177077884
3,5,2021-04-22,ADANIGREEN,-7.049431715677423,4.663846171783992
3,5,2021-05-27,ADANIGREEN,-6.932657334949866,6.145285706762015
3,5,2021-06-18,ADANIGREEN,-11.932849364791299,4.734285580272252
3,5,2021-07-05,ADANIGREEN,-14.254600408925244,4.474204724415611
3,5,2022-09-28,ADANIGREEN,-11.739139789573327,5.039718260017299
3,5,2022-11-22,ADANIGREEN,-5.5407590602111645,4.895678220391346
3,5,2009-05-26,SHREECEM,-6.511872342458558,5.0610181450787755
3,5,2009-08-11,SHREECEM,-10.086158732025762,6.337181590482677
3,5,2009-08-18,SHREECEM,-6.604039455143262,4.907341743452636
3,5,2009-10-06,SHREECEM,-6.369080021774631,5.0187775685757305
3,5,2009-10-22,SHREECEM,-6.5655301845480185,4.776186046867341
3,5,2010-01-25,SHREECEM,-7.949390174398719,5.45142900850509
3,5,2010-02-25,SHREECEM,-6.412620819908909,5.698896673848292
3,5,2010-05-04,SHREECEM,-6.198919208610587,4.713362077469753
3,5,2010-05-21,SHREECEM,-6.0402210984358495,5.130289002602171
3,5,2012-04-09,SHREECEM,-7.6544041133623,5.452412836342031
3,5,2012-04-23,SHREECEM,-6.394456901057033,4.78443445963214
3,5,2012-05-31,SHREECEM,-6.975306256521241,4.630397793094525
3,5,2012-07-10,SHREECEM,-5.435383664574056,6.1005948509571555
3,5,2012-11-15,SHREECEM,-6.553356721959203,5.051576534903911
3,5,2014-12-12,SHREECEM,-5.077350685167625,5.1198739979180665
3,5,2015-04-15,SHREECEM,-5.0325011945653975,5.01827552378536
3,5,2015-05-28,SHREECEM,-6.647544843529262,5.631374084208645
3,5,2020-02-06,LALPATHLAB,-7.375919117647056,5.109288492302453
3,5,2022-12-09,RVNL,-6.458333333333344,5.065962828471977
3,5,2022-12-23,RVNL,-14.1400407885792,5.168345824693846
3,5,2023-05-23,RVNL,-6.495655771617703,4.964650192904674
3,5,2023-07-31,RVNL,-7.560521415270028,5.184654283579985
3,5,2023-09-14,RVNL,-9.788918205804753,5.731142078242464
3,5,2023-09-21,RVNL,-6.670584778136934,5.339714431509666
3,5,2023-10-09,RVNL,-5.784399649430327,5.37516173069857
3,5,2023-10-26,RVNL,-9.955423476968795,4.997571209759631
3,5,2024-08-09,RVNL,-5.10942221408296,5.0368079559679595
3,5,2024-09-06,RVNL,-5.154038301415498,5.088350027334173
3,5,2024-09-19,RVNL,-6.436823766733902,4.748178409929513
3,5,2024-10-07,RVNL,-13.912712025919582,4.564188510866301
3,5,2023-08-14,FACT,-10.316014997321899,4.895536395763066
3,5,2023-09-21,FACT,-7.312985179957643,5.85594135209141
3,5,2023-10-23,FACT,-9.527418021493517,6.7399075673124145
3,5,2023-12-20,FACT,-6.035827975781771,5.159426746414844
3,5,2009-09-17,BIRLACORPN,-6.1009332872450805,4.896486049649681
3,5,2009-10-28,BIRLACORPN,-6.7762830094668765,4.887601491127693
3,5,2009-12-08,BIRLACORPN,-5.755181154018196,5.155713105532581
3,5,2010-01-21,BIRLACORPN,-5.770221535291087,5.525794043268252
3,5,2007-11-22,RELINFRA,-12.350739131622813,4.756296054718705
3,5,2007-11-29,RELINFRA,-7.138468413115118,4.827791057852523
3,5,2007-12-18,RELINFRA,-5.603200334675518,4.752016100296584
3,5,2008-01-22,RELINFRA,-25.508890043603017,4.603585606017811
3,5,2007-11-21,VEDL,-11.695447409733129,4.929717634602587
3,5,2007-12-19,VEDL,-7.335329341317365,5.3220838807921655
3,5,2008-01-11,VEDL,-7.468553459119498,5.051894926387098
3,5,2008-01-21,VEDL,-28.280141843971627,4.766196408465462
3,5,2010-01-27,VEDL,-8.947179302910534,4.829155132887895
3,5,2010-02-22,VEDL,-5.689593086064104,5.391358938038699
3,5,2010-04-13,VEDL,-7.317759639741062,5.196552045642417
3,5,2010-04-27,VEDL,-5.875227135069649,4.839197388785794
3,5,2010-05-04,VEDL,-9.752120026092637,4.4552226262775285
3,5,2010-05-20,VEDL,-10.300429184549365,4.766024094789647
3,5,2017-02-27,VEDL,-5.232558139534871,5.321017302946042
3,5,2017-03-08,VEDL,-6.057385759829959,5.269599784902334
3,5,2017-04-18,VEDL,-11.583011583011583,4.703037979212398
3,5,2017-05-08,VEDL,-8.109719737626708,4.158355720196698
3,5,2017-05-22,VEDL,-5.962219598583229,5.398352377853095
3,5,2017-06-02,VEDL,-7.0052539404553364,5.682791647764977
3,5,2024-10-17,VEDL,-5.586283185840724,4.747272913279298
3,5,2024-11-13,VEDL,-5.231327487148474,4.974835184459657
3,5,2026-05-11,VEDL,-5.6890012642225045,5.290420238408633
3,5,2026-06-08,VEDL,-7.297379646556978,5.3585248661282945
3,5,2026-06-25,VEDL,-10.593428151054452,4.681426574966844
3,5,2026-07-17,VEDL,-5.472543892416882,4.726971604428612
3,5,2026-09-02,VEDL,-5.9906233721132125,4.891357575993213
3,5,2021-12-20,LTTS,-6.815224913494811,4.915626859116622
3,5,2022-01-21,LTTS,-11.255419241767372,4.731916252381517
3,5,2022-02-07,LTTS,-7.016736401673629,4.214999802198303
3,5,2023-05-22,SIEMENS,-12.631136183689629,4.995517594498599
3,5,2009-06-22,BERGEPAINT,-8.429068921970073,4.764754099489784
3,5,2013-11-08,BERGEPAINT,-5.744740172003338,5.008665582512916
3,5,2014-01-13,BERGEPAINT,-6.151657294767487,5.001752367776712
3,5,2017-09-27,BOMDYEING,-13.019936007875966,7.088013005312577
3,5,2017-10-13,BOMDYEING,-12.007623888182973,5.156713640468372
3,5,2017-10-25,BOMDYEING,-5.893491124260352,4.452644618633901
3,5,2017-11-15,BOMDYEING,-9.584042811967898,4.982553180664193
3,5,2017-12-05,BOMDYEING,-8.754512635379063,5.363109717927312
3,5,2017-12-29,BOMDYEING,-5.492263220540739,6.713557479245737
3,5,2018-01-18,BOMDYEING,-11.765743517375194,4.815082958525382
3,5,2018-02-02,BOMDYEING,-17.081081081081084,4.1308087907989455
3,5,2015-01-30,TORNTPHARM,-6.958839206396206,4.696286198191726
3,5,2019-04-08,TORNTPHARM,-5.722614701788475,5.060357491944132
3,5,2020-08-13,TORNTPHARM,-7.03633585757939,5.006599832209049
3,5,2020-09-23,TORNTPHARM,-7.4870493342141025,4.7866693589445575
3,5,2020-10-28,TORNTPHARM,-6.875171467764051,4.909603501991406
3,5,2024-10-30,TORNTPHARM,-8.59489928193774,5.238214324840956
3,5,2017-10-24,BBTC,-5.6631115233016445,6.033227643093412
3,5,2017-11-08,BBTC,-5.420991926182239,5.6644993756673
3,5,2017-11-17,BBTC,-6.034760218860635,4.772356108928733
3,5,2018-01-18,BBTC,-8.200151101295994,5.076574516912815
3,5,2018-02-02,BBTC,-9.66937212325638,4.414807837575923
3,5,2012-10-16,SOBHA,-5.852516582130319,5.063369871174678
3,5,2012-11-12,SOBHA,-7.036219654679988,4.963346518578344
3,5,2012-11-20,SOBHA,-6.9318948078219815,4.823740341518282
3,5,2024-06-19,SOBHA,-6.641230200023118,5.101665118184105
3,5,2024-07-01,SOBHA,-6.799482409238511,4.780523486586673
3,5,2024-07-15,SOBHA,-6.975425796751377,5.01285536774913
3,5,2024-07-22,SOBHA,-8.679831034658259,4.808054146089975
3,5,2024-08-02,SOBHA,-5.402600240358346,4.459330190993123
3,5,2024-03-13,ETERNAL,-7.093749999999998,4.810521523545574
3,5,2024-04-16,ETERNAL,-5.307262569832416,5.128408510630866
3,5,2024-10-18,ETERNAL,-7.905562511178688,5.007908267506034
3,5,2009-08-03,PNB,-6.001949589193711,5.297238729399276
3,5,2009-08-10,PNB,-7.4346165148398535,4.858844087892606
3,5,2013-11-12,RCOM,-7.681314755269741,4.682132726346642
3,5,2013-11-22,RCOM,-5.873976504093981,4.6868807454148795
3,5,2013-12-13,RCOM,-5.730866884294528,4.91516061908884
3,5,2014-01-10,RCOM,-5.97763208638642,4.9708852722127785
3,5,2014-01-28,RCOM,-9.410007468259906,5.105075183988355
3,5,2014-02-11,RCOM,-5.4810725552050465,4.931306166039609
3,5,2014-02-21,RCOM,-6.459731543624159,4.837411957992622
3,5,2014-03-13,RCOM,-5.200165084605867,5.003620354878772
3,5,2014-05-05,RCOM,-10.39755351681958,4.736625897923725
3,5,2021-11-22,TATAPOWER,-6.891615541922292,5.043022838368256
3,5,2021-11-30,TATAPOWER,-10.708401976935743,5.068736967025021
3,5,2021-12-20,TATAPOWER,-8.229098090849241,4.910811425569497
3,5,2022-01-24,TATAPOWER,-7.625754527162975,5.2182702575187205
3,5,2022-02-14,TATAPOWER,-7.352941176470584,4.810738136184528
3,5,2024-10-22,PCBL,-9.005823627287857,4.724502451469297
3,5,2024-10-31,PCBL,-8.25985042973546,4.623236920174819
3,5,2009-06-18,GODREJCP,-8.081149011336953,4.864110082323598
3,5,2009-07-01,GODREJCP,-5.669572649572641,4.889081441779824
3,5,2009-08-07,GODREJCP,-6.979725498281953,6.16291661577082
3,5,2009-11-16,GODREJCP,-5.162298583387049,5.047888227091566
3,5,2009-12-18,GODREJCP,-5.89124788255223,4.885526920611417
3,5,2010-01-28,GODREJCP,-5.090838526986829,4.30694464235207
3,5,2012-05-11,GODREJCP,-5.844268989926493,5.037341970209609
3,5,2012-11-06,GODREJCP,-5.052888289409408,5.0267492905581594
3,5,2013-02-11,GODREJCP,-5.14067804117857,4.976844460525485
3,5,2007-10-08,APTECHT,-10.743488125275412,4.7143352685458755
3,5,2007-10-19,APTECHT,-13.751381604791145,4.495450893955644
3,5,2009-05-08,UNIONBANK,-8.63484341745211,4.8813213893641745
3,5,2009-05-22,UNIONBANK,-6.82208588957055,5.216321735844654
3,5,2009-06-18,UNIONBANK,-9.539918809201609,5.383193912413977
3,5,2009-07-08,UNIONBANK,-11.514904042466323,5.880132549327465
3,5,2009-07-24,UNIONBANK,-10.202445379835634,5.170064695142937
3,5,2009-08-12,UNIONBANK,-6.456801470588225,4.437010114298492
3,5,2009-10-26,UNIONBANK,-7.946892437944985,5.505396158359218
3,5,2009-11-05,UNIONBANK,-5.524752475247519,5.6167793288235925
3,5,2023-08-22,UNIONBANK,-5.309734513274334,5.494099860073578
3,5,2023-08-31,UNIONBANK,-7.472660996354785,5.273668407857492
3,5,2023-10-09,UNIONBANK,-9.219858156028382,6.107961958975346
3,5,2023-10-25,UNIONBANK,-7.978436657681942,4.931248815647485
3,5,2007-10-22,BHARTIARTL,-15.856217663446582,5.0737421366387
3,5,2007-11-02,BHARTIARTL,-10.462812893931206,4.24571101105106
3,5,2012-05-04,JUBLFOOD,-7.465834317529952,5.032647477127041
3,5,2012-06-04,JUBLFOOD,-8.891706621230732,5.668578981056923
3,5,2012-06-22,JUBLFOOD,-5.405967788921718,5.164955348327029
3,5,2012-07-26,JUBLFOOD,-7.88167399814359,5.032565903563239
3,5,2025-08-21,BAJAJHLDNG,-5.66687323555739,5.1673811864952395
3,5,2023-09-25,GLENMARK,-8.294419799206176,5.4840056947176485
3,5,2023-10-05,GLENMARK,-7.28229105786089,5.371804422429348
3,5,2023-10-25,GLENMARK,-5.339469205068403,4.81691243166985
3,5,2023-11-13,GLENMARK,-7.60744802958806,5.098112677872607
3,5,2024-11-13,GLENMARK,-7.626762676267617,4.889706643647425
3,5,2026-05-22,GLENMARK,-6.1016667359408245,4.94717525154975
3,5,2026-06-02,GLENMARK,-8.398674996855227,4.650900145257811
3,5,2010-08-27,SUDARCOLOR,-7.190026954177897,5.248721342695725
3,5,2015-02-23,BEL,-6.729882492934703,5.651996872220438
3,5,2015-03-10,BEL,-9.446128141837907,5.16943453283496
3,5,2015-03-20,BEL,-5.196210777696397,4.869812814593788
3,5,2015-04-15,BEL,-10.001527441695945,5.054102586521682
3,5,2015-04-28,BEL,-6.677447235620482,4.682456718815127
3,5,2015-05-08,BEL,-5.121084237116369,4.828995373866086
3,5,2015-06-03,BEL,-9.080147256096716,5.143414874279327
3,5,2022-10-03,FINEORG,-6.84266711614907,5.353967183733857
3,5,2022-11-01,FINEORG,-15.72260376231711,4.816602727121736
3,5,2022-11-09,FINEORG,-7.898801853645265,4.402082746560194
3,5,2020-02-25,NH,-5.81942661531879,5.015664932463284
3,5,2025-08-06,NH,-9.09277820611668,4.935170145030779
3,5,2011-06-10,ARVIND,-5.40983606557377,4.944883797776177
3,5,2011-06-21,ARVIND,-8.877721943048577,4.844515875970363
3,5,2012-02-24,ARVIND,-18.54014598540147,4.990458218426968
3,5,2012-03-06,ARVIND,-6.730769230769229,4.581377887961509
3,5,2012-03-16,ARVIND,-6.709265175718859,4.990603912610161
3,5,2012-03-26,ARVIND,-7.852564102564097,4.820751579193595
3,5,2014-05-19,ARVIND,-8.242950108459867,5.1327287962420005
3,5,2014-05-28,ARVIND,-7.937632884479084,4.928867309242347
3,5,2014-07-10,ARVIND,-12.916423144360023,5.002882388580178
3,5,2014-07-28,ARVIND,-10.709987966305645,4.86431739938967
3,5,2014-09-16,ARVIND,-6.031468531468532,4.985038654132916
3,5,2014-09-25,ARVIND,-8.254822790489014,4.9155398223630655
3,5,2014-10-07,ARVIND,-5.2730696798493515,4.8053487458910205
3,5,2014-11-11,ARVIND,-7.50806080147397,5.123790456669649
3,5,2026-08-19,HONASA,-5.210819411296741,5.280119437715996
3,5,2009-11-23,RENUKA,-5.911040107626331,5.312694692312891
3,5,2009-12-14,RENUKA,-7.548845470692722,5.0304506962573745
3,5,2010-01-12,RENUKA,-5.198650982972763,5.151698140699748
3,5,2010-01-20,RENUKA,-7.391267196445361,4.789142151798819
3,5,2010-01-29,RENUKA,-9.69884853852967,4.859440212027343
3,5,2010-02-05,RENUKA,-10.037878787878785,4.459796400042123
3,5,2023-12-08,RATNAMANI,-5.744214436670569,5.027390896951246
3,5,2010-11-16,UFLEX,-18.524021792966817,4.877008599958507
3,5,2010-11-26,UFLEX,-14.894882982943269,4.334562323790057
3,5,2009-06-08,MUNJALSHOW,-10.543478260869566,5.668222407512516
3,5,2009-07-08,MUNJALSHOW,-10.46770601336302,5.3650894590365645
3,5,2009-08-10,MUNJALSHOW,-11.140583554376649,5.569691750747639
3,5,2009-08-19,MUNJALSHOW,-7.015902712815714,5.126262752280891
3,5,2009-09-10,MUNJALSHOW,-7.59183673469388,5.005006785697151
3,5,2009-10-05,MUNJALSHOW,-6.661184210526317,4.639969242618826
3,5,2009-11-03,MUNJALSHOW,-22.073578595317723,5.195539785766753
3,5,2023-09-22,ZYDUSLIFE,-7.429281939695365,5.045319369601703
3,5,2024-08-14,ZYDUSLIFE,-10.023829656391737,5.0799341258692134
3,5,2024-08-26,ZYDUSLIFE,-8.062041222577033,4.679393579776229
3,5,2020-01-22,ICICIGI,-7.00176991150443,5.089643960106698
3,5,2020-02-26,ICICIGI,-8.175703296294923,4.968147453676158
3,5,2023-08-11,APOLLOTYRE,-9.643916913946581,4.996422228772144
3,5,2026-05-13,NETWEB,-11.060105829677536,5.4921553985197225
3,5,2026-06-09,NETWEB,-10.254955210571115,5.997088958088363
3,5,2026-06-30,NETWEB,-10.559716200236501,5.604619385104191
3,5,2026-07-08,NETWEB,-5.78217463974342,5.060263099687325
3,5,2026-08-26,NETWEB,-5.875736475629356,5.570385141768649
3,5,2023-09-21,IRFC,-6.1751732829237405,5.764333064195537
3,5,2023-10-09,IRFC,-5.1965356429047205,5.456088252706856
3,5,2023-10-25,IRFC,-9.407216494845361,5.195625318401285
3,5,2024-02-12,IRFC,-18.184615384615388,5.031925746876798
3,5,2024-03-06,IRFC,-5.514458641560182,5.001602003991945
3,5,2024-03-13,IRFC,-13.535142658315923,4.869687535742238
3,5,2024-05-07,IRFC,-5.726872246696035,5.154535683675594
3,5,2024-06-06,IRFC,-8.41492458322306,5.594837262927075
3,5,2024-07-25,IRFC,-10.27470916023072,5.21726175782674
3,5,2024-08-05,IRFC,-7.3689646269042175,4.688509454196144
3,5,2024-09-19,IRFC,-5.312271285679437,4.772831447879048
3,5,2024-10-07,IRFC,-7.0748036564954315,4.5173367496059065
3,5,2020-02-05,MANAPPURAM,-8.387622149837126,5.039011209173191
3,5,2020-03-02,MANAPPURAM,-8.910329171396135,5.5283946913743005
3,5,2014-01-17,BIOCON,-5.905338082843558,4.8932262656323235
3,5,2014-01-27,BIOCON,-11.973043897611902,4.913834733423147
3,5,2014-03-10,BIOCON,-5.882776686313019,4.873240972291463
3,5,2017-03-02,BIOCON,-8.145760912192902,5.085543068500298
3,5,2017-05-03,BIOCON,-7.852853696995988,4.907338309032628
3,5,2020-07-28,BIOCON,-7.273994887287937,5.0992785866020585
3,5,2020-09-23,BIOCON,-6.629955947136567,4.983367592338387
3,5,2020-10-15,BIOCON,-6.311466551388733,5.101387103366871
3,5,2020-10-26,BIOCON,-8.428116469517743,4.888551442400815
3,5,2012-02-13,KAJARIACER,-6.407487401007927,5.011617064540612
3,5,2012-05-07,KAJARIACER,-7.866666666666666,5.378841395308343
3,5,2012-05-17,KAJARIACER,-5.613616004777533,4.9734806292555245
3,5,2012-06-01,KAJARIACER,-5.115859163406555,4.732732938329754
3,5,2012-08-30,KAJARIACER,-6.572237960339944,4.737010722806682
3,5,2012-12-20,KAJARIACER,-6.76,5.113639101483299
3,5,2013-01-21,KAJARIACER,-8.64465682015637,5.073527324025499
3,5,2014-05-28,KAJARIACER,-8.281807889924231,5.57472692600286
3,5,2014-06-18,KAJARIACER,-8.272025838865959,4.869773729592558
3,5,2014-07-09,KAJARIACER,-5.337759038306267,4.30753776016555
3,5,2014-08-08,KAJARIACER,-5.620535363843326,4.951417068659718
3,5,2014-10-16,KAJARIACER,-7.104356939661615,5.095195110166834
3,5,2015-02-20,KAJARIACER,-9.00482619585803,5.016914431285211
3,5,2015-03-09,KAJARIACER,-5.640465793304217,4.922013787712458
3,5,2015-04-27,KAJARIACER,-8.423772609819125,5.279299914892167
3,5,2021-10-21,KAJARIACER,-6.062882686600812,5.251319434529848
3,5,2021-08-24,JSWENERGY,-11.96738022426096,4.862401409326574
3,5,2021-10-21,JSWENERGY,-5.333673599591693,4.880899542938232
3,5,2021-10-28,JSWENERGY,-6.847666176273915,5.021717367845585
3,5,2021-11-22,JSWENERGY,-8.715880893300243,4.9123224484132235
3,5,2021-11-30,JSWENERGY,-9.36908517350158,4.888662958728621
3,5,2022-12-23,COCHINSHIP,-20.120530333467258,4.722422596956873
3,5,2024-06-21,COCHINSHIP,-8.124353671147889,5.821585854380628
3,5,2024-07-19,COCHINSHIP,-7.339733663672976,4.839771104048992
3,5,2024-07-25,COCHINSHIP,-7.811710075458267,4.905711996540199
3,5,2024-08-06,COCHINSHIP,-11.233189939154375,4.5574030242727
3,5,2024-08-14,COCHINSHIP,-6.903941507689726,4.729649171920921
3,5,2024-08-30,COCHINSHIP,-8.403932516082047,4.00715348792613
3,5,2024-09-09,COCHINSHIP,-5.617191145212308,3.7403977191340343
3,5,2024-09-19,COCHINSHIP,-6.467703282617176,4.685760613439884
3,5,2024-09-25,COCHINSHIP,-5.468432599333717,4.779966638465731
3,5,2024-10-07,COCHINSHIP,-8.003518029903256,4.449362007726354
3,5,2017-03-10,RAIN,-5.849321478708469,5.181273187449493
3,5,2017-04-07,RAIN,-6.410835214446953,5.071153803369278
3,5,2017-05-09,RAIN,-10.212588578574412,5.329900161423692
3,5,2017-05-23,RAIN,-10.114503816793885,4.867708631801096
3,5,2017-06-06,RAIN,-5.563480741797444,4.865798550333671
3,5,2017-08-10,RAIN,-14.834337349397597,5.009125208088863
3,5,2017-09-14,RAIN,-6.541769041769041,5.464137173405667
3,5,2017-09-22,RAIN,-8.370165745856362,5.769955914460827
3,5,2017-11-17,RAIN,-14.23746427643543,5.847028245024735
3,5,2017-12-13,RAIN,-6.303687062243957,5.254795229054811
3,5,2018-01-16,RAIN,-6.477146042363435,4.879234397222548
3,5,2018-02-02,RAIN,-16.039403889871185,4.531135394687823
3,5,2010-10-22,M&MFIN,-6.072607260726071,5.450258286729196
3,5,2010-11-19,M&MFIN,-7.663451232583052,5.580300242526719
3,5,2010-11-25,M&MFIN,-7.114845938375347,5.4927764567120025
3,5,2011-05-03,M&MFIN,-8.378541289933693,4.791379979288106
3,5,2011-05-18,M&MFIN,-8.755760368663601,4.664882348559156
3,5,2011-06-15,M&MFIN,-6.927921623512945,4.892670042301816
3,5,2013-01-11,M&MFIN,-7.447202667654674,4.966173769176222
3,5,2013-01-22,M&MFIN,-9.115699259836374,4.7547162411373165
3,5,2013-11-01,M&MFIN,-5.906313645621186,5.382338363132481
3,5,2014-01-09,M&MFIN,-10.47540077390825,5.004062692668129
3,5,2014-01-23,M&MFIN,-12.164348107408607,4.232094885387169
3,5,2010-11-26,SUNDARMFIN,-8.587756380147182,5.0216029932417605
3,5,2012-12-13,SUNDARMFIN,-5.389610389610389,5.008186106264605
3,5,2014-10-10,SUNDARMFIN,-6.111576223456893,5.002355039858164
3,5,2015-04-21,SUNDARMFIN,-5.36265554883677,5.098369754233107
3,5,2015-05-07,SUNDARMFIN,-5.142451062730158,5.298650315108595
3,5,2015-06-03,SUNDARMFIN,-5.805714285714291,5.100698993008466
3,5,2018-01-18,TATACONSUM,-5.4334365325077405,5.105066710480764
3,5,2018-02-02,TATACONSUM,-9.588815789473681,5.052409248359313
3,5,2020-03-02,TATACONSUM,-7.3430876521263455,4.917786775528424
3,5,2010-09-15,VENKEYS,-10.889960353738083,5.3647996998712335
3,5,2010-09-23,VENKEYS,-7.295530459678712,5.171012888914608
3,5,2010-10-18,VENKEYS,-5.384274809160317,5.194009259841128
3,5,2010-10-27,VENKEYS,-11.734424666242859,5.123760281354479
3,5,2010-11-19,VENKEYS,-10.726012404232044,4.929168815310008
3,5,2010-11-16,TITAN,-8.102211016291704,5.348702864339381
3,5,2011-05-03,TITAN,-8.392015929289498,5.2974934241186835
3,5,2011-06-16,TITAN,-6.083230814915375,5.35380144879999
3,5,2011-06-22,TITAN,-5.860163172208077,5.224357044102175
3,5,2007-10-22,RELIANCE,-10.325353862900876,5.021121336034736
3,5,2007-11-01,RELIANCE,-5.208820219047161,4.862897051520476
3,5,2007-11-21,RELIANCE,-5.973688725036752,5.151951232846481
3,5,2007-12-19,RELIANCE,-6.398857143205772,4.982428424444412
3,5,2008-01-22,RELIANCE,-21.32844748720141,5.335042067770945
3,5,2019-05-09,RELIANCE,-9.27505182950642,5.002365745568073
3,5,2010-10-18,NILKAMAL,-5.370971771171618,4.7715826759169095
3,5,2010-11-23,NILKAMAL,-5.43714103382259,5.104734130907216
3,5,2007-10-08,PRAJIND,-13.921404682274241,4.988182538027832
3,5,2007-10-19,PRAJIND,-11.235431235431237,4.620358439421086
3,5,2007-11-01,PRAJIND,-8.14469078179696,4.330266225145009
3,5,2019-04-04,PRAJIND,-5.697636775655546,4.952306291673141
3,5,2019-05-08,PRAJIND,-11.4484272128749,4.814101399667939
3,5,2023-05-22,WESTLIFE,-5.351390441128123,4.949338696827076
3,5,2010-11-26,ELGIEQUIP,-5.258330785692444,5.304299466247623
3,5,2011-05-03,ELGIEQUIP,-13.521850899742937,5.145715185295049
3,5,2022-09-19,ELGIEQUIP,-14.72320376914017,4.954617535839212
3,5,2022-10-11,ELGIEQUIP,-5.149020062623211,3.945709824520538
3,5,2022-11-01,ELGIEQUIP,-7.659694742792544,6.3696853624558205
3,5,2022-11-29,ELGIEQUIP,-6.3228119087921915,5.092339017031917
3,5,2007-10-19,SOUTHBANK,-10.71716357775987,4.497427801677878
3,5,2007-11-21,SOUTHBANK,-6.062819576333089,5.319712874823999
3,5,2007-12-17,SOUTHBANK,-5.874757908327954,5.460547386784144
3,5,2008-01-10,SOUTHBANK,-6.8449197860962485,5.005420262469151
3,5,2008-01-22,SOUTHBANK,-23.9854633555421,4.748545214307172
3,5,2010-04-19,SOUTHBANK,-5.156537753222834,5.108844423838678
3,5,2010-05-04,SOUTHBANK,-14.800995024875618,4.982629019509576
3,5,2024-01-17,PRESTIGE,-6.638658505668015,5.157076557202764
3,5,2024-01-23,PRESTIGE,-12.721757161508318,4.934038072030555
3,5,2024-02-05,PRESTIGE,-5.14856962225384,4.683738949680164
3,5,2024-02-14,PRESTIGE,-8.461538461538465,5.0319986425175784
3,5,2024-03-18,PRESTIGE,-10.494211932324138,5.046180997287992
3,5,2024-04-12,PRESTIGE,-6.648633815516092,5.002463566114438
3,5,2024-05-29,PRESTIGE,-7.003614569495509,4.957296003510056
3,5,2024-06-27,PRESTIGE,-9.8064955270323,5.348454581971378
3,5,2024-08-05,PRESTIGE,-10.59805055344457,4.991681815926012
3,5,2024-08-23,PRESTIGE,-5.279055980577596,5.187481385035038
3,5,2024-10-03,PRESTIGE,-6.031576130586036,5.03613837799109
3,5,2024-10-18,PRESTIGE,-7.127838519764518,5.213078528090413
3,5,2024-10-29,PRESTIGE,-5.147754137115834,4.9605744074924205
3,5,2022-09-27,VBL,-11.272960273387433,5.507505354968066
3,5,2022-10-11,VBL,-8.523672004900673,5.482582031741175
3,5,2022-11-14,VBL,-5.552894037716127,5.0554012016349015
3,5,2022-12-23,VBL,-7.4534607920649805,5.160118742555446
3,5,2023-06-08,VBL,-7.2283150548354875,5.004101858084523
3,5,2023-06-23,VBL,-5.809307186328139,4.452959996398735
3,5,2012-05-04,MRF,-9.80387031567208,5.196704741442524
3,5,2012-08-29,MRF,-6.898305875764221,4.786100699394096
3,5,2014-01-27,MRF,-5.755024307121737,5.102442856021416
3,5,2014-02-10,MRF,-5.483955152719644,5.247500215482117
3,5,2014-04-25,MRF,-13.321764071927433,5.149957350437298
3,5,2017-05-22,MRF,-5.584625308758984,4.945318640398182
3,5,2017-08-10,MRF,-5.485747819265951,5.008295698043615
3,5,2010-07-27,IPCALAB,-6.793206793206807,4.778806351129246
3,5,2012-11-09,IPCALAB,-7.471575527883056,4.962444688633987
3,5,2014-03-07,IPCALAB,-7.385028533064785,5.232257236935532
3,5,2014-05-19,IPCALAB,-9.8122238586156,4.640834164283335
3,5,2020-08-13,IPCALAB,-5.267920933555603,5.006599832209046
3,5,2020-08-31,IPCALAB,-6.112907237005727,4.715357496660381
3,5,2020-09-21,IPCALAB,-5.590569031965553,5.017861925961397
3,5,2020-10-07,IPCALAB,-5.7705107157119295,5.121827551331239
3,5,2020-11-10,IPCALAB,-12.95342257506018,5.496364865331469
3,5,2021-01-28,IPCALAB,-7.211503191255231,4.769659619227541
3,5,2020-08-13,LAURUSLABS,-8.40037334992667,5.006537525432419
3,5,2020-09-01,LAURUSLABS,-5.7297569575620155,5.177796488127943
3,5,2020-09-24,LAURUSLABS,-9.33782503421413,5.6932780152598745
3,5,2020-10-26,LAURUSLABS,-5.391642953422194,5.758556561783674
3,5,2020-11-04,LAURUSLABS,-13.212273011897302,5.450424955647533
3,5,2020-11-19,LAURUSLABS,-7.301916105644734,5.351975199003619
3,5,2021-01-29,LAURUSLABS,-9.01067053089184,5.369855073739472
3,5,2021-03-08,LAURUSLABS,-5.9904043865661505,4.724446153971933
3,5,2021-07-29,LAURUSLABS,-7.026030868463485,4.534297319461045
3,5,2021-08-23,LAURUSLABS,-8.224796718716265,4.875185448903566
3,5,2025-08-01,LAURUSLABS,-6.649447711161183,5.874697633667698
3,5,2017-08-10,AVANTIFEED,-12.479827058139703,5.009629405260614
3,5,2017-08-29,AVANTIFEED,-6.255941989235447,5.517789430011528
3,5,2017-09-25,AVANTIFEED,-7.060662289466169,5.1923763449325735
3,5,2017-11-15,AVANTIFEED,-13.109413743277798,5.052222803853676
3,5,2017-11-27,AVANTIFEED,-5.112724872091102,4.822590694956178
3,5,2017-12-13,AVANTIFEED,-5.016376741056893,4.984362581427418
3,5,2018-01-31,AVANTIFEED,-9.088448863559485,4.639306261612176
3,5,2019-05-09,BALRAMCHIN,-5.828720286551626,5.002303491484351
3,5,2020-01-28,BALRAMCHIN,-8.5995085995086,4.628464914543319
3,5,2020-02-03,BALRAMCHIN,-7.978879436784981,4.2245861144935715
3,5,2017-05-18,CESC,-15.74407631031508,4.968927815689033
3,5,2017-10-26,SUNTECK,-6.68596999210318,5.489831065075269
3,5,2021-05-14,TATASTEEL,-7.141646899356157,5.006328907784343
3,5,2021-05-24,TATASTEEL,-6.40787024727466,4.788084196746265
3,5,2021-06-18,TATASTEEL,-7.203724852850746,5.143981277466998
3,5,2021-08-10,TATASTEEL,-5.175102793137675,5.927153029861902
3,5,2021-08-23,TATASTEEL,-9.87940314778224,5.2613127602085585
3,5,2021-09-20,TATASTEEL,-14.234373898950036,4.828220318874039
3,5,2021-10-21,TATASTEEL,-7.0103992436913565,5.038988852243718
3,5,2021-11-16,TATASTEEL,-5.603038936372274,4.720968866203543
3,5,2021-11-30,TATASTEEL,-9.00940493979081,4.2610510448047
3,5,2017-06-08,ADANIENSOL,-13.88048411497731,5.006125011111533
3,5,2017-08-11,ADANIENSOL,-14.506539833531518,4.991239163915251
3,5,2017-09-19,ADANIENSOL,-6.985418786029152,5.6279005794388
3,5,2017-11-01,ADANIENSOL,-11.219618055555557,6.195778814769752
3,5,2017-12-01,ADANIENSOL,-9.86315517686548,4.76288676562589
3,5,2017-12-28,ADANIENSOL,-5.767599660729439,5.923428670071004
3,5,2018-02-02,ADANIENSOL,-7.33923021754721,5.233463210623748
3,5,2021-04-12,ADANIENSOL,-12.3442164621144,4.691900028161598
3,5,2021-05-27,ADANIENSOL,-5.679659351457589,6.5356513671298275
3,5,2021-06-18,ADANIENSOL,-14.25954092920354,4.495321316177058
3,5,2021-07-02,ADANIENSOL,-14.257532281205165,3.542804563511993
3,5,2021-07-27,ADANIENSOL,-6.578197086724369,5.090051339263789
3,5,2021-09-21,ADANIENSOL,-14.260365837747567,5.291953731493104
3,5,2021-11-01,ADANIENSOL,-6.066426570628258,5.700941404932762
3,5,2021-11-17,ADANIENSOL,-6.580833354288728,5.2261166379865935
3,5,2021-11-30,ADANIENSOL,-11.33720930232558,5.387951890402142
3,5,2021-12-20,ADANIENSOL,-8.852864478318134,4.724419560664512
3,5,2022-02-15,ADANIENSOL,-5.3746808092712595,5.063571749946045
3,5,2022-09-21,ADANIENSOL,-5.5925270163013625,5.213518077789385
3,5,2022-10-03,ADANIENSOL,-13.282529635490404,4.799418624299218
3,5,2022-10-11,ADANIENSOL,-6.085597320431713,4.2926429385612375
3,5,2022-11-23,ADANIENSOL,-8.324107501002809,4.781424799764945
3,5,2022-12-05,ADANIENSOL,-6.613374591713939,4.429001821867233
3,5,2026-09-01,ADANIENSOL,-14.533085961657388,4.781954104523199
3,5,2014-06-16,SUNDRMFAST,-5.549738219895284,4.988440150595793
3,5,2014-07-28,SUNDRMFAST,-6.512042818911679,5.200245671224736
3,5,2014-08-04,SUNDRMFAST,-5.050973123262281,5.024526269642164
3,5,2014-09-17,SUNDRMFAST,-5.129076086956507,5.255589876020457
3,5,2014-10-20,SUNDRMFAST,-7.422802850356291,5.098018184615
3,5,2014-11-25,SUNDRMFAST,-5.9474072253625,5.484265481711724
3,5,2014-12-17,SUNDRMFAST,-5.765086206896541,4.943779761953026
3,5,2015-02-06,SUNDRMFAST,-11.719298245614041,5.138669295970867
3,5,2015-03-23,SUNDRMFAST,-7.33868734422598,4.966523242472263
3,5,2015-04-21,SUNDRMFAST,-8.40466926070038,5.057520807007719
3,5,2015-04-28,SUNDRMFAST,-5.961134453781513,5.228798698485111
3,5,2015-05-07,SUNDRMFAST,-5.1699915706659105,4.925182420772014
3,5,2015-06-02,SUNDRMFAST,-9.758771929824572,5.031712044620037
3,5,2017-05-09,SUNDRMFAST,-6.087896253602299,4.932539688001996
3,5,2017-06-28,SUNDRMFAST,-8.623133108034441,5.527879543042453
3,5,2007-11-22,WELCORP,-8.124845182065899,5.969799835075718
3,5,2007-12-17,WELCORP,-8.892158923691406,5.263239709524333
3,5,2008-01-22,WELCORP,-17.759848125296628,6.08978938810458
3,5,2012-12-13,KTKBANK,-18.476871965244058,5.008114701902002
3,5,2012-12-24,KTKBANK,-7.8442599484683795,4.494350135980299
3,5,2013-01-11,KTKBANK,-7.439159292035402,5.078464073530494
3,5,2013-01-24,KTKBANK,-9.97986770204199,4.9842530870880015
3,5,2013-02-04,KTKBANK,-7.367475292003589,4.858222935709603
3,5,2021-12-15,IEX,-11.397121083827255,5.576121159439951
3,5,2022-01-27,IEX,-8.462455303933247,4.752593570171294
3,5,2022-02-07,IEX,-5.881126173096973,4.537369746982449
3,5,2022-02-14,IEX,-5.133978833596043,5.006061065380949
3,5,2014-07-09,BALKRISIND,-6.607455255012784,4.94012808272407
3,5,2014-08-05,BALKRISIND,-5.6331794904217025,5.46335721210602
3,5,2014-08-27,BALKRISIND,-5.1797475301866065,4.646918133763063
3,5,2014-09-17,BALKRISIND,-5.2236001503194185,4.9408918233636125
3,5,2014-10-14,BALKRISIND,-6.323585263957455,5.183507898003852
3,5,2014-11-17,BALKRISIND,-23.37708830548926,4.983554863962591
3,5,2017-08-10,BALKRISIND,-7.320546616974221,5.008234186810511
3,5,2017-08-21,BALKRISIND,-5.249259306968956,4.802548864405365
3,5,2019-05-08,VINATIORGA,-6.4522930943595185,5.5075463616906095
3,5,2009-04-20,MCLEODRUSS,-9.784735812133071,5.329868395229207
3,5,2009-05-28,MCLEODRUSS,-6.4171122994652325,5.196747366310066
3,5,2009-06-08,MCLEODRUSS,-7.160253287871421,4.8581410183318745
3,5,2009-08-20,MCLEODRUSS,-7.645446238196774,5.564369770162486
3,5,2009-09-08,MCLEODRUSS,-5.532467532467534,5.9745724637053215
3,5,2009-10-01,MCLEODRUSS,-5.256270447110145,5.670889587114239
3,5,2009-10-12,MCLEODRUSS,-6.299212598425208,5.010446079835263
3,5,2009-11-03,MCLEODRUSS,-10.533610533610528,5.108613901319591
3,5,2009-12-09,MCLEODRUSS,-6.854192629517531,5.853978652138838
3,5,2010-01-12,MCLEODRUSS,-11.252239049014822,5.412310745036422
3,5,2010-01-27,MCLEODRUSS,-17.35492086592687,4.820851008837112
3,5,2010-02-22,MCLEODRUSS,-7.474495107224655,5.148684172328219
3,5,2010-04-05,MCLEODRUSS,-5.205528630407463,5.7001388692888195
3,5,2010-04-28,MCLEODRUSS,-10.134436401240954,4.565411889588942
3,5,2010-05-05,MCLEODRUSS,-7.6115485564304475,4.302377774228295
3,5,2017-02-15,HINDZINC,-6.550844756136442,4.962454810095631
3,5,2009-10-22,AUROPHARMA,-7.0159189580318415,5.322082574074292
3,5,2009-10-29,AUROPHARMA,-8.898205007085513,5.254018249452437
3,5,2009-11-16,AUROPHARMA,-5.250215172752981,4.875063616609539
3,5,2010-01-28,AUROPHARMA,-6.672927139148211,4.826710882479925
3,5,2010-05-07,AUROPHARMA,-5.413074904963333,4.971367420340403
3,5,2010-05-20,AUROPHARMA,-6.139499784389835,5.228809893777467
3,5,2014-01-13,AUROPHARMA,-6.251541307028363,4.940927014273271
3,5,2014-01-27,AUROPHARMA,-5.545371219065077,5.234571350837734
3,5,2014-03-11,AUROPHARMA,-8.56472795497185,5.056645330675097
3,5,2014-06-04,AUROPHARMA,-6.300388175574789,5.058410471541418
3,5,2014-07-10,AUROPHARMA,-13.834274219713183,5.002882388580177
3,5,2014-07-28,AUROPHARMA,-5.834143631059874,4.678560437161826
3,5,2014-09-24,AUROPHARMA,-8.275466284074607,5.084182828372529
3,5,2014-10-10,AUROPHARMA,-5.833960371206414,5.0024172945834104
3,5,2014-12-17,AUROPHARMA,-9.345552001383261,5.109482347037521
3,5,2015-02-09,AUROPHARMA,-13.415440568689041,5.0370483698432675
3,5,2015-02-19,AUROPHARMA,-7.315874150875934,5.023692246440336
3,5,2024-02-05,AUROPHARMA,-11.48730876216969,5.077014227999652
3,5,2024-03-13,AUROPHARMA,-5.029040940643137,4.9558098850011865
3,5,2013-11-11,EMAMILTD,-7.203980099502482,4.994804222282538
3,5,2009-06-15,BANKBARODA,-5.980528511821992,5.4076286868066035
3,5,2009-07-08,BANKBARODA,-15.18361581920904,5.426638247195276
3,5,2009-08-10,BANKBARODA,-6.8745570517363515,4.785235609180619
3,5,2009-08-18,BANKBARODA,-5.820476858345014,5.172376234699414
3,5,2009-09-22,BANKBARODA,-5.922270203578039,5.643549292978402
3,5,2011-05-02,BANKBARODA,-11.092715231788075,4.987114010483483
3,5,2024-09-06,OIL,-14.098787422073023,5.917428266945894
3,5,2024-09-20,OIL,-8.554716061418489,4.752718060499607
3,5,2024-10-03,OIL,-8.172134639965922,4.492208586174302
3,5,2024-10-17,OIL,-10.438342145659208,5.095773458611401
3,5,2024-10-25,OIL,-6.049167634533492,4.800951587944141
3,5,2011-04-20,FMGOETZE,-5.454545454545457,5.026217855564486
3,5,2011-05-18,FMGOETZE,-7.885493501931851,5.023043897937394
3,5,2014-11-13,JKLAKSHMI,-5.732407850646237,5.002549063571859
3,5,2014-12-17,JKLAKSHMI,-7.527144077101388,5.521025251557448
3,5,2015-01-28,JKLAKSHMI,-6.253729562000232,4.954653013450763
3,5,2015-02-10,JKLAKSHMI,-7.992872597683598,4.667543764151044
3,5,2015-03-27,JKLAKSHMI,-5.01419110690634,5.035329988574816
3,5,2015-05-06,JKLAKSHMI,-5.458333333333332,5.124939919462003
3,5,2015-06-04,JKLAKSHMI,-7.600984508469666,4.716939811888599
3,5,2014-03-11,PERSISTENT,-7.136799253668036,5.54921415006018
3,5,2014-03-19,PERSISTENT,-5.4501059614852965,5.00367885033189
3,5,2014-05-19,PERSISTENT,-8.78566018682151,4.758917967874079
3,5,2014-07-23,PERSISTENT,-5.97048468050041,5.961187312606091
3,5,2020-08-31,PERSISTENT,-8.950543968834623,5.256414771821878
3,5,2020-10-19,PERSISTENT,-8.151340296545174,5.192955937535402
3,5,2021-01-19,PERSISTENT,-5.649379763861906,5.36126994646189
3,5,2021-01-25,PERSISTENT,-5.785123966942152,5.294282552124602
3,5,2021-02-18,PERSISTENT,-5.49914687701043,4.897895602077926
3,5,2021-03-25,PERSISTENT,-8.10205224830678,5.761565804370558
3,5,2021-04-15,PERSISTENT,-5.849783341357728,5.10741884258298
3,5,2021-06-03,PERSISTENT,-5.12790263276901,5.401392195629455
3,5,2021-09-28,PERSISTENT,-6.9074761399787965,5.132166983434322
3,5,2021-10-22,PERSISTENT,-7.634871599136439,5.412063133036452
3,5,2021-11-26,PERSISTENT,-6.430494883609605,5.048311708423475
3,5,2022-01-06,PERSISTENT,-6.9364339812401425,5.45518397825493
3,5,2022-01-27,PERSISTENT,-5.458434071043339,4.7140939846917105
3,5,2022-02-14,PERSISTENT,-9.678231993587538,5.24945231155622
3,5,2010-05-21,ZENSARTECH,-6.363293051359509,5.2265992900164795
3,5,2012-08-06,ZENSARTECH,-6.29020729092209,5.3257776274078115
3,5,2012-10-08,ZENSARTECH,-5.947580645161299,5.403614575577335
3,5,2012-10-18,ZENSARTECH,-8.134057971014496,4.883716783013642
3,5,2012-10-29,ZENSARTECH,-7.4155948553054625,4.2970031070903
3,5,2023-09-13,ZENSARTECH,-8.964285714285714,4.999763666518048
3,5,2023-10-23,ZENSARTECH,-7.215299913068673,4.692086148652754
3,5,2024-01-03,ZENSARTECH,-5.3877016294112785,5.4550194439944235
3,5,2011-05-04,GFLLIMITED,-6.379310344827593,5.082672372673394
3,5,2011-06-20,GFLLIMITED,-5.576208178438657,4.699536314189759
3,5,2012-02-23,GFLLIMITED,-5.3482587064676785,4.8416743351162115
3,5,2012-03-07,GFLLIMITED,-5.576208178438657,5.000824814160862
3,5,2012-04-11,GFLLIMITED,-6.038647342995174,4.730992670351499
3,5,2012-04-23,GFLLIMITED,-6.127770534550203,4.784551744676948
3,5,2012-05-04,GFLLIMITED,-6.805555555555564,4.576499820703354
3,5,2015-04-13,GFLLIMITED,-7.45131244707874,5.2282342442888945
3,5,2015-04-20,GFLLIMITED,-6.643658326143232,5.1661243798026835
3,5,2015-04-27,GFLLIMITED,-9.21052631578948,5.05648030256165
3,5,2019-05-09,GFLLIMITED,-8.828939301042304,5.002135277492424
3,5,2010-04-13,DRREDDY,-6.6538657470904035,5.026939723165301
3,5,2010-04-20,DRREDDY,-5.425947000487719,4.859234055775365
3,5,2014-03-11,DRREDDY,-5.245843650512905,4.913070044212317
3,5,2014-03-27,DRREDDY,-5.870802349048187,5.089046512540331
3,5,2020-11-10,DRREDDY,-5.253604920843003,4.79866285285767
3,5,2021-02-01,DRREDDY,-9.800786262807327,4.725147177490617
3,5,2009-05-04,JINDALPOLY,-6.771428571428562,4.550070645728179
3,5,2009-05-26,JINDALPOLY,-6.438007814922775,3.9889533580535423
3,5,2010-10-21,JINDALPOLY,-12.12523173304353,6.410717600046755
3,5,2010-10-29,JINDALPOLY,-6.927822790455663,6.785623121162039
3,5,2010-11-16,JINDALPOLY,-19.540772194700008,4.87899050128491
3,5,2010-11-26,JINDALPOLY,-14.875458965962096,4.127841590859838
3,5,2011-05-09,JINDALPOLY,-7.977173385138425,5.021352272942668
3,5,2011-05-19,JINDALPOLY,-5.403214912873155,4.836417436446515
3,5,2011-06-22,JINDALPOLY,-12.012195121951208,4.776776452244837
3,5,2022-10-14,INDHOTEL,-6.235810504010908,4.970419786527208
3,5,2022-11-11,INDHOTEL,-8.261818181818171,5.000796776061885
3,5,2022-12-23,INDHOTEL,-7.7325939617991395,5.021912528428768
3,5,2009-06-30,LUPIN,-8.778988544286104,5.485790961480042
3,5,2009-07-10,LUPIN,-5.370767763471617,5.029658822479258
3,5,2009-09-02,LUPIN,-7.071679584075485,4.81620014233395
3,5,2014-01-29,LUPIN,-5.198358413132698,4.917251831921369
3,5,2015-04-10,LUPIN,-6.091030789825968,4.992714349558073
3,5,2015-04-17,LUPIN,-10.67120868029271,4.707410028992319
3,5,2015-05-14,LUPIN,-7.794225662466802,4.521951968172418
3,5,2024-05-09,LUPIN,-5.697615574673298,5.0075605178909175
3,5,2024-05-27,LUPIN,-5.810700547849401,4.932092757069661
3,5,2024-09-20,LUPIN,-5.228153629316434,5.014742622863198
3,5,2022-01-25,UNOMINDA,-9.70359915314043,4.545324177364369
3,5,2022-02-14,UNOMINDA,-9.0359168241966,4.83949593121416
3,5,2022-02-21,UNOMINDA,-5.985225388210469,4.6986551214977235
3,5,2024-03-13,NTPC,-8.432708688245317,5.1946532800178264
3,5,2024-05-07,NTPC,-5.3922232759788695,4.858553073093997
3,5,2024-06-06,NTPC,-10.732516590096985,5.060101889290303
3,5,2021-09-22,LUXIND,-6.963227757918156,4.716248006579918
3,5,2021-09-28,LUXIND,-5.036537991361278,4.350933083967353
3,5,2009-06-15,COROMANDEL,-7.533740062858207,5.448238384380428
3,5,2009-06-23,COROMANDEL,-8.16849441426668,5.286234719857754
3,5,2009-07-08,COROMANDEL,-11.528946066303803,5.18638894906602
3,5,2009-07-23,COROMANDEL,-6.246746486205101,4.721840922084276
3,5,2009-08-10,COROMANDEL,-6.592203241349093,4.260328177701453
3,5,2010-08-23,COROMANDEL,-5.246683029203569,5.188278117822923
3,5,2010-09-16,COROMANDEL,-7.614400147316092,5.535704821139836
3,5,2010-11-24,COROMANDEL,-9.798892815813353,5.020742151925628
3,5,2011-04-26,COROMANDEL,-12.258522727272725,5.392744732207857
3,5,2020-08-13,COROMANDEL,-5.609894617277722,5.005262148345473
3,5,2020-09-01,COROMANDEL,-7.6999812955919955,4.948018602755263
3,5,2020-09-09,COROMANDEL,-5.228846024598443,4.56920022228907
3,5,2020-10-07,COROMANDEL,-9.13849646821392,5.0040315404422415
3,5,2020-11-11,COROMANDEL,-5.711093585699256,4.94987396013613
3,5,2025-07-03,COROMANDEL,-10.841449784448344,5.046790090786431
3,5,2025-08-08,COROMANDEL,-7.594501718213065,5.142499550993312
3,5,2025-08-28,COROMANDEL,-6.50872920879938,4.738973026090521
3,5,2009-04-20,EMBDL,-11.446794226250411,5.84232478797118
3,5,2009-04-28,EMBDL,-14.865794907088791,5.753723932975723
3,5,2009-06-08,EMBDL,-10.840802390098169,6.254956801389739
3,5,2021-10-25,FLUOROCHEM,-10.11043070537293,4.563211472366522
3,5,2021-11-30,FLUOROCHEM,-6.642775773685217,5.569457066437702
3,5,2021-12-17,FLUOROCHEM,-12.692043824452714,4.6746393549695915
3,5,2022-01-27,FLUOROCHEM,-9.434620540222905,4.890937992838169
3,5,2022-02-09,FLUOROCHEM,-10.147651006711412,5.703566533485866
3,5,2022-10-19,FLUOROCHEM,-5.269461077844317,4.986633871625186
3,5,2022-11-01,FLUOROCHEM,-6.66507164983503,4.843212503337023
3,5,2022-11-15,FLUOROCHEM,-10.68424850751165,5.015408685396323
3,5,2022-12-05,FLUOROCHEM,-7.1567366766680856,4.615208456334216
3,5,2022-12-23,FLUOROCHEM,-7.924051474744798,4.641602538787807
3,5,2014-07-14,KEC,-8.52713178294573,5.09526789865544
3,5,2014-08-04,KEC,-12.981744421906694,4.438052424530354
3,5,2014-08-28,KEC,-6.731212540341169,4.768265923371392
3,5,2014-09-16,KEC,-8.66551126516465,5.233985821136349
3,5,2014-09-24,KEC,-6.887177163570457,5.0458111201698435
3,5,2014-11-07,KEC,-7.604735883424407,5.178145214603137
3,5,2017-08-11,KEC,-5.217976771587274,5.025046884531712
3,5,2017-09-19,KEC,-5.005308660700747,5.079302987160837
3,5,2017-11-13,KEC,-7.535446869523666,5.02460291976889
3,5,2017-12-14,KEC,-5.9473607677766545,5.261160134150112
3,5,2018-01-18,KEC,-5.899935022742042,5.095266750125635
3,5,2021-04-15,TIINDIA,-6.344487854594871,4.893380647119809
3,5,2021-06-18,TIINDIA,-10.081466395112027,5.3355684605080835
3,5,2021-07-07,TIINDIA,-6.1285246459405585,4.816710885662487
3,5,2022-09-27,TIINDIA,-5.863233817219038,5.025753612369039
3,5,2022-11-10,TIINDIA,-10.965147917713747,5.090668984361751
3,5,2022-12-15,TIINDIA,-5.58639659914979,5.113489110385205
3,5,2022-12-23,TIINDIA,-7.915886456658983,5.118602623592367
3,5,2010-05-04,WIPRO,-5.106707317073167,4.719859503666485
3,5,2026-05-12,ABCAPITAL,-7.533875338753393,5.18464496703948
3,5,2020-09-21,EPL,-14.427157001414425,4.8373679098577576
3,5,2020-10-28,EPL,-5.602398351133598,5.509020746479409
3,5,2026-06-08,NATIONALUM,-13.435568780041196,5.1540418706302225
3,5,2026-06-25,NATIONALUM,-12.118005027119993,4.652651223624687
3,5,2026-07-17,NATIONALUM,-6.851192107426696,5.175952137635698
3,5,2026-08-17,NATIONALUM,-7.726190476190475,5.429545287590389
3,5,2026-09-02,NATIONALUM,-6.317255348778328,4.973008065320642
3,5,2009-07-10,JAYSREETEA,-7.609398577279592,5.006198151609484
3,5,2009-08-10,JAYSREETEA,-7.145680964617518,4.7893113630712705
3,5,2009-10-27,JAYSREETEA,-7.599798514041045,5.158146980650786
3,5,2010-01-27,JAYSREETEA,-12.414885193982572,5.16069294524828
3,5,2010-02-04,JAYSREETEA,-5.339366515837096,4.687277873307061
3,5,2021-12-17,BSE,-14.532600157109188,5.859205105925296
3,5,2022-01-25,BSE,-8.456264284230208,5.3623063541178215
3,5,2022-02-08,BSE,-5.214535003079456,5.5831841308398005
3,5,2023-11-02,BSE,-6.6714093747529795,6.75747176748496
3,5,2023-11-22,BSE,-13.374805598755835,6.064457840471381
3,5,2023-12-12,BSE,-6.404090826079023,4.917995191389835
3,5,2024-01-23,BSE,-8.114636375505935,5.084373028099275
3,5,2024-02-13,BSE,-6.7602269334129605,4.843434081153865
3,5,2024-03-13,BSE,-10.348285313189399,4.806368387242
3,5,2024-04-29,BSE,-11.458832550560716,5.625076212047768
3,5,2024-05-13,BSE,-7.863375186209831,4.984272708150461
3,5,2024-05-23,BSE,-6.452651921838093,4.7486295243055965
3,5,2024-05-30,BSE,-5.498529656549955,4.512573549261986
3,5,2024-06-24,BSE,-7.800907983612005,4.897353555942869
3,5,2024-07-10,BSE,-6.28585682215016,4.088113595552769
3,5,2024-07-22,BSE,-6.875830223290535,4.931380370045104
3,5,2024-08-06,BSE,-12.331176937918508,5.496564879075034
3,5,2025-06-13,BSE,-9.789046383176958,4.997153730448586
3,5,2025-07-08,BSE,-12.166235239885104,4.598011836850194
3,5,2025-08-25,BSE,-9.203329369797853,4.9526998582552695
3,5,2020-10-15,CDSL,-5.554979790651881,5.052863137876148
3,5,2021-01-25,CDSL,-6.0556464811784005,4.859986859027927
3,5,2021-04-13,CDSL,-6.157505285412245,5.649815660925668
3,5,2021-07-23,CDSL,-11.844287619109572,7.109729520065939
3,5,2021-08-11,CDSL,-5.693124859729193,6.050228558583162
3,5,2021-09-21,CDSL,-7.197599595112425,5.440997696236375
3,5,2021-11-22,CDSL,-7.732689210950072,5.179127726615447
3,5,2021-11-29,CDSL,-6.773030344264519,5.02798588792075
3,5,2021-12-20,CDSL,-9.869725722305278,5.220747669089379
3,5,2022-01-25,CDSL,-7.056470226188649,5.04680153289229
3,5,2022-02-21,CDSL,-5.062181928482346,5.145352886032173
3,5,2019-05-06,HINDUNILVR,-5.049161364950838,5.217356859991518
3,5,2012-02-24,ACC,-7.510486959693596,4.880167927084457
3,5,2012-06-05,GILLETTE,-5.882941070607284,4.948451465446927
3,5,2022-09-27,M&M,-5.696733821733824,5.072660491348911
3,5,2022-11-21,M&M,-5.319810367607058,4.842958791403707
3,5,2020-07-30,NAVINFLUOR,-6.855507409190597,5.222242453388931
3,5,2020-08-13,NAVINFLUOR,-7.200904529715224,5.006599832209049
3,5,2020-08-31,NAVINFLUOR,-8.582334207568366,4.953208355064605
3,5,2020-09-08,NAVINFLUOR,-5.595707670823424,4.630977015646803
3,5,2020-09-22,NAVINFLUOR,-6.451917850306055,5.0252093413611325
3,5,2020-10-06,NAVINFLUOR,-6.143437691556731,5.203156968803647
3,5,2020-11-26,NAVINFLUOR,-7.601032758967985,5.2904177668832135
3,5,2021-01-12,NAVINFLUOR,-5.265311932809002,5.193365316834695
3,5,2021-01-29,NAVINFLUOR,-10.7680928095924,4.940883397378899
3,5,2010-05-21,ASIANPAINT,-6.270718872429704,5.131956619957914
3,5,2008-01-22,SHRIRAMFIN,-16.359163591635916,5.595133871395166
3,5,2010-05-19,SHRIRAMFIN,-6.2774363476734045,5.055321367176402
3,5,2021-04-08,ATGL,-14.6692439862543,5.006653512329486
3,5,2021-05-14,ATGL,-9.283759124087599,5.006391211964707
3,5,2021-06-25,ATGL,-14.271298832348279,4.307115093568596
3,5,2021-07-20,ATGL,-8.645984992720345,4.800448585817053
3,5,2021-09-07,ATGL,-9.817505914160185,7.395217236144096
3,5,2021-12-21,ATGL,-11.340502166309962,5.872652725407335
3,5,2022-02-16,ATGL,-5.806289448695756,5.041794225747737
3,5,2022-09-27,ATGL,-6.92030083473375,5.013385353592366
3,5,2022-10-03,ATGL,-10.070909644581716,5.062501490341656
3,5,2022-11-18,ATGL,-6.193858904074334,5.231905958350136
3,5,2022-12-23,ATGL,-10.558353162525592,5.050199877139734
3,5,2020-07-23,APLLTD,-5.007662267042379,5.515602867961183
3,5,2020-08-17,APLLTD,-6.828973093752899,5.072546869623848
3,5,2020-09-01,APLLTD,-8.072265038534676,4.495691031367706
3,5,2020-09-22,APLLTD,-5.708560271297925,4.941437270063891
3,5,2020-10-01,APLLTD,-5.9760551948051965,4.992916489886317
3,5,2020-10-27,APLLTD,-5.063728880545404,5.25945605163163
3,5,2020-11-10,APLLTD,-5.651080945198594,5.104823929717631
3,5,2020-12-21,APLLTD,-6.85018336578076,5.310516910538287
3,5,2021-01-21,APLLTD,-11.2145162044615,5.04035659322808
3,5,2014-07-08,SRF,-9.324645593026315,5.044123921498463
3,5,2014-08-08,SRF,-5.797668414052104,5.359820653536381
3,5,2014-09-24,SRF,-5.339038841343003,5.266933973176336
3,5,2014-10-08,SRF,-5.403439153439149,5.326210527576429
3,5,2014-10-16,SRF,-7.758802445709456,4.941102700883539
3,5,2014-11-05,SRF,-5.383587573766846,5.995612999876488
3,5,2015-01-07,SRF,-6.943314347708151,5.061876420941878
3,5,2015-02-09,SRF,-5.104187537567617,5.18513262232436
3,5,2015-02-13,SRF,-5.114210632706695,5.15896005215973
3,5,2015-03-09,SRF,-5.805795627859678,4.790509508722813
3,5,2015-04-27,SRF,-11.01636001297679,5.701802628787896
3,5,2015-05-05,SRF,-6.184324689096698,5.532123081323735
3,5,2015-06-04,SRF,-5.1943493901904,5.841519582178466
3,5,2020-02-28,SRF,-5.484556101705207,5.196002958479121
3,5,2021-09-21,SRF,-5.832358330205967,5.272187011752918
3,5,2021-10-20,SRF,-8.370318138454525,4.947943314171596
3,5,2021-10-26,SRF,-6.974899177997662,4.8923237766062515
3,5,2021-11-30,SRF,-8.19068106920543,5.026397750864916
3,5,2011-06-22,WOCKPHARMA,-6.320754716981125,4.8622318486376095
3,5,2017-06-20,VAKRANGEE,-5.867997781475321,5.510344976061589
3,5,2017-06-27,VAKRANGEE,-5.2388111483751665,5.279977756679178
3,5,2017-09-11,VAKRANGEE,-6.235966523780356,4.8629183308335096
3,5,2017-09-27,VAKRANGEE,-5.2508524111057,4.860506120080221
3,5,2017-11-03,VAKRANGEE,-6.197759203272257,5.347237065292939
3,5,2018-02-02,VAKRANGEE,-42.38868172844922,5.742679561998294
3,5,2009-05-26,PFC,-7.434761201378626,5.01482093184459
3,5,2009-06-08,PFC,-5.816831683168322,4.408685738478197
3,5,2009-06-19,PFC,-9.165858389912707,5.286861284534073
3,5,2009-07-08,PFC,-9.583133684714905,5.391217911255061
3,5,2009-08-07,PFC,-7.587842207372287,5.189714743744663
3,5,2009-11-03,PFC,-6.219128872923207,4.86303713179138
3,5,2023-09-13,PFC,-8.81678138315307,5.526754343090934
3,5,2023-10-26,PFC,-6.929292929292929,4.934185223712936
3,5,2023-12-20,PFC,-7.3853989813242755,5.354328284393152
3,5,2024-02-13,PFC,-10.255042151317895,5.0507022879426735
3,5,2024-02-28,PFC,-5.667231775248238,4.465904373479584
3,5,2024-03-15,PFC,-11.199160936953733,5.342976962314619
3,5,2024-05-07,PFC,-9.896334295180075,5.455108447493264
3,5,2024-06-06,PFC,-14.870223503965384,5.8405047659078635
3,5,2024-06-20,PFC,-5.626899323595724,5.046300894063319
3,5,2024-08-05,PFC,-10.551364942528728,4.953881914390422
3,5,2020-02-01,JKCEMENT,-5.288873038516407,5.1738180698552485
3,5,2020-02-27,JKCEMENT,-5.598688173482358,5.424449214823551
3,5,2025-08-25,JKCEMENT,-7.819339434938321,5.425485469173813
3,5,2014-07-09,BHARATFORG,-8.360008933224151,5.3378971384347675
3,5,2014-09-16,BHARATFORG,-9.077598828696921,5.236352569173016
3,5,2014-09-24,BHARATFORG,-6.611036022800731,4.871462126524934
3,5,2014-10-10,BHARATFORG,-5.228758169934644,5.00128886164961
3,5,2014-12-17,BHARATFORG,-6.108486724222184,4.849802574751977
3,5,2015-03-26,BHARATFORG,-6.754047802621432,5.2450090876260385
3,5,2015-04-20,BHARATFORG,-10.13677811550152,4.991123193756396
3,5,2015-05-08,BHARATFORG,-5.99402893669142,5.265622938532327
3,5,2015-05-22,BHARATFORG,-5.023468714845414,5.172817928711216
3,5,2015-06-09,BHARATFORG,-8.620545773178668,4.917110375008838
3,5,2015-06-15,BHARATFORG,-5.150308493414446,4.938174613886012
3,5,2026-08-12,BHARATFORG,-8.10965919124138,5.137560786540212
3,5,2026-09-03,BHARATFORG,-5.886265380778188,4.910436562678049
3,5,2009-04-20,IIFL,-13.156306578153277,5.949494186465396
3,5,2009-05-25,IIFL,-12.08388814913447,8.49128778016742
3,5,2009-06-15,IIFL,-17.224715222644104,4.911276951022763
3,5,2009-07-06,IIFL,-10.1364522417154,4.519072938444689
3,5,2020-02-28,RELAXO,-12.04697562823589,5.489924828107323
3,5,2009-09-02,SUPREMEIND,-5.7980049875311686,4.93742572391304
3,5,2009-10-06,SUPREMEIND,-5.3134328358208975,4.852087486039336
3,5,2009-10-27,SUPREMEIND,-7.438258073944182,5.237059626212441
3,5,2009-12-07,SUPREMEIND,-9.016164994425857,5.315561030132333
3,5,2010-02-23,SUPREMEIND,-6.012589537660085,5.275592124171527
3,5,2010-03-25,SUPREMEIND,-5.198329853862216,4.749266215935794
3,5,2014-01-23,SUPREMEIND,-10.650319829424305,5.476491672431555
3,5,2023-09-15,SUPREMEIND,-10.084565442741022,5.19471257582178
3,5,2023-10-05,SUPREMEIND,-6.2998908164503264,4.552425220913508
3,5,2023-10-26,SUPREMEIND,-11.3791128365048,5.626288449177806
3,5,2023-11-16,SUPREMEIND,-5.181691125087351,4.710270171761079
3,5,2012-10-08,HCLTECH,-5.512809672782614,4.777615062310282
3,5,2012-12-07,HCLTECH,-5.268435668003713,4.947568334460991
3,5,2013-01-24,HCLTECH,-6.830257270693519,5.829350672166658
3,5,2014-03-05,HCLTECH,-7.178445622163688,5.221910347422938
3,5,2014-05-07,HCLTECH,-7.296016845060538,4.837018028578526
3,5,2014-05-19,HCLTECH,-7.382740541306509,4.882005546267062
3,5,2014-06-04,HCLTECH,-7.775545451341159,4.6022318483930995
3,5,2009-04-29,NIITLTD,-6.103286384976525,5.61465167986825
3,5,2009-05-13,NIITLTD,-8.309859154929578,6.140148382440852
3,5,2009-05-28,NIITLTD,-6.4569536423841,7.743340329189012
3,5,2009-06-08,NIITLTD,-8.97718910963945,8.15952212947427
3,5,2019-03-25,ADANIPOWER,-5.000000000000004,5.006620849295205
3,5,2019-04-22,ADANIPOWER,-6.880733944954132,5.344546653290221
3,5,2019-04-30,ADANIPOWER,-14.691943127962093,5.152780041482587
3,5,2026-05-12,ADANIPOWER,-8.931752030930973,4.921159636732257
3,5,2026-06-02,ADANIPOWER,-5.214736250050212,5.111866114185175
3,5,2026-06-10,ADANIPOWER,-5.167669819432497,4.935883378596748
3,5,2026-07-17,ADANIPOWER,-5.181942786399607,5.123435538947657
3,5,2023-05-23,NCC,-10.293473499780992,4.936863571656882
3,5,2023-09-14,NCC,-11.13801452784502,4.66253954403338
3,5,2023-10-25,NCC,-10.740157480314972,4.931733514714718
3,5,2014-09-16,SIMPLEXINF,-8.480692890653208,4.734113091007871
3,5,2014-09-25,SIMPLEXINF,-11.21188730219993,4.480414105536578
3,5,2010-11-16,AGI,-6.411837237977791,5.127302005075644
3,5,2010-11-26,AGI,-5.193075898801592,5.069375297098906
3,5,2011-06-06,AGI,-6.8686868686868685,5.340121598441076
3,5,2021-01-19,INDIAMART,-9.65648086578289,5.478123066822837
3,5,2021-02-17,INDIAMART,-7.086438920585625,4.902048690951063
3,5,2021-02-26,INDIAMART,-6.655191885845846,4.906144701846788
3,5,2021-03-09,INDIAMART,-5.324840297541266,4.059787277804349
3,5,2021-05-04,INDIAMART,-15.759920139755422,5.159056093085828
3,5,2017-05-22,LTF,-6.814759036144591,4.80093845859671
3,5,2017-08-11,LTF,-6.6134549600912145,5.026837310212933
3,5,2017-09-25,LTF,-7.154902433148647,4.839673435543039
3,5,2017-10-26,LTF,-6.393129770992367,4.9845243853016115
3,5,2017-11-22,LTF,-6.231922166710491,4.906619558730575
3,5,2017-12-04,LTF,-6.292710706150329,4.459091490301515
3,5,2007-11-08,RIIL,-14.259045954641136,5.0106654374792665
3,5,2007-11-22,RIIL,-12.072328415062294,4.088341802619948
3,5,2007-12-10,RIIL,-8.190639970519598,3.7587998631853874
3,5,2007-12-18,RIIL,-8.102323941888855,5.131834754855573
3,5,2008-01-10,RIIL,-13.964842003612365,5.005420262469152
3,5,2008-01-23,RIIL,-14.261388766032734,4.577886717414188
3,5,2022-09-28,BDL,-9.486968449931421,5.55163654380269
3,5,2022-10-13,BDL,-5.89451913133402,5.00289690518745
3,5,2022-11-15,BDL,-6.83812712423274,5.013750861371659
3,5,2022-12-23,BDL,-11.254802229316596,4.818998114005358
3,5,2007-10-22,GMDCLTD,-14.257576975641129,9.135839688427696
3,5,2007-11-15,GMDCLTD,-6.285621234326655,5.534583966957618
3,5,2007-11-23,GMDCLTD,-14.215686274509798,4.81297723393163
3,5,2007-12-10,GMDCLTD,-6.388899477757015,4.3709558292274675
3,5,2008-01-03,GMDCLTD,-5.238828967642539,4.9597671665085805
3,5,2008-01-22,GMDCLTD,-24.376855202699964,5.401396683253457
3,5,2012-03-02,GMDCLTD,-6.509728561133798,5.615476168574767
3,5,2012-03-16,GMDCLTD,-7.455142784938085,4.90120162632683
3,5,2012-03-26,GMDCLTD,-6.404072883172551,4.479500059848873
3,5,2012-04-24,GMDCLTD,-5.313496280552599,4.82660778837724
3,5,2026-05-12,GMDCLTD,-8.611624271706697,4.699755845420701
3,5,2026-06-08,GMDCLTD,-8.577641148684123,4.409086145375585
3,5,2014-03-26,TATAELXSI,-8.129872355007272,4.656736501419234
3,5,2014-05-09,TATAELXSI,-6.5372168284789645,4.936136310460907
3,5,2014-05-16,TATAELXSI,-5.341796875000004,4.529455033145604
3,5,2014-06-13,TATAELXSI,-8.161276030128484,5.01542921365198
3,5,2014-07-10,TATAELXSI,-8.50946372239748,5.002882388580178
3,5,2014-09-16,TATAELXSI,-5.5940115904700605,4.8514438518041745
3,5,2014-09-25,TATAELXSI,-9.327274081799896,5.305273736895121
3,5,2014-10-17,TATAELXSI,-6.489959839357429,4.998035097726992
3,5,2020-12-10,TATAELXSI,-5.164595724633402,5.007529043197985
3,5,2020-12-21,TATAELXSI,-5.921052631578949,4.810467213328412
3,5,2021-01-25,TATAELXSI,-11.076233183856498,7.299236067477248
3,5,2021-02-22,TATAELXSI,-5.241090146750526,4.869214834138166
3,5,2021-04-15,TATAELXSI,-5.601947381996386,5.230960480116925
3,5,2021-05-11,TATAELXSI,-6.375727237628648,6.0224809584897345
3,5,2021-07-20,TATAELXSI,-6.613402865993622,4.944123676908649
3,5,2021-10-21,TATAELXSI,-6.444771536647509,5.066470534232798
3,5,2021-11-22,TATAELXSI,-8.63039541773054,5.162332465112436
3,5,2021-12-21,TATAELXSI,-8.028567076782478,4.958048961413916
3,5,2022-02-14,TATAELXSI,-9.864105272767576,5.10810008665514
3,5,2025-08-11,GODFRYPHLP,-9.341739055931587,6.0756415644798105
3,5,2025-08-26,GODFRYPHLP,-5.516563425801236,6.100305717180697
3,5,2010-03-12,BSOFT,-6.560559006211197,5.191792410316506
3,5,2012-09-17,BSOFT,-9.757887013939847,4.8906620367485125
3,5,2021-01-18,BSOFT,-6.967136150234743,5.158450889323527
3,5,2021-02-10,BSOFT,-6.890198968312456,5.179896139639043
3,5,2021-04-15,BSOFT,-6.9365225390984335,4.850675291512827
3,5,2024-02-21,BSOFT,-5.483028720626637,5.002795370277366
3,5,2024-02-28,BSOFT,-5.270628895883467,4.812752294134092
3,5,2024-03-13,BSOFT,-6.381050996634752,4.945658847795857
3,5,2024-03-19,BSOFT,-5.597747806730391,5.141101259537978
3,5,2024-04-09,BSOFT,-6.493006544334645,4.753813806085691
3,5,2024-04-22,BSOFT,-6.835192769382847,4.964828023538985
3,5,2024-05-03,BSOFT,-6.00266785237884,4.519654655132362
3,5,2009-08-10,MARUTI,-13.397378095304157,6.069279117205368
3,5,2009-08-18,MARUTI,-5.294588886461282,5.242584077268697
3,5,2009-10-09,MARUTI,-7.437861497576992,5.002982947504371
3,5,2009-10-29,MARUTI,-9.119963098415196,4.589679480098419
3,5,2010-01-07,MARUTI,-6.326339875600251,4.723760462480555
3,5,2010-01-27,MARUTI,-5.709860609189477,4.338656605659776
3,5,2018-02-02,MARUTI,-6.069549863919621,5.346925746756607
3,5,2017-05-24,VGUARD,-11.574301128003917,4.990296851372856
3,5,2017-08-01,VGUARD,-6.587445104624123,5.2467608066253355
3,5,2010-09-24,TRENT,-6.460296096904439,4.649538758430871
3,5,2020-02-27,TRENT,-7.764794572182443,5.900780486134237
3,5,2020-07-02,TRENT,-6.3075506445672165,5.0
3,5,2020-07-27,TRENT,-8.801591248135255,4.570374762006571
3,5,2024-01-30,TRENT,-5.208284849895284,5.336426110956307
3,5,2024-07-19,TRENT,-8.972698681185086,5.01699760226714
3,5,2024-08-06,TRENT,-9.531607402786435,5.109534605110773
3,5,2024-10-17,TRENT,-5.764300886252105,5.2334047506325305
3,5,2024-11-08,TRENT,-9.606939900120548,4.947681892523305
3,5,2023-10-06,CGPOWER,-5.761224260155284,4.851266184860565
3,5,2023-10-26,CGPOWER,-5.745085605580213,4.5685177027573225
3,5,2010-05-20,ESCORTS,-7.344037904711764,5.2779734616600145
3,5,2013-12-13,ESCORTS,-7.008086253369273,4.953336944030599
3,5,2014-01-06,ESCORTS,-9.409190371991238,5.11180111352651
3,5,2014-01-17,ESCORTS,-5.934959349593494,4.965724909667242
3,5,2014-02-06,ESCORTS,-7.230830353595541,5.149520469650091
3,5,2014-02-14,ESCORTS,-8.83450850269597,4.909197487407959
3,5,2014-04-16,ESCORTS,-5.05851264628161,5.403167647216104
3,5,2014-04-25,ESCORTS,-5.387848681696594,5.206941267278613
3,5,2014-05-06,ESCORTS,-9.924871490707787,4.998859153900469
3,5,2017-05-23,ESCORTS,-6.2853996224040305,5.323394233493472
3,5,2017-06-27,ESCORTS,-9.448928472028939,4.786239102022834
3,5,2017-08-10,ESCORTS,-12.576185521034644,5.008686579117469
3,5,2017-08-21,ESCORTS,-5.952753441802261,4.850541233794367
3,5,2017-09-25,ESCORTS,-7.655110846600211,4.741446748873929
3,5,2017-11-02,ESCORTS,-5.508090614886729,5.212576589786527
3,5,2017-12-05,ESCORTS,-7.782805429864248,4.968682429866581
3,5,2018-01-18,ESCORTS,-5.857116209662383,5.183508373543541
3,5,2020-07-27,ESCORTS,-8.120794217828365,5.356325484158514
3,5,2020-09-08,ESCORTS,-8.448001306602427,5.2926250193001145
3,5,2020-10-05,ESCORTS,-5.945267004148757,5.325823791817763
3,5,2020-10-16,ESCORTS,-5.933534743202429,5.0690437726397235
3,5,2020-12-22,ESCORTS,-7.623773542348022,4.682042881861824
3,5,2021-01-18,ESCORTS,-6.786866021694527,5.1104022448422635
3,5,2021-01-25,ESCORTS,-6.115259429446674,4.899215289876153
3,5,2020-12-21,SYNGENE,-7.255776246453182,5.009963294293194
3,5,2021-01-18,SYNGENE,-5.218868840521074,4.769375440333527
3,5,2021-02-22,SYNGENE,-5.959031657355684,4.999071914951739
3,5,2021-03-18,SYNGENE,-7.171903881700558,4.997126997979037
3,5,2023-06-23,IDFCFIRSTB,-6.0990338164251146,5.243830261402261
3,5,2023-11-01,IDFCFIRSTB,-5.7524694944799615,4.7407786083282755
3,5,2011-06-21,BATAINDIA,-7.831698046495172,5.648303071636575
3,5,2012-02-22,BATAINDIA,-5.676362609432372,4.841739594663883
3,5,2012-06-05,BATAINDIA,-7.209567198177669,5.048264316765127
3,5,2019-05-07,BATAINDIA,-7.7177433100392046,5.2057183074974285
3,5,2020-02-26,BATAINDIA,-7.032765981038979,4.925338931802211
3,5,2017-09-26,IGL,-5.374216946917243,5.485425672336305
3,5,2017-11-15,IGL,-5.534825870646765,5.111137134413429
3,5,2020-02-17,IGL,-10.155500095987712,5.0910044001917925
3,5,2020-02-25,IGL,-5.223568742164641,4.730535711624241
3,5,2020-03-02,IGL,-5.176573810046059,4.688998102681462
3,5,2021-01-12,SUZLON,-13.664596273291929,5.617072269137595
3,5,2021-01-27,SUZLON,-9.022556390977455,4.727461972834327
3,5,2021-02-09,SUZLON,-10.71428571428571,4.842812145690608
3,5,2021-02-17,SUZLON,-13.93442622950819,4.549692718239598
3,5,2021-03-05,SUZLON,-6.722689075630262,4.253552225451451
3,5,2023-11-22,SUZLON,-11.702127659574458,5.514023242541042
3,5,2023-12-20,SUZLON,-7.522697795071331,4.640316131004636
3,5,2024-01-17,SUZLON,-8.908685968819597,5.233465323980895
3,5,2024-02-13,SUZLON,-11.043566362715307,5.051185966028066
3,5,2024-03-06,SUZLON,-11.945392491467576,5.001333384935574
3,5,2024-03-20,SUZLON,-7.868020304568535,4.788323170118869
3,5,2024-05-28,SUZLON,-9.006211180124213,5.650719383426931
3,5,2024-09-02,SUZLON,-6.522289766970612,5.4148661522195916
3,5,2024-10-07,SUZLON,-11.048407323802344,5.252540177931253
3,5,2024-10-22,SUZLON,-6.095055471853172,5.0582516107512765
3,5,2024-10-31,SUZLON,-5.49124788255223,5.154916342173244
3,5,2020-02-24,DIXON,-8.443339143564533,5.014157109704524
3,5,2020-07-28,DIXON,-7.305688303707436,6.10349200937689
3,5,2020-09-22,DIXON,-12.215299660258449,5.098243309201906
3,5,2020-10-28,DIXON,-6.408779513110141,5.624167316931615
3,5,2020-12-22,DIXON,-8.782584288094132,5.858541349871111
3,5,2021-01-13,DIXON,-5.393306678031495,5.443543621014036
3,5,2021-01-25,DIXON,-9.004580900557379,5.402578671561339
3,5,2021-03-02,DIXON,-6.757514871574344,5.644486875407565
3,5,2021-03-24,DIXON,-13.846153846153841,5.655006748416491
3,5,2021-04-06,DIXON,-5.159102977819541,4.678192180078798
3,5,2021-04-15,DIXON,-6.958615460338158,5.174676268546722
3,5,2021-05-10,DIXON,-6.109465300373951,5.40813799886867
3,5,2021-07-29,DIXON,-6.530184306367959,4.687285807628898
3,5,2021-08-24,DIXON,-6.84498761998854,4.683613734121984
3,5,2021-10-22,DIXON,-10.648803593588873,5.645553641817046
3,5,2021-11-22,DIXON,-7.515489976000811,4.78882562818094
3,5,2024-07-19,DIXON,-11.139152654657869,5.023215248903421
3,5,2024-08-05,DIXON,-7.969718621065636,4.743805775705809
3,5,2024-09-06,DIXON,-7.142582244184781,5.440885050266014
3,5,2024-10-28,DIXON,-6.855987621406079,5.732742205948123
3,5,2024-11-01,DIXON,-5.417978934544465,5.721396265316868
3,5,2024-11-13,DIXON,-5.768799892453158,5.395690483065125
3,5,2014-06-12,GPPL,-5.804857966241251,4.991782171379368
3,5,2014-07-22,GPPL,-5.138339920948621,5.556611539432672
3,5,2014-09-17,GPPL,-7.260541748115045,5.407735027795405
3,5,2014-09-24,GPPL,-9.354375896700152,5.356500310677365
3,5,2014-10-29,GPPL,-6.988304093567244,5.139337472960369
3,5,2014-11-21,GPPL,-5.122431747818745,4.9771334737065915
3,5,2014-11-28,GPPL,-5.566772425728295,4.905861530933896
3,5,2014-12-15,GPPL,-6.782065834279227,5.065223473240888
3,5,2015-01-15,GPPL,-5.339695523744603,4.998795884123113
3,5,2015-02-02,GPPL,-6.158292574477542,4.783542973504234
3,5,2015-02-09,GPPL,-8.821502412129579,4.666591859266059
3,5,2024-11-13,JUBLPHARMA,-7.542372881355941,4.932059837656082
3,5,2017-10-18,KRBL,-6.122785331685199,5.2181741449978825
3,5,2017-02-16,FLFL,-5.54272517321015,5.497731709955591
3,5,2025-06-16,PAYTM,-8.652194283929415,4.954419753241624
3,5,2025-08-29,PAYTM,-5.414936133531844,5.869628232264725
3,5,2017-02-15,INDIANB,-9.285448455526602,5.197922155104876
3,5,2017-03-02,INDIANB,-5.379868877747784,5.002174296731731
3,5,2017-03-10,INDIANB,-6.586345381526105,4.9654100812220205
3,5,2017-03-22,INDIANB,-10.900379317228982,4.8864310935421855
3,5,2017-04-10,INDIANB,-5.090543259557345,4.662261647215084
3,5,2017-04-17,INDIANB,-6.691682301438395,5.039559922216099
3,5,2017-05-23,INDIANB,-8.65324103209566,5.03038633386101
3,5,2017-05-30,INDIANB,-5.071609098567819,4.821991834187688
3,5,2017-06-12,INDIANB,-6.169527896995708,4.954913607040331
3,5,2017-06-27,INDIANB,-9.335086401202098,4.687707039504515
3,5,2017-08-03,INDIANB,-5.2895822126591385,5.039852966547566
3,5,2024-02-13,HUDCO,-9.061080262493682,4.841741231644852
3,5,2024-02-29,HUDCO,-6.045711477021376,5.020160600438847
3,5,2024-03-13,HUDCO,-18.918251420103726,5.208404223277848
3,5,2024-03-20,HUDCO,-6.965042372881358,5.148764545014664
3,5,2024-04-16,HUDCO,-7.493478776381302,5.037384151397794
3,5,2024-05-07,HUDCO,-6.283783783783781,5.080718091495746
3,5,2024-05-28,HUDCO,-6.5046728971962615,5.9729920549718525
3,5,2024-06-05,HUDCO,-14.883126369612853,6.178964952211973
3,5,2024-07-19,HUDCO,-5.286671630677587,4.985220741988407
3,5,2024-08-05,HUDCO,-7.077662129703766,4.585689769847922
3,5,2024-09-06,HUDCO,-7.076247942951175,4.397128796776397
3,5,2007-09-27,JINDALSTEL,-9.806724913952857,5.670784479042893
3,5,2007-10-19,JINDALSTEL,-15.911640682424855,5.130343217147835
3,5,2007-11-08,JINDALSTEL,-16.259858182584075,5.010736878209578
3,5,2007-11-22,JINDALSTEL,-8.991891891891889,4.090428186704954
3,5,2007-11-29,JINDALSTEL,-9.855896772002804,5.404212013541028
3,5,2007-12-18,JINDALSTEL,-15.433793388740558,5.187572243930617
3,5,2008-01-11,JINDALSTEL,-6.168238372202451,5.034865602897442
3,5,2008-01-22,JINDALSTEL,-36.034658511722725,5.29750755172754
3,5,2009-11-03,JINDALSTEL,-11.531299240796445,5.7665994490838175
3,5,2009-11-26,JINDALSTEL,-6.53214062825046,5.1048074997787225
3,5,2010-01-18,JINDALSTEL,-5.236534625249356,4.64867202988136
3,5,2010-01-29,JINDALSTEL,-6.721628045157457,4.585904522245134
3,5,2010-05-06,JINDALSTEL,-9.838533114395176,5.166916700104408
3,5,2021-05-14,JINDALSTEL,-14.871481028151766,5.006328907784342
3,5,2015-04-20,ASHOKLEY,-5.866666666666676,5.02929008565856
3,5,2015-04-27,ASHOKLEY,-7.475317348378008,5.068937397890475
3,5,2015-05-07,ASHOKLEY,-7.9943899018232845,5.085245021127507
3,5,2015-06-04,ASHOKLEY,-7.22222222222223,4.992146980967378
3,5,2021-05-04,LINDEINDIA,-5.401748261210793,4.780765555496344
3,5,2021-05-17,LINDEINDIA,-6.1511864595823145,5.053038408465766
3,5,2021-07-16,LINDEINDIA,-7.151147977238637,5.015224244968898
3,5,2021-08-30,LINDEINDIA,-8.609865470852029,6.933362003043476
3,5,2021-09-20,LINDEINDIA,-6.005264889766371,5.158498685551099
3,5,2021-09-28,LINDEINDIA,-6.8733370238754254,5.322137690464803
3,5,2021-10-21,LINDEINDIA,-8.28950421532989,4.626264411573688
3,5,2021-11-24,LINDEINDIA,-6.46852105545298,4.954412085925995
3,5,2021-12-06,LINDEINDIA,-5.296881674498078,5.269557986228934
3,5,2021-12-20,LINDEINDIA,-7.443326707226472,4.86100405842594
3,5,2022-02-08,LINDEINDIA,-5.809292003722533,5.314002050430505
3,5,2012-02-23,ARE&M,-6.590752242926168,5.899696395402848
3,5,2012-05-08,ARE&M,-6.7953020134228215,4.949549601871907
3,5,2012-05-16,ARE&M,-6.154875397223614,5.4552736390626935
3,5,2012-10-25,ARE&M,-6.06567663668689,5.298535632016947
3,5,2013-02-01,ARE&M,-6.603480422622743,6.5156433209383575
3,5,2015-06-15,ARE&M,-6.522943914874757,5.108973379118388
3,5,2014-04-07,PAGEIND,-8.424355753874302,4.958385922883994
3,5,2014-06-04,PAGEIND,-5.264297758457992,4.892321954767558
3,5,2015-06-11,PAGEIND,-6.072703645899624,4.996848302477659
3,5,2024-01-15,JBMA,-5.521599502745255,5.11405363951334
3,5,2024-02-22,JBMA,-6.503484759425648,5.9434910703102295
3,5,2024-03-06,JBMA,-11.406082623072978,5.002989272591213
3,5,2024-03-27,JBMA,-5.274983950353096,4.591199945601029
3,5,2021-09-09,APOLLOHOSP,-5.523971574416975,5.005518532483321
3,5,2021-09-28,APOLLOHOSP,-13.240037764053337,4.89047629227248
3,5,2013-01-16,BAJAJFINSV,-5.392625949901497,4.932096771180931
3,5,2013-02-14,BAJAJFINSV,-8.084305150631666,4.98430377172512
3,5,2017-04-19,BAJAJFINSV,-5.89453370628158,5.2773078954345545
3,5,2017-05-22,BAJAJFINSV,-11.646514737839187,4.9873685603841365
3,5,2017-06-27,BAJAJFINSV,-5.44349170649423,4.9211872668134955
3,5,2017-08-10,BAJAJFINSV,-7.515115818923057,5.009629405260612
3,5,2017-09-25,BAJAJFINSV,-8.786521265773073,4.747221577969789
3,5,2017-10-25,BAJAJFINSV,-5.8253707996456905,4.7384767195109205
3,5,2021-11-22,BAJAJFINSV,-6.238416233061949,4.808747233268395
3,5,2023-09-20,JSL,-9.796744051632789,5.292626783910446
3,5,2023-10-09,JSL,-7.311178247734141,5.056884098907137
3,5,2023-10-26,JSL,-5.0213219616204725,4.880539023654137
3,5,2023-11-30,JSL,-7.602985899917048,5.681775961174449
3,5,2024-01-23,JSL,-6.5838180856689466,4.7048304684607185
3,5,2023-11-23,SONATSOFTW,-6.112495935840467,5.151541555423063
3,5,2012-10-10,ZEEL,-5.911698677974552,5.468972097402537
3,5,2012-10-29,ZEEL,-6.089911134343962,4.677636728298793
3,5,2012-11-20,ZEEL,-5.229914098029309,5.033417277220679
3,5,2012-12-11,ZEEL,-5.279069767441857,5.179519654967897
3,5,2007-09-21,CRISIL,-5.003510287843593,5.034790607015634
3,5,2007-10-10,CRISIL,-5.6030233322379335,4.362157614597016
3,5,2007-10-19,CRISIL,-11.804399794232467,4.220823075257877
3,5,2012-02-22,CRISIL,-5.405542842613775,5.051670588248678
3,5,2012-07-19,CRISIL,-5.448413452403567,4.913906391559653
3,5,2012-07-31,CRISIL,-5.908805689186359,4.522729758308739
3,5,2014-06-13,CANFINHOME,-5.141242937853107,4.917302182205781
3,5,2014-07-10,CANFINHOME,-8.172471674360038,5.002882388580178
3,5,2014-07-30,CANFINHOME,-13.763796909492276,4.742512845939053
3,5,2014-08-12,CANFINHOME,-6.941814969077365,5.075172789679548
3,5,2014-09-17,CANFINHOME,-9.07615750757248,5.250025003386113
3,5,2015-01-14,CANFINHOME,-5.849688118058738,5.729418196509276
3,5,2015-01-27,CANFINHOME,-12.974976830398532,5.807012743849221
3,5,2015-03-16,CANFINHOME,-6.363563595613542,5.0776412424593795
3,5,2015-03-24,CANFINHOME,-5.7689068553141265,4.838284582963011
3,5,2015-04-20,CANFINHOME,-7.6741365000319135,6.074078736643806
3,5,2015-04-27,CANFINHOME,-7.566204287515765,5.901690517211704
3,5,2015-05-07,CANFINHOME,-12.604927318637815,6.043784209012107
3,5,2015-06-02,CANFINHOME,-5.1680336793206045,5.6637447859044965
3,5,2007-10-08,KOTAKBANK,-7.692307692307687,5.4593747291200065
3,5,2007-10-19,KOTAKBANK,-17.000000000000004,4.865431494931008
3,5,2007-11-07,KOTAKBANK,-7.707509881422925,4.541218668766749
3,5,2007-12-18,KOTAKBANK,-12.0,4.797365930387996
3,5,2008-01-10,KOTAKBANK,-9.798270893371763,5.004144097370072
3,5,2008-01-21,KOTAKBANK,-22.508038585209,4.858863455867986
3,5,2012-03-19,KOTAKBANK,-6.99300699300699,4.941174423984243
3,5,2023-08-21,TRITURBINE,-5.535055350553508,4.937243557136573
3,5,2020-02-17,GUJENERGY,-5.384914463452562,5.04320609457148
3,5,2020-07-09,GUJENERGY,-9.998172180588561,5.000595435854219
3,5,2020-08-18,GUJENERGY,-6.030603060306028,5.394570567071306
3,5,2020-09-08,GUJENERGY,-6.43141718838931,4.805736066836689
3,5,2020-09-23,GUJENERGY,-5.584319526627201,4.8784891722324915
3,5,2020-10-13,GUJENERGY,-7.197549770290957,4.937465660460429
3,5,2014-03-19,TCS,-5.124769720314848,5.052946728503235
3,5,2009-06-18,ONGC,-11.180832857957801,5.028382945244818
3,5,2009-07-08,ONGC,-11.801242236024844,5.023298541539104
3,5,2014-04-25,SWARAJENG,-5.17819706498951,5.134952015763701
3,5,2014-05-09,SWARAJENG,-6.088992974238872,5.593029024597028
3,5,2014-07-14,SWARAJENG,-7.81884325407286,5.056992855291339
3,5,2010-11-02,3MINDIA,-6.958466983086165,5.328041092194144
3,5,2010-11-19,3MINDIA,-5.011342809171659,5.024559227650359
3,5,2017-07-18,CAPLIPOINT,-7.276788736207951,5.401443549552069
3,5,2017-08-10,CAPLIPOINT,-13.27532792828422,5.009629405260614
3,5,2017-09-25,CAPLIPOINT,-10.192400524101785,5.077233724793627
3,5,2007-11-09,ABAN,-5.573431506121318,5.084422292878251
3,5,2007-11-22,ABAN,-13.216337940674016,4.7589703209937495
3,5,2007-11-29,ABAN,-5.666295026622636,4.599216715222221
3,5,2007-12-19,ABAN,-7.370906989258019,4.815291392521255
3,5,2008-01-10,ABAN,-6.899382046322932,5.0038940945419
3,5,2008-01-21,ABAN,-23.265581250648136,4.931838771311082
3,5,2024-04-18,DLF,-5.783623156504525,4.982252360374372
3,5,2007-10-19,DIVISLAB,-14.307209211042771,5.1266127823637655
3,5,2007-11-07,DIVISLAB,-7.613275613275617,5.358959118992729
3,5,2007-11-23,DIVISLAB,-7.019201605188874,4.886174549186113
3,5,2007-12-18,DIVISLAB,-7.786788272494571,5.150010390497273
3,5,2008-01-10,DIVISLAB,-7.73066006144556,5.004447636117606
3,5,2008-01-22,DIVISLAB,-21.097664638511095,5.111046113723911
3,5,2012-09-17,DIVISLAB,-5.409202669476631,4.776894406088536
3,5,2012-11-06,DIVISLAB,-5.0916666666666615,5.301716387046019
3,5,2012-12-17,DIVISLAB,-6.58348592598903,5.026200868860906
3,5,2012-12-26,DIVISLAB,-5.392485368359923,4.767552886725931
3,5,2020-07-02,DIVISLAB,-5.177846844513501,5.0
3,5,2020-09-08,DIVISLAB,-5.1759329779131775,5.07103270888511
3,5,2020-09-23,DIVISLAB,-5.885958617390264,4.842557241274122
3,5,2021-01-29,DIVISLAB,-5.581317157226717,4.696940857940566
3,5,2025-08-08,DIVISLAB,-7.715712279606802,4.928858668954219
3,5,2011-06-21,UBL,-10.230934479054788,5.121073230799731
3,5,2016-08-11,HINDPETRO,-7.811015240887786,5.000334666868354
3,5,2016-08-23,HINDPETRO,-6.287156934347282,4.688394549834847
3,5,2016-11-04,HINDPETRO,-6.389161958645251,5.282378358644857
3,5,2014-05-06,FINCABLES,-7.737440410707741,5.774725712744746
3,5,2014-05-28,FINCABLES,-6.525735294117629,5.650646376200697
3,5,2014-07-10,FINCABLES,-5.202448210922794,5.002882388580178
3,5,2014-08-11,FINCABLES,-5.459839844697889,4.973101420452403
3,5,2014-09-24,FINCABLES,-10.39496527777779,4.909801473729596
3,5,2014-10-17,FINCABLES,-6.812283737024227,5.538811097704969
3,5,2014-12-16,FINCABLES,-6.969520481459912,4.934855277270525
3,5,2015-03-23,FINCABLES,-6.711179592535532,5.350901622893791
3,5,2015-04-17,FINCABLES,-5.330527792389972,4.868106020915205
3,5,2015-05-12,FINCABLES,-7.274119448698313,4.9866407809133495
3,5,2015-06-04,FINCABLES,-5.154845154845155,4.428465392122527
3,5,2017-02-16,FINCABLES,-6.617568577222754,5.031676394566508
3,5,2023-05-29,FINCABLES,-8.906697195191748,4.8976503571590095
3,5,2023-06-21,FINCABLES,-5.061042012953509,5.099902349443915
3,5,2023-08-14,FINCABLES,-7.727933163821287,5.06619539284838
3,5,2023-10-04,FINCABLES,-9.85320563757266,5.129138445387006
3,5,2023-10-18,FINCABLES,-7.676514772158239,4.561219858686402
3,5,2023-10-26,FINCABLES,-8.849510145082718,4.217446558115286
3,5,2007-10-03,RAJESHEXPO,-7.8114352970327765,5.707492085596789
3,5,2007-10-17,RAJESHEXPO,-7.555379746835444,4.7755145062973625
3,5,2007-12-19,RAJESHEXPO,-5.401055748680328,4.949250165479844
3,5,2008-01-22,RAJESHEXPO,-33.68471820311423,5.252445953469373
3,5,2022-09-28,ITC,-6.481481481481488,5.360050898308489
3,5,2023-07-25,ITC,-6.252078483538403,5.023848451903655
3,5,2010-08-25,VIPIND,-5.008028904054596,4.79975713367467
3,5,2010-10-08,VIPIND,-12.62772315403895,5.172908325064425
3,5,2010-10-29,VIPIND,-6.273824650571791,4.194271409047048
3,5,2010-11-19,VIPIND,-5.837060937156268,5.392182279003201
3,5,2010-11-26,VIPIND,-5.386194913915654,5.202118659909727
3,5,2011-05-02,VIPIND,-5.659317511585438,5.251149031446848
3,5,2011-05-23,VIPIND,-6.234848484848488,5.054008598690976
3,5,2011-06-13,VIPIND,-6.195127983182891,5.114135112314886
3,5,2011-06-20,VIPIND,-7.955749867514584,4.794263267495837
3,5,2018-01-30,VIPIND,-8.414766558089038,5.250694842378497
3,5,2013-11-22,SUNPHARMA,-5.147240781984641,5.020892645645488
3,5,2014-03-11,SUNPHARMA,-6.56199677938808,4.714944671990186
3,5,2008-01-23,USHAMART,-14.225232853513969,4.60755123372978
3,5,2007-09-28,TFCILTD,-7.586206896551717,4.4221893665978245
3,5,2007-10-08,TFCILTD,-13.043478260869568,4.029869578448746
3,5,2007-10-19,TFCILTD,-11.428571428571422,5.171167982695373
3,5,2007-11-01,TFCILTD,-8.799999999999997,4.332275014840483
3,5,2012-09-14,CIPLA,-5.198305737389298,4.907166359048996
3,5,2021-02-22,CIPLA,-5.17530214191696,4.849877371181769
3,5,2021-03-18,CIPLA,-6.250775915580387,4.934484714892952
3,5,2017-05-15,YESBANK,-7.904779779779769,4.902043009320744
3,5,2012-04-17,ASTRAZEN,-8.406917206067055,5.653991211181163
3,5,2012-05-15,ASTRAZEN,-13.945301922556187,4.872577837957039
3,5,2012-06-01,ASTRAZEN,-9.41182446160097,5.0675328092662735
3,5,2012-07-27,ASTRAZEN,-9.716994684671743,4.710911653027453
3,5,2020-09-10,ASTRAZEN,-12.480231945176602,5.003469782011235
3,5,2012-06-06,COLPAL,-5.233344606019608,5.314116877906297
3,5,2024-10-16,COLPAL,-5.240334449066985,4.771350077202649
3,5,2024-10-25,COLPAL,-7.721325708811111,4.5996792026744195
3,5,2022-09-16,TIMKEN,-11.281140968354041,4.876153497689292
3,5,2022-10-14,TIMKEN,-6.766381766381768,5.161112617993911
3,5,2022-11-03,TIMKEN,-6.493809468264167,4.598885077532896
3,5,2022-11-30,TIMKEN,-7.576181157394468,6.76158258900358
3,5,2022-12-26,TIMKEN,-6.007425930135635,4.823709294047491
3,5,2009-06-11,IOC,-5.4522924411400275,5.022934920197499
3,5,2009-07-14,IOC,-6.229341469616056,5.3737876927449495
3,5,2009-07-22,IOC,-5.536604565730774,4.848640996332932
3,5,2009-09-11,IOC,-6.579230273059544,4.864207600126903
3,5,2009-10-14,IOC,-6.128765992571195,4.997474695377326
3,5,2009-11-03,IOC,-5.883644346871575,4.663585828027535
3,5,2017-06-23,IOC,-7.297067244447875,4.832236715283168
3,5,2017-07-17,IOC,-5.168063807275991,5.071709199861271
3,5,2009-05-21,HEROMOTOCO,-16.013119008145303,5.583925932830501
3,5,2009-07-14,HEROMOTOCO,-5.53536381478521,5.514165758210739
3,5,2009-07-29,HEROMOTOCO,-6.024096385542165,5.917685188555321
3,5,2009-08-10,HEROMOTOCO,-11.869140235387988,5.214366543348198
3,5,2009-08-19,HEROMOTOCO,-8.627820912851014,5.010584447981756
3,5,2009-09-11,HEROMOTOCO,-6.469707110303724,5.162496118281138
3,5,2024-09-30,HEROMOTOCO,-6.277240619207458,5.1175712874103505
3,5,2024-10-17,HEROMOTOCO,-6.193919730173148,4.70641746322789
3,5,2024-10-29,HEROMOTOCO,-6.505305568852727,4.635208126189416
3,5,2013-02-15,CHOLAFIN,-6.283913880623149,5.20712045555785
3,5,2023-12-07,CYIENT,-8.955530685425861,5.007981282358764
3,5,2024-01-25,CYIENT,-9.955638779286192,4.994167253825087
3,5,2010-08-27,CASTROLIND,-6.98751238850347,5.161349842548935
3,5,2010-09-22,CASTROLIND,-5.106725426326886,4.851553705814717
3,5,2010-10-18,CASTROLIND,-7.914904544469681,4.876491974776632
3,5,2007-09-21,UNITDSPR,-5.204757065560706,4.926837076521507
3,5,2007-10-08,UNITDSPR,-6.711465770684577,4.327108475869404
3,5,2007-10-19,UNITDSPR,-12.306173865613879,5.124036757390433
3,5,2007-11-02,UNITDSPR,-8.601068545005862,5.241353484358126
3,5,2007-11-22,UNITDSPR,-10.418663303909204,4.785513378022506
3,5,2013-11-07,UNITDSPR,-7.9692898272552775,4.997232260002876
3,5,2010-05-07,INDUSINDBK,-5.971712938711371,5.450822413497514
3,5,2012-02-21,INDUSINDBK,-5.076830370593544,5.215801902012409
3,5,2012-03-19,INDUSINDBK,-5.928359142812445,4.972570108169304
3,5,2015-04-20,INDUSINDBK,-10.860493370661873,5.129513168269435
3,5,2015-05-07,INDUSINDBK,-5.524533681834387,4.851397355090832
3,5,2012-02-24,HAVELLS,-5.081021697335897,5.30030734306425
3,5,2012-03-26,HAVELLS,-7.838635618235479,5.497033930436114
3,5,2012-04-24,HAVELLS,-5.042589437819423,4.9507647805507125
3,5,2012-06-01,HAVELLS,-10.05020849289422,5.13572356730895
3,5,2012-07-27,HAVELLS,-7.61268781302169,5.350976541472163
3,5,2012-10-29,HAVELLS,-9.498456790123445,4.738696414898767
3,5,2017-05-24,MOTILALOFS,-11.900834236696978,5.786746962636179
3,5,2017-06-27,MOTILALOFS,-11.937455353599502,5.5421995759963325
3,5,2017-07-04,MOTILALOFS,-5.122551098295302,5.310468286531393
3,5,2017-08-01,MOTILALOFS,-6.191278142173385,4.99647953562966
3,5,2017-09-25,MOTILALOFS,-6.106366459627333,4.813870593230325
3,5,2017-10-25,MOTILALOFS,-5.897271159503603,4.8114527647714365
3,5,2017-11-08,MOTILALOFS,-7.741107952575743,4.607954376430169
3,5,2018-01-18,MOTILALOFS,-7.882341315590113,4.890585699959596
3,5,2018-01-30,MOTILALOFS,-12.836380352912059,4.61328266810607
3,5,2024-05-09,MOTILALOFS,-10.33325691419521,5.007498199158624
3,5,2024-05-23,MOTILALOFS,-5.637636888805774,4.8497686135205065
3,5,2024-06-04,MOTILALOFS,-8.557715594108473,4.611130154098966
3,5,2024-06-25,MOTILALOFS,-8.283208928183218,5.04903653563231
3,5,2024-07-02,MOTILALOFS,-9.935617200540502,4.601545247909424
3,5,2024-11-13,MOTILALOFS,-9.908284468500984,5.276701173083079
3,5,2010-08-26,SHOPERSTOP,-7.1890214389431435,5.056418320058938
3,5,2010-09-22,SHOPERSTOP,-5.362872421695952,4.861227184152836
3,5,2009-06-15,LICHSGFIN,-5.882853013686984,5.41467346211907
3,5,2009-07-08,LICHSGFIN,-9.530365611136615,6.133131770448201
3,5,2009-07-23,LICHSGFIN,-8.3598540712567,4.979327795896772
3,5,2009-08-10,LICHSGFIN,-6.4320671172220845,4.721681072019926
3,5,2009-09-25,LICHSGFIN,-6.256853905202863,5.9307135572073815
3,5,2009-11-03,LICHSGFIN,-12.126004174837124,5.137513963517589
3,5,2010-01-27,LICHSGFIN,-9.20884341311895,4.598580661865462
3,5,2010-02-06,LICHSGFIN,-5.435399457721168,4.634141825282133
3,5,2010-04-15,LICHSGFIN,-6.011471431722926,5.116499878671004
3,5,2012-02-24,LICHSGFIN,-8.711701734957533,4.76234779133303
3,5,2017-12-05,APLAPOLLO,-6.162082986084815,5.178022419188834
3,5,2018-01-31,APLAPOLLO,-15.240430243593794,5.660460967105263
3,5,2020-12-21,APLAPOLLO,-8.048595292331061,5.058666049016775
3,5,2021-03-16,APLAPOLLO,-17.071618434352885,4.819595504382064
3,5,2021-04-06,APLAPOLLO,-13.513224113930821,4.922731716406662
3,5,2021-04-15,APLAPOLLO,-6.005752636625116,5.079666477908576
3,5,2021-05-14,APLAPOLLO,-5.044887582426316,5.005074527279476
3,5,2021-07-12,APLAPOLLO,-6.469246868459699,4.947429876067478
3,5,2021-08-11,APLAPOLLO,-5.244984733042268,5.09584542305349
3,5,2021-08-24,APLAPOLLO,-6.669335221849304,4.53677978047863
3,5,2021-09-21,APLAPOLLO,-7.692307692307687,5.345776353564176
3,5,2021-09-29,APLAPOLLO,-7.235922384387394,5.063808469471358
3,5,2021-10-25,APLAPOLLO,-10.791155943932907,4.80241173440892
3,5,2014-08-08,SKFINDIA,-8.445148857230345,4.987072675218686
3,5,2014-09-23,SKFINDIA,-7.38005234079675,4.996892389440666
3,5,2014-12-11,SKFINDIA,-5.377641585824744,5.005850141136054
3,5,2010-10-25,KANSAINER,-7.181622322203262,4.78661153286166
3,5,2026-05-12,GVT&D,-10.188331026383125,5.164372352623203
3,5,2026-06-02,GVT&D,-6.212605684916728,5.30387747840966
3,5,2026-06-24,GVT&D,-8.69250926176922,5.532642301199983
3,5,2026-07-03,GVT&D,-10.972896440129453,4.983205751615221
3,5,2026-07-20,GVT&D,-5.355165658802486,5.123344554681156
3,5,2026-07-24,GVT&D,-7.351859692911111,4.920014856231404
3,5,2017-12-13,NBCC,-5.164696536788027,4.883946882472242
3,5,2024-02-13,NBCC,-19.168323586744627,4.559716604583221
3,5,2024-02-28,NBCC,-7.81035564853555,4.263017266145884
3,5,2024-03-13,NBCC,-13.118690841048364,4.722719119872693
3,5,2024-03-19,NBCC,-5.813953488372093,4.529598187137859
3,5,2024-04-15,NBCC,-8.333296943231428,5.1149710100652594
3,5,2009-06-15,BHEL,-8.22005212902731,5.067292161619617
3,5,2009-07-10,BHEL,-6.8810662540441765,5.0549587077108615
3,5,2009-08-10,BHEL,-6.9873079058531795,4.802929614197248
3,5,2024-05-09,BHEL,-5.468074061256278,5.007498199158626
3,5,2024-06-04,BHEL,-15.202063628546858,4.901364591345037
3,5,2024-07-19,BHEL,-9.618930547019044,4.900702485744912
3,5,2024-08-05,BHEL,-7.48612212529739,4.696017818832228
3,5,2024-09-06,BHEL,-7.874978173563829,4.475454091202418
3,5,2009-06-23,RALLIS,-6.999485331960886,4.852398301802518
3,5,2009-07-01,RALLIS,-9.237213403880062,5.441698419026405
3,5,2009-07-29,RALLIS,-5.128205128205132,5.414133824827016
3,5,2009-08-10,RALLIS,-9.456543064547773,5.295952745755246
3,5,2009-10-29,RALLIS,-7.60012135922331,5.22788271487172
3,5,2009-11-26,RALLIS,-5.0769734687192924,4.779250684455121
3,5,2010-08-26,RALLIS,-7.112554686464279,5.739109255575754
3,5,2010-09-16,RALLIS,-5.5199384536478995,5.252908899062357
3,5,2011-05-04,RALLIS,-7.501341921631766,5.223184590496946
3,5,2020-07-31,RALLIS,-6.886611146700838,5.516070918193795
3,5,2020-08-31,RALLIS,-10.279517336184519,5.182416073427253
3,5,2020-09-09,RALLIS,-5.504885993485331,4.804646468578853
3,5,2020-09-22,RALLIS,-9.272376046361885,4.716650035859251
3,5,2012-11-15,AARTIIND,-5.660377358490576,5.071950428004216
3,5,2013-01-24,AARTIIND,-6.0758337140246805,4.963606692031446
3,5,2013-02-07,AARTIIND,-11.671207992733878,5.001209124671849
3,5,2014-09-26,AARTIIND,-5.961389961389962,5.105521302657366
3,5,2014-10-17,AARTIIND,-9.455541237113396,4.9464355755737515
3,5,2014-11-25,AARTIIND,-6.610275689223066,4.778343016882951
3,5,2014-12-29,AARTIIND,-7.229500242600673,4.771264081037459
3,5,2015-02-09,AARTIIND,-5.37221795855719,5.493898070744043
3,5,2015-02-18,AARTIIND,-9.457411336768718,5.048866319673589
3,5,2015-03-23,AARTIIND,-8.502934199026102,5.81448115611954
3,5,2023-07-25,CIEINDIA,-8.776950963556573,4.704117468256759
3,5,2015-04-17,JKIL,-5.4313319530710835,5.050075595527328
3,5,2015-04-29,JKIL,-6.962556241897355,4.948593075609637
3,5,2015-06-05,JKIL,-10.09081735620585,5.1126558203487695
3,5,2009-06-19,KSB,-5.95467940249973,4.856923176164848
3,5,2009-06-29,KSB,-6.180193596425909,4.76258138927218
3,5,2009-08-12,KSB,-5.677767593441296,4.759042818569404
3,5,2009-09-02,KSB,-7.085160396953616,5.024242490463156
3,5,2016-11-11,BAJAJ-AUTO,-7.588129144851652,5.061505310983412
3,5,2024-02-29,BAJAJ-AUTO,-6.37606415719697,5.500101469972424
3,5,2024-03-13,BAJAJ-AUTO,-5.565341012052894,5.565651065327082
3,5,2024-10-03,BAJAJ-AUTO,-6.789221878355322,5.66826124865814
3,5,2024-10-17,BAJAJ-AUTO,-14.957602548049032,4.874776945996303
3,5,2024-10-28,BAJAJ-AUTO,-5.436040333435665,4.617710567751021
3,5,2007-10-18,THERMAX,-5.188818627740677,5.263101274904469
3,5,2007-11-23,THERMAX,-9.539382517598794,4.857245861246973
3,5,2007-12-14,THERMAX,-6.027197940567463,4.930387694321461
3,5,2010-02-23,THERMAX,-7.599323071963915,4.844071706702554
3,5,2010-05-07,THERMAX,-6.405643738977074,5.219508206194985
3,5,2012-02-27,ULTRACEMCO,-6.607574536663985,5.3779366234495685
3,5,2012-05-04,ULTRACEMCO,-5.063291139240511,4.653395667394801
3,5,2012-06-06,ULTRACEMCO,-5.6280587275693295,5.278488369052937
3,5,2012-11-15,ULTRACEMCO,-5.832865956253508,4.983442513095636
3,5,2013-01-10,ULTRACEMCO,-7.88450860632982,5.004535089712979
3,5,2013-01-29,ULTRACEMCO,-5.438596491228065,4.983276922350241
3,5,2014-03-10,ECLERX,-10.703173615432481,5.206812758772646
3,5,2014-03-21,ECLERX,-6.478873239436611,4.90464953888295
3,5,2014-05-23,ECLERX,-7.802124833997349,4.498653776805002
3,5,2021-07-26,ECLERX,-5.091842247433808,5.063769629476138
3,5,2021-08-06,ECLERX,-8.31492789398467,5.087720169167801
3,5,2021-08-23,ECLERX,-7.313932526397126,5.442637347505431
3,5,2021-09-22,ECLERX,-5.090230242688232,5.213897941741164
3,5,2021-10-25,ECLERX,-10.676691729323306,4.763624957156549
3,5,2021-11-22,ECLERX,-6.368351224219038,5.096653354742492
3,5,2021-12-01,ECLERX,-7.064793130366908,4.904552063901519
3,5,2022-01-24,ECLERX,-13.123784834737528,4.856494690927365
3,5,2022-02-21,ECLERX,-8.275418275418268,5.00567886864268
3,5,2025-06-12,GRSE,-8.951117361132333,5.000000000000003
3,5,2025-06-26,GRSE,-14.596157700346435,5.367729352034837
3,5,2014-06-13,BEML,-7.7277474046317245,5.25516659217519
3,5,2014-06-27,BEML,-5.040879948238331,5.317667241190174
3,5,2020-07-16,DEEPAKNTR,-5.7692307692307825,5.285989325665661
3,5,2020-08-11,DEEPAKNTR,-10.275942479595802,5.618219658816063
3,5,2020-08-31,DEEPAKNTR,-7.946663074954541,6.1953274492769825
3,5,2020-09-21,DEEPAKNTR,-5.185185185185192,5.560987941701058
3,5,2020-09-25,DEEPAKNTR,-5.541472616872012,5.6878787746305095
3,5,2020-10-12,DEEPAKNTR,-7.803377487601237,4.954311341322656
3,5,2020-10-19,DEEPAKNTR,-5.867532984154344,4.698380912999243
3,5,2020-11-02,DEEPAKNTR,-5.206202573408126,4.7635670838542605
3,5,2020-12-22,DEEPAKNTR,-5.642918271287978,5.40385198983941
3,5,2021-04-13,DEEPAKNTR,-7.300975410314814,5.0365040416904705
3,5,2021-05-10,DEEPAKNTR,-6.733193277310923,5.282961408210565
3,5,2021-10-22,DEEPAKNTR,-16.69742643289245,5.413312184627539
3,5,2021-10-29,DEEPAKNTR,-9.592622618565061,4.755413453047672
3,5,2021-11-22,DEEPAKNTR,-9.61440353711418,4.83270637837862
3,5,2021-12-20,DEEPAKNTR,-6.783057278676663,4.8136860743228445
3,5,2022-01-25,DEEPAKNTR,-16.42939301944073,4.914928296697434
3,5,2022-02-14,DEEPAKNTR,-10.57102611333839,4.917025159057256
3,5,2022-02-21,DEEPAKNTR,-5.205919901650202,4.653240126682441
3,5,2024-11-12,COHANCE,-6.107256995868749,4.804648544366129
3,5,2012-05-08,VSTIND,-9.92961515831643,6.049264505346955
3,5,2012-08-21,VSTIND,-7.031173549921499,5.045180314047693
3,5,2024-03-01,CHALET,-5.058620484437304,5.324415310617693
3,5,2024-03-07,CHALET,-7.272951021412755,4.969249866683821
3,5,2024-04-04,CHALET,-5.8852895495895226,5.366650544333351
3,5,2024-05-13,CHALET,-6.436755138465089,5.063288599006909
3,5,2009-04-29,ORIENTPPR,-6.9940476190476275,5.545766502461105
3,5,2009-05-11,ORIENTPPR,-9.01033973412112,5.561487075635754
3,5,2009-05-28,ORIENTPPR,-8.60103626943005,5.809771783887607
3,5,2009-06-09,ORIENTPPR,-10.899182561307907,6.119573235910747
3,5,2009-06-19,ORIENTPPR,-8.931698774080566,5.490922899726082
3,5,2009-07-06,ORIENTPPR,-9.15789473684211,4.693041993363833
3,5,2011-04-19,BLUEDART,-7.833045440124087,4.930525643327164
3,5,2011-05-03,BLUEDART,-6.588432523051136,5.129210621317702
3,5,2011-05-18,BLUEDART,-5.622293616426877,5.065934589956417
3,5,2012-04-28,BLUEDART,-5.6539703647416335,4.94639557593235
3,5,2012-06-04,BLUEDART,-7.029804227135495,5.179106766088619
3,5,2012-09-04,BLUEDART,-14.792599903829117,4.7230053121237265
3,5,2013-12-13,BLUEDART,-5.961840628507287,4.886902820345759
3,5,2014-01-31,BLUEDART,-10.506541247702451,5.48072323344101
3,5,2010-03-25,TMPV,-7.481559536354066,4.819894003645024
3,5,2010-05-07,TMPV,-9.416380578715067,5.561979441957621
3,5,2010-05-19,TMPV,-12.443095599393017,5.02881456987772
3,5,2024-03-15,TMPV,-6.947265783700329,5.323526850902628
3,5,2024-05-15,TMPV,-9.493371212121204,5.117030230025901
3,5,2025-08-12,AMBER,-11.469047156995927,4.904870047730051
3,5,2020-07-29,GRANULES,-6.806196440342771,6.8935290204252615
3,5,2020-12-08,GRANULES,-7.891286208129689,5.017257347386919
3,5,2020-12-21,GRANULES,-9.706694725766141,4.645819407623983
3,5,2020-12-31,GRANULES,-5.488459473966733,4.435547093764932
3,5,2021-01-18,GRANULES,-6.26865671641792,4.938600271807416
3,5,2021-02-02,GRANULES,-9.560175364163491,4.955599828982804
3,5,2021-02-09,GRANULES,-5.955120828538563,4.588047206959116
3,5,2021-02-19,GRANULES,-6.0826210826210865,5.0054282960784935
3,5,2021-03-09,GRANULES,-6.597938144329896,4.842792627972074
3,5,2021-03-18,GRANULES,-8.70279146141214,4.683861114708963
3,5,2021-03-26,GRANULES,-5.000000000000004,4.355815052836559
3,5,2024-09-13,GRANULES,-20.046099546207586,5.159777199676334
3,5,2024-10-07,GRANULES,-5.352672019338689,4.2378328999434105
3,5,2010-02-22,JINDALSAW,-6.089049338146813,5.418256691682388
3,5,2010-05-05,JINDALSAW,-6.25,4.932846628382156
3,5,2017-02-15,EDELWEISS,-6.746031746031744,4.892913607939234
3,5,2017-03-02,EDELWEISS,-5.737158105403594,5.80487449180362
3,5,2017-04-17,EDELWEISS,-5.941114616193477,5.007628296280052
3,5,2017-04-28,EDELWEISS,-6.366047745358094,4.829658942103328
3,5,2017-05-19,EDELWEISS,-7.257257257257255,5.11581516863794
3,5,2017-06-20,EDELWEISS,-5.670567056705666,5.733109853834658
3,5,2017-06-27,EDELWEISS,-6.094049904030719,5.371523743715826
3,5,2017-08-22,EDELWEISS,-5.441669772642577,5.6602986270394675
3,5,2017-09-22,EDELWEISS,-5.968622100954979,5.270884555497952
3,5,2017-10-26,EDELWEISS,-8.838878016960216,5.0114112610633175
3,5,2017-11-07,EDELWEISS,-7.500787897888439,5.174307467664118
3,5,2017-11-23,EDELWEISS,-5.10879848628194,5.258328596071035
3,5,2018-02-05,EDELWEISS,-11.26903553299493,5.151556931382577
3,5,2026-05-12,SCHNEIDER,-5.821051064463301,4.999299043645801
3,5,2026-05-18,SCHNEIDER,-6.259267931007573,4.893527211564747
3,5,2026-06-03,SCHNEIDER,-14.249694376528122,4.728073350731386
3,5,2025-06-23,KIMS,-6.209592542474828,5.101889315805713
3,5,2025-07-29,KIMS,-5.0041173117121645,5.652965190092085
3,5,2019-05-15,ABFRL,-8.349641226353565,5.182302122687311
3,5,2012-05-15,STAR,-6.14198831817907,5.050234555386906
3,5,2012-06-11,STAR,-5.815269681362844,5.34416179522211
3,5,2012-06-26,STAR,-5.198407249759695,5.487689352373174
3,5,2012-07-24,STAR,-5.020345468754206,5.332784496409727
3,5,2012-11-13,STAR,-5.452738202300377,4.872038623233084
3,5,2012-12-07,STAR,-7.121185701830868,6.2989840700094755
3,5,2012-12-28,STAR,-7.19902117782536,5.247797680811312
3,5,2013-01-24,STAR,-8.451388629312595,5.351480875158262
3,5,2013-02-07,STAR,-13.43697727049099,5.001209124671849
3,5,2013-02-15,STAR,-6.810654569541741,5.041613606801514
3,5,2024-02-12,NLCINDIA,-16.552801093109505,4.617005657114815
3,5,2024-02-28,NLCINDIA,-9.30042830919845,4.404266583812435
3,5,2020-01-30,COFORGE,-5.118665811417578,5.220450206506571
3,5,2025-07-24,COFORGE,-10.579949847943226,4.851398126815645
3,5,2024-11-13,MCX,-7.234410815362303,4.951771329453224
3,5,2025-06-12,MCX,-5.587329520457541,5.000000000000003
3,5,2025-07-08,MCX,-5.626214940294361,5.524729771954845
3,5,2025-07-28,MCX,-6.415299885008774,4.7105315911905805
3,5,2025-08-29,MCX,-7.659627639635136,4.863192819336364
3,5,2026-06-01,MCX,-12.602424938771817,5.405795201067172
3,5,2026-07-07,MCX,-9.578544061302685,4.946243108725833
3,5,2026-09-03,MCX,-6.758823529411773,6.017409568028928
3,5,2022-11-21,MAZDOCK,-10.883335252792815,5.45116859449712
3,5,2022-12-16,MAZDOCK,-6.192595931706768,4.89790852570366
3,5,2022-12-23,MAZDOCK,-20.297029702970303,4.834924858988663
3,5,2023-05-22,MAZDOCK,-7.5485846403799295,5.2256958283222925
3,5,2023-06-23,MAZDOCK,-10.238359413857745,6.18580128925953
3,5,2023-08-02,MAZDOCK,-7.624267142492991,6.345005774009739
3,5,2023-09-14,MAZDOCK,-7.633403014633067,5.554357038443385
3,5,2023-10-25,MAZDOCK,-12.895879798098376,4.8933582635558945
3,5,2023-11-01,MAZDOCK,-6.581059390048161,4.9209952958271606
3,5,2025-06-13,MAZDOCK,-5.806869352797472,5.021128901396681
3,5,2025-06-26,MAZDOCK,-6.602644647878897,4.987623402263745
3,5,2022-09-19,GNFC,-11.55601259721063,5.007403829544573
3,5,2024-11-12,PPLPHARMA,-14.251497005988023,5.240833599282197
3,5,2023-08-07,CUMMINSIND,-7.792925571112741,4.640224990833672
3,5,2026-06-02,CUMMINSIND,-5.300705101617586,5.31986012513442
3,5,2026-06-24,CUMMINSIND,-5.2770673486785995,4.958425686930263
3,5,2007-10-19,LT,-9.92857783223261,4.915988528584154
3,5,2007-11-07,LT,-7.811743341404364,6.04352516008861
3,5,2007-11-22,LT,-9.451756895959718,4.818080933345752
3,5,2007-12-18,LT,-6.505118890356676,4.789749460091836
3,5,2008-01-22,LT,-10.222679503196874,5.030924885024734
3,5,2024-02-01,LT,-8.360302049622437,5.145102710820841
3,5,2018-01-31,RKFORGE,-8.337746395998813,4.982168179785294
3,5,2010-04-28,STLTECH,-5.5060304142632415,5.895162800903301
3,5,2010-05-04,STLTECH,-6.3292829483242,5.7832776088546245
3,5,2010-07-30,STLTECH,-6.901820960142624,4.541122184123762
3,7,2020-02-01,SBILIFE,-11.381226433816227,4.79366548177506
3,7,2009-05-21,IDEA,-9.348255431204755,5.518363336027671
3,7,2014-01-17,IDEA,-9.715994020926754,5.265260309159175
3,7,2014-01-28,IDEA,-9.727626459143968,4.8374581524509495
3,7,2014-02-10,IDEA,-12.339688041594455,4.599389593004528
3,7,2009-06-18,ENGINERSIN,-8.747643732327992,5.713956678295841
3,7,2009-07-08,ENGINERSIN,-11.398901165247842,5.512702787154597
3,7,2010-03-30,ENGINERSIN,-13.712026140695654,5.78530131265957
3,7,2010-05-21,ENGINERSIN,-13.066025803187465,4.27234387025069
3,7,2024-10-22,POWERINDIA,-12.163149851448974,5.71584459104389
3,7,2024-11-13,POWERINDIA,-13.662313426191385,5.010827104342187
3,7,2026-05-12,POWERINDIA,-7.483870967741934,5.024331791682218
3,7,2026-06-03,POWERINDIA,-8.46664065548186,5.376641842348395
3,7,2026-06-10,POWERINDIA,-9.777596962299972,5.272437153214115
3,7,2026-06-24,POWERINDIA,-7.944685466377443,4.996618143364909
3,7,2026-07-03,POWERINDIA,-11.111111111111116,4.769327676785702
3,7,2009-04-20,DSKULKARNI,-11.838006230529597,6.004800161654785
3,7,2021-12-02,TRIDENT,-14.168190127970748,7.069531393398501
3,7,2021-12-21,TRIDENT,-11.508282476024412,5.857974290816672
3,7,2022-02-14,TRIDENT,-9.698996655518389,4.940955676971078
3,7,2022-02-21,TRIDENT,-7.7661431064572355,4.887899271992045
3,7,2009-04-20,NOIDATOLL,-9.106529209622005,5.025668845719543
3,7,2009-04-24,NOIDATOLL,-8.439490445859866,5.450631928884069
3,7,2009-06-08,NOIDATOLL,-7.1084337349397675,4.878157442466387
3,7,2015-04-27,BOSCHLTD,-11.395212977622737,4.957518256228271
3,7,2015-05-07,BOSCHLTD,-7.823238571573221,4.755235762438316
3,7,2015-06-03,BOSCHLTD,-8.260663827485981,4.822065613902048
3,7,2017-08-10,FEDERALBNK,-8.558951965065498,5.008723375560805
3,7,2022-12-23,RHIM,-10.765691363850872,5.264138643640683
3,7,2017-05-05,TATACOMM,-10.213053770713564,4.817604199075324
3,7,2025-07-08,DEEPAKFERT,-7.577072126785822,5.511120502559846
3,7,2025-08-29,DEEPAKFERT,-7.572427572427576,4.817858897233428
3,7,2021-02-22,BAJAJELEC,-9.185537899341112,4.907667579628935
3,7,2021-03-17,BAJAJELEC,-7.42329264269218,5.015698691010341
3,7,2009-04-27,DONEAR,-10.352422907488979,5.3789664043328225
3,7,2009-06-02,DONEAR,-12.177985948477755,7.206230123767243
3,7,2009-06-08,DONEAR,-7.53512132822477,6.147699047117904
3,7,2021-11-22,CENTURYPLY,-9.889874141876442,5.1020041178880895
3,7,2021-11-29,CENTURYPLY,-10.064436943847788,4.877132287288683
3,7,2021-12-20,CENTURYPLY,-11.672025723472668,4.719427483475467
3,7,2022-02-14,CENTURYPLY,-9.206100899491599,5.1125931406543925
3,7,2009-04-17,FSL,-7.853403141361259,5.15683263062037
3,7,2009-04-29,FSL,-9.011627906976738,4.494242054212285
3,7,2009-06-08,FSL,-10.815602836879435,5.035011048944793
3,7,2014-05-05,FSL,-14.54005934718101,5.904812020350088
3,7,2014-05-19,FSL,-9.24956369982548,4.7554587852944525
3,7,2014-07-11,FSL,-7.525510204081643,5.011686723516682
3,7,2021-04-12,FSL,-8.660130718954251,4.992122630074982
3,7,2021-07-30,FSL,-9.374273086764351,5.40805547284941
3,7,2021-08-11,FSL,-8.824273072060674,4.889460250457015
3,7,2021-08-23,FSL,-10.538060996776588,5.084015705686676
3,7,2020-02-18,MASFIN,-17.38741526683342,5.493507046786092
3,7,2020-03-02,MASFIN,-7.963555194805205,5.190778505331027
3,7,2021-10-21,POLYCAB,-10.655671761866458,4.820375079823385
3,7,2021-12-17,POLYCAB,-8.925914323752849,5.165912073171475
3,7,2022-01-25,POLYCAB,-7.664478591675373,5.115638973848268
3,7,2024-01-11,POLYCAB,-27.42760911259765,5.00469558370347
3,7,2009-11-23,DHAMPURSUG,-8.320251177394045,5.470691042912973
3,7,2010-01-21,DHAMPURSUG,-8.281249999999996,5.154644021606184
3,7,2010-02-05,DHAMPURSUG,-11.083017277707551,5.191495835677987
3,7,2010-02-23,DHAMPURSUG,-14.95154591601291,4.850999628884275
3,7,2008-01-22,INDIAGLYCO,-26.304801670146137,5.183632875156892
3,7,2024-11-14,TORNTPOWER,-7.216188067251894,4.685174240359684
3,7,2015-04-22,HONAUT,-9.61386132804477,5.11575813793459
3,7,2013-11-11,BRITANNIA,-7.265409870790085,4.986474807996022
3,7,2023-10-23,MAHABANK,-13.762486126526074,4.8954035061719745
3,7,2012-07-13,DCW,-8.571428571428562,5.093951865271956
3,7,2012-08-09,DCW,-10.659898477157348,5.004151978989024
3,7,2012-08-29,DCW,-8.009708737864084,4.979669374160096
3,7,2012-09-17,DCW,-7.174887892376692,5.503251258773654
3,7,2012-11-20,DCW,-11.181434599156114,4.896127068181448
3,7,2013-02-14,DCW,-10.220994475138124,4.9984202200121075
3,7,2010-02-05,EICHERMOT,-7.990907501311417,4.745727630327886
3,7,2011-05-04,EICHERMOT,-7.964247064010587,4.902952801559116
3,7,2012-05-15,EICHERMOT,-8.729472774416603,5.0646163838479135
3,7,2012-11-19,EICHERMOT,-9.618397385064693,5.303418774202418
3,7,2015-04-21,EICHERMOT,-9.64122445886899,5.048376194543685
3,7,2015-06-04,EICHERMOT,-7.807582317511541,6.138098896633745
3,7,2025-06-20,ERIS,-9.011579124014101,5.487376348049368
3,7,2020-07-16,DMART,-10.156896976208053,4.759190555239269
3,7,2026-07-27,HFCL,-11.6383662230381,4.870886176880498
3,7,2026-09-03,HFCL,-11.50989602151833,5.710433393242276
3,7,2020-02-26,NAUKRI,-8.105967259285352,4.794006762115721
3,7,2010-01-27,RECLTD,-9.739964832956549,4.98839417182166
3,7,2017-06-02,RECLTD,-7.656781720952843,4.861163335081468
3,7,2017-06-27,RECLTD,-8.587631650013506,4.875720248817824
3,7,2023-09-13,RECLTD,-9.531741625023127,5.308610383688073
3,7,2023-10-26,RECLTD,-7.6776098662497905,4.916905550499949
3,7,2024-02-12,RECLTD,-10.893909626719056,5.062105811504095
3,7,2024-02-28,RECLTD,-8.050436469447131,4.598966751242485
3,7,2024-03-15,RECLTD,-7.61116856256463,5.4124398779683
3,7,2024-05-07,RECLTD,-8.458205452247691,5.843804978750288
3,7,2024-06-06,RECLTD,-18.924731182795696,5.393014535824445
3,7,2024-08-05,RECLTD,-10.112533954210324,5.186188807417112
3,7,2017-02-09,CUB,-9.966134494436375,4.999999999999997
3,7,2021-01-11,VAIBHAVGBL,-7.975117201586734,5.234269900383421
3,7,2021-03-19,VAIBHAVGBL,-16.138032776370213,5.862168918112357
3,7,2021-03-30,VAIBHAVGBL,-9.808430060987606,5.143822724556479
3,7,2021-04-19,VAIBHAVGBL,-10.844666747817232,5.62398929533936
3,7,2021-05-14,VAIBHAVGBL,-11.939225952160982,5.006391211964707
3,7,2017-04-17,HINDALCO,-7.635530669381518,4.991681210823497
3,7,2017-05-05,HINDALCO,-7.215980024968783,4.881048018315459
3,7,2021-03-18,HINDCOPPER,-10.718273167100845,4.7322108367810385
3,7,2021-04-12,HINDCOPPER,-9.638554216867467,5.364278563966322
3,7,2021-04-22,HINDCOPPER,-8.324941255454831,5.534009017486402
3,7,2021-05-14,HINDCOPPER,-9.571655208884188,5.006391211964707
3,7,2021-06-18,HINDCOPPER,-11.319593971085817,4.973422817266961
3,7,2026-06-08,HINDCOPPER,-7.196552988632199,4.882368900537677
3,7,2024-07-22,APARINDS,-9.303523365417622,5.083105559361941
3,7,2024-08-05,APARINDS,-11.009924805512817,5.13089519636868
3,7,2026-07-03,APARINDS,-9.6909843899331,5.6528715056124
3,7,2026-08-17,APARINDS,-8.199999999999996,5.414171887752333
3,7,2022-12-23,GESHIP,-10.361694798484333,5.2691998817785235
3,7,2026-05-29,GESHIP,-13.933034089530505,5.179809369310277
3,7,2025-08-08,RAMCOCEM,-7.690982688829551,4.947746941140388
3,7,2011-05-02,UCOBANK,-13.681060282171863,4.96575525777332
3,7,2014-04-16,TVSMOTOR,-8.368644067796616,4.935794564122481
3,7,2014-07-09,TVSMOTOR,-10.146198830409359,5.853763421384784
3,7,2014-07-25,TVSMOTOR,-14.796070259005656,5.046563941204164
3,7,2014-09-16,TVSMOTOR,-8.208142826039621,5.156294819643669
3,7,2015-02-02,TVSMOTOR,-8.573717948717952,5.385577542936035
3,7,2015-02-24,TVSMOTOR,-8.642602948652767,4.756586268398618
3,7,2017-08-11,TVSMOTOR,-9.8269779942886,4.9917683177809105
3,7,2018-02-02,TVSMOTOR,-9.622522585615245,4.912163151930151
3,7,2024-03-15,TVSMOTOR,-7.854722197449393,5.15201637714162
3,7,2010-01-27,SEAMECLTD,-9.329770652415947,4.567814732947956
3,7,2022-09-26,SOLARINDS,-10.645395778706613,5.534297457531109
3,7,2025-07-14,SOLARINDS,-7.811174403102649,4.973560573683402
3,7,2011-05-13,ATUL,-7.257203842049087,4.943706353936385
3,7,2012-12-26,ATUL,-7.726713630772664,4.8170328162653036
3,7,2014-10-20,ATUL,-12.524644598941581,5.224787069366877
3,7,2023-09-13,KALYANKJIL,-9.411764705882353,4.7038187372690015
3,7,2023-11-16,KALYANKJIL,-7.262239313710994,5.078342909780661
3,7,2024-09-27,KALYANKJIL,-8.458549222797917,5.75597164630131
3,7,2024-10-22,KALYANKJIL,-7.162969576265366,5.116513377163375
3,7,2011-05-05,BAJFINANCE,-10.144927536231885,4.880119157746942
3,7,2021-12-27,SFL,-7.20961281708945,4.9868218107188955
3,7,2014-12-08,AIAENG,-9.581618079475762,5.967588525925451
3,7,2015-01-08,AIAENG,-7.350758018804271,5.002526413043401
3,7,2015-02-09,AIAENG,-8.306288922024374,4.835268920930952
3,7,2020-02-12,WHIRLPOOL,-10.68018739251615,5.020400247935169
3,7,2007-11-22,STCINDIA,-14.258743030917397,6.963000070465028
3,7,2007-12-10,STCINDIA,-10.256770522322523,4.944735176760482
3,7,2007-12-18,STCINDIA,-12.73067505424721,4.750533987814315
3,7,2008-01-10,STCINDIA,-14.261315115286088,5.005420262469153
3,7,2008-01-24,STCINDIA,-14.261029411764703,4.947953128157568
3,7,2022-09-27,HAL,-8.24908042049407,4.778095938117441
3,7,2022-12-23,HAL,-8.16126785747896,4.788661418303444
3,7,2024-03-13,HAL,-8.374280288186176,5.296210887078099
3,7,2024-06-04,HAL,-12.919366993217773,6.3514618320580185
3,7,2024-07-19,HAL,-12.79566181012245,4.841908710372551
3,7,2024-09-19,HAL,-7.95131978204836,4.838670874507471
3,7,2024-10-24,HAL,-7.028541682818512,5.374646006253765
3,7,2024-11-14,HAL,-8.025969349866092,5.293126344720405
3,7,2007-10-22,ABB,-7.410044977511232,4.971826531963611
3,7,2007-11-22,ABB,-9.548095109429887,4.977596177120558
3,7,2026-05-12,KIRLOSENG,-9.653336419931724,4.871498299600537
3,7,2026-06-30,KIRLOSENG,-7.785926041504132,6.513348464221715
3,7,2026-07-20,KIRLOSENG,-7.973655869439156,5.295755489410219
3,7,2010-09-22,KARURVYSYA,-9.108653220559537,4.754980292909459
3,7,2013-11-11,FINPIPE,-7.248368258330473,5.4886230424491655
3,7,2014-01-13,FINPIPE,-8.150183150183143,4.9425504208299955
3,7,2022-09-20,SCHAEFFLER,-10.691086493625512,5.146563252244601
3,7,2022-10-20,SCHAEFFLER,-10.338740603220009,5.1162826519026
3,7,2022-10-28,SCHAEFFLER,-11.289773556157101,4.682925568042267
3,7,2022-11-30,SCHAEFFLER,-9.066653070935725,5.00176930242777
3,7,2007-10-08,JSWSTEEL,-7.249971161610336,5.618978674914732
3,7,2007-10-18,JSWSTEEL,-13.603201945485866,5.446005356305822
3,7,2007-11-12,JSWSTEEL,-7.327909217428541,5.134165924611162
3,7,2007-11-22,JSWSTEEL,-7.129667624128033,5.040225709821955
3,7,2007-12-18,JSWSTEEL,-11.092814371257475,5.337010324039841
3,7,2008-01-09,JSWSTEEL,-8.232826428945994,4.87336478699978
3,7,2008-01-22,JSWSTEEL,-23.420893458912996,4.790173449218392
3,7,2010-05-04,JSWSTEEL,-7.1686478153272,4.793599886885429
3,7,2021-06-18,JSWSTEEL,-7.516204661426007,5.002719508102507
3,7,2021-08-20,JSWSTEEL,-10.116195102737468,5.077754326747835
3,7,2021-09-20,JSWSTEEL,-9.10787339410033,4.834518495367666
3,7,2020-09-01,FDC,-9.771743995226023,4.745604104378035
3,7,2020-12-22,FDC,-7.610720940232197,4.6994604939187745
3,7,2007-10-19,ADANIENT,-14.342021980551234,4.899947678407057
3,7,2007-11-29,ADANIENT,-8.381357756043906,5.300995848363297
3,7,2008-01-11,ADANIENT,-12.076192407801766,4.967747058136641
3,7,2008-01-22,ADANIENT,-14.143958476452168,4.642885048534744
3,7,2021-10-28,ADANIENT,-8.72328250698443,5.111392756673076
3,7,2022-01-27,ADANIENT,-7.785914158053886,5.137729764726612
3,7,2022-10-03,ADANIENT,-11.030501735233077,5.468480908960763
3,7,2022-12-23,ADANIENT,-12.558565697588032,5.317199098481261
3,7,2021-03-19,AFFLE,-10.122274045127956,4.961997765558825
3,7,2021-04-12,AFFLE,-7.869604980829436,5.096899596779402
3,7,2021-06-21,AFFLE,-10.332243742986769,4.873792511977894
3,7,2021-07-01,AFFLE,-8.327978128982371,4.398584816052543
3,7,2013-12-24,MOTHERSON,-34.59715639810427,5.0776021118906
3,7,2024-08-05,MOTHERSON,-10.71346814193056,4.773089833132234
3,7,2020-01-16,ADANIGREEN,-14.244810307802446,5.0
3,7,2020-02-28,ADANIGREEN,-14.178897812240388,4.411995859055575
3,7,2020-07-10,ADANIGREEN,-10.320241691842902,5.230971029452826
3,7,2020-07-23,ADANIGREEN,-8.472638948421196,4.292921897997106
3,7,2020-09-23,ADANIGREEN,-11.62109375,5.574637611216624
3,7,2020-10-08,ADANIGREEN,-7.11188204683435,5.002898852911821
3,7,2021-01-12,ADANIGREEN,-13.070266202614988,4.79655624482824
3,7,2021-03-30,ADANIGREEN,-10.353506020830904,5.431298958593538
3,7,2021-04-12,ADANIGREEN,-9.241765591038288,5.002291177077884
3,7,2021-04-22,ADANIGREEN,-7.049431715677423,4.663846171783992
3,7,2021-06-18,ADANIGREEN,-11.932849364791299,4.734285580272252
3,7,2021-07-05,ADANIGREEN,-14.254600408925244,4.474204724415611
3,7,2022-09-28,ADANIGREEN,-11.739139789573327,5.039718260017299
3,7,2009-08-11,SHREECEM,-10.086158732025762,6.337181590482677
3,7,2010-01-25,SHREECEM,-7.949390174398719,5.45142900850509
3,7,2012-04-09,SHREECEM,-7.6544041133623,5.452412836342031
3,7,2020-02-06,LALPATHLAB,-7.375919117647056,5.109288492302453
3,7,2022-12-23,RVNL,-14.1400407885792,5.168345824693846
3,7,2023-07-31,RVNL,-7.560521415270028,5.184654283579985
3,7,2023-09-14,RVNL,-9.788918205804753,5.731142078242464
3,7,2023-10-26,RVNL,-9.955423476968795,4.997571209759631
3,7,2024-10-07,RVNL,-13.912712025919582,4.564188510866301
3,7,2023-08-14,FACT,-10.316014997321899,4.895536395763066
3,7,2023-09-21,FACT,-7.312985179957643,5.85594135209141
3,7,2023-10-23,FACT,-9.527418021493517,6.7399075673124145
3,7,2007-11-22,RELINFRA,-12.350739131622813,4.756296054718705
3,7,2007-11-29,RELINFRA,-7.138468413115118,4.827791057852523
3,7,2008-01-22,RELINFRA,-25.508890043603017,4.603585606017811
3,7,2007-11-21,VEDL,-11.695447409733129,4.929717634602587
3,7,2007-12-19,VEDL,-7.335329341317365,5.3220838807921655
3,7,2008-01-11,VEDL,-7.468553459119498,5.051894926387098
3,7,2008-01-21,VEDL,-28.280141843971627,4.766196408465462
3,7,2010-01-27,VEDL,-8.947179302910534,4.829155132887895
3,7,2010-04-13,VEDL,-7.317759639741062,5.196552045642417
3,7,2010-05-04,VEDL,-9.752120026092637,4.4552226262775285
3,7,2010-05-20,VEDL,-10.300429184549365,4.766024094789647
3,7,2017-04-18,VEDL,-11.583011583011583,4.703037979212398
3,7,2017-05-08,VEDL,-8.109719737626708,4.158355720196698
3,7,2017-06-02,VEDL,-7.0052539404553364,5.682791647764977
3,7,2026-06-08,VEDL,-7.297379646556978,5.3585248661282945
3,7,2026-06-25,VEDL,-10.593428151054452,4.681426574966844
3,7,2022-01-21,LTTS,-11.255419241767372,4.731916252381517
3,7,2022-02-07,LTTS,-7.016736401673629,4.214999802198303
3,7,2023-05-22,SIEMENS,-12.631136183689629,4.995517594498599
3,7,2009-06-22,BERGEPAINT,-8.429068921970073,4.764754099489784
3,7,2017-09-27,BOMDYEING,-13.019936007875966,7.088013005312577
3,7,2017-10-13,BOMDYEING,-12.007623888182973,5.156713640468372
3,7,2017-11-15,BOMDYEING,-9.584042811967898,4.982553180664193
3,7,2017-12-05,BOMDYEING,-8.754512635379063,5.363109717927312
3,7,2018-01-18,BOMDYEING,-11.765743517375194,4.815082958525382
3,7,2018-01-25,BOMDYEING,-9.365910413030843,4.405293040057676
3,7,2018-02-02,BOMDYEING,-17.081081081081084,4.1308087907989455
3,7,2020-08-13,TORNTPHARM,-7.03633585757939,5.006599832209049
3,7,2020-09-23,TORNTPHARM,-7.4870493342141025,4.7866693589445575
3,7,2024-10-30,TORNTPHARM,-8.59489928193774,5.238214324840956
3,7,2018-01-18,BBTC,-8.200151101295994,5.076574516912815
3,7,2018-02-02,BBTC,-9.66937212325638,4.414807837575923
3,7,2012-11-12,SOBHA,-7.036219654679988,4.963346518578344
3,7,2024-07-22,SOBHA,-8.679831034658259,4.808054146089975
3,7,2024-03-13,ETERNAL,-7.093749999999998,4.810521523545574
3,7,2024-10-18,ETERNAL,-7.905562511178688,5.007908267506034
3,7,2009-08-10,PNB,-7.4346165148398535,4.858844087892606
3,7,2013-11-12,RCOM,-7.681314755269741,4.682132726346642
3,7,2014-01-28,RCOM,-9.410007468259906,5.105075183988355
3,7,2014-05-05,RCOM,-10.39755351681958,4.736625897923725
3,7,2021-11-30,TATAPOWER,-10.708401976935743,5.068736967025021
3,7,2021-12-20,TATAPOWER,-8.229098090849241,4.910811425569497
3,7,2022-01-24,TATAPOWER,-7.625754527162975,5.2182702575187205
3,7,2022-02-08,TATAPOWER,-7.11884516511766,5.39991057123691
3,7,2022-02-14,TATAPOWER,-7.352941176470584,4.810738136184528
3,7,2024-10-22,PCBL,-9.005823627287857,4.724502451469297
3,7,2024-10-31,PCBL,-8.25985042973546,4.623236920174819
3,7,2009-06-18,GODREJCP,-8.081149011336953,4.864110082323598
3,7,2007-10-08,APTECHT,-10.743488125275412,4.7143352685458755
3,7,2007-10-19,APTECHT,-13.751381604791145,4.495450893955644
3,7,2009-05-08,UNIONBANK,-8.63484341745211,4.8813213893641745
3,7,2009-06-18,UNIONBANK,-9.539918809201609,5.383193912413977
3,7,2009-07-08,UNIONBANK,-11.514904042466323,5.880132549327465
3,7,2009-07-24,UNIONBANK,-10.202445379835634,5.170064695142937
3,7,2009-10-26,UNIONBANK,-7.946892437944985,5.505396158359218
3,7,2023-08-31,UNIONBANK,-7.472660996354785,5.273668407857492
3,7,2023-10-09,UNIONBANK,-9.219858156028382,6.107961958975346
3,7,2023-10-25,UNIONBANK,-7.978436657681942,4.931248815647485
3,7,2007-10-22,BHARTIARTL,-15.856217663446582,5.0737421366387
3,7,2007-11-02,BHARTIARTL,-10.462812893931206,4.24571101105106
3,7,2012-05-04,JUBLFOOD,-7.465834317529952,5.032647477127041
3,7,2012-06-04,JUBLFOOD,-8.891706621230732,5.668578981056923
3,7,2012-07-26,JUBLFOOD,-7.88167399814359,5.032565903563239
3,7,2023-09-25,GLENMARK,-8.294419799206176,5.4840056947176485
3,7,2023-10-05,GLENMARK,-7.28229105786089,5.371804422429348
3,7,2023-11-13,GLENMARK,-7.60744802958806,5.098112677872607
3,7,2024-11-13,GLENMARK,-7.626762676267617,4.889706643647425
3,7,2026-06-02,GLENMARK,-8.398674996855227,4.650900145257811
3,7,2010-08-27,SUDARCOLOR,-7.190026954177897,5.248721342695725
3,7,2015-03-10,BEL,-9.446128141837907,5.16943453283496
3,7,2015-04-15,BEL,-10.001527441695945,5.054102586521682
3,7,2015-06-03,BEL,-9.080147256096716,5.143414874279327
3,7,2022-11-01,FINEORG,-15.72260376231711,4.816602727121736
3,7,2022-11-09,FINEORG,-7.898801853645265,4.402082746560194
3,7,2025-08-06,NH,-9.09277820611668,4.935170145030779
3,7,2011-06-21,ARVIND,-8.877721943048577,4.844515875970363
3,7,2012-02-24,ARVIND,-18.54014598540147,4.990458218426968
3,7,2012-03-26,ARVIND,-7.852564102564097,4.820751579193595
3,7,2014-05-19,ARVIND,-8.242950108459867,5.1327287962420005
3,7,2014-05-28,ARVIND,-7.937632884479084,4.928867309242347
3,7,2014-07-10,ARVIND,-12.916423144360023,5.002882388580178
3,7,2014-07-28,ARVIND,-10.709987966305645,4.86431739938967
3,7,2014-09-25,ARVIND,-8.254822790489014,4.9155398223630655
3,7,2014-11-11,ARVIND,-7.50806080147397,5.123790456669649
3,7,2009-12-14,RENUKA,-7.548845470692722,5.0304506962573745
3,7,2010-01-20,RENUKA,-7.391267196445361,4.789142151798819
3,7,2010-01-29,RENUKA,-9.69884853852967,4.859440212027343
3,7,2010-02-05,RENUKA,-10.037878787878785,4.459796400042123
3,7,2010-11-16,UFLEX,-18.524021792966817,4.877008599958507
3,7,2010-11-26,UFLEX,-14.894882982943269,4.334562323790057
3,7,2009-06-08,MUNJALSHOW,-10.543478260869566,5.668222407512516
3,7,2009-07-08,MUNJALSHOW,-10.46770601336302,5.3650894590365645
3,7,2009-08-10,MUNJALSHOW,-11.140583554376649,5.569691750747639
3,7,2009-08-19,MUNJALSHOW,-7.015902712815714,5.126262752280891
3,7,2009-09-10,MUNJALSHOW,-7.59183673469388,5.005006785697151
3,7,2009-11-03,MUNJALSHOW,-22.073578595317723,5.195539785766753
3,7,2023-09-22,ZYDUSLIFE,-7.429281939695365,5.045319369601703
3,7,2024-08-14,ZYDUSLIFE,-10.023829656391737,5.0799341258692134
3,7,2024-08-26,ZYDUSLIFE,-8.062041222577033,4.679393579776229
3,7,2020-01-22,ICICIGI,-7.00176991150443,5.089643960106698
3,7,2020-02-26,ICICIGI,-8.175703296294923,4.968147453676158
3,7,2023-08-11,APOLLOTYRE,-9.643916913946581,4.996422228772144
3,7,2026-05-13,NETWEB,-11.060105829677536,5.4921553985197225
3,7,2026-06-09,NETWEB,-10.254955210571115,5.997088958088363
3,7,2026-06-30,NETWEB,-10.559716200236501,5.604619385104191
3,7,2023-10-25,IRFC,-9.407216494845361,5.195625318401285
3,7,2024-02-12,IRFC,-18.184615384615388,5.031925746876798
3,7,2024-03-13,IRFC,-13.535142658315923,4.869687535742238
3,7,2024-06-06,IRFC,-8.41492458322306,5.594837262927075
3,7,2024-07-25,IRFC,-10.27470916023072,5.21726175782674
3,7,2024-08-05,IRFC,-7.3689646269042175,4.688509454196144
3,7,2024-10-07,IRFC,-7.0748036564954315,4.5173367496059065
3,7,2020-02-05,MANAPPURAM,-8.387622149837126,5.039011209173191
3,7,2020-03-02,MANAPPURAM,-8.910329171396135,5.5283946913743005
3,7,2014-01-27,BIOCON,-11.973043897611902,4.913834733423147
3,7,2017-03-02,BIOCON,-8.145760912192902,5.085543068500298
3,7,2017-05-03,BIOCON,-7.852853696995988,4.907338309032628
3,7,2020-07-28,BIOCON,-7.273994887287937,5.0992785866020585
3,7,2020-10-26,BIOCON,-8.428116469517743,4.888551442400815
3,7,2012-05-07,KAJARIACER,-7.866666666666666,5.378841395308343
3,7,2013-01-21,KAJARIACER,-8.64465682015637,5.073527324025499
3,7,2014-05-28,KAJARIACER,-8.281807889924231,5.57472692600286
3,7,2014-06-18,KAJARIACER,-8.272025838865959,4.869773729592558
3,7,2014-10-16,KAJARIACER,-7.104356939661615,5.095195110166834
3,7,2015-02-20,KAJARIACER,-9.00482619585803,5.016914431285211
3,7,2015-04-27,KAJARIACER,-8.423772609819125,5.279299914892167
3,7,2021-08-24,JSWENERGY,-11.96738022426096,4.862401409326574
3,7,2021-11-22,JSWENERGY,-8.715880893300243,4.9123224484132235
3,7,2021-11-30,JSWENERGY,-9.36908517350158,4.888662958728621
3,7,2022-12-23,COCHINSHIP,-20.120530333467258,4.722422596956873
3,7,2024-06-21,COCHINSHIP,-8.124353671147889,5.821585854380628
3,7,2024-07-19,COCHINSHIP,-7.339733663672976,4.839771104048992
3,7,2024-07-25,COCHINSHIP,-7.811710075458267,4.905711996540199
3,7,2024-08-06,COCHINSHIP,-11.233189939154375,4.5574030242727
3,7,2024-08-30,COCHINSHIP,-8.403932516082047,4.00715348792613
3,7,2024-10-07,COCHINSHIP,-8.003518029903256,4.449362007726354
3,7,2017-05-09,RAIN,-10.212588578574412,5.329900161423692
3,7,2017-05-23,RAIN,-10.114503816793885,4.867708631801096
3,7,2017-08-10,RAIN,-14.834337349397597,5.009125208088863
3,7,2017-09-22,RAIN,-8.370165745856362,5.769955914460827
3,7,2017-11-17,RAIN,-14.23746427643543,5.847028245024735
3,7,2018-02-02,RAIN,-16.039403889871185,4.531135394687823
3,7,2010-11-19,M&MFIN,-7.663451232583052,5.580300242526719
3,7,2010-11-25,M&MFIN,-7.114845938375347,5.4927764567120025
3,7,2011-05-03,M&MFIN,-8.378541289933693,4.791379979288106
3,7,2011-05-18,M&MFIN,-8.755760368663601,4.664882348559156
3,7,2013-01-11,M&MFIN,-7.447202667654674,4.966173769176222
3,7,2013-01-22,M&MFIN,-9.115699259836374,4.7547162411373165
3,7,2014-01-09,M&MFIN,-10.47540077390825,5.004062692668129
3,7,2014-01-23,M&MFIN,-12.164348107408607,4.232094885387169
3,7,2010-11-26,SUNDARMFIN,-8.587756380147182,5.0216029932417605
3,7,2018-02-02,TATACONSUM,-9.588815789473681,5.052409248359313
3,7,2020-03-02,TATACONSUM,-7.3430876521263455,4.917786775528424
3,7,2010-09-15,VENKEYS,-10.889960353738083,5.3647996998712335
3,7,2010-09-23,VENKEYS,-7.295530459678712,5.171012888914608
3,7,2010-10-27,VENKEYS,-11.734424666242859,5.123760281354479
3,7,2010-11-19,VENKEYS,-10.726012404232044,4.929168815310008
3,7,2010-11-16,TITAN,-8.102211016291704,5.348702864339381
3,7,2011-05-03,TITAN,-8.392015929289498,5.2974934241186835
3,7,2007-10-22,RELIANCE,-10.325353862900876,5.021121336034736
3,7,2008-01-22,RELIANCE,-21.32844748720141,5.335042067770945
3,7,2019-05-09,RELIANCE,-9.27505182950642,5.002365745568073
3,7,2007-10-08,PRAJIND,-13.921404682274241,4.988182538027832
3,7,2007-10-19,PRAJIND,-11.235431235431237,4.620358439421086
3,7,2007-11-01,PRAJIND,-8.14469078179696,4.330266225145009
3,7,2019-05-08,PRAJIND,-11.4484272128749,4.814101399667939
3,7,2011-05-03,ELGIEQUIP,-13.521850899742937,5.145715185295049
3,7,2022-09-19,ELGIEQUIP,-14.72320376914017,4.954617535839212
3,7,2022-09-27,ELGIEQUIP,-11.56748598533851,4.162536896360691
3,7,2022-11-01,ELGIEQUIP,-7.659694742792544,6.3696853624558205
3,7,2007-10-19,SOUTHBANK,-10.71716357775987,4.497427801677878
3,7,2008-01-22,SOUTHBANK,-23.9854633555421,4.748545214307172
3,7,2010-05-04,SOUTHBANK,-14.800995024875618,4.982629019509576
3,7,2024-01-23,PRESTIGE,-12.721757161508318,4.934038072030555
3,7,2024-02-14,PRESTIGE,-8.461538461538465,5.0319986425175784
3,7,2024-03-18,PRESTIGE,-10.494211932324138,5.046180997287992
3,7,2024-05-29,PRESTIGE,-7.003614569495509,4.957296003510056
3,7,2024-06-27,PRESTIGE,-9.8064955270323,5.348454581971378
3,7,2024-08-05,PRESTIGE,-10.59805055344457,4.991681815926012
3,7,2024-10-18,PRESTIGE,-7.127838519764518,5.213078528090413
3,7,2022-09-27,VBL,-11.272960273387433,5.507505354968066
3,7,2022-10-11,VBL,-8.523672004900673,5.482582031741175
3,7,2022-10-17,VBL,-7.244816773529273,4.945777484239078
3,7,2022-12-23,VBL,-7.4534607920649805,5.160118742555446
3,7,2023-06-08,VBL,-7.2283150548354875,5.004101858084523
3,7,2012-05-04,MRF,-9.80387031567208,5.196704741442524
3,7,2014-04-25,MRF,-13.321764071927433,5.149957350437298
3,7,2012-11-09,IPCALAB,-7.471575527883056,4.962444688633987
3,7,2014-03-07,IPCALAB,-7.385028533064785,5.232257236935532
3,7,2014-05-19,IPCALAB,-9.8122238586156,4.640834164283335
3,7,2020-11-10,IPCALAB,-12.95342257506018,5.496364865331469
3,7,2021-01-28,IPCALAB,-7.211503191255231,4.769659619227541
3,7,2020-08-13,LAURUSLABS,-8.40037334992667,5.006537525432419
3,7,2020-09-24,LAURUSLABS,-9.33782503421413,5.6932780152598745
3,7,2020-11-04,LAURUSLABS,-13.212273011897302,5.450424955647533
3,7,2020-11-10,LAURUSLABS,-7.99503634107428,4.765913504447295
3,7,2020-11-19,LAURUSLABS,-7.301916105644734,5.351975199003619
3,7,2021-01-29,LAURUSLABS,-9.01067053089184,5.369855073739472
3,7,2021-07-29,LAURUSLABS,-7.026030868463485,4.534297319461045
3,7,2021-08-23,LAURUSLABS,-8.224796718716265,4.875185448903566
3,7,2017-08-10,AVANTIFEED,-12.479827058139703,5.009629405260614
3,7,2017-09-25,AVANTIFEED,-7.060662289466169,5.1923763449325735
3,7,2017-11-15,AVANTIFEED,-13.109413743277798,5.052222803853676
3,7,2018-01-31,AVANTIFEED,-9.088448863559485,4.639306261612176
3,7,2020-01-28,BALRAMCHIN,-8.5995085995086,4.628464914543319
3,7,2020-02-03,BALRAMCHIN,-7.978879436784981,4.2245861144935715
3,7,2017-05-18,CESC,-15.74407631031508,4.968927815689033
3,7,2021-05-14,TATASTEEL,-7.141646899356157,5.006328907784343
3,7,2021-06-18,TATASTEEL,-7.203724852850746,5.143981277466998
3,7,2021-08-23,TATASTEEL,-9.87940314778224,5.2613127602085585
3,7,2021-09-20,TATASTEEL,-14.234373898950036,4.828220318874039
3,7,2021-10-21,TATASTEEL,-7.0103992436913565,5.038988852243718
3,7,2021-11-30,TATASTEEL,-9.00940493979081,4.2610510448047
3,7,2017-06-08,ADANIENSOL,-13.88048411497731,5.006125011111533
3,7,2017-08-11,ADANIENSOL,-14.506539833531518,4.991239163915251
3,7,2017-11-01,ADANIENSOL,-11.219618055555557,6.195778814769752
3,7,2017-12-01,ADANIENSOL,-9.86315517686548,4.76288676562589
3,7,2018-02-02,ADANIENSOL,-7.33923021754721,5.233463210623748
3,7,2021-04-12,ADANIENSOL,-12.3442164621144,4.691900028161598
3,7,2021-06-18,ADANIENSOL,-14.25954092920354,4.495321316177058
3,7,2021-07-02,ADANIENSOL,-14.257532281205165,3.542804563511993
3,7,2021-09-21,ADANIENSOL,-14.260365837747567,5.291953731493104
3,7,2021-11-30,ADANIENSOL,-11.33720930232558,5.387951890402142
3,7,2021-12-20,ADANIENSOL,-8.852864478318134,4.724419560664512
3,7,2022-10-03,ADANIENSOL,-13.282529635490404,4.799418624299218
3,7,2022-11-23,ADANIENSOL,-8.324107501002809,4.781424799764945
3,7,2026-09-01,ADANIENSOL,-14.533085961657388,4.781954104523199
3,7,2014-10-20,SUNDRMFAST,-7.422802850356291,5.098018184615
3,7,2015-02-06,SUNDRMFAST,-11.719298245614041,5.138669295970867
3,7,2015-03-23,SUNDRMFAST,-7.33868734422598,4.966523242472263
3,7,2015-04-21,SUNDRMFAST,-8.40466926070038,5.057520807007719
3,7,2015-06-02,SUNDRMFAST,-9.758771929824572,5.031712044620037
3,7,2017-06-28,SUNDRMFAST,-8.623133108034441,5.527879543042453
3,7,2007-11-22,WELCORP,-8.124845182065899,5.969799835075718
3,7,2007-12-17,WELCORP,-8.892158923691406,5.263239709524333
3,7,2008-01-22,WELCORP,-17.759848125296628,6.08978938810458
3,7,2012-12-13,KTKBANK,-18.476871965244058,5.008114701902002
3,7,2012-12-24,KTKBANK,-7.8442599484683795,4.494350135980299
3,7,2013-01-11,KTKBANK,-7.439159292035402,5.078464073530494
3,7,2013-01-24,KTKBANK,-9.97986770204199,4.9842530870880015
3,7,2013-02-04,KTKBANK,-7.367475292003589,4.858222935709603
3,7,2021-12-15,IEX,-11.397121083827255,5.576121159439951
3,7,2022-01-27,IEX,-8.462455303933247,4.752593570171294
3,7,2014-11-17,BALKRISIND,-23.37708830548926,4.983554863962591
3,7,2017-08-10,BALKRISIND,-7.320546616974221,5.008234186810511
3,7,2009-04-20,MCLEODRUSS,-9.784735812133071,5.329868395229207
3,7,2009-06-08,MCLEODRUSS,-7.160253287871421,4.8581410183318745
3,7,2009-08-20,MCLEODRUSS,-7.645446238196774,5.564369770162486
3,7,2009-11-03,MCLEODRUSS,-10.533610533610528,5.108613901319591
3,7,2010-01-12,MCLEODRUSS,-11.252239049014822,5.412310745036422
3,7,2010-01-27,MCLEODRUSS,-17.35492086592687,4.820851008837112
3,7,2010-02-22,MCLEODRUSS,-7.474495107224655,5.148684172328219
3,7,2010-04-28,MCLEODRUSS,-10.134436401240954,4.565411889588942
3,7,2010-05-05,MCLEODRUSS,-7.6115485564304475,4.302377774228295
3,7,2009-10-22,AUROPHARMA,-7.0159189580318415,5.322082574074292
3,7,2009-10-29,AUROPHARMA,-8.898205007085513,5.254018249452437
3,7,2014-03-11,AUROPHARMA,-8.56472795497185,5.056645330675097
3,7,2014-07-10,AUROPHARMA,-13.834274219713183,5.002882388580177
3,7,2014-09-24,AUROPHARMA,-8.275466284074607,5.084182828372529
3,7,2014-12-17,AUROPHARMA,-9.345552001383261,5.109482347037521
3,7,2015-02-09,AUROPHARMA,-13.415440568689041,5.0370483698432675
3,7,2015-02-19,AUROPHARMA,-7.315874150875934,5.023692246440336
3,7,2024-02-05,AUROPHARMA,-11.48730876216969,5.077014227999652
3,7,2013-11-11,EMAMILTD,-7.203980099502482,4.994804222282538
3,7,2009-07-08,BANKBARODA,-15.18361581920904,5.426638247195276
3,7,2011-05-02,BANKBARODA,-11.092715231788075,4.987114010483483
3,7,2024-09-06,OIL,-14.098787422073023,5.917428266945894
3,7,2024-09-20,OIL,-8.554716061418489,4.752718060499607
3,7,2024-10-03,OIL,-8.172134639965922,4.492208586174302
3,7,2024-10-17,OIL,-10.438342145659208,5.095773458611401
3,7,2011-05-18,FMGOETZE,-7.885493501931851,5.023043897937394
3,7,2014-12-17,JKLAKSHMI,-7.527144077101388,5.521025251557448
3,7,2015-02-10,JKLAKSHMI,-7.992872597683598,4.667543764151044
3,7,2015-06-04,JKLAKSHMI,-7.600984508469666,4.716939811888599
3,7,2014-03-11,PERSISTENT,-7.136799253668036,5.54921415006018
3,7,2014-05-19,PERSISTENT,-8.78566018682151,4.758917967874079
3,7,2020-08-31,PERSISTENT,-8.950543968834623,5.256414771821878
3,7,2020-10-19,PERSISTENT,-8.151340296545174,5.192955937535402
3,7,2021-03-25,PERSISTENT,-8.10205224830678,5.761565804370558
3,7,2021-10-22,PERSISTENT,-7.634871599136439,5.412063133036452
3,7,2022-02-14,PERSISTENT,-9.678231993587538,5.24945231155622
3,7,2022-02-18,PERSISTENT,-7.202039515615044,5.133341058161381
3,7,2012-10-18,ZENSARTECH,-8.134057971014496,4.883716783013642
3,7,2012-10-29,ZENSARTECH,-7.4155948553054625,4.2970031070903
3,7,2023-09-13,ZENSARTECH,-8.964285714285714,4.999763666518048
3,7,2023-10-23,ZENSARTECH,-7.215299913068673,4.692086148652754
3,7,2015-04-13,GFLLIMITED,-7.45131244707874,5.2282342442888945
3,7,2015-04-27,GFLLIMITED,-9.21052631578948,5.05648030256165
3,7,2019-05-09,GFLLIMITED,-8.828939301042304,5.002135277492424
3,7,2021-02-01,DRREDDY,-9.800786262807327,4.725147177490617
3,7,2010-10-21,JINDALPOLY,-12.12523173304353,6.410717600046755
3,7,2010-11-16,JINDALPOLY,-19.540772194700008,4.87899050128491
3,7,2010-11-26,JINDALPOLY,-14.875458965962096,4.127841590859838
3,7,2011-05-09,JINDALPOLY,-7.977173385138425,5.021352272942668
3,7,2011-06-22,JINDALPOLY,-12.012195121951208,4.776776452244837
3,7,2022-11-11,INDHOTEL,-8.261818181818171,5.000796776061885
3,7,2022-12-23,INDHOTEL,-7.7325939617991395,5.021912528428768
3,7,2009-06-30,LUPIN,-8.778988544286104,5.485790961480042
3,7,2009-09-02,LUPIN,-7.071679584075485,4.81620014233395
3,7,2015-04-17,LUPIN,-10.67120868029271,4.707410028992319
3,7,2015-05-14,LUPIN,-7.794225662466802,4.521951968172418
3,7,2022-01-25,UNOMINDA,-9.70359915314043,4.545324177364369
3,7,2022-02-14,UNOMINDA,-9.0359168241966,4.83949593121416
3,7,2024-03-13,NTPC,-8.432708688245317,5.1946532800178264
3,7,2024-06-06,NTPC,-10.732516590096985,5.060101889290303
3,7,2009-06-15,COROMANDEL,-7.533740062858207,5.448238384380428
3,7,2009-06-23,COROMANDEL,-8.16849441426668,5.286234719857754
3,7,2009-07-08,COROMANDEL,-11.528946066303803,5.18638894906602
3,7,2010-09-16,COROMANDEL,-7.614400147316092,5.535704821139836
3,7,2010-11-24,COROMANDEL,-9.798892815813353,5.020742151925628
3,7,2011-04-26,COROMANDEL,-12.258522727272725,5.392744732207857
3,7,2020-09-01,COROMANDEL,-7.6999812955919955,4.948018602755263
3,7,2020-10-07,COROMANDEL,-9.13849646821392,5.0040315404422415
3,7,2025-07-03,COROMANDEL,-10.841449784448344,5.046790090786431
3,7,2025-08-08,COROMANDEL,-7.594501718213065,5.142499550993312
3,7,2009-04-20,EMBDL,-11.446794226250411,5.84232478797118
3,7,2009-04-28,EMBDL,-14.865794907088791,5.753723932975723
3,7,2009-06-08,EMBDL,-10.840802390098169,6.254956801389739
3,7,2021-10-25,FLUOROCHEM,-10.11043070537293,4.563211472366522
3,7,2021-12-17,FLUOROCHEM,-12.692043824452714,4.6746393549695915
3,7,2022-01-27,FLUOROCHEM,-9.434620540222905,4.890937992838169
3,7,2022-02-09,FLUOROCHEM,-10.147651006711412,5.703566533485866
3,7,2022-11-15,FLUOROCHEM,-10.68424850751165,5.015408685396323
3,7,2022-12-05,FLUOROCHEM,-7.1567366766680856,4.615208456334216
3,7,2022-12-23,FLUOROCHEM,-7.924051474744798,4.641602538787807
3,7,2014-07-14,KEC,-8.52713178294573,5.09526789865544
3,7,2014-08-04,KEC,-12.981744421906694,4.438052424530354
3,7,2014-09-16,KEC,-8.66551126516465,5.233985821136349
3,7,2014-11-07,KEC,-7.604735883424407,5.178145214603137
3,7,2017-11-13,KEC,-7.535446869523666,5.02460291976889
3,7,2021-06-18,TIINDIA,-10.081466395112027,5.3355684605080835
3,7,2022-11-10,TIINDIA,-10.965147917713747,5.090668984361751
3,7,2022-12-23,TIINDIA,-7.915886456658983,5.118602623592367
3,7,2026-05-12,ABCAPITAL,-7.533875338753393,5.18464496703948
3,7,2020-09-21,EPL,-14.427157001414425,4.8373679098577576
3,7,2026-06-08,NATIONALUM,-13.435568780041196,5.1540418706302225
3,7,2026-06-25,NATIONALUM,-12.118005027119993,4.652651223624687
3,7,2026-08-17,NATIONALUM,-7.726190476190475,5.429545287590389
3,7,2009-07-10,JAYSREETEA,-7.609398577279592,5.006198151609484
3,7,2009-08-10,JAYSREETEA,-7.145680964617518,4.7893113630712705
3,7,2009-10-27,JAYSREETEA,-7.599798514041045,5.158146980650786
3,7,2010-01-27,JAYSREETEA,-12.414885193982572,5.16069294524828
3,7,2021-12-17,BSE,-14.532600157109188,5.859205105925296
3,7,2022-01-25,BSE,-8.456264284230208,5.3623063541178215
3,7,2023-11-22,BSE,-13.374805598755835,6.064457840471381
3,7,2024-01-23,BSE,-8.114636375505935,5.084373028099275
3,7,2024-03-13,BSE,-10.348285313189399,4.806368387242
3,7,2024-04-29,BSE,-11.458832550560716,5.625076212047768
3,7,2024-05-13,BSE,-7.863375186209831,4.984272708150461
3,7,2024-06-24,BSE,-7.800907983612005,4.897353555942869
3,7,2024-08-06,BSE,-12.331176937918508,5.496564879075034
3,7,2025-06-13,BSE,-9.789046383176958,4.997153730448586
3,7,2025-07-08,BSE,-12.166235239885104,4.598011836850194
3,7,2025-08-25,BSE,-9.203329369797853,4.9526998582552695
3,7,2021-07-23,CDSL,-11.844287619109572,7.109729520065939
3,7,2021-09-21,CDSL,-7.197599595112425,5.440997696236375
3,7,2021-11-22,CDSL,-7.732689210950072,5.179127726615447
3,7,2021-12-20,CDSL,-9.869725722305278,5.220747669089379
3,7,2022-01-25,CDSL,-7.056470226188649,5.04680153289229
3,7,2012-02-24,ACC,-7.510486959693596,4.880167927084457
3,7,2020-08-13,NAVINFLUOR,-7.200904529715224,5.006599832209049
3,7,2020-08-31,NAVINFLUOR,-8.582334207568366,4.953208355064605
3,7,2020-11-26,NAVINFLUOR,-7.601032758967985,5.2904177668832135
3,7,2021-01-29,NAVINFLUOR,-10.7680928095924,4.940883397378899
3,7,2008-01-22,SHRIRAMFIN,-16.359163591635916,5.595133871395166
3,7,2021-04-08,ATGL,-14.6692439862543,5.006653512329486
3,7,2021-05-14,ATGL,-9.283759124087599,5.006391211964707
3,7,2021-06-16,ATGL,-14.257163940474737,4.8985375665650075
3,7,2021-06-25,ATGL,-14.271298832348279,4.307115093568596
3,7,2021-07-20,ATGL,-8.645984992720345,4.800448585817053
3,7,2021-09-07,ATGL,-9.817505914160185,7.395217236144096
3,7,2021-12-21,ATGL,-11.340502166309962,5.872652725407335
3,7,2022-10-03,ATGL,-10.070909644581716,5.062501490341656
3,7,2022-12-23,ATGL,-10.558353162525592,5.050199877139734
3,7,2020-09-01,APLLTD,-8.072265038534676,4.495691031367706
3,7,2021-01-21,APLLTD,-11.2145162044615,5.04035659322808
3,7,2014-07-08,SRF,-9.324645593026315,5.044123921498463
3,7,2014-10-16,SRF,-7.758802445709456,4.941102700883539
3,7,2015-04-27,SRF,-11.01636001297679,5.701802628787896
3,7,2021-10-20,SRF,-8.370318138454525,4.947943314171596
3,7,2021-11-30,SRF,-8.19068106920543,5.026397750864916
3,7,2018-02-02,VAKRANGEE,-42.38868172844922,5.742679561998294
3,7,2009-05-26,PFC,-7.434761201378626,5.01482093184459
3,7,2009-06-19,PFC,-9.165858389912707,5.286861284534073
3,7,2009-07-08,PFC,-9.583133684714905,5.391217911255061
3,7,2009-08-07,PFC,-7.587842207372287,5.189714743744663
3,7,2023-09-13,PFC,-8.81678138315307,5.526754343090934
3,7,2023-12-20,PFC,-7.3853989813242755,5.354328284393152
3,7,2024-02-13,PFC,-10.255042151317895,5.0507022879426735
3,7,2024-03-15,PFC,-11.199160936953733,5.342976962314619
3,7,2024-05-07,PFC,-9.896334295180075,5.455108447493264
3,7,2024-06-06,PFC,-14.870223503965384,5.8405047659078635
3,7,2024-08-05,PFC,-10.551364942528728,4.953881914390422
3,7,2025-08-25,JKCEMENT,-7.819339434938321,5.425485469173813
3,7,2014-07-09,BHARATFORG,-8.360008933224151,5.3378971384347675
3,7,2014-09-16,BHARATFORG,-9.077598828696921,5.236352569173016
3,7,2015-04-20,BHARATFORG,-10.13677811550152,4.991123193756396
3,7,2015-06-09,BHARATFORG,-8.620545773178668,4.917110375008838
3,7,2026-08-12,BHARATFORG,-8.10965919124138,5.137560786540212
3,7,2009-04-20,IIFL,-13.156306578153277,5.949494186465396
3,7,2009-05-25,IIFL,-12.08388814913447,8.49128778016742
3,7,2009-06-15,IIFL,-17.224715222644104,4.911276951022763
3,7,2009-07-06,IIFL,-10.1364522417154,4.519072938444689
3,7,2020-02-28,RELAXO,-12.04697562823589,5.489924828107323
3,7,2009-10-27,SUPREMEIND,-7.438258073944182,5.237059626212441
3,7,2009-12-07,SUPREMEIND,-9.016164994425857,5.315561030132333
3,7,2014-01-23,SUPREMEIND,-10.650319829424305,5.476491672431555
3,7,2023-09-15,SUPREMEIND,-10.084565442741022,5.19471257582178
3,7,2023-10-26,SUPREMEIND,-11.3791128365048,5.626288449177806
3,7,2014-03-05,HCLTECH,-7.178445622163688,5.221910347422938
3,7,2014-05-07,HCLTECH,-7.296016845060538,4.837018028578526
3,7,2014-05-19,HCLTECH,-7.382740541306509,4.882005546267062
3,7,2014-06-04,HCLTECH,-7.775545451341159,4.6022318483930995
3,7,2009-05-13,NIITLTD,-8.309859154929578,6.140148382440852
3,7,2009-06-08,NIITLTD,-8.97718910963945,8.15952212947427
3,7,2019-04-30,ADANIPOWER,-14.691943127962093,5.152780041482587
3,7,2026-05-12,ADANIPOWER,-8.931752030930973,4.921159636732257
3,7,2023-05-23,NCC,-10.293473499780992,4.936863571656882
3,7,2023-09-14,NCC,-11.13801452784502,4.66253954403338
3,7,2023-10-25,NCC,-10.740157480314972,4.931733514714718
3,7,2014-09-16,SIMPLEXINF,-8.480692890653208,4.734113091007871
3,7,2014-09-25,SIMPLEXINF,-11.21188730219993,4.480414105536578
3,7,2021-01-19,INDIAMART,-9.65648086578289,5.478123066822837
3,7,2021-02-17,INDIAMART,-7.086438920585625,4.902048690951063
3,7,2021-05-04,INDIAMART,-15.759920139755422,5.159056093085828
3,7,2017-09-25,LTF,-7.154902433148647,4.839673435543039
3,7,2007-11-08,RIIL,-14.259045954641136,5.0106654374792665
3,7,2007-11-14,RIIL,-14.172912205567446,4.477812082397628
3,7,2007-11-22,RIIL,-12.072328415062294,4.088341802619948
3,7,2007-12-10,RIIL,-8.190639970519598,3.7587998631853874
3,7,2007-12-18,RIIL,-8.102323941888855,5.131834754855573
3,7,2008-01-10,RIIL,-13.964842003612365,5.005420262469152
3,7,2008-01-23,RIIL,-14.261388766032734,4.577886717414188
3,7,2022-09-28,BDL,-9.486968449931421,5.55163654380269
3,7,2022-12-23,BDL,-11.254802229316596,4.818998114005358
3,7,2007-10-22,GMDCLTD,-14.257576975641129,9.135839688427696
3,7,2007-11-23,GMDCLTD,-14.215686274509798,4.81297723393163
3,7,2008-01-22,GMDCLTD,-24.376855202699964,5.401396683253457
3,7,2012-03-16,GMDCLTD,-7.455142784938085,4.90120162632683
3,7,2026-05-12,GMDCLTD,-8.611624271706697,4.699755845420701
3,7,2026-06-08,GMDCLTD,-8.577641148684123,4.409086145375585
3,7,2014-03-26,TATAELXSI,-8.129872355007272,4.656736501419234
3,7,2014-06-13,TATAELXSI,-8.161276030128484,5.01542921365198
3,7,2014-07-10,TATAELXSI,-8.50946372239748,5.002882388580178
3,7,2014-09-25,TATAELXSI,-9.327274081799896,5.305273736895121
3,7,2021-01-25,TATAELXSI,-11.076233183856498,7.299236067477248
3,7,2021-11-22,TATAELXSI,-8.63039541773054,5.162332465112436
3,7,2021-12-21,TATAELXSI,-8.028567076782478,4.958048961413916
3,7,2022-02-14,TATAELXSI,-9.864105272767576,5.10810008665514
3,7,2025-08-11,GODFRYPHLP,-9.341739055931587,6.0756415644798105
3,7,2012-09-17,BSOFT,-9.757887013939847,4.8906620367485125
3,7,2009-08-10,MARUTI,-13.397378095304157,6.069279117205368
3,7,2009-10-09,MARUTI,-7.437861497576992,5.002982947504371
3,7,2009-10-29,MARUTI,-9.119963098415196,4.589679480098419
3,7,2017-05-24,VGUARD,-11.574301128003917,4.990296851372856
3,7,2020-02-27,TRENT,-7.764794572182443,5.900780486134237
3,7,2020-07-27,TRENT,-8.801591248135255,4.570374762006571
3,7,2024-07-19,TRENT,-8.972698681185086,5.01699760226714
3,7,2024-08-06,TRENT,-9.531607402786435,5.109534605110773
3,7,2024-11-08,TRENT,-9.606939900120548,4.947681892523305
3,7,2010-05-20,ESCORTS,-7.344037904711764,5.2779734616600145
3,7,2013-12-13,ESCORTS,-7.008086253369273,4.953336944030599
3,7,2014-01-06,ESCORTS,-9.409190371991238,5.11180111352651
3,7,2014-02-06,ESCORTS,-7.230830353595541,5.149520469650091
3,7,2014-02-14,ESCORTS,-8.83450850269597,4.909197487407959
3,7,2014-05-06,ESCORTS,-9.924871490707787,4.998859153900469
3,7,2017-06-27,ESCORTS,-9.448928472028939,4.786239102022834
3,7,2017-08-10,ESCORTS,-12.576185521034644,5.008686579117469
3,7,2017-09-25,ESCORTS,-7.655110846600211,4.741446748873929
3,7,2017-12-05,ESCORTS,-7.782805429864248,4.968682429866581
3,7,2020-07-27,ESCORTS,-8.120794217828365,5.356325484158514
3,7,2020-09-08,ESCORTS,-8.448001306602427,5.2926250193001145
3,7,2020-12-22,ESCORTS,-7.623773542348022,4.682042881861824
3,7,2020-12-21,SYNGENE,-7.255776246453182,5.009963294293194
3,7,2021-03-18,SYNGENE,-7.171903881700558,4.997126997979037
3,7,2011-06-21,BATAINDIA,-7.831698046495172,5.648303071636575
3,7,2012-06-05,BATAINDIA,-7.209567198177669,5.048264316765127
3,7,2019-05-07,BATAINDIA,-7.7177433100392046,5.2057183074974285
3,7,2020-02-26,BATAINDIA,-7.032765981038979,4.925338931802211
3,7,2020-02-17,IGL,-10.155500095987712,5.0910044001917925
3,7,2021-01-12,SUZLON,-13.664596273291929,5.617072269137595
3,7,2021-01-27,SUZLON,-9.022556390977455,4.727461972834327
3,7,2021-02-09,SUZLON,-10.71428571428571,4.842812145690608
3,7,2021-02-17,SUZLON,-13.93442622950819,4.549692718239598
3,7,2023-11-22,SUZLON,-11.702127659574458,5.514023242541042
3,7,2023-12-20,SUZLON,-7.522697795071331,4.640316131004636
3,7,2024-01-17,SUZLON,-8.908685968819597,5.233465323980895
3,7,2024-02-13,SUZLON,-11.043566362715307,5.051185966028066
3,7,2024-03-06,SUZLON,-11.945392491467576,5.001333384935574
3,7,2024-03-13,SUZLON,-8.004926108374388,4.654779628580009
3,7,2024-03-20,SUZLON,-7.868020304568535,4.788323170118869
3,7,2024-05-28,SUZLON,-9.006211180124213,5.650719383426931
3,7,2024-10-07,SUZLON,-11.048407323802344,5.252540177931253
3,7,2020-02-24,DIXON,-8.443339143564533,5.014157109704524
3,7,2020-07-28,DIXON,-7.305688303707436,6.10349200937689
3,7,2020-09-22,DIXON,-12.215299660258449,5.098243309201906
3,7,2020-12-22,DIXON,-8.782584288094132,5.858541349871111
3,7,2021-01-25,DIXON,-9.004580900557379,5.402578671561339
3,7,2021-03-24,DIXON,-13.846153846153841,5.655006748416491
3,7,2021-10-22,DIXON,-10.648803593588873,5.645553641817046
3,7,2021-11-22,DIXON,-7.515489976000811,4.78882562818094
3,7,2024-07-19,DIXON,-11.139152654657869,5.023215248903421
3,7,2024-08-05,DIXON,-7.969718621065636,4.743805775705809
3,7,2024-09-06,DIXON,-7.142582244184781,5.440885050266014
3,7,2014-09-17,GPPL,-7.260541748115045,5.407735027795405
3,7,2014-09-24,GPPL,-9.354375896700152,5.356500310677365
3,7,2015-02-09,GPPL,-8.821502412129579,4.666591859266059
3,7,2024-11-13,JUBLPHARMA,-7.542372881355941,4.932059837656082
3,7,2025-06-16,PAYTM,-8.652194283929415,4.954419753241624
3,7,2017-02-15,INDIANB,-9.285448455526602,5.197922155104876
3,7,2017-03-22,INDIANB,-10.900379317228982,4.8864310935421855
3,7,2017-05-23,INDIANB,-8.65324103209566,5.03038633386101
3,7,2017-06-27,INDIANB,-9.335086401202098,4.687707039504515
3,7,2024-02-13,HUDCO,-9.061080262493682,4.841741231644852
3,7,2024-03-13,HUDCO,-18.918251420103726,5.208404223277848
3,7,2024-04-16,HUDCO,-7.493478776381302,5.037384151397794
3,7,2024-06-05,HUDCO,-14.883126369612853,6.178964952211973
3,7,2024-08-05,HUDCO,-7.077662129703766,4.585689769847922
3,7,2024-09-06,HUDCO,-7.076247942951175,4.397128796776397
3,7,2007-09-27,JINDALSTEL,-9.806724913952857,5.670784479042893
3,7,2007-10-19,JINDALSTEL,-15.911640682424855,5.130343217147835
3,7,2007-11-08,JINDALSTEL,-16.259858182584075,5.010736878209578
3,7,2007-11-22,JINDALSTEL,-8.991891891891889,4.090428186704954
3,7,2007-11-29,JINDALSTEL,-9.855896772002804,5.404212013541028
3,7,2007-12-18,JINDALSTEL,-15.433793388740558,5.187572243930617
3,7,2008-01-22,JINDALSTEL,-36.034658511722725,5.29750755172754
3,7,2009-11-03,JINDALSTEL,-11.531299240796445,5.7665994490838175
3,7,2010-05-06,JINDALSTEL,-9.838533114395176,5.166916700104408
3,7,2021-05-14,JINDALSTEL,-14.871481028151766,5.006328907784342
3,7,2015-04-27,ASHOKLEY,-7.475317348378008,5.068937397890475
3,7,2015-05-07,ASHOKLEY,-7.9943899018232845,5.085245021127507
3,7,2015-06-04,ASHOKLEY,-7.22222222222223,4.992146980967378
3,7,2021-07-16,LINDEINDIA,-7.151147977238637,5.015224244968898
3,7,2021-08-30,LINDEINDIA,-8.609865470852029,6.933362003043476
3,7,2021-10-21,LINDEINDIA,-8.28950421532989,4.626264411573688
3,7,2021-12-20,LINDEINDIA,-7.443326707226472,4.86100405842594
3,7,2014-04-07,PAGEIND,-8.424355753874302,4.958385922883994
3,7,2024-03-06,JBMA,-11.406082623072978,5.002989272591213
3,7,2021-09-28,APOLLOHOSP,-13.240037764053337,4.89047629227248
3,7,2013-02-14,BAJAJFINSV,-8.084305150631666,4.98430377172512
3,7,2017-05-22,BAJAJFINSV,-11.646514737839187,4.9873685603841365
3,7,2017-08-10,BAJAJFINSV,-7.515115818923057,5.009629405260612
3,7,2017-09-25,BAJAJFINSV,-8.786521265773073,4.747221577969789
3,7,2023-09-20,JSL,-9.796744051632789,5.292626783910446
3,7,2023-10-09,JSL,-7.311178247734141,5.056884098907137
3,7,2023-11-30,JSL,-7.602985899917048,5.681775961174449
3,7,2007-10-19,CRISIL,-11.804399794232467,4.220823075257877
3,7,2014-07-10,CANFINHOME,-8.172471674360038,5.002882388580178
3,7,2014-07-30,CANFINHOME,-13.763796909492276,4.742512845939053
3,7,2014-09-17,CANFINHOME,-9.07615750757248,5.250025003386113
3,7,2015-01-27,CANFINHOME,-12.974976830398532,5.807012743849221
3,7,2015-04-20,CANFINHOME,-7.6741365000319135,6.074078736643806
3,7,2015-04-27,CANFINHOME,-7.566204287515765,5.901690517211704
3,7,2015-05-07,CANFINHOME,-12.604927318637815,6.043784209012107
3,7,2007-10-08,KOTAKBANK,-7.692307692307687,5.4593747291200065
3,7,2007-10-19,KOTAKBANK,-17.000000000000004,4.865431494931008
3,7,2007-11-07,KOTAKBANK,-7.707509881422925,4.541218668766749
3,7,2007-12-18,KOTAKBANK,-12.0,4.797365930387996
3,7,2008-01-10,KOTAKBANK,-9.798270893371763,5.004144097370072
3,7,2008-01-21,KOTAKBANK,-22.508038585209,4.858863455867986
3,7,2020-07-09,GUJENERGY,-9.998172180588561,5.000595435854219
3,7,2020-10-13,GUJENERGY,-7.197549770290957,4.937465660460429
3,7,2009-06-18,ONGC,-11.180832857957801,5.028382945244818
3,7,2009-07-08,ONGC,-11.801242236024844,5.023298541539104
3,7,2014-07-14,SWARAJENG,-7.81884325407286,5.056992855291339
3,7,2017-07-18,CAPLIPOINT,-7.276788736207951,5.401443549552069
3,7,2017-08-10,CAPLIPOINT,-13.27532792828422,5.009629405260614
3,7,2017-09-25,CAPLIPOINT,-10.192400524101785,5.077233724793627
3,7,2007-11-22,ABAN,-13.216337940674016,4.7589703209937495
3,7,2007-12-19,ABAN,-7.370906989258019,4.815291392521255
3,7,2008-01-21,ABAN,-23.265581250648136,4.931838771311082
3,7,2007-10-19,DIVISLAB,-14.307209211042771,5.1266127823637655
3,7,2007-11-07,DIVISLAB,-7.613275613275617,5.358959118992729
3,7,2007-11-23,DIVISLAB,-7.019201605188874,4.886174549186113
3,7,2007-12-18,DIVISLAB,-7.786788272494571,5.150010390497273
3,7,2008-01-10,DIVISLAB,-7.73066006144556,5.004447636117606
3,7,2008-01-22,DIVISLAB,-21.097664638511095,5.111046113723911
3,7,2025-08-08,DIVISLAB,-7.715712279606802,4.928858668954219
3,7,2011-06-21,UBL,-10.230934479054788,5.121073230799731
3,7,2016-08-11,HINDPETRO,-7.811015240887786,5.000334666868354
3,7,2014-05-06,FINCABLES,-7.737440410707741,5.774725712744746
3,7,2014-09-24,FINCABLES,-10.39496527777779,4.909801473729596
3,7,2015-05-12,FINCABLES,-7.274119448698313,4.9866407809133495
3,7,2023-05-29,FINCABLES,-8.906697195191748,4.8976503571590095
3,7,2023-08-14,FINCABLES,-7.727933163821287,5.06619539284838
3,7,2023-10-04,FINCABLES,-9.85320563757266,5.129138445387006
3,7,2023-10-18,FINCABLES,-7.676514772158239,4.561219858686402
3,7,2023-10-26,FINCABLES,-8.849510145082718,4.217446558115286
3,7,2007-10-03,RAJESHEXPO,-7.8114352970327765,5.707492085596789
3,7,2007-10-17,RAJESHEXPO,-7.555379746835444,4.7755145062973625
3,7,2008-01-22,RAJESHEXPO,-33.68471820311423,5.252445953469373
3,7,2010-10-08,VIPIND,-12.62772315403895,5.172908325064425
3,7,2011-06-20,VIPIND,-7.955749867514584,4.794263267495837
3,7,2018-01-30,VIPIND,-8.414766558089038,5.250694842378497
3,7,2008-01-10,USHAMART,-12.198483804272907,5.0053488975406495
3,7,2008-01-23,USHAMART,-14.225232853513969,4.60755123372978
3,7,2007-09-28,TFCILTD,-7.586206896551717,4.4221893665978245
3,7,2007-10-08,TFCILTD,-13.043478260869568,4.029869578448746
3,7,2007-10-19,TFCILTD,-11.428571428571422,5.171167982695373
3,7,2007-11-01,TFCILTD,-8.799999999999997,4.332275014840483
3,7,2017-05-15,YESBANK,-7.904779779779769,4.902043009320744
3,7,2012-04-17,ASTRAZEN,-8.406917206067055,5.653991211181163
3,7,2012-04-27,ASTRAZEN,-10.421043417366949,4.989439200948528
3,7,2012-05-04,ASTRAZEN,-8.02958267300582,4.548725300180856
3,7,2012-05-15,ASTRAZEN,-13.945301922556187,4.872577837957039
3,7,2012-06-01,ASTRAZEN,-9.41182446160097,5.0675328092662735
3,7,2012-07-27,ASTRAZEN,-9.716994684671743,4.710911653027453
3,7,2020-09-10,ASTRAZEN,-12.480231945176602,5.003469782011235
3,7,2024-10-25,COLPAL,-7.721325708811111,4.5996792026744195
3,7,2022-09-16,TIMKEN,-11.281140968354041,4.876153497689292
3,7,2022-11-30,TIMKEN,-7.576181157394468,6.76158258900358
3,7,2017-06-23,IOC,-7.297067244447875,4.832236715283168
3,7,2009-05-21,HEROMOTOCO,-16.013119008145303,5.583925932830501
3,7,2009-08-10,HEROMOTOCO,-11.869140235387988,5.214366543348198
3,7,2009-08-19,HEROMOTOCO,-8.627820912851014,5.010584447981756
3,7,2023-12-07,CYIENT,-8.955530685425861,5.007981282358764
3,7,2024-01-25,CYIENT,-9.955638779286192,4.994167253825087
3,7,2010-10-18,CASTROLIND,-7.914904544469681,4.876491974776632
3,7,2007-10-19,UNITDSPR,-12.306173865613879,5.124036757390433
3,7,2007-11-02,UNITDSPR,-8.601068545005862,5.241353484358126
3,7,2007-11-22,UNITDSPR,-10.418663303909204,4.785513378022506
3,7,2013-11-07,UNITDSPR,-7.9692898272552775,4.997232260002876
3,7,2015-04-20,INDUSINDBK,-10.860493370661873,5.129513168269435
3,7,2012-03-26,HAVELLS,-7.838635618235479,5.497033930436114
3,7,2012-06-01,HAVELLS,-10.05020849289422,5.13572356730895
3,7,2012-07-27,HAVELLS,-7.61268781302169,5.350976541472163
3,7,2012-10-29,HAVELLS,-9.498456790123445,4.738696414898767
3,7,2017-05-24,MOTILALOFS,-11.900834236696978,5.786746962636179
3,7,2017-06-27,MOTILALOFS,-11.937455353599502,5.5421995759963325
3,7,2017-11-08,MOTILALOFS,-7.741107952575743,4.607954376430169
3,7,2018-01-18,MOTILALOFS,-7.882341315590113,4.890585699959596
3,7,2018-01-30,MOTILALOFS,-12.836380352912059,4.61328266810607
3,7,2018-02-05,MOTILALOFS,-9.135101501127796,4.449905674300048
3,7,2024-05-09,MOTILALOFS,-10.33325691419521,5.007498199158624
3,7,2024-06-04,MOTILALOFS,-8.557715594108473,4.611130154098966
3,7,2024-06-25,MOTILALOFS,-8.283208928183218,5.04903653563231
3,7,2024-07-02,MOTILALOFS,-9.935617200540502,4.601545247909424
3,7,2024-11-13,MOTILALOFS,-9.908284468500984,5.276701173083079
3,7,2010-08-26,SHOPERSTOP,-7.1890214389431435,5.056418320058938
3,7,2009-07-08,LICHSGFIN,-9.530365611136615,6.133131770448201
3,7,2009-07-23,LICHSGFIN,-8.3598540712567,4.979327795896772
3,7,2009-11-03,LICHSGFIN,-12.126004174837124,5.137513963517589
3,7,2010-01-27,LICHSGFIN,-9.20884341311895,4.598580661865462
3,7,2012-02-24,LICHSGFIN,-8.711701734957533,4.76234779133303
3,7,2018-01-31,APLAPOLLO,-15.240430243593794,5.660460967105263
3,7,2020-12-21,APLAPOLLO,-8.048595292331061,5.058666049016775
3,7,2021-03-16,APLAPOLLO,-17.071618434352885,4.819595504382064
3,7,2021-04-06,APLAPOLLO,-13.513224113930821,4.922731716406662
3,7,2021-09-21,APLAPOLLO,-7.692307692307687,5.345776353564176
3,7,2021-09-29,APLAPOLLO,-7.235922384387394,5.063808469471358
3,7,2021-10-25,APLAPOLLO,-10.791155943932907,4.80241173440892
3,7,2014-08-08,SKFINDIA,-8.445148857230345,4.987072675218686
3,7,2014-09-23,SKFINDIA,-7.38005234079675,4.996892389440666
3,7,2010-10-25,KANSAINER,-7.181622322203262,4.78661153286166
3,7,2026-05-12,GVT&D,-10.188331026383125,5.164372352623203
3,7,2026-06-24,GVT&D,-8.69250926176922,5.532642301199983
3,7,2026-07-03,GVT&D,-10.972896440129453,4.983205751615221
3,7,2026-07-24,GVT&D,-7.351859692911111,4.920014856231404
3,7,2024-02-13,NBCC,-19.168323586744627,4.559716604583221
3,7,2024-02-28,NBCC,-7.81035564853555,4.263017266145884
3,7,2024-03-13,NBCC,-13.118690841048364,4.722719119872693
3,7,2024-04-15,NBCC,-8.333296943231428,5.1149710100652594
3,7,2009-06-15,BHEL,-8.22005212902731,5.067292161619617
3,7,2024-06-04,BHEL,-15.202063628546858,4.901364591345037
3,7,2024-07-19,BHEL,-9.618930547019044,4.900702485744912
3,7,2024-08-05,BHEL,-7.48612212529739,4.696017818832228
3,7,2024-09-06,BHEL,-7.874978173563829,4.475454091202418
3,7,2009-07-01,RALLIS,-9.237213403880062,5.441698419026405
3,7,2009-08-10,RALLIS,-9.456543064547773,5.295952745755246
3,7,2009-10-29,RALLIS,-7.60012135922331,5.22788271487172
3,7,2010-08-26,RALLIS,-7.112554686464279,5.739109255575754
3,7,2011-05-04,RALLIS,-7.501341921631766,5.223184590496946
3,7,2020-08-31,RALLIS,-10.279517336184519,5.182416073427253
3,7,2020-09-22,RALLIS,-9.272376046361885,4.716650035859251
3,7,2013-02-07,AARTIIND,-11.671207992733878,5.001209124671849
3,7,2014-10-17,AARTIIND,-9.455541237113396,4.9464355755737515
3,7,2014-12-29,AARTIIND,-7.229500242600673,4.771264081037459
3,7,2015-02-18,AARTIIND,-9.457411336768718,5.048866319673589
3,7,2015-03-23,AARTIIND,-8.502934199026102,5.81448115611954
3,7,2023-07-25,CIEINDIA,-8.776950963556573,4.704117468256759
3,7,2015-06-05,JKIL,-10.09081735620585,5.1126558203487695
3,7,2009-09-02,KSB,-7.085160396953616,5.024242490463156
3,7,2016-11-11,BAJAJ-AUTO,-7.588129144851652,5.061505310983412
3,7,2024-10-17,BAJAJ-AUTO,-14.957602548049032,4.874776945996303
3,7,2007-11-23,THERMAX,-9.539382517598794,4.857245861246973
3,7,2010-02-23,THERMAX,-7.599323071963915,4.844071706702554
3,7,2013-01-10,ULTRACEMCO,-7.88450860632982,5.004535089712979
3,7,2014-03-10,ECLERX,-10.703173615432481,5.206812758772646
3,7,2014-05-23,ECLERX,-7.802124833997349,4.498653776805002
3,7,2021-08-06,ECLERX,-8.31492789398467,5.087720169167801
3,7,2021-08-23,ECLERX,-7.313932526397126,5.442637347505431
3,7,2021-10-25,ECLERX,-10.676691729323306,4.763624957156549
3,7,2021-12-01,ECLERX,-7.064793130366908,4.904552063901519
3,7,2022-01-24,ECLERX,-13.123784834737528,4.856494690927365
3,7,2022-02-21,ECLERX,-8.275418275418268,5.00567886864268
3,7,2025-06-12,GRSE,-8.951117361132333,5.000000000000003
3,7,2025-06-26,GRSE,-14.596157700346435,5.367729352034837
3,7,2014-06-13,BEML,-7.7277474046317245,5.25516659217519
3,7,2020-08-11,DEEPAKNTR,-10.275942479595802,5.618219658816063
3,7,2020-08-31,DEEPAKNTR,-7.946663074954541,6.1953274492769825
3,7,2020-10-12,DEEPAKNTR,-7.803377487601237,4.954311341322656
3,7,2021-04-13,DEEPAKNTR,-7.300975410314814,5.0365040416904705
3,7,2021-10-22,DEEPAKNTR,-16.69742643289245,5.413312184627539
3,7,2021-10-29,DEEPAKNTR,-9.592622618565061,4.755413453047672
3,7,2021-11-22,DEEPAKNTR,-9.61440353711418,4.83270637837862
3,7,2022-01-25,DEEPAKNTR,-16.42939301944073,4.914928296697434
3,7,2022-02-14,DEEPAKNTR,-10.57102611333839,4.917025159057256
3,7,2012-05-08,VSTIND,-9.92961515831643,6.049264505346955
3,7,2012-08-21,VSTIND,-7.031173549921499,5.045180314047693
3,7,2024-03-07,CHALET,-7.272951021412755,4.969249866683821
3,7,2009-05-11,ORIENTPPR,-9.01033973412112,5.561487075635754
3,7,2009-05-28,ORIENTPPR,-8.60103626943005,5.809771783887607
3,7,2009-06-09,ORIENTPPR,-10.899182561307907,6.119573235910747
3,7,2009-06-19,ORIENTPPR,-8.931698774080566,5.490922899726082
3,7,2009-07-06,ORIENTPPR,-9.15789473684211,4.693041993363833
3,7,2011-04-19,BLUEDART,-7.833045440124087,4.930525643327164
3,7,2012-06-04,BLUEDART,-7.029804227135495,5.179106766088619
3,7,2012-09-04,BLUEDART,-14.792599903829117,4.7230053121237265
3,7,2014-01-31,BLUEDART,-10.506541247702451,5.48072323344101
3,7,2010-03-25,TMPV,-7.481559536354066,4.819894003645024
3,7,2010-05-07,TMPV,-9.416380578715067,5.561979441957621
3,7,2010-05-19,TMPV,-12.443095599393017,5.02881456987772
3,7,2024-05-15,TMPV,-9.493371212121204,5.117030230025901
3,7,2025-08-12,AMBER,-11.469047156995927,4.904870047730051
3,7,2020-12-08,GRANULES,-7.891286208129689,5.017257347386919
3,7,2020-12-21,GRANULES,-9.706694725766141,4.645819407623983
3,7,2021-02-02,GRANULES,-9.560175364163491,4.955599828982804
3,7,2021-03-18,GRANULES,-8.70279146141214,4.683861114708963
3,7,2024-09-13,GRANULES,-20.046099546207586,5.159777199676334
3,7,2017-05-19,EDELWEISS,-7.257257257257255,5.11581516863794
3,7,2017-10-26,EDELWEISS,-8.838878016960216,5.0114112610633175
3,7,2017-11-07,EDELWEISS,-7.500787897888439,5.174307467664118
3,7,2018-02-05,EDELWEISS,-11.26903553299493,5.151556931382577
3,7,2026-06-03,SCHNEIDER,-14.249694376528122,4.728073350731386
3,7,2019-05-15,ABFRL,-8.349641226353565,5.182302122687311
3,7,2012-12-07,STAR,-7.121185701830868,6.2989840700094755
3,7,2012-12-28,STAR,-7.19902117782536,5.247797680811312
3,7,2013-01-24,STAR,-8.451388629312595,5.351480875158262
3,7,2013-02-07,STAR,-13.43697727049099,5.001209124671849
3,7,2024-02-12,NLCINDIA,-16.552801093109505,4.617005657114815
3,7,2024-02-28,NLCINDIA,-9.30042830919845,4.404266583812435
3,7,2025-07-24,COFORGE,-10.579949847943226,4.851398126815645
3,7,2024-11-13,MCX,-7.234410815362303,4.951771329453224
3,7,2025-08-29,MCX,-7.659627639635136,4.863192819336364
3,7,2026-06-01,MCX,-12.602424938771817,5.405795201067172
3,7,2026-07-07,MCX,-9.578544061302685,4.946243108725833
3,7,2022-11-21,MAZDOCK,-10.883335252792815,5.45116859449712
3,7,2022-12-23,MAZDOCK,-20.297029702970303,4.834924858988663
3,7,2023-05-22,MAZDOCK,-7.5485846403799295,5.2256958283222925
3,7,2023-06-23,MAZDOCK,-10.238359413857745,6.18580128925953
3,7,2023-08-02,MAZDOCK,-7.624267142492991,6.345005774009739
3,7,2023-09-14,MAZDOCK,-7.633403014633067,5.554357038443385
3,7,2023-10-25,MAZDOCK,-12.895879798098376,4.8933582635558945
3,7,2022-09-19,GNFC,-11.55601259721063,5.007403829544573
3,7,2022-09-27,GNFC,-9.166786587998265,4.471173338530746
3,7,2024-11-12,PPLPHARMA,-14.251497005988023,5.240833599282197
3,7,2023-08-07,CUMMINSIND,-7.792925571112741,4.640224990833672
3,7,2007-10-19,LT,-9.92857783223261,4.915988528584154
3,7,2007-11-07,LT,-7.811743341404364,6.04352516008861
3,7,2007-11-22,LT,-9.451756895959718,4.818080933345752
3,7,2008-01-22,LT,-10.222679503196874,5.030924885024734
3,7,2024-02-01,LT,-8.360302049622437,5.145102710820841
3,7,2018-01-31,RKFORGE,-8.337746395998813,4.982168179785294
3,8,2020-02-01,SBILIFE,-11.381226433816227,4.79366548177506
3,8,2009-05-21,IDEA,-9.348255431204755,5.518363336027671
3,8,2014-01-17,IDEA,-9.715994020926754,5.265260309159175
3,8,2014-01-28,IDEA,-9.727626459143968,4.8374581524509495
3,8,2014-02-10,IDEA,-12.339688041594455,4.599389593004528
3,8,2009-06-18,ENGINERSIN,-8.747643732327992,5.713956678295841
3,8,2009-07-08,ENGINERSIN,-11.398901165247842,5.512702787154597
3,8,2010-03-30,ENGINERSIN,-13.712026140695654,5.78530131265957
3,8,2010-05-21,ENGINERSIN,-13.066025803187465,4.27234387025069
3,8,2024-10-22,POWERINDIA,-12.163149851448974,5.71584459104389
3,8,2024-11-13,POWERINDIA,-13.662313426191385,5.010827104342187
3,8,2026-06-03,POWERINDIA,-8.46664065548186,5.376641842348395
3,8,2026-06-10,POWERINDIA,-9.777596962299972,5.272437153214115
3,8,2026-07-03,POWERINDIA,-11.111111111111116,4.769327676785702
3,8,2009-04-20,DSKULKARNI,-11.838006230529597,6.004800161654785
3,8,2021-12-02,TRIDENT,-14.168190127970748,7.069531393398501
3,8,2021-12-21,TRIDENT,-11.508282476024412,5.857974290816672
3,8,2022-02-14,TRIDENT,-9.698996655518389,4.940955676971078
3,8,2009-04-20,NOIDATOLL,-9.106529209622005,5.025668845719543
3,8,2009-04-24,NOIDATOLL,-8.439490445859866,5.450631928884069
3,8,2015-04-27,BOSCHLTD,-11.395212977622737,4.957518256228271
3,8,2015-06-03,BOSCHLTD,-8.260663827485981,4.822065613902048
3,8,2017-08-10,FEDERALBNK,-8.558951965065498,5.008723375560805
3,8,2022-12-23,RHIM,-10.765691363850872,5.264138643640683
3,8,2017-05-05,TATACOMM,-10.213053770713564,4.817604199075324
3,8,2021-02-22,BAJAJELEC,-9.185537899341112,4.907667579628935
3,8,2009-04-27,DONEAR,-10.352422907488979,5.3789664043328225
3,8,2009-06-02,DONEAR,-12.177985948477755,7.206230123767243
3,8,2021-11-22,CENTURYPLY,-9.889874141876442,5.1020041178880895
3,8,2021-11-29,CENTURYPLY,-10.064436943847788,4.877132287288683
3,8,2021-12-20,CENTURYPLY,-11.672025723472668,4.719427483475467
3,8,2022-02-14,CENTURYPLY,-9.206100899491599,5.1125931406543925
3,8,2009-04-29,FSL,-9.011627906976738,4.494242054212285
3,8,2009-06-08,FSL,-10.815602836879435,5.035011048944793
3,8,2014-05-05,FSL,-14.54005934718101,5.904812020350088
3,8,2014-05-19,FSL,-9.24956369982548,4.7554587852944525
3,8,2021-04-12,FSL,-8.660130718954251,4.992122630074982
3,8,2021-07-30,FSL,-9.374273086764351,5.40805547284941
3,8,2021-08-11,FSL,-8.824273072060674,4.889460250457015
3,8,2021-08-23,FSL,-10.538060996776588,5.084015705686676
3,8,2020-02-18,MASFIN,-17.38741526683342,5.493507046786092
3,8,2021-10-21,POLYCAB,-10.655671761866458,4.820375079823385
3,8,2021-12-17,POLYCAB,-8.925914323752849,5.165912073171475
3,8,2024-01-11,POLYCAB,-27.42760911259765,5.00469558370347
3,8,2009-11-23,DHAMPURSUG,-8.320251177394045,5.470691042912973
3,8,2010-01-21,DHAMPURSUG,-8.281249999999996,5.154644021606184
3,8,2010-02-05,DHAMPURSUG,-11.083017277707551,5.191495835677987
3,8,2010-02-23,DHAMPURSUG,-14.95154591601291,4.850999628884275
3,8,2008-01-22,INDIAGLYCO,-26.304801670146137,5.183632875156892
3,8,2015-04-22,HONAUT,-9.61386132804477,5.11575813793459
3,8,2023-10-23,MAHABANK,-13.762486126526074,4.8954035061719745
3,8,2012-07-13,DCW,-8.571428571428562,5.093951865271956
3,8,2012-08-09,DCW,-10.659898477157348,5.004151978989024
3,8,2012-08-29,DCW,-8.009708737864084,4.979669374160096
3,8,2012-11-20,DCW,-11.181434599156114,4.896127068181448
3,8,2013-02-14,DCW,-10.220994475138124,4.9984202200121075
3,8,2012-05-15,EICHERMOT,-8.729472774416603,5.0646163838479135
3,8,2012-11-19,EICHERMOT,-9.618397385064693,5.303418774202418
3,8,2015-04-21,EICHERMOT,-9.64122445886899,5.048376194543685
3,8,2025-06-20,ERIS,-9.011579124014101,5.487376348049368
3,8,2020-07-16,DMART,-10.156896976208053,4.759190555239269
3,8,2026-07-27,HFCL,-11.6383662230381,4.870886176880498
3,8,2026-09-03,HFCL,-11.50989602151833,5.710433393242276
3,8,2020-02-26,NAUKRI,-8.105967259285352,4.794006762115721
3,8,2010-01-27,RECLTD,-9.739964832956549,4.98839417182166
3,8,2017-06-27,RECLTD,-8.587631650013506,4.875720248817824
3,8,2023-09-13,RECLTD,-9.531741625023127,5.308610383688073
3,8,2024-02-12,RECLTD,-10.893909626719056,5.062105811504095
3,8,2024-02-28,RECLTD,-8.050436469447131,4.598966751242485
3,8,2024-05-07,RECLTD,-8.458205452247691,5.843804978750288
3,8,2024-06-06,RECLTD,-18.924731182795696,5.393014535824445
3,8,2024-08-05,RECLTD,-10.112533954210324,5.186188807417112
3,8,2017-02-09,CUB,-9.966134494436375,4.999999999999997
3,8,2021-03-19,VAIBHAVGBL,-16.138032776370213,5.862168918112357
3,8,2021-03-30,VAIBHAVGBL,-9.808430060987606,5.143822724556479
3,8,2021-04-19,VAIBHAVGBL,-10.844666747817232,5.62398929533936
3,8,2021-05-14,VAIBHAVGBL,-11.939225952160982,5.006391211964707
3,8,2021-03-18,HINDCOPPER,-10.718273167100845,4.7322108367810385
3,8,2021-04-12,HINDCOPPER,-9.638554216867467,5.364278563966322
3,8,2021-04-22,HINDCOPPER,-8.324941255454831,5.534009017486402
3,8,2021-05-14,HINDCOPPER,-9.571655208884188,5.006391211964707
3,8,2021-06-18,HINDCOPPER,-11.319593971085817,4.973422817266961
3,8,2024-07-22,APARINDS,-9.303523365417622,5.083105559361941
3,8,2024-08-05,APARINDS,-11.009924805512817,5.13089519636868
3,8,2026-07-03,APARINDS,-9.6909843899331,5.6528715056124
3,8,2026-08-17,APARINDS,-8.199999999999996,5.414171887752333
3,8,2022-12-23,GESHIP,-10.361694798484333,5.2691998817785235
3,8,2026-05-29,GESHIP,-13.933034089530505,5.179809369310277
3,8,2011-05-02,UCOBANK,-13.681060282171863,4.96575525777332
3,8,2014-04-16,TVSMOTOR,-8.368644067796616,4.935794564122481
3,8,2014-07-09,TVSMOTOR,-10.146198830409359,5.853763421384784
3,8,2014-07-25,TVSMOTOR,-14.796070259005656,5.046563941204164
3,8,2014-09-16,TVSMOTOR,-8.208142826039621,5.156294819643669
3,8,2015-02-02,TVSMOTOR,-8.573717948717952,5.385577542936035
3,8,2015-02-24,TVSMOTOR,-8.642602948652767,4.756586268398618
3,8,2017-08-11,TVSMOTOR,-9.8269779942886,4.9917683177809105
3,8,2018-02-02,TVSMOTOR,-9.622522585615245,4.912163151930151
3,8,2010-01-27,SEAMECLTD,-9.329770652415947,4.567814732947956
3,8,2022-09-26,SOLARINDS,-10.645395778706613,5.534297457531109
3,8,2014-10-20,ATUL,-12.524644598941581,5.224787069366877
3,8,2023-09-13,KALYANKJIL,-9.411764705882353,4.7038187372690015
3,8,2024-09-27,KALYANKJIL,-8.458549222797917,5.75597164630131
3,8,2011-05-05,BAJFINANCE,-10.144927536231885,4.880119157746942
3,8,2014-12-08,AIAENG,-9.581618079475762,5.967588525925451
3,8,2015-02-09,AIAENG,-8.306288922024374,4.835268920930952
3,8,2020-02-12,WHIRLPOOL,-10.68018739251615,5.020400247935169
3,8,2007-11-22,STCINDIA,-14.258743030917397,6.963000070465028
3,8,2007-12-10,STCINDIA,-10.256770522322523,4.944735176760482
3,8,2007-12-18,STCINDIA,-12.73067505424721,4.750533987814315
3,8,2008-01-10,STCINDIA,-14.261315115286088,5.005420262469153
3,8,2008-01-24,STCINDIA,-14.261029411764703,4.947953128157568
3,8,2022-09-27,HAL,-8.24908042049407,4.778095938117441
3,8,2022-12-23,HAL,-8.16126785747896,4.788661418303444
3,8,2024-03-13,HAL,-8.374280288186176,5.296210887078099
3,8,2024-06-04,HAL,-12.919366993217773,6.3514618320580185
3,8,2024-07-19,HAL,-12.79566181012245,4.841908710372551
3,8,2024-11-14,HAL,-8.025969349866092,5.293126344720405
3,8,2007-11-22,ABB,-9.548095109429887,4.977596177120558
3,8,2026-05-12,KIRLOSENG,-9.653336419931724,4.871498299600537
3,8,2010-09-22,KARURVYSYA,-9.108653220559537,4.754980292909459
3,8,2014-01-13,FINPIPE,-8.150183150183143,4.9425504208299955
3,8,2022-09-20,SCHAEFFLER,-10.691086493625512,5.146563252244601
3,8,2022-10-20,SCHAEFFLER,-10.338740603220009,5.1162826519026
3,8,2022-10-28,SCHAEFFLER,-11.289773556157101,4.682925568042267
3,8,2022-11-30,SCHAEFFLER,-9.066653070935725,5.00176930242777
3,8,2007-10-18,JSWSTEEL,-13.603201945485866,5.446005356305822
3,8,2007-12-18,JSWSTEEL,-11.092814371257475,5.337010324039841
3,8,2008-01-09,JSWSTEEL,-8.232826428945994,4.87336478699978
3,8,2008-01-22,JSWSTEEL,-23.420893458912996,4.790173449218392
3,8,2021-08-20,JSWSTEEL,-10.116195102737468,5.077754326747835
3,8,2021-09-20,JSWSTEEL,-9.10787339410033,4.834518495367666
3,8,2020-09-01,FDC,-9.771743995226023,4.745604104378035
3,8,2007-10-19,ADANIENT,-14.342021980551234,4.899947678407057
3,8,2007-11-29,ADANIENT,-8.381357756043906,5.300995848363297
3,8,2008-01-11,ADANIENT,-12.076192407801766,4.967747058136641
3,8,2008-01-22,ADANIENT,-14.143958476452168,4.642885048534744
3,8,2021-10-28,ADANIENT,-8.72328250698443,5.111392756673076
3,8,2022-10-03,ADANIENT,-11.030501735233077,5.468480908960763
3,8,2022-12-23,ADANIENT,-12.558565697588032,5.317199098481261
3,8,2021-03-19,AFFLE,-10.122274045127956,4.961997765558825
3,8,2021-06-21,AFFLE,-10.332243742986769,4.873792511977894
3,8,2021-07-01,AFFLE,-8.327978128982371,4.398584816052543
3,8,2013-12-24,MOTHERSON,-34.59715639810427,5.0776021118906
3,8,2024-08-05,MOTHERSON,-10.71346814193056,4.773089833132234
3,8,2020-01-16,ADANIGREEN,-14.244810307802446,5.0
3,8,2020-02-28,ADANIGREEN,-14.178897812240388,4.411995859055575
3,8,2020-07-10,ADANIGREEN,-10.320241691842902,5.230971029452826
3,8,2020-07-23,ADANIGREEN,-8.472638948421196,4.292921897997106
3,8,2020-09-23,ADANIGREEN,-11.62109375,5.574637611216624
3,8,2021-01-12,ADANIGREEN,-13.070266202614988,4.79655624482824
3,8,2021-03-30,ADANIGREEN,-10.353506020830904,5.431298958593538
3,8,2021-04-12,ADANIGREEN,-9.241765591038288,5.002291177077884
3,8,2021-06-18,ADANIGREEN,-11.932849364791299,4.734285580272252
3,8,2021-07-05,ADANIGREEN,-14.254600408925244,4.474204724415611
3,8,2022-09-28,ADANIGREEN,-11.739139789573327,5.039718260017299
3,8,2009-08-11,SHREECEM,-10.086158732025762,6.337181590482677
3,8,2022-12-23,RVNL,-14.1400407885792,5.168345824693846
3,8,2023-09-14,RVNL,-9.788918205804753,5.731142078242464
3,8,2023-10-26,RVNL,-9.955423476968795,4.997571209759631
3,8,2024-10-07,RVNL,-13.912712025919582,4.564188510866301
3,8,2023-08-14,FACT,-10.316014997321899,4.895536395763066
3,8,2023-10-23,FACT,-9.527418021493517,6.7399075673124145
3,8,2007-11-22,RELINFRA,-12.350739131622813,4.756296054718705
3,8,2008-01-22,RELINFRA,-25.508890043603017,4.603585606017811
3,8,2007-11-21,VEDL,-11.695447409733129,4.929717634602587
3,8,2008-01-21,VEDL,-28.280141843971627,4.766196408465462
3,8,2010-01-27,VEDL,-8.947179302910534,4.829155132887895
3,8,2010-05-04,VEDL,-9.752120026092637,4.4552226262775285
3,8,2010-05-20,VEDL,-10.300429184549365,4.766024094789647
3,8,2017-04-18,VEDL,-11.583011583011583,4.703037979212398
3,8,2017-05-08,VEDL,-8.109719737626708,4.158355720196698
3,8,2026-06-25,VEDL,-10.593428151054452,4.681426574966844
3,8,2022-01-21,LTTS,-11.255419241767372,4.731916252381517
3,8,2023-05-22,SIEMENS,-12.631136183689629,4.995517594498599
3,8,2009-06-22,BERGEPAINT,-8.429068921970073,4.764754099489784
3,8,2017-09-27,BOMDYEING,-13.019936007875966,7.088013005312577
3,8,2017-10-13,BOMDYEING,-12.007623888182973,5.156713640468372
3,8,2017-11-15,BOMDYEING,-9.584042811967898,4.982553180664193
3,8,2017-12-05,BOMDYEING,-8.754512635379063,5.363109717927312
3,8,2018-01-18,BOMDYEING,-11.765743517375194,4.815082958525382
3,8,2018-01-25,BOMDYEING,-9.365910413030843,4.405293040057676
3,8,2018-02-02,BOMDYEING,-17.081081081081084,4.1308087907989455
3,8,2024-10-30,TORNTPHARM,-8.59489928193774,5.238214324840956
3,8,2018-01-18,BBTC,-8.200151101295994,5.076574516912815
3,8,2018-02-02,BBTC,-9.66937212325638,4.414807837575923
3,8,2024-07-22,SOBHA,-8.679831034658259,4.808054146089975
3,8,2014-01-28,RCOM,-9.410007468259906,5.105075183988355
3,8,2014-05-05,RCOM,-10.39755351681958,4.736625897923725
3,8,2021-11-30,TATAPOWER,-10.708401976935743,5.068736967025021
3,8,2021-12-20,TATAPOWER,-8.229098090849241,4.910811425569497
3,8,2024-10-22,PCBL,-9.005823627287857,4.724502451469297
3,8,2024-10-31,PCBL,-8.25985042973546,4.623236920174819
3,8,2009-06-18,GODREJCP,-8.081149011336953,4.864110082323598
3,8,2007-10-08,APTECHT,-10.743488125275412,4.7143352685458755
3,8,2007-10-19,APTECHT,-13.751381604791145,4.495450893955644
3,8,2009-05-08,UNIONBANK,-8.63484341745211,4.8813213893641745
3,8,2009-06-18,UNIONBANK,-9.539918809201609,5.383193912413977
3,8,2009-07-08,UNIONBANK,-11.514904042466323,5.880132549327465
3,8,2009-07-24,UNIONBANK,-10.202445379835634,5.170064695142937
3,8,2023-10-09,UNIONBANK,-9.219858156028382,6.107961958975346
3,8,2007-10-22,BHARTIARTL,-15.856217663446582,5.0737421366387
3,8,2007-11-02,BHARTIARTL,-10.462812893931206,4.24571101105106
3,8,2012-06-04,JUBLFOOD,-8.891706621230732,5.668578981056923
3,8,2023-09-25,GLENMARK,-8.294419799206176,5.4840056947176485
3,8,2026-06-02,GLENMARK,-8.398674996855227,4.650900145257811
3,8,2015-03-10,BEL,-9.446128141837907,5.16943453283496
3,8,2015-04-15,BEL,-10.001527441695945,5.054102586521682
3,8,2015-06-03,BEL,-9.080147256096716,5.143414874279327
3,8,2022-11-01,FINEORG,-15.72260376231711,4.816602727121736
3,8,2025-08-06,NH,-9.09277820611668,4.935170145030779
3,8,2011-06-21,ARVIND,-8.877721943048577,4.844515875970363
3,8,2012-02-24,ARVIND,-18.54014598540147,4.990458218426968
3,8,2014-05-19,ARVIND,-8.242950108459867,5.1327287962420005
3,8,2014-07-10,ARVIND,-12.916423144360023,5.002882388580178
3,8,2014-07-28,ARVIND,-10.709987966305645,4.86431739938967
3,8,2014-09-25,ARVIND,-8.254822790489014,4.9155398223630655
3,8,2010-01-29,RENUKA,-9.69884853852967,4.859440212027343
3,8,2010-02-05,RENUKA,-10.037878787878785,4.459796400042123
3,8,2010-11-16,UFLEX,-18.524021792966817,4.877008599958507
3,8,2010-11-26,UFLEX,-14.894882982943269,4.334562323790057
3,8,2009-06-08,MUNJALSHOW,-10.543478260869566,5.668222407512516
3,8,2009-07-08,MUNJALSHOW,-10.46770601336302,5.3650894590365645
3,8,2009-08-10,MUNJALSHOW,-11.140583554376649,5.569691750747639
3,8,2009-11-03,MUNJALSHOW,-22.073578595317723,5.195539785766753
3,8,2024-08-14,ZYDUSLIFE,-10.023829656391737,5.0799341258692134
3,8,2024-08-26,ZYDUSLIFE,-8.062041222577033,4.679393579776229
3,8,2020-02-26,ICICIGI,-8.175703296294923,4.968147453676158
3,8,2023-08-11,APOLLOTYRE,-9.643916913946581,4.996422228772144
3,8,2026-05-13,NETWEB,-11.060105829677536,5.4921553985197225
3,8,2026-06-09,NETWEB,-10.254955210571115,5.997088958088363
3,8,2026-06-30,NETWEB,-10.559716200236501,5.604619385104191
3,8,2023-10-25,IRFC,-9.407216494845361,5.195625318401285
3,8,2024-02-12,IRFC,-18.184615384615388,5.031925746876798
3,8,2024-03-13,IRFC,-13.535142658315923,4.869687535742238
3,8,2024-06-06,IRFC,-8.41492458322306,5.594837262927075
3,8,2024-07-25,IRFC,-10.27470916023072,5.21726175782674
3,8,2020-02-05,MANAPPURAM,-8.387622149837126,5.039011209173191
3,8,2020-03-02,MANAPPURAM,-8.910329171396135,5.5283946913743005
3,8,2014-01-27,BIOCON,-11.973043897611902,4.913834733423147
3,8,2017-03-02,BIOCON,-8.145760912192902,5.085543068500298
3,8,2020-10-26,BIOCON,-8.428116469517743,4.888551442400815
3,8,2013-01-21,KAJARIACER,-8.64465682015637,5.073527324025499
3,8,2014-05-28,KAJARIACER,-8.281807889924231,5.57472692600286
3,8,2014-06-18,KAJARIACER,-8.272025838865959,4.869773729592558
3,8,2015-02-20,KAJARIACER,-9.00482619585803,5.016914431285211
3,8,2015-04-27,KAJARIACER,-8.423772609819125,5.279299914892167
3,8,2021-08-24,JSWENERGY,-11.96738022426096,4.862401409326574
3,8,2021-11-22,JSWENERGY,-8.715880893300243,4.9123224484132235
3,8,2021-11-30,JSWENERGY,-9.36908517350158,4.888662958728621
3,8,2022-12-23,COCHINSHIP,-20.120530333467258,4.722422596956873
3,8,2024-06-21,COCHINSHIP,-8.124353671147889,5.821585854380628
3,8,2024-08-06,COCHINSHIP,-11.233189939154375,4.5574030242727
3,8,2024-08-30,COCHINSHIP,-8.403932516082047,4.00715348792613
3,8,2024-10-07,COCHINSHIP,-8.003518029903256,4.449362007726354
3,8,2017-05-09,RAIN,-10.212588578574412,5.329900161423692
3,8,2017-05-23,RAIN,-10.114503816793885,4.867708631801096
3,8,2017-08-10,RAIN,-14.834337349397597,5.009125208088863
3,8,2017-09-22,RAIN,-8.370165745856362,5.769955914460827
3,8,2017-11-17,RAIN,-14.23746427643543,5.847028245024735
3,8,2018-02-02,RAIN,-16.039403889871185,4.531135394687823
3,8,2011-05-03,M&MFIN,-8.378541289933693,4.791379979288106
3,8,2011-05-18,M&MFIN,-8.755760368663601,4.664882348559156
3,8,2013-01-22,M&MFIN,-9.115699259836374,4.7547162411373165
3,8,2014-01-09,M&MFIN,-10.47540077390825,5.004062692668129
3,8,2014-01-23,M&MFIN,-12.164348107408607,4.232094885387169
3,8,2010-11-26,SUNDARMFIN,-8.587756380147182,5.0216029932417605
3,8,2018-02-02,TATACONSUM,-9.588815789473681,5.052409248359313
3,8,2010-09-15,VENKEYS,-10.889960353738083,5.3647996998712335
3,8,2010-10-27,VENKEYS,-11.734424666242859,5.123760281354479
3,8,2010-11-19,VENKEYS,-10.726012404232044,4.929168815310008
3,8,2010-11-16,TITAN,-8.102211016291704,5.348702864339381
3,8,2011-05-03,TITAN,-8.392015929289498,5.2974934241186835
3,8,2007-10-22,RELIANCE,-10.325353862900876,5.021121336034736
3,8,2008-01-22,RELIANCE,-21.32844748720141,5.335042067770945
3,8,2019-05-09,RELIANCE,-9.27505182950642,5.002365745568073
3,8,2007-10-08,PRAJIND,-13.921404682274241,4.988182538027832
3,8,2007-10-19,PRAJIND,-11.235431235431237,4.620358439421086
3,8,2007-11-01,PRAJIND,-8.14469078179696,4.330266225145009
3,8,2019-05-08,PRAJIND,-11.4484272128749,4.814101399667939
3,8,2011-05-03,ELGIEQUIP,-13.521850899742937,5.145715185295049
3,8,2022-09-19,ELGIEQUIP,-14.72320376914017,4.954617535839212
3,8,2022-09-27,ELGIEQUIP,-11.56748598533851,4.162536896360691
3,8,2007-10-19,SOUTHBANK,-10.71716357775987,4.497427801677878
3,8,2008-01-22,SOUTHBANK,-23.9854633555421,4.748545214307172
3,8,2010-05-04,SOUTHBANK,-14.800995024875618,4.982629019509576
3,8,2024-01-23,PRESTIGE,-12.721757161508318,4.934038072030555
3,8,2024-02-14,PRESTIGE,-8.461538461538465,5.0319986425175784
3,8,2024-03-18,PRESTIGE,-10.494211932324138,5.046180997287992
3,8,2024-06-27,PRESTIGE,-9.8064955270323,5.348454581971378
3,8,2024-08-05,PRESTIGE,-10.59805055344457,4.991681815926012
3,8,2022-09-27,VBL,-11.272960273387433,5.507505354968066
3,8,2022-10-11,VBL,-8.523672004900673,5.482582031741175
3,8,2012-05-04,MRF,-9.80387031567208,5.196704741442524
3,8,2014-04-25,MRF,-13.321764071927433,5.149957350437298
3,8,2014-05-19,IPCALAB,-9.8122238586156,4.640834164283335
3,8,2020-11-10,IPCALAB,-12.95342257506018,5.496364865331469
3,8,2020-08-13,LAURUSLABS,-8.40037334992667,5.006537525432419
3,8,2020-09-24,LAURUSLABS,-9.33782503421413,5.6932780152598745
3,8,2020-11-04,LAURUSLABS,-13.212273011897302,5.450424955647533
3,8,2021-01-29,LAURUSLABS,-9.01067053089184,5.369855073739472
3,8,2021-08-23,LAURUSLABS,-8.224796718716265,4.875185448903566
3,8,2017-08-10,AVANTIFEED,-12.479827058139703,5.009629405260614
3,8,2017-11-15,AVANTIFEED,-13.109413743277798,5.052222803853676
3,8,2018-01-31,AVANTIFEED,-9.088448863559485,4.639306261612176
3,8,2020-01-28,BALRAMCHIN,-8.5995085995086,4.628464914543319
3,8,2017-05-18,CESC,-15.74407631031508,4.968927815689033
3,8,2021-08-23,TATASTEEL,-9.87940314778224,5.2613127602085585
3,8,2021-09-20,TATASTEEL,-14.234373898950036,4.828220318874039
3,8,2021-11-30,TATASTEEL,-9.00940493979081,4.2610510448047
3,8,2017-06-08,ADANIENSOL,-13.88048411497731,5.006125011111533
3,8,2017-08-11,ADANIENSOL,-14.506539833531518,4.991239163915251
3,8,2017-11-01,ADANIENSOL,-11.219618055555557,6.195778814769752
3,8,2017-12-01,ADANIENSOL,-9.86315517686548,4.76288676562589
3,8,2021-04-12,ADANIENSOL,-12.3442164621144,4.691900028161598
3,8,2021-06-18,ADANIENSOL,-14.25954092920354,4.495321316177058
3,8,2021-07-02,ADANIENSOL,-14.257532281205165,3.542804563511993
3,8,2021-09-21,ADANIENSOL,-14.260365837747567,5.291953731493104
3,8,2021-11-30,ADANIENSOL,-11.33720930232558,5.387951890402142
3,8,2021-12-20,ADANIENSOL,-8.852864478318134,4.724419560664512
3,8,2022-10-03,ADANIENSOL,-13.282529635490404,4.799418624299218
3,8,2022-11-23,ADANIENSOL,-8.324107501002809,4.781424799764945
3,8,2026-09-01,ADANIENSOL,-14.533085961657388,4.781954104523199
3,8,2015-02-06,SUNDRMFAST,-11.719298245614041,5.138669295970867
3,8,2015-04-21,SUNDRMFAST,-8.40466926070038,5.057520807007719
3,8,2015-06-02,SUNDRMFAST,-9.758771929824572,5.031712044620037
3,8,2017-06-28,SUNDRMFAST,-8.623133108034441,5.527879543042453
3,8,2007-11-22,WELCORP,-8.124845182065899,5.969799835075718
3,8,2007-12-17,WELCORP,-8.892158923691406,5.263239709524333
3,8,2008-01-22,WELCORP,-17.759848125296628,6.08978938810458
3,8,2012-12-13,KTKBANK,-18.476871965244058,5.008114701902002
3,8,2013-01-24,KTKBANK,-9.97986770204199,4.9842530870880015
3,8,2021-12-15,IEX,-11.397121083827255,5.576121159439951
3,8,2022-01-27,IEX,-8.462455303933247,4.752593570171294
3,8,2014-11-17,BALKRISIND,-23.37708830548926,4.983554863962591
3,8,2009-04-20,MCLEODRUSS,-9.784735812133071,5.329868395229207
3,8,2009-11-03,MCLEODRUSS,-10.533610533610528,5.108613901319591
3,8,2010-01-12,MCLEODRUSS,-11.252239049014822,5.412310745036422
3,8,2010-01-27,MCLEODRUSS,-17.35492086592687,4.820851008837112
3,8,2010-04-28,MCLEODRUSS,-10.134436401240954,4.565411889588942
3,8,2009-10-29,AUROPHARMA,-8.898205007085513,5.254018249452437
3,8,2014-03-11,AUROPHARMA,-8.56472795497185,5.056645330675097
3,8,2014-07-10,AUROPHARMA,-13.834274219713183,5.002882388580177
3,8,2014-09-24,AUROPHARMA,-8.275466284074607,5.084182828372529
3,8,2014-12-17,AUROPHARMA,-9.345552001383261,5.109482347037521
3,8,2015-02-09,AUROPHARMA,-13.415440568689041,5.0370483698432675
3,8,2024-02-05,AUROPHARMA,-11.48730876216969,5.077014227999652
3,8,2009-07-08,BANKBARODA,-15.18361581920904,5.426638247195276
3,8,2011-05-02,BANKBARODA,-11.092715231788075,4.987114010483483
3,8,2024-09-06,OIL,-14.098787422073023,5.917428266945894
3,8,2024-09-12,OIL,-8.69016639066318,5.011309547918147
3,8,2024-09-20,OIL,-8.554716061418489,4.752718060499607
3,8,2024-10-03,OIL,-8.172134639965922,4.492208586174302
3,8,2024-10-17,OIL,-10.438342145659208,5.095773458611401
3,8,2014-05-19,PERSISTENT,-8.78566018682151,4.758917967874079
3,8,2020-08-31,PERSISTENT,-8.950543968834623,5.256414771821878
3,8,2020-10-19,PERSISTENT,-8.151340296545174,5.192955937535402
3,8,2021-03-25,PERSISTENT,-8.10205224830678,5.761565804370558
3,8,2022-02-14,PERSISTENT,-9.678231993587538,5.24945231155622
3,8,2012-10-18,ZENSARTECH,-8.134057971014496,4.883716783013642
3,8,2023-09-13,ZENSARTECH,-8.964285714285714,4.999763666518048
3,8,2015-04-27,GFLLIMITED,-9.21052631578948,5.05648030256165
3,8,2019-05-09,GFLLIMITED,-8.828939301042304,5.002135277492424
3,8,2021-02-01,DRREDDY,-9.800786262807327,4.725147177490617
3,8,2010-10-21,JINDALPOLY,-12.12523173304353,6.410717600046755
3,8,2010-11-16,JINDALPOLY,-19.540772194700008,4.87899050128491
3,8,2010-11-26,JINDALPOLY,-14.875458965962096,4.127841590859838
3,8,2011-06-22,JINDALPOLY,-12.012195121951208,4.776776452244837
3,8,2022-11-11,INDHOTEL,-8.261818181818171,5.000796776061885
3,8,2009-06-30,LUPIN,-8.778988544286104,5.485790961480042
3,8,2015-04-17,LUPIN,-10.67120868029271,4.707410028992319
3,8,2022-01-25,UNOMINDA,-9.70359915314043,4.545324177364369
3,8,2022-02-14,UNOMINDA,-9.0359168241966,4.83949593121416
3,8,2024-03-13,NTPC,-8.432708688245317,5.1946532800178264
3,8,2024-06-06,NTPC,-10.732516590096985,5.060101889290303
3,8,2009-06-23,COROMANDEL,-8.16849441426668,5.286234719857754
3,8,2009-07-08,COROMANDEL,-11.528946066303803,5.18638894906602
3,8,2010-11-24,COROMANDEL,-9.798892815813353,5.020742151925628
3,8,2011-04-26,COROMANDEL,-12.258522727272725,5.392744732207857
3,8,2020-10-07,COROMANDEL,-9.13849646821392,5.0040315404422415
3,8,2025-07-03,COROMANDEL,-10.841449784448344,5.046790090786431
3,8,2009-04-20,EMBDL,-11.446794226250411,5.84232478797118
3,8,2009-04-28,EMBDL,-14.865794907088791,5.753723932975723
3,8,2009-06-08,EMBDL,-10.840802390098169,6.254956801389739
3,8,2021-10-25,FLUOROCHEM,-10.11043070537293,4.563211472366522
3,8,2021-12-17,FLUOROCHEM,-12.692043824452714,4.6746393549695915
3,8,2022-01-27,FLUOROCHEM,-9.434620540222905,4.890937992838169
3,8,2022-02-09,FLUOROCHEM,-10.147651006711412,5.703566533485866
3,8,2022-11-15,FLUOROCHEM,-10.68424850751165,5.015408685396323
3,8,2014-07-14,KEC,-8.52713178294573,5.09526789865544
3,8,2014-08-04,KEC,-12.981744421906694,4.438052424530354
3,8,2014-09-16,KEC,-8.66551126516465,5.233985821136349
3,8,2021-06-18,TIINDIA,-10.081466395112027,5.3355684605080835
3,8,2022-11-10,TIINDIA,-10.965147917713747,5.090668984361751
3,8,2020-09-21,EPL,-14.427157001414425,4.8373679098577576
3,8,2026-06-08,NATIONALUM,-13.435568780041196,5.1540418706302225
3,8,2026-06-25,NATIONALUM,-12.118005027119993,4.652651223624687
3,8,2010-01-27,JAYSREETEA,-12.414885193982572,5.16069294524828
3,8,2021-12-17,BSE,-14.532600157109188,5.859205105925296
3,8,2022-01-25,BSE,-8.456264284230208,5.3623063541178215
3,8,2023-11-22,BSE,-13.374805598755835,6.064457840471381
3,8,2024-01-23,BSE,-8.114636375505935,5.084373028099275
3,8,2024-03-13,BSE,-10.348285313189399,4.806368387242
3,8,2024-04-29,BSE,-11.458832550560716,5.625076212047768
3,8,2024-08-06,BSE,-12.331176937918508,5.496564879075034
3,8,2025-06-13,BSE,-9.789046383176958,4.997153730448586
3,8,2025-07-08,BSE,-12.166235239885104,4.598011836850194
3,8,2025-08-25,BSE,-9.203329369797853,4.9526998582552695
3,8,2021-07-23,CDSL,-11.844287619109572,7.109729520065939
3,8,2021-12-20,CDSL,-9.869725722305278,5.220747669089379
3,8,2020-08-31,NAVINFLUOR,-8.582334207568366,4.953208355064605
3,8,2021-01-29,NAVINFLUOR,-10.7680928095924,4.940883397378899
3,8,2008-01-22,SHRIRAMFIN,-16.359163591635916,5.595133871395166
3,8,2021-04-08,ATGL,-14.6692439862543,5.006653512329486
3,8,2021-05-14,ATGL,-9.283759124087599,5.006391211964707
3,8,2021-06-16,ATGL,-14.257163940474737,4.8985375665650075
3,8,2021-06-25,ATGL,-14.271298832348279,4.307115093568596
3,8,2021-07-20,ATGL,-8.645984992720345,4.800448585817053
3,8,2021-09-07,ATGL,-9.817505914160185,7.395217236144096
3,8,2021-12-21,ATGL,-11.340502166309962,5.872652725407335
3,8,2022-10-03,ATGL,-10.070909644581716,5.062501490341656
3,8,2022-12-23,ATGL,-10.558353162525592,5.050199877139734
3,8,2020-09-01,APLLTD,-8.072265038534676,4.495691031367706
3,8,2021-01-21,APLLTD,-11.2145162044615,5.04035659322808
3,8,2014-07-08,SRF,-9.324645593026315,5.044123921498463
3,8,2015-04-27,SRF,-11.01636001297679,5.701802628787896
3,8,2021-10-20,SRF,-8.370318138454525,4.947943314171596
3,8,2021-11-30,SRF,-8.19068106920543,5.026397750864916
3,8,2018-02-02,VAKRANGEE,-42.38868172844922,5.742679561998294
3,8,2009-06-19,PFC,-9.165858389912707,5.286861284534073
3,8,2009-07-08,PFC,-9.583133684714905,5.391217911255061
3,8,2023-09-13,PFC,-8.81678138315307,5.526754343090934
3,8,2024-02-13,PFC,-10.255042151317895,5.0507022879426735
3,8,2024-03-15,PFC,-11.199160936953733,5.342976962314619
3,8,2024-05-07,PFC,-9.896334295180075,5.455108447493264
3,8,2024-06-06,PFC,-14.870223503965384,5.8405047659078635
3,8,2024-08-05,PFC,-10.551364942528728,4.953881914390422
3,8,2014-07-09,BHARATFORG,-8.360008933224151,5.3378971384347675
3,8,2014-09-16,BHARATFORG,-9.077598828696921,5.236352569173016
3,8,2015-04-20,BHARATFORG,-10.13677811550152,4.991123193756396
3,8,2015-06-09,BHARATFORG,-8.620545773178668,4.917110375008838
3,8,2026-08-12,BHARATFORG,-8.10965919124138,5.137560786540212
3,8,2009-04-20,IIFL,-13.156306578153277,5.949494186465396
3,8,2009-05-25,IIFL,-12.08388814913447,8.49128778016742
3,8,2009-06-15,IIFL,-17.224715222644104,4.911276951022763
3,8,2009-07-06,IIFL,-10.1364522417154,4.519072938444689
3,8,2020-02-28,RELAXO,-12.04697562823589,5.489924828107323
3,8,2009-12-07,SUPREMEIND,-9.016164994425857,5.315561030132333
3,8,2014-01-23,SUPREMEIND,-10.650319829424305,5.476491672431555
3,8,2023-09-15,SUPREMEIND,-10.084565442741022,5.19471257582178
3,8,2023-10-26,SUPREMEIND,-11.3791128365048,5.626288449177806
3,8,2009-05-13,NIITLTD,-8.309859154929578,6.140148382440852
3,8,2009-06-08,NIITLTD,-8.97718910963945,8.15952212947427
3,8,2019-04-30,ADANIPOWER,-14.691943127962093,5.152780041482587
3,8,2026-05-12,ADANIPOWER,-8.931752030930973,4.921159636732257
3,8,2023-05-23,NCC,-10.293473499780992,4.936863571656882
3,8,2023-09-14,NCC,-11.13801452784502,4.66253954403338
3,8,2023-10-25,NCC,-10.740157480314972,4.931733514714718
3,8,2014-09-16,SIMPLEXINF,-8.480692890653208,4.734113091007871
3,8,2014-09-25,SIMPLEXINF,-11.21188730219993,4.480414105536578
3,8,2021-01-19,INDIAMART,-9.65648086578289,5.478123066822837
3,8,2021-05-04,INDIAMART,-15.759920139755422,5.159056093085828
3,8,2007-11-08,RIIL,-14.259045954641136,5.0106654374792665
3,8,2007-11-14,RIIL,-14.172912205567446,4.477812082397628
3,8,2007-11-22,RIIL,-12.072328415062294,4.088341802619948
3,8,2007-12-10,RIIL,-8.190639970519598,3.7587998631853874
3,8,2007-12-18,RIIL,-8.102323941888855,5.131834754855573
3,8,2008-01-10,RIIL,-13.964842003612365,5.005420262469152
3,8,2008-01-23,RIIL,-14.261388766032734,4.577886717414188
3,8,2022-09-28,BDL,-9.486968449931421,5.55163654380269
3,8,2022-12-23,BDL,-11.254802229316596,4.818998114005358
3,8,2007-10-22,GMDCLTD,-14.257576975641129,9.135839688427696
3,8,2007-11-23,GMDCLTD,-14.215686274509798,4.81297723393163
3,8,2008-01-22,GMDCLTD,-24.376855202699964,5.401396683253457
3,8,2026-05-12,GMDCLTD,-8.611624271706697,4.699755845420701
3,8,2026-06-08,GMDCLTD,-8.577641148684123,4.409086145375585
3,8,2014-03-26,TATAELXSI,-8.129872355007272,4.656736501419234
3,8,2014-06-13,TATAELXSI,-8.161276030128484,5.01542921365198
3,8,2014-07-10,TATAELXSI,-8.50946372239748,5.002882388580178
3,8,2014-09-25,TATAELXSI,-9.327274081799896,5.305273736895121
3,8,2021-01-25,TATAELXSI,-11.076233183856498,7.299236067477248
3,8,2021-11-22,TATAELXSI,-8.63039541773054,5.162332465112436
3,8,2021-12-21,TATAELXSI,-8.028567076782478,4.958048961413916
3,8,2022-02-14,TATAELXSI,-9.864105272767576,5.10810008665514
3,8,2025-08-11,GODFRYPHLP,-9.341739055931587,6.0756415644798105
3,8,2012-09-17,BSOFT,-9.757887013939847,4.8906620367485125
3,8,2009-08-10,MARUTI,-13.397378095304157,6.069279117205368
3,8,2009-10-29,MARUTI,-9.119963098415196,4.589679480098419
3,8,2017-05-24,VGUARD,-11.574301128003917,4.990296851372856
3,8,2020-07-27,TRENT,-8.801591248135255,4.570374762006571
3,8,2024-07-19,TRENT,-8.972698681185086,5.01699760226714
3,8,2024-08-06,TRENT,-9.531607402786435,5.109534605110773
3,8,2024-11-08,TRENT,-9.606939900120548,4.947681892523305
3,8,2014-01-06,ESCORTS,-9.409190371991238,5.11180111352651
3,8,2014-02-14,ESCORTS,-8.83450850269597,4.909197487407959
3,8,2014-05-06,ESCORTS,-9.924871490707787,4.998859153900469
3,8,2017-06-27,ESCORTS,-9.448928472028939,4.786239102022834
3,8,2017-08-10,ESCORTS,-12.576185521034644,5.008686579117469
3,8,2020-07-27,ESCORTS,-8.120794217828365,5.356325484158514
3,8,2020-09-08,ESCORTS,-8.448001306602427,5.2926250193001145
3,8,2020-02-17,IGL,-10.155500095987712,5.0910044001917925
3,8,2021-01-12,SUZLON,-13.664596273291929,5.617072269137595
3,8,2021-01-27,SUZLON,-9.022556390977455,4.727461972834327
3,8,2021-02-09,SUZLON,-10.71428571428571,4.842812145690608
3,8,2021-02-17,SUZLON,-13.93442622950819,4.549692718239598
3,8,2023-11-22,SUZLON,-11.702127659574458,5.514023242541042
3,8,2024-01-17,SUZLON,-8.908685968819597,5.233465323980895
3,8,2024-02-13,SUZLON,-11.043566362715307,5.051185966028066
3,8,2024-03-06,SUZLON,-11.945392491467576,5.001333384935574
3,8,2024-03-13,SUZLON,-8.004926108374388,4.654779628580009
3,8,2024-05-28,SUZLON,-9.006211180124213,5.650719383426931
3,8,2024-10-07,SUZLON,-11.048407323802344,5.252540177931253
3,8,2020-02-24,DIXON,-8.443339143564533,5.014157109704524
3,8,2020-09-22,DIXON,-12.215299660258449,5.098243309201906
3,8,2020-12-22,DIXON,-8.782584288094132,5.858541349871111
3,8,2021-01-25,DIXON,-9.004580900557379,5.402578671561339
3,8,2021-03-24,DIXON,-13.846153846153841,5.655006748416491
3,8,2021-10-22,DIXON,-10.648803593588873,5.645553641817046
3,8,2024-07-19,DIXON,-11.139152654657869,5.023215248903421
3,8,2014-09-24,GPPL,-9.354375896700152,5.356500310677365
3,8,2015-02-09,GPPL,-8.821502412129579,4.666591859266059
3,8,2025-06-16,PAYTM,-8.652194283929415,4.954419753241624
3,8,2017-02-15,INDIANB,-9.285448455526602,5.197922155104876
3,8,2017-03-22,INDIANB,-10.900379317228982,4.8864310935421855
3,8,2017-05-23,INDIANB,-8.65324103209566,5.03038633386101
3,8,2017-06-27,INDIANB,-9.335086401202098,4.687707039504515
3,8,2024-02-13,HUDCO,-9.061080262493682,4.841741231644852
3,8,2024-03-13,HUDCO,-18.918251420103726,5.208404223277848
3,8,2024-06-05,HUDCO,-14.883126369612853,6.178964952211973
3,8,2007-09-27,JINDALSTEL,-9.806724913952857,5.670784479042893
3,8,2007-10-19,JINDALSTEL,-15.911640682424855,5.130343217147835
3,8,2007-11-08,JINDALSTEL,-16.259858182584075,5.010736878209578
3,8,2007-11-22,JINDALSTEL,-8.991891891891889,4.090428186704954
3,8,2007-11-29,JINDALSTEL,-9.855896772002804,5.404212013541028
3,8,2007-12-18,JINDALSTEL,-15.433793388740558,5.187572243930617
3,8,2008-01-22,JINDALSTEL,-36.034658511722725,5.29750755172754
3,8,2009-11-03,JINDALSTEL,-11.531299240796445,5.7665994490838175
3,8,2010-05-06,JINDALSTEL,-9.838533114395176,5.166916700104408
3,8,2021-05-14,JINDALSTEL,-14.871481028151766,5.006328907784342
3,8,2021-05-21,JINDALSTEL,-8.249886208466094,4.5192636725313955
3,8,2021-08-30,LINDEINDIA,-8.609865470852029,6.933362003043476
3,8,2021-10-21,LINDEINDIA,-8.28950421532989,4.626264411573688
3,8,2014-04-07,PAGEIND,-8.424355753874302,4.958385922883994
3,8,2024-03-06,JBMA,-11.406082623072978,5.002989272591213
3,8,2021-09-28,APOLLOHOSP,-13.240037764053337,4.89047629227248
3,8,2013-02-14,BAJAJFINSV,-8.084305150631666,4.98430377172512
3,8,2017-05-22,BAJAJFINSV,-11.646514737839187,4.9873685603841365
3,8,2017-09-25,BAJAJFINSV,-8.786521265773073,4.747221577969789
3,8,2023-09-20,JSL,-9.796744051632789,5.292626783910446
3,8,2007-10-19,CRISIL,-11.804399794232467,4.220823075257877
3,8,2014-07-10,CANFINHOME,-8.172471674360038,5.002882388580178
3,8,2014-07-30,CANFINHOME,-13.763796909492276,4.742512845939053
3,8,2014-09-17,CANFINHOME,-9.07615750757248,5.250025003386113
3,8,2015-01-27,CANFINHOME,-12.974976830398532,5.807012743849221
3,8,2015-05-07,CANFINHOME,-12.604927318637815,6.043784209012107
3,8,2007-10-19,KOTAKBANK,-17.000000000000004,4.865431494931008
3,8,2007-12-18,KOTAKBANK,-12.0,4.797365930387996
3,8,2008-01-10,KOTAKBANK,-9.798270893371763,5.004144097370072
3,8,2008-01-21,KOTAKBANK,-22.508038585209,4.858863455867986
3,8,2020-07-09,GUJENERGY,-9.998172180588561,5.000595435854219
3,8,2009-06-18,ONGC,-11.180832857957801,5.028382945244818
3,8,2009-07-08,ONGC,-11.801242236024844,5.023298541539104
3,8,2017-08-10,CAPLIPOINT,-13.27532792828422,5.009629405260614
3,8,2017-09-25,CAPLIPOINT,-10.192400524101785,5.077233724793627
3,8,2007-11-22,ABAN,-13.216337940674016,4.7589703209937495
3,8,2008-01-21,ABAN,-23.265581250648136,4.931838771311082
3,8,2007-10-19,DIVISLAB,-14.307209211042771,5.1266127823637655
3,8,2008-01-22,DIVISLAB,-21.097664638511095,5.111046113723911
3,8,2011-06-21,UBL,-10.230934479054788,5.121073230799731
3,8,2014-09-24,FINCABLES,-10.39496527777779,4.909801473729596
3,8,2023-05-29,FINCABLES,-8.906697195191748,4.8976503571590095
3,8,2023-10-04,FINCABLES,-9.85320563757266,5.129138445387006
3,8,2023-10-26,FINCABLES,-8.849510145082718,4.217446558115286
3,8,2008-01-22,RAJESHEXPO,-33.68471820311423,5.252445953469373
3,8,2010-10-08,VIPIND,-12.62772315403895,5.172908325064425
3,8,2018-01-30,VIPIND,-8.414766558089038,5.250694842378497
3,8,2008-01-10,USHAMART,-12.198483804272907,5.0053488975406495
3,8,2008-01-23,USHAMART,-14.225232853513969,4.60755123372978
3,8,2007-10-08,TFCILTD,-13.043478260869568,4.029869578448746
3,8,2007-10-19,TFCILTD,-11.428571428571422,5.171167982695373
3,8,2007-11-01,TFCILTD,-8.799999999999997,4.332275014840483
3,8,2012-04-17,ASTRAZEN,-8.406917206067055,5.653991211181163
3,8,2012-04-27,ASTRAZEN,-10.421043417366949,4.989439200948528
3,8,2012-05-04,ASTRAZEN,-8.02958267300582,4.548725300180856
3,8,2012-05-15,ASTRAZEN,-13.945301922556187,4.872577837957039
3,8,2012-06-01,ASTRAZEN,-9.41182446160097,5.0675328092662735
3,8,2012-07-27,ASTRAZEN,-9.716994684671743,4.710911653027453
3,8,2020-09-10,ASTRAZEN,-12.480231945176602,5.003469782011235
3,8,2022-09-16,TIMKEN,-11.281140968354041,4.876153497689292
3,8,2009-05-21,HEROMOTOCO,-16.013119008145303,5.583925932830501
3,8,2009-08-10,HEROMOTOCO,-11.869140235387988,5.214366543348198
3,8,2009-08-19,HEROMOTOCO,-8.627820912851014,5.010584447981756
3,8,2023-12-07,CYIENT,-8.955530685425861,5.007981282358764
3,8,2024-01-25,CYIENT,-9.955638779286192,4.994167253825087
3,8,2007-10-19,UNITDSPR,-12.306173865613879,5.124036757390433
3,8,2007-11-02,UNITDSPR,-8.601068545005862,5.241353484358126
3,8,2007-11-22,UNITDSPR,-10.418663303909204,4.785513378022506
3,8,2015-04-20,INDUSINDBK,-10.860493370661873,5.129513168269435
3,8,2012-06-01,HAVELLS,-10.05020849289422,5.13572356730895
3,8,2012-10-29,HAVELLS,-9.498456790123445,4.738696414898767
3,8,2017-05-24,MOTILALOFS,-11.900834236696978,5.786746962636179
3,8,2017-06-27,MOTILALOFS,-11.937455353599502,5.5421995759963325
3,8,2018-01-30,MOTILALOFS,-12.836380352912059,4.61328266810607
3,8,2018-02-05,MOTILALOFS,-9.135101501127796,4.449905674300048
3,8,2024-05-09,MOTILALOFS,-10.33325691419521,5.007498199158624
3,8,2024-06-04,MOTILALOFS,-8.557715594108473,4.611130154098966
3,8,2024-06-25,MOTILALOFS,-8.283208928183218,5.04903653563231
3,8,2024-07-02,MOTILALOFS,-9.935617200540502,4.601545247909424
3,8,2024-11-13,MOTILALOFS,-9.908284468500984,5.276701173083079
3,8,2009-07-08,LICHSGFIN,-9.530365611136615,6.133131770448201
3,8,2009-07-23,LICHSGFIN,-8.3598540712567,4.979327795896772
3,8,2009-11-03,LICHSGFIN,-12.126004174837124,5.137513963517589
3,8,2010-01-27,LICHSGFIN,-9.20884341311895,4.598580661865462
3,8,2012-02-24,LICHSGFIN,-8.711701734957533,4.76234779133303
3,8,2018-01-31,APLAPOLLO,-15.240430243593794,5.660460967105263
3,8,2020-12-21,APLAPOLLO,-8.048595292331061,5.058666049016775
3,8,2021-03-16,APLAPOLLO,-17.071618434352885,4.819595504382064
3,8,2021-04-06,APLAPOLLO,-13.513224113930821,4.922731716406662
3,8,2021-10-25,APLAPOLLO,-10.791155943932907,4.80241173440892
3,8,2014-08-08,SKFINDIA,-8.445148857230345,4.987072675218686
3,8,2026-05-12,GVT&D,-10.188331026383125,5.164372352623203
3,8,2026-06-24,GVT&D,-8.69250926176922,5.532642301199983
3,8,2026-07-03,GVT&D,-10.972896440129453,4.983205751615221
3,8,2024-02-13,NBCC,-19.168323586744627,4.559716604583221
3,8,2024-03-13,NBCC,-13.118690841048364,4.722719119872693
3,8,2024-04-15,NBCC,-8.333296943231428,5.1149710100652594
3,8,2009-06-15,BHEL,-8.22005212902731,5.067292161619617
3,8,2024-06-04,BHEL,-15.202063628546858,4.901364591345037
3,8,2024-07-19,BHEL,-9.618930547019044,4.900702485744912
3,8,2009-07-01,RALLIS,-9.237213403880062,5.441698419026405
3,8,2009-08-10,RALLIS,-9.456543064547773,5.295952745755246
3,8,2020-08-31,RALLIS,-10.279517336184519,5.182416073427253
3,8,2020-09-22,RALLIS,-9.272376046361885,4.716650035859251
3,8,2013-02-07,AARTIIND,-11.671207992733878,5.001209124671849
3,8,2014-10-17,AARTIIND,-9.455541237113396,4.9464355755737515
3,8,2015-02-18,AARTIIND,-9.457411336768718,5.048866319673589
3,8,2015-03-23,AARTIIND,-8.502934199026102,5.81448115611954
3,8,2023-07-25,CIEINDIA,-8.776950963556573,4.704117468256759
3,8,2015-06-05,JKIL,-10.09081735620585,5.1126558203487695
3,8,2024-10-17,BAJAJ-AUTO,-14.957602548049032,4.874776945996303
3,8,2007-11-23,THERMAX,-9.539382517598794,4.857245861246973
3,8,2014-03-10,ECLERX,-10.703173615432481,5.206812758772646
3,8,2021-08-06,ECLERX,-8.31492789398467,5.087720169167801
3,8,2021-10-25,ECLERX,-10.676691729323306,4.763624957156549
3,8,2022-01-24,ECLERX,-13.123784834737528,4.856494690927365
3,8,2022-02-21,ECLERX,-8.275418275418268,5.00567886864268
3,8,2025-06-12,GRSE,-8.951117361132333,5.000000000000003
3,8,2025-06-26,GRSE,-14.596157700346435,5.367729352034837
3,8,2020-08-11,DEEPAKNTR,-10.275942479595802,5.618219658816063
3,8,2021-10-22,DEEPAKNTR,-16.69742643289245,5.413312184627539
3,8,2021-10-29,DEEPAKNTR,-9.592622618565061,4.755413453047672
3,8,2021-11-22,DEEPAKNTR,-9.61440353711418,4.83270637837862
3,8,2022-01-25,DEEPAKNTR,-16.42939301944073,4.914928296697434
3,8,2022-02-14,DEEPAKNTR,-10.57102611333839,4.917025159057256
3,8,2012-05-08,VSTIND,-9.92961515831643,6.049264505346955
3,8,2009-05-11,ORIENTPPR,-9.01033973412112,5.561487075635754
3,8,2009-05-28,ORIENTPPR,-8.60103626943005,5.809771783887607
3,8,2009-06-09,ORIENTPPR,-10.899182561307907,6.119573235910747
3,8,2009-06-19,ORIENTPPR,-8.931698774080566,5.490922899726082
3,8,2009-07-06,ORIENTPPR,-9.15789473684211,4.693041993363833
3,8,2012-09-04,BLUEDART,-14.792599903829117,4.7230053121237265
3,8,2014-01-31,BLUEDART,-10.506541247702451,5.48072323344101
3,8,2010-05-07,TMPV,-9.416380578715067,5.561979441957621
3,8,2010-05-19,TMPV,-12.443095599393017,5.02881456987772
3,8,2024-05-15,TMPV,-9.493371212121204,5.117030230025901
3,8,2025-08-12,AMBER,-11.469047156995927,4.904870047730051
3,8,2020-12-21,GRANULES,-9.706694725766141,4.645819407623983
3,8,2021-02-02,GRANULES,-9.560175364163491,4.955599828982804
3,8,2021-03-18,GRANULES,-8.70279146141214,4.683861114708963
3,8,2024-09-13,GRANULES,-20.046099546207586,5.159777199676334
3,8,2017-10-26,EDELWEISS,-8.838878016960216,5.0114112610633175
3,8,2018-02-05,EDELWEISS,-11.26903553299493,5.151556931382577
3,8,2026-06-03,SCHNEIDER,-14.249694376528122,4.728073350731386
3,8,2019-05-15,ABFRL,-8.349641226353565,5.182302122687311
3,8,2013-01-24,STAR,-8.451388629312595,5.351480875158262
3,8,2013-02-07,STAR,-13.43697727049099,5.001209124671849
3,8,2024-02-12,NLCINDIA,-16.552801093109505,4.617005657114815
3,8,2024-02-28,NLCINDIA,-9.30042830919845,4.404266583812435
3,8,2025-07-24,COFORGE,-10.579949847943226,4.851398126815645
3,8,2026-06-01,MCX,-12.602424938771817,5.405795201067172
3,8,2026-07-07,MCX,-9.578544061302685,4.946243108725833
3,8,2022-11-21,MAZDOCK,-10.883335252792815,5.45116859449712
3,8,2022-12-23,MAZDOCK,-20.297029702970303,4.834924858988663
3,8,2023-06-23,MAZDOCK,-10.238359413857745,6.18580128925953
3,8,2023-10-25,MAZDOCK,-12.895879798098376,4.8933582635558945
3,8,2022-09-19,GNFC,-11.55601259721063,5.007403829544573
3,8,2022-09-27,GNFC,-9.166786587998265,4.471173338530746
3,8,2024-11-12,PPLPHARMA,-14.251497005988023,5.240833599282197
3,8,2007-10-19,LT,-9.92857783223261,4.915988528584154
3,8,2007-11-22,LT,-9.451756895959718,4.818080933345752
3,8,2008-01-22,LT,-10.222679503196874,5.030924885024734
3,8,2024-02-01,LT,-8.360302049622437,5.145102710820841
3,8,2018-01-31,RKFORGE,-8.337746395998813,4.982168179785294
3,10,2020-02-01,SBILIFE,-11.381226433816227,4.79366548177506
3,10,2014-02-10,IDEA,-12.339688041594455,4.599389593004528
3,10,2009-07-08,ENGINERSIN,-11.398901165247842,5.512702787154597
3,10,2010-03-30,ENGINERSIN,-13.712026140695654,5.78530131265957
3,10,2010-05-13,ENGINERSIN,-12.182305630026812,5.015460805627998
3,10,2010-05-21,ENGINERSIN,-13.066025803187465,4.27234387025069
3,10,2024-10-22,POWERINDIA,-12.163149851448974,5.71584459104389
3,10,2024-11-13,POWERINDIA,-13.662313426191385,5.010827104342187
3,10,2026-07-03,POWERINDIA,-11.111111111111116,4.769327676785702
3,10,2009-04-20,DSKULKARNI,-11.838006230529597,6.004800161654785
3,10,2021-12-02,TRIDENT,-14.168190127970748,7.069531393398501
3,10,2021-12-21,TRIDENT,-11.508282476024412,5.857974290816672
3,10,2015-04-27,BOSCHLTD,-11.395212977622737,4.957518256228271
3,10,2022-12-23,RHIM,-10.765691363850872,5.264138643640683
3,10,2017-05-05,TATACOMM,-10.213053770713564,4.817604199075324
3,10,2009-04-27,DONEAR,-10.352422907488979,5.3789664043328225
3,10,2009-06-02,DONEAR,-12.177985948477755,7.206230123767243
3,10,2021-11-29,CENTURYPLY,-10.064436943847788,4.877132287288683
3,10,2021-12-20,CENTURYPLY,-11.672025723472668,4.719427483475467
3,10,2009-06-08,FSL,-10.815602836879435,5.035011048944793
3,10,2014-05-05,FSL,-14.54005934718101,5.904812020350088
3,10,2021-08-23,FSL,-10.538060996776588,5.084015705686676
3,10,2020-02-18,MASFIN,-17.38741526683342,5.493507046786092
3,10,2021-10-21,POLYCAB,-10.655671761866458,4.820375079823385
3,10,2024-01-11,POLYCAB,-27.42760911259765,5.00469558370347
3,10,2010-02-05,DHAMPURSUG,-11.083017277707551,5.191495835677987
3,10,2010-02-23,DHAMPURSUG,-14.95154591601291,4.850999628884275
3,10,2008-01-22,INDIAGLYCO,-26.304801670146137,5.183632875156892
3,10,2023-10-23,MAHABANK,-13.762486126526074,4.8954035061719745
3,10,2012-08-09,DCW,-10.659898477157348,5.004151978989024
3,10,2012-11-20,DCW,-11.181434599156114,4.896127068181448
3,10,2013-02-14,DCW,-10.220994475138124,4.9984202200121075
3,10,2020-07-16,DMART,-10.156896976208053,4.759190555239269
3,10,2026-07-27,HFCL,-11.6383662230381,4.870886176880498
3,10,2026-09-03,HFCL,-11.50989602151833,5.710433393242276
3,10,2024-02-12,RECLTD,-10.893909626719056,5.062105811504095
3,10,2024-06-06,RECLTD,-18.924731182795696,5.393014535824445
3,10,2024-08-05,RECLTD,-10.112533954210324,5.186188807417112
3,10,2021-03-19,VAIBHAVGBL,-16.138032776370213,5.862168918112357
3,10,2021-04-19,VAIBHAVGBL,-10.844666747817232,5.62398929533936
3,10,2021-05-14,VAIBHAVGBL,-11.939225952160982,5.006391211964707
3,10,2021-03-18,HINDCOPPER,-10.718273167100845,4.7322108367810385
3,10,2021-06-18,HINDCOPPER,-11.319593971085817,4.973422817266961
3,10,2024-08-05,APARINDS,-11.009924805512817,5.13089519636868
3,10,2022-12-23,GESHIP,-10.361694798484333,5.2691998817785235
3,10,2026-05-29,GESHIP,-13.933034089530505,5.179809369310277
3,10,2011-05-02,UCOBANK,-13.681060282171863,4.96575525777332
3,10,2014-07-09,TVSMOTOR,-10.146198830409359,5.853763421384784
3,10,2014-07-25,TVSMOTOR,-14.796070259005656,5.046563941204164
3,10,2022-09-26,SOLARINDS,-10.645395778706613,5.534297457531109
3,10,2014-10-20,ATUL,-12.524644598941581,5.224787069366877
3,10,2011-05-05,BAJFINANCE,-10.144927536231885,4.880119157746942
3,10,2020-02-12,WHIRLPOOL,-10.68018739251615,5.020400247935169
3,10,2007-11-22,STCINDIA,-14.258743030917397,6.963000070465028
3,10,2007-12-10,STCINDIA,-10.256770522322523,4.944735176760482
3,10,2007-12-18,STCINDIA,-12.73067505424721,4.750533987814315
3,10,2008-01-10,STCINDIA,-14.261315115286088,5.005420262469153
3,10,2008-01-24,STCINDIA,-14.261029411764703,4.947953128157568
3,10,2024-06-04,HAL,-12.919366993217773,6.3514618320580185
3,10,2024-07-19,HAL,-12.79566181012245,4.841908710372551
3,10,2022-09-20,SCHAEFFLER,-10.691086493625512,5.146563252244601
3,10,2022-10-20,SCHAEFFLER,-10.338740603220009,5.1162826519026
3,10,2022-10-28,SCHAEFFLER,-11.289773556157101,4.682925568042267
3,10,2007-10-18,JSWSTEEL,-13.603201945485866,5.446005356305822
3,10,2007-12-18,JSWSTEEL,-11.092814371257475,5.337010324039841
3,10,2008-01-22,JSWSTEEL,-23.420893458912996,4.790173449218392
3,10,2021-08-20,JSWSTEEL,-10.116195102737468,5.077754326747835
3,10,2007-10-19,ADANIENT,-14.342021980551234,4.899947678407057
3,10,2008-01-11,ADANIENT,-12.076192407801766,4.967747058136641
3,10,2008-01-22,ADANIENT,-14.143958476452168,4.642885048534744
3,10,2022-10-03,ADANIENT,-11.030501735233077,5.468480908960763
3,10,2022-12-23,ADANIENT,-12.558565697588032,5.317199098481261
3,10,2021-03-19,AFFLE,-10.122274045127956,4.961997765558825
3,10,2021-06-21,AFFLE,-10.332243742986769,4.873792511977894
3,10,2013-12-24,MOTHERSON,-34.59715639810427,5.0776021118906
3,10,2024-08-05,MOTHERSON,-10.71346814193056,4.773089833132234
3,10,2020-01-16,ADANIGREEN,-14.244810307802446,5.0
3,10,2020-02-28,ADANIGREEN,-14.178897812240388,4.411995859055575
3,10,2020-07-10,ADANIGREEN,-10.320241691842902,5.230971029452826
3,10,2020-09-23,ADANIGREEN,-11.62109375,5.574637611216624
3,10,2021-01-12,ADANIGREEN,-13.070266202614988,4.79655624482824
3,10,2021-03-30,ADANIGREEN,-10.353506020830904,5.431298958593538
3,10,2021-06-18,ADANIGREEN,-11.932849364791299,4.734285580272252
3,10,2021-07-05,ADANIGREEN,-14.254600408925244,4.474204724415611
3,10,2022-09-28,ADANIGREEN,-11.739139789573327,5.039718260017299
3,10,2009-08-11,SHREECEM,-10.086158732025762,6.337181590482677
3,10,2022-12-23,RVNL,-14.1400407885792,5.168345824693846
3,10,2024-10-07,RVNL,-13.912712025919582,4.564188510866301
3,10,2023-08-14,FACT,-10.316014997321899,4.895536395763066
3,10,2007-11-22,RELINFRA,-12.350739131622813,4.756296054718705
3,10,2008-01-22,RELINFRA,-25.508890043603017,4.603585606017811
3,10,2007-11-21,VEDL,-11.695447409733129,4.929717634602587
3,10,2008-01-21,VEDL,-28.280141843971627,4.766196408465462
3,10,2010-05-20,VEDL,-10.300429184549365,4.766024094789647
3,10,2017-04-18,VEDL,-11.583011583011583,4.703037979212398
3,10,2026-06-25,VEDL,-10.593428151054452,4.681426574966844
3,10,2022-01-21,LTTS,-11.255419241767372,4.731916252381517
3,10,2023-05-22,SIEMENS,-12.631136183689629,4.995517594498599
3,10,2017-09-27,BOMDYEING,-13.019936007875966,7.088013005312577
3,10,2017-10-13,BOMDYEING,-12.007623888182973,5.156713640468372
3,10,2018-01-18,BOMDYEING,-11.765743517375194,4.815082958525382
3,10,2018-02-02,BOMDYEING,-17.081081081081084,4.1308087907989455
3,10,2014-05-05,RCOM,-10.39755351681958,4.736625897923725
3,10,2021-11-30,TATAPOWER,-10.708401976935743,5.068736967025021
3,10,2007-10-08,APTECHT,-10.743488125275412,4.7143352685458755
3,10,2007-10-19,APTECHT,-13.751381604791145,4.495450893955644
3,10,2009-07-08,UNIONBANK,-11.514904042466323,5.880132549327465
3,10,2009-07-24,UNIONBANK,-10.202445379835634,5.170064695142937
3,10,2007-10-22,BHARTIARTL,-15.856217663446582,5.0737421366387
3,10,2007-11-02,BHARTIARTL,-10.462812893931206,4.24571101105106
3,10,2015-04-15,BEL,-10.001527441695945,5.054102586521682
3,10,2022-11-01,FINEORG,-15.72260376231711,4.816602727121736
3,10,2012-02-24,ARVIND,-18.54014598540147,4.990458218426968
3,10,2014-07-10,ARVIND,-12.916423144360023,5.002882388580178
3,10,2014-07-28,ARVIND,-10.709987966305645,4.86431739938967
3,10,2010-02-05,RENUKA,-10.037878787878785,4.459796400042123
3,10,2010-11-16,UFLEX,-18.524021792966817,4.877008599958507
3,10,2010-11-26,UFLEX,-14.894882982943269,4.334562323790057
3,10,2009-06-08,MUNJALSHOW,-10.543478260869566,5.668222407512516
3,10,2009-07-08,MUNJALSHOW,-10.46770601336302,5.3650894590365645
3,10,2009-08-10,MUNJALSHOW,-11.140583554376649,5.569691750747639
3,10,2009-11-03,MUNJALSHOW,-22.073578595317723,5.195539785766753
3,10,2024-08-14,ZYDUSLIFE,-10.023829656391737,5.0799341258692134
3,10,2026-05-13,NETWEB,-11.060105829677536,5.4921553985197225
3,10,2026-06-09,NETWEB,-10.254955210571115,5.997088958088363
3,10,2026-06-30,NETWEB,-10.559716200236501,5.604619385104191
3,10,2024-02-12,IRFC,-18.184615384615388,5.031925746876798
3,10,2024-03-13,IRFC,-13.535142658315923,4.869687535742238
3,10,2024-07-25,IRFC,-10.27470916023072,5.21726175782674
3,10,2014-01-27,BIOCON,-11.973043897611902,4.913834733423147
3,10,2021-08-24,JSWENERGY,-11.96738022426096,4.862401409326574
3,10,2022-12-23,COCHINSHIP,-20.120530333467258,4.722422596956873
3,10,2024-08-06,COCHINSHIP,-11.233189939154375,4.5574030242727
3,10,2017-05-09,RAIN,-10.212588578574412,5.329900161423692
3,10,2017-05-23,RAIN,-10.114503816793885,4.867708631801096
3,10,2017-08-10,RAIN,-14.834337349397597,5.009125208088863
3,10,2017-11-17,RAIN,-14.23746427643543,5.847028245024735
3,10,2018-02-02,RAIN,-16.039403889871185,4.531135394687823
3,10,2014-01-09,M&MFIN,-10.47540077390825,5.004062692668129
3,10,2014-01-23,M&MFIN,-12.164348107408607,4.232094885387169
3,10,2010-09-15,VENKEYS,-10.889960353738083,5.3647996998712335
3,10,2010-10-27,VENKEYS,-11.734424666242859,5.123760281354479
3,10,2010-11-19,VENKEYS,-10.726012404232044,4.929168815310008
3,10,2007-10-22,RELIANCE,-10.325353862900876,5.021121336034736
3,10,2008-01-22,RELIANCE,-21.32844748720141,5.335042067770945
3,10,2007-10-08,PRAJIND,-13.921404682274241,4.988182538027832
3,10,2007-10-19,PRAJIND,-11.235431235431237,4.620358439421086
3,10,2019-05-08,PRAJIND,-11.4484272128749,4.814101399667939
3,10,2011-05-03,ELGIEQUIP,-13.521850899742937,5.145715185295049
3,10,2022-09-19,ELGIEQUIP,-14.72320376914017,4.954617535839212
3,10,2022-09-27,ELGIEQUIP,-11.56748598533851,4.162536896360691
3,10,2007-10-19,SOUTHBANK,-10.71716357775987,4.497427801677878
3,10,2008-01-22,SOUTHBANK,-23.9854633555421,4.748545214307172
3,10,2010-05-04,SOUTHBANK,-14.800995024875618,4.982629019509576
3,10,2024-01-23,PRESTIGE,-12.721757161508318,4.934038072030555
3,10,2024-03-18,PRESTIGE,-10.494211932324138,5.046180997287992
3,10,2024-08-05,PRESTIGE,-10.59805055344457,4.991681815926012
3,10,2022-09-27,VBL,-11.272960273387433,5.507505354968066
3,10,2014-04-25,MRF,-13.321764071927433,5.149957350437298
3,10,2020-11-10,IPCALAB,-12.95342257506018,5.496364865331469
3,10,2020-11-04,LAURUSLABS,-13.212273011897302,5.450424955647533
3,10,2017-08-10,AVANTIFEED,-12.479827058139703,5.009629405260614
3,10,2017-11-15,AVANTIFEED,-13.109413743277798,5.052222803853676
3,10,2017-05-18,CESC,-15.74407631031508,4.968927815689033
3,10,2021-09-20,TATASTEEL,-14.234373898950036,4.828220318874039
3,10,2017-06-08,ADANIENSOL,-13.88048411497731,5.006125011111533
3,10,2017-08-11,ADANIENSOL,-14.506539833531518,4.991239163915251
3,10,2017-11-01,ADANIENSOL,-11.219618055555557,6.195778814769752
3,10,2021-04-12,ADANIENSOL,-12.3442164621144,4.691900028161598
3,10,2021-06-18,ADANIENSOL,-14.25954092920354,4.495321316177058
3,10,2021-07-02,ADANIENSOL,-14.257532281205165,3.542804563511993
3,10,2021-09-21,ADANIENSOL,-14.260365837747567,5.291953731493104
3,10,2021-11-30,ADANIENSOL,-11.33720930232558,5.387951890402142
3,10,2022-10-03,ADANIENSOL,-13.282529635490404,4.799418624299218
3,10,2026-09-01,ADANIENSOL,-14.533085961657388,4.781954104523199
3,10,2015-02-06,SUNDRMFAST,-11.719298245614041,5.138669295970867
3,10,2008-01-22,WELCORP,-17.759848125296628,6.08978938810458
3,10,2012-12-13,KTKBANK,-18.476871965244058,5.008114701902002
3,10,2021-12-15,IEX,-11.397121083827255,5.576121159439951
3,10,2014-11-17,BALKRISIND,-23.37708830548926,4.983554863962591
3,10,2009-11-03,MCLEODRUSS,-10.533610533610528,5.108613901319591
3,10,2010-01-12,MCLEODRUSS,-11.252239049014822,5.412310745036422
3,10,2010-01-27,MCLEODRUSS,-17.35492086592687,4.820851008837112
3,10,2010-04-28,MCLEODRUSS,-10.134436401240954,4.565411889588942
3,10,2014-07-10,AUROPHARMA,-13.834274219713183,5.002882388580177
3,10,2015-02-09,AUROPHARMA,-13.415440568689041,5.0370483698432675
3,10,2024-02-05,AUROPHARMA,-11.48730876216969,5.077014227999652
3,10,2009-07-08,BANKBARODA,-15.18361581920904,5.426638247195276
3,10,2011-05-02,BANKBARODA,-11.092715231788075,4.987114010483483
3,10,2024-09-06,OIL,-14.098787422073023,5.917428266945894
3,10,2024-10-17,OIL,-10.438342145659208,5.095773458611401
3,10,2010-10-21,JINDALPOLY,-12.12523173304353,6.410717600046755
3,10,2010-11-16,JINDALPOLY,-19.540772194700008,4.87899050128491
3,10,2010-11-26,JINDALPOLY,-14.875458965962096,4.127841590859838
3,10,2011-06-22,JINDALPOLY,-12.012195121951208,4.776776452244837
3,10,2015-04-17,LUPIN,-10.67120868029271,4.707410028992319
3,10,2024-06-06,NTPC,-10.732516590096985,5.060101889290303
3,10,2009-07-08,COROMANDEL,-11.528946066303803,5.18638894906602
3,10,2011-04-26,COROMANDEL,-12.258522727272725,5.392744732207857
3,10,2025-07-03,COROMANDEL,-10.841449784448344,5.046790090786431
3,10,2009-04-20,EMBDL,-11.446794226250411,5.84232478797118
3,10,2009-04-28,EMBDL,-14.865794907088791,5.753723932975723
3,10,2009-06-08,EMBDL,-10.840802390098169,6.254956801389739
3,10,2021-10-25,FLUOROCHEM,-10.11043070537293,4.563211472366522
3,10,2021-12-17,FLUOROCHEM,-12.692043824452714,4.6746393549695915
3,10,2022-02-09,FLUOROCHEM,-10.147651006711412,5.703566533485866
3,10,2022-11-15,FLUOROCHEM,-10.68424850751165,5.015408685396323
3,10,2014-08-04,KEC,-12.981744421906694,4.438052424530354
3,10,2021-06-18,TIINDIA,-10.081466395112027,5.3355684605080835
3,10,2022-11-10,TIINDIA,-10.965147917713747,5.090668984361751
3,10,2020-09-21,EPL,-14.427157001414425,4.8373679098577576
3,10,2026-06-08,NATIONALUM,-13.435568780041196,5.1540418706302225
3,10,2026-06-25,NATIONALUM,-12.118005027119993,4.652651223624687
3,10,2010-01-27,JAYSREETEA,-12.414885193982572,5.16069294524828
3,10,2021-12-17,BSE,-14.532600157109188,5.859205105925296
3,10,2023-11-22,BSE,-13.374805598755835,6.064457840471381
3,10,2024-03-13,BSE,-10.348285313189399,4.806368387242
3,10,2024-04-29,BSE,-11.458832550560716,5.625076212047768
3,10,2024-08-06,BSE,-12.331176937918508,5.496564879075034
3,10,2025-07-08,BSE,-12.166235239885104,4.598011836850194
3,10,2021-07-23,CDSL,-11.844287619109572,7.109729520065939
3,10,2021-01-29,NAVINFLUOR,-10.7680928095924,4.940883397378899
3,10,2008-01-22,SHRIRAMFIN,-16.359163591635916,5.595133871395166
3,10,2021-04-08,ATGL,-14.6692439862543,5.006653512329486
3,10,2021-06-16,ATGL,-14.257163940474737,4.8985375665650075
3,10,2021-06-25,ATGL,-14.271298832348279,4.307115093568596
3,10,2021-12-21,ATGL,-11.340502166309962,5.872652725407335
3,10,2022-10-03,ATGL,-10.070909644581716,5.062501490341656
3,10,2022-12-23,ATGL,-10.558353162525592,5.050199877139734
3,10,2021-01-21,APLLTD,-11.2145162044615,5.04035659322808
3,10,2015-04-27,SRF,-11.01636001297679,5.701802628787896
3,10,2018-02-02,VAKRANGEE,-42.38868172844922,5.742679561998294
3,10,2024-02-13,PFC,-10.255042151317895,5.0507022879426735
3,10,2024-03-15,PFC,-11.199160936953733,5.342976962314619
3,10,2024-06-06,PFC,-14.870223503965384,5.8405047659078635
3,10,2024-08-05,PFC,-10.551364942528728,4.953881914390422
3,10,2015-04-20,BHARATFORG,-10.13677811550152,4.991123193756396
3,10,2009-04-20,IIFL,-13.156306578153277,5.949494186465396
3,10,2009-05-25,IIFL,-12.08388814913447,8.49128778016742
3,10,2009-06-15,IIFL,-17.224715222644104,4.911276951022763
3,10,2009-07-06,IIFL,-10.1364522417154,4.519072938444689
3,10,2020-02-28,RELAXO,-12.04697562823589,5.489924828107323
3,10,2014-01-23,SUPREMEIND,-10.650319829424305,5.476491672431555
3,10,2023-09-15,SUPREMEIND,-10.084565442741022,5.19471257582178
3,10,2023-10-26,SUPREMEIND,-11.3791128365048,5.626288449177806
3,10,2019-04-30,ADANIPOWER,-14.691943127962093,5.152780041482587
3,10,2023-05-23,NCC,-10.293473499780992,4.936863571656882
3,10,2023-09-14,NCC,-11.13801452784502,4.66253954403338
3,10,2023-10-25,NCC,-10.740157480314972,4.931733514714718
3,10,2014-09-25,SIMPLEXINF,-11.21188730219993,4.480414105536578
3,10,2021-05-04,INDIAMART,-15.759920139755422,5.159056093085828
3,10,2007-11-08,RIIL,-14.259045954641136,5.0106654374792665
3,10,2007-11-14,RIIL,-14.172912205567446,4.477812082397628
3,10,2007-11-22,RIIL,-12.072328415062294,4.088341802619948
3,10,2008-01-10,RIIL,-13.964842003612365,5.005420262469152
3,10,2008-01-23,RIIL,-14.261388766032734,4.577886717414188
3,10,2022-12-23,BDL,-11.254802229316596,4.818998114005358
3,10,2007-10-22,GMDCLTD,-14.257576975641129,9.135839688427696
3,10,2007-11-23,GMDCLTD,-14.215686274509798,4.81297723393163
3,10,2008-01-22,GMDCLTD,-24.376855202699964,5.401396683253457
3,10,2021-01-25,TATAELXSI,-11.076233183856498,7.299236067477248
3,10,2009-08-10,MARUTI,-13.397378095304157,6.069279117205368
3,10,2017-05-24,VGUARD,-11.574301128003917,4.990296851372856
3,10,2017-08-10,ESCORTS,-12.576185521034644,5.008686579117469
3,10,2020-02-17,IGL,-10.155500095987712,5.0910044001917925
3,10,2021-01-12,SUZLON,-13.664596273291929,5.617072269137595
3,10,2021-02-09,SUZLON,-10.71428571428571,4.842812145690608
3,10,2021-02-17,SUZLON,-13.93442622950819,4.549692718239598
3,10,2023-11-22,SUZLON,-11.702127659574458,5.514023242541042
3,10,2024-02-13,SUZLON,-11.043566362715307,5.051185966028066
3,10,2024-03-06,SUZLON,-11.945392491467576,5.001333384935574
3,10,2024-10-07,SUZLON,-11.048407323802344,5.252540177931253
3,10,2020-09-22,DIXON,-12.215299660258449,5.098243309201906
3,10,2021-03-24,DIXON,-13.846153846153841,5.655006748416491
3,10,2021-10-22,DIXON,-10.648803593588873,5.645553641817046
3,10,2024-07-19,DIXON,-11.139152654657869,5.023215248903421
3,10,2017-03-22,INDIANB,-10.900379317228982,4.8864310935421855
3,10,2024-03-13,HUDCO,-18.918251420103726,5.208404223277848
3,10,2024-06-05,HUDCO,-14.883126369612853,6.178964952211973
3,10,2007-10-19,JINDALSTEL,-15.911640682424855,5.130343217147835
3,10,2007-11-08,JINDALSTEL,-16.259858182584075,5.010736878209578
3,10,2007-12-18,JINDALSTEL,-15.433793388740558,5.187572243930617
3,10,2008-01-22,JINDALSTEL,-36.034658511722725,5.29750755172754
3,10,2009-11-03,JINDALSTEL,-11.531299240796445,5.7665994490838175
3,10,2021-05-14,JINDALSTEL,-14.871481028151766,5.006328907784342
3,10,2024-03-06,JBMA,-11.406082623072978,5.002989272591213
3,10,2021-09-28,APOLLOHOSP,-13.240037764053337,4.89047629227248
3,10,2017-05-22,BAJAJFINSV,-11.646514737839187,4.9873685603841365
3,10,2007-10-19,CRISIL,-11.804399794232467,4.220823075257877
3,10,2014-07-30,CANFINHOME,-13.763796909492276,4.742512845939053
3,10,2015-01-27,CANFINHOME,-12.974976830398532,5.807012743849221
3,10,2015-05-07,CANFINHOME,-12.604927318637815,6.043784209012107
3,10,2007-10-19,KOTAKBANK,-17.000000000000004,4.865431494931008
3,10,2007-12-18,KOTAKBANK,-12.0,4.797365930387996
3,10,2008-01-21,KOTAKBANK,-22.508038585209,4.858863455867986
3,10,2009-06-18,ONGC,-11.180832857957801,5.028382945244818
3,10,2009-07-08,ONGC,-11.801242236024844,5.023298541539104
3,10,2017-08-10,CAPLIPOINT,-13.27532792828422,5.009629405260614
3,10,2017-09-25,CAPLIPOINT,-10.192400524101785,5.077233724793627
3,10,2007-11-22,ABAN,-13.216337940674016,4.7589703209937495
3,10,2008-01-21,ABAN,-23.265581250648136,4.931838771311082
3,10,2007-10-19,DIVISLAB,-14.307209211042771,5.1266127823637655
3,10,2008-01-22,DIVISLAB,-21.097664638511095,5.111046113723911
3,10,2011-06-21,UBL,-10.230934479054788,5.121073230799731
3,10,2014-09-24,FINCABLES,-10.39496527777779,4.909801473729596
3,10,2008-01-22,RAJESHEXPO,-33.68471820311423,5.252445953469373
3,10,2010-10-08,VIPIND,-12.62772315403895,5.172908325064425
3,10,2008-01-10,USHAMART,-12.198483804272907,5.0053488975406495
3,10,2008-01-23,USHAMART,-14.225232853513969,4.60755123372978
3,10,2007-10-08,TFCILTD,-13.043478260869568,4.029869578448746
3,10,2007-10-19,TFCILTD,-11.428571428571422,5.171167982695373
3,10,2012-04-27,ASTRAZEN,-10.421043417366949,4.989439200948528
3,10,2012-05-15,ASTRAZEN,-13.945301922556187,4.872577837957039
3,10,2020-09-10,ASTRAZEN,-12.480231945176602,5.003469782011235
3,10,2022-09-16,TIMKEN,-11.281140968354041,4.876153497689292
3,10,2009-05-21,HEROMOTOCO,-16.013119008145303,5.583925932830501
3,10,2009-08-10,HEROMOTOCO,-11.869140235387988,5.214366543348198
3,10,2007-10-19,UNITDSPR,-12.306173865613879,5.124036757390433
3,10,2007-11-22,UNITDSPR,-10.418663303909204,4.785513378022506
3,10,2015-04-20,INDUSINDBK,-10.860493370661873,5.129513168269435
3,10,2012-06-01,HAVELLS,-10.05020849289422,5.13572356730895
3,10,2017-05-24,MOTILALOFS,-11.900834236696978,5.786746962636179
3,10,2017-06-27,MOTILALOFS,-11.937455353599502,5.5421995759963325
3,10,2018-01-30,MOTILALOFS,-12.836380352912059,4.61328266810607
3,10,2024-05-09,MOTILALOFS,-10.33325691419521,5.007498199158624
3,10,2009-11-03,LICHSGFIN,-12.126004174837124,5.137513963517589
3,10,2018-01-31,APLAPOLLO,-15.240430243593794,5.660460967105263
3,10,2021-03-16,APLAPOLLO,-17.071618434352885,4.819595504382064
3,10,2021-04-06,APLAPOLLO,-13.513224113930821,4.922731716406662
3,10,2021-10-25,APLAPOLLO,-10.791155943932907,4.80241173440892
3,10,2026-05-12,GVT&D,-10.188331026383125,5.164372352623203
3,10,2026-07-03,GVT&D,-10.972896440129453,4.983205751615221
3,10,2024-02-13,NBCC,-19.168323586744627,4.559716604583221
3,10,2024-03-13,NBCC,-13.118690841048364,4.722719119872693
3,10,2024-06-04,BHEL,-15.202063628546858,4.901364591345037
3,10,2020-08-31,RALLIS,-10.279517336184519,5.182416073427253
3,10,2013-02-07,AARTIIND,-11.671207992733878,5.001209124671849
3,10,2015-06-05,JKIL,-10.09081735620585,5.1126558203487695
3,10,2024-10-17,BAJAJ-AUTO,-14.957602548049032,4.874776945996303
3,10,2014-03-10,ECLERX,-10.703173615432481,5.206812758772646
3,10,2021-10-25,ECLERX,-10.676691729323306,4.763624957156549
3,10,2022-01-24,ECLERX,-13.123784834737528,4.856494690927365
3,10,2025-06-26,GRSE,-14.596157700346435,5.367729352034837
3,10,2020-08-11,DEEPAKNTR,-10.275942479595802,5.618219658816063
3,10,2021-10-22,DEEPAKNTR,-16.69742643289245,5.413312184627539
3,10,2022-01-25,DEEPAKNTR,-16.42939301944073,4.914928296697434
3,10,2022-02-14,DEEPAKNTR,-10.57102611333839,4.917025159057256
3,10,2009-06-09,ORIENTPPR,-10.899182561307907,6.119573235910747
3,10,2012-09-04,BLUEDART,-14.792599903829117,4.7230053121237265
3,10,2014-01-31,BLUEDART,-10.506541247702451,5.48072323344101
3,10,2010-05-19,TMPV,-12.443095599393017,5.02881456987772
3,10,2025-08-12,AMBER,-11.469047156995927,4.904870047730051
3,10,2024-09-13,GRANULES,-20.046099546207586,5.159777199676334
3,10,2018-02-05,EDELWEISS,-11.26903553299493,5.151556931382577
3,10,2026-06-03,SCHNEIDER,-14.249694376528122,4.728073350731386
3,10,2013-02-07,STAR,-13.43697727049099,5.001209124671849
3,10,2024-02-12,NLCINDIA,-16.552801093109505,4.617005657114815
3,10,2025-07-24,COFORGE,-10.579949847943226,4.851398126815645
3,10,2026-06-01,MCX,-12.602424938771817,5.405795201067172
3,10,2022-11-21,MAZDOCK,-10.883335252792815,5.45116859449712
3,10,2022-12-23,MAZDOCK,-20.297029702970303,4.834924858988663
3,10,2023-06-23,MAZDOCK,-10.238359413857745,6.18580128925953
3,10,2023-10-25,MAZDOCK,-12.895879798098376,4.8933582635558945
3,10,2022-09-19,GNFC,-11.55601259721063,5.007403829544573
3,10,2024-11-12,PPLPHARMA,-14.251497005988023,5.240833599282197
3,10,2008-01-22,LT,-10.222679503196874,5.030924885024734
3,12,2014-02-10,IDEA,-12.339688041594455,4.599389593004528
3,12,2010-03-30,ENGINERSIN,-13.712026140695654,5.78530131265957
3,12,2010-05-13,ENGINERSIN,-12.182305630026812,5.015460805627998
3,12,2010-05-21,ENGINERSIN,-13.066025803187465,4.27234387025069
3,12,2024-10-22,POWERINDIA,-12.163149851448974,5.71584459104389
3,12,2024-11-13,POWERINDIA,-13.662313426191385,5.010827104342187
3,12,2021-12-02,TRIDENT,-14.168190127970748,7.069531393398501
3,12,2009-06-02,DONEAR,-12.177985948477755,7.206230123767243
3,12,2014-05-05,FSL,-14.54005934718101,5.904812020350088
3,12,2020-02-18,MASFIN,-17.38741526683342,5.493507046786092
3,12,2024-01-11,POLYCAB,-27.42760911259765,5.00469558370347
3,12,2010-02-23,DHAMPURSUG,-14.95154591601291,4.850999628884275
3,12,2008-01-22,INDIAGLYCO,-26.304801670146137,5.183632875156892
3,12,2023-10-23,MAHABANK,-13.762486126526074,4.8954035061719745
3,12,2024-06-06,RECLTD,-18.924731182795696,5.393014535824445
3,12,2021-03-19,VAIBHAVGBL,-16.138032776370213,5.862168918112357
3,12,2026-05-29,GESHIP,-13.933034089530505,5.179809369310277
3,12,2011-05-02,UCOBANK,-13.681060282171863,4.96575525777332
3,12,2014-07-25,TVSMOTOR,-14.796070259005656,5.046563941204164
3,12,2014-10-20,ATUL,-12.524644598941581,5.224787069366877
3,12,2007-11-22,STCINDIA,-14.258743030917397,6.963000070465028
3,12,2007-12-18,STCINDIA,-12.73067505424721,4.750533987814315
3,12,2008-01-10,STCINDIA,-14.261315115286088,5.005420262469153
3,12,2008-01-24,STCINDIA,-14.261029411764703,4.947953128157568
3,12,2024-06-04,HAL,-12.919366993217773,6.3514618320580185
3,12,2024-07-19,HAL,-12.79566181012245,4.841908710372551
3,12,2007-10-18,JSWSTEEL,-13.603201945485866,5.446005356305822
3,12,2008-01-22,JSWSTEEL,-23.420893458912996,4.790173449218392
3,12,2007-10-19,ADANIENT,-14.342021980551234,4.899947678407057
3,12,2008-01-11,ADANIENT,-12.076192407801766,4.967747058136641
3,12,2008-01-22,ADANIENT,-14.143958476452168,4.642885048534744
3,12,2022-12-23,ADANIENT,-12.558565697588032,5.317199098481261
3,12,2013-12-24,MOTHERSON,-34.59715639810427,5.0776021118906
3,12,2020-01-16,ADANIGREEN,-14.244810307802446,5.0
3,12,2020-02-28,ADANIGREEN,-14.178897812240388,4.411995859055575
3,12,2021-01-12,ADANIGREEN,-13.070266202614988,4.79655624482824
3,12,2021-07-05,ADANIGREEN,-14.254600408925244,4.474204724415611
3,12,2022-12-23,RVNL,-14.1400407885792,5.168345824693846
3,12,2024-10-07,RVNL,-13.912712025919582,4.564188510866301
3,12,2007-11-22,RELINFRA,-12.350739131622813,4.756296054718705
3,12,2008-01-22,RELINFRA,-25.508890043603017,4.603585606017811
3,12,2008-01-21,VEDL,-28.280141843971627,4.766196408465462
3,12,2023-05-22,SIEMENS,-12.631136183689629,4.995517594498599
3,12,2017-09-27,BOMDYEING,-13.019936007875966,7.088013005312577
3,12,2017-10-13,BOMDYEING,-12.007623888182973,5.156713640468372
3,12,2018-02-02,BOMDYEING,-17.081081081081084,4.1308087907989455
3,12,2007-10-19,APTECHT,-13.751381604791145,4.495450893955644
3,12,2007-10-22,BHARTIARTL,-15.856217663446582,5.0737421366387
3,12,2022-11-01,FINEORG,-15.72260376231711,4.816602727121736
3,12,2012-02-24,ARVIND,-18.54014598540147,4.990458218426968
3,12,2014-07-10,ARVIND,-12.916423144360023,5.002882388580178
3,12,2010-11-16,UFLEX,-18.524021792966817,4.877008599958507
3,12,2010-11-26,UFLEX,-14.894882982943269,4.334562323790057
3,12,2009-11-03,MUNJALSHOW,-22.073578595317723,5.195539785766753
3,12,2024-02-12,IRFC,-18.184615384615388,5.031925746876798
3,12,2024-03-13,IRFC,-13.535142658315923,4.869687535742238
3,12,2022-12-23,COCHINSHIP,-20.120530333467258,4.722422596956873
3,12,2017-08-10,RAIN,-14.834337349397597,5.009125208088863
3,12,2017-11-17,RAIN,-14.23746427643543,5.847028245024735
3,12,2018-02-02,RAIN,-16.039403889871185,4.531135394687823
3,12,2014-01-23,M&MFIN,-12.164348107408607,4.232094885387169
3,12,2008-01-22,RELIANCE,-21.32844748720141,5.335042067770945
3,12,2007-10-08,PRAJIND,-13.921404682274241,4.988182538027832
3,12,2011-05-03,ELGIEQUIP,-13.521850899742937,5.145715185295049
3,12,2022-09-19,ELGIEQUIP,-14.72320376914017,4.954617535839212
3,12,2008-01-22,SOUTHBANK,-23.9854633555421,4.748545214307172
3,12,2010-05-04,SOUTHBANK,-14.800995024875618,4.982629019509576
3,12,2024-01-23,PRESTIGE,-12.721757161508318,4.934038072030555
3,12,2014-04-25,MRF,-13.321764071927433,5.149957350437298
3,12,2020-11-10,IPCALAB,-12.95342257506018,5.496364865331469
3,12,2020-11-04,LAURUSLABS,-13.212273011897302,5.450424955647533
3,12,2017-08-10,AVANTIFEED,-12.479827058139703,5.009629405260614
3,12,2017-11-15,AVANTIFEED,-13.109413743277798,5.052222803853676
3,12,2017-05-18,CESC,-15.74407631031508,4.968927815689033
3,12,2021-09-20,TATASTEEL,-14.234373898950036,4.828220318874039
3,12,2017-06-08,ADANIENSOL,-13.88048411497731,5.006125011111533
3,12,2017-08-11,ADANIENSOL,-14.506539833531518,4.991239163915251
3,12,2021-04-12,ADANIENSOL,-12.3442164621144,4.691900028161598
3,12,2021-06-18,ADANIENSOL,-14.25954092920354,4.495321316177058
3,12,2021-07-02,ADANIENSOL,-14.257532281205165,3.542804563511993
3,12,2021-09-21,ADANIENSOL,-14.260365837747567,5.291953731493104
3,12,2022-10-03,ADANIENSOL,-13.282529635490404,4.799418624299218
3,12,2026-09-01,ADANIENSOL,-14.533085961657388,4.781954104523199
3,12,2008-01-22,WELCORP,-17.759848125296628,6.08978938810458
3,12,2012-12-13,KTKBANK,-18.476871965244058,5.008114701902002
3,12,2014-11-17,BALKRISIND,-23.37708830548926,4.983554863962591
3,12,2010-01-27,MCLEODRUSS,-17.35492086592687,4.820851008837112
3,12,2014-07-10,AUROPHARMA,-13.834274219713183,5.002882388580177
3,12,2015-02-09,AUROPHARMA,-13.415440568689041,5.0370483698432675
3,12,2009-07-08,BANKBARODA,-15.18361581920904,5.426638247195276
3,12,2024-09-06,OIL,-14.098787422073023,5.917428266945894
3,12,2010-10-21,JINDALPOLY,-12.12523173304353,6.410717600046755
3,12,2010-11-16,JINDALPOLY,-19.540772194700008,4.87899050128491
3,12,2010-11-26,JINDALPOLY,-14.875458965962096,4.127841590859838
3,12,2011-06-22,JINDALPOLY,-12.012195121951208,4.776776452244837
3,12,2011-04-26,COROMANDEL,-12.258522727272725,5.392744732207857
3,12,2009-04-28,EMBDL,-14.865794907088791,5.753723932975723
3,12,2021-12-17,FLUOROCHEM,-12.692043824452714,4.6746393549695915
3,12,2014-08-04,KEC,-12.981744421906694,4.438052424530354
3,12,2020-09-21,EPL,-14.427157001414425,4.8373679098577576
3,12,2026-06-08,NATIONALUM,-13.435568780041196,5.1540418706302225
3,12,2026-06-25,NATIONALUM,-12.118005027119993,4.652651223624687
3,12,2010-01-27,JAYSREETEA,-12.414885193982572,5.16069294524828
3,12,2021-12-17,BSE,-14.532600157109188,5.859205105925296
3,12,2023-11-22,BSE,-13.374805598755835,6.064457840471381
3,12,2024-08-06,BSE,-12.331176937918508,5.496564879075034
3,12,2025-07-08,BSE,-12.166235239885104,4.598011836850194
3,12,2008-01-22,SHRIRAMFIN,-16.359163591635916,5.595133871395166
3,12,2021-04-08,ATGL,-14.6692439862543,5.006653512329486
3,12,2021-06-16,ATGL,-14.257163940474737,4.8985375665650075
3,12,2021-06-25,ATGL,-14.271298832348279,4.307115093568596
3,12,2018-02-02,VAKRANGEE,-42.38868172844922,5.742679561998294
3,12,2024-06-06,PFC,-14.870223503965384,5.8405047659078635
3,12,2009-04-20,IIFL,-13.156306578153277,5.949494186465396
3,12,2009-05-25,IIFL,-12.08388814913447,8.49128778016742
3,12,2009-06-15,IIFL,-17.224715222644104,4.911276951022763
3,12,2020-02-28,RELAXO,-12.04697562823589,5.489924828107323
3,12,2019-04-30,ADANIPOWER,-14.691943127962093,5.152780041482587
3,12,2021-05-04,INDIAMART,-15.759920139755422,5.159056093085828
3,12,2007-11-08,RIIL,-14.259045954641136,5.0106654374792665
3,12,2007-11-14,RIIL,-14.172912205567446,4.477812082397628
3,12,2007-11-22,RIIL,-12.072328415062294,4.088341802619948
3,12,2008-01-10,RIIL,-13.964842003612365,5.005420262469152
3,12,2008-01-23,RIIL,-14.261388766032734,4.577886717414188
3,12,2007-10-22,GMDCLTD,-14.257576975641129,9.135839688427696
3,12,2007-11-23,GMDCLTD,-14.215686274509798,4.81297723393163
3,12,2008-01-22,GMDCLTD,-24.376855202699964,5.401396683253457
3,12,2009-08-10,MARUTI,-13.397378095304157,6.069279117205368
3,12,2017-08-10,ESCORTS,-12.576185521034644,5.008686579117469
3,12,2021-01-12,SUZLON,-13.664596273291929,5.617072269137595
3,12,2021-02-17,SUZLON,-13.93442622950819,4.549692718239598
3,12,2020-09-22,DIXON,-12.215299660258449,5.098243309201906
3,12,2021-03-24,DIXON,-13.846153846153841,5.655006748416491
3,12,2024-03-13,HUDCO,-18.918251420103726,5.208404223277848
3,12,2024-06-05,HUDCO,-14.883126369612853,6.178964952211973
3,12,2007-10-19,JINDALSTEL,-15.911640682424855,5.130343217147835
3,12,2007-11-08,JINDALSTEL,-16.259858182584075,5.010736878209578
3,12,2007-12-18,JINDALSTEL,-15.433793388740558,5.187572243930617
3,12,2008-01-22,JINDALSTEL,-36.034658511722725,5.29750755172754
3,12,2021-05-14,JINDALSTEL,-14.871481028151766,5.006328907784342
3,12,2021-09-28,APOLLOHOSP,-13.240037764053337,4.89047629227248
3,12,2014-07-30,CANFINHOME,-13.763796909492276,4.742512845939053
3,12,2015-01-27,CANFINHOME,-12.974976830398532,5.807012743849221
3,12,2015-05-07,CANFINHOME,-12.604927318637815,6.043784209012107
3,12,2007-10-19,KOTAKBANK,-17.000000000000004,4.865431494931008
3,12,2007-12-18,KOTAKBANK,-12.0,4.797365930387996
3,12,2008-01-21,KOTAKBANK,-22.508038585209,4.858863455867986
3,12,2017-08-10,CAPLIPOINT,-13.27532792828422,5.009629405260614
3,12,2007-11-22,ABAN,-13.216337940674016,4.7589703209937495
3,12,2008-01-21,ABAN,-23.265581250648136,4.931838771311082
3,12,2007-10-19,DIVISLAB,-14.307209211042771,5.1266127823637655
3,12,2008-01-22,DIVISLAB,-21.097664638511095,5.111046113723911
3,12,2008-01-22,RAJESHEXPO,-33.68471820311423,5.252445953469373
3,12,2010-10-08,VIPIND,-12.62772315403895,5.172908325064425
3,12,2008-01-10,USHAMART,-12.198483804272907,5.0053488975406495
3,12,2008-01-23,USHAMART,-14.225232853513969,4.60755123372978
3,12,2007-10-08,TFCILTD,-13.043478260869568,4.029869578448746
3,12,2012-05-15,ASTRAZEN,-13.945301922556187,4.872577837957039
3,12,2020-09-10,ASTRAZEN,-12.480231945176602,5.003469782011235
3,12,2009-05-21,HEROMOTOCO,-16.013119008145303,5.583925932830501
3,12,2007-10-19,UNITDSPR,-12.306173865613879,5.124036757390433
3,12,2018-01-30,MOTILALOFS,-12.836380352912059,4.61328266810607
3,12,2009-11-03,LICHSGFIN,-12.126004174837124,5.137513963517589
3,12,2018-01-31,APLAPOLLO,-15.240430243593794,5.660460967105263
3,12,2021-03-16,APLAPOLLO,-17.071618434352885,4.819595504382064
3,12,2021-04-06,APLAPOLLO,-13.513224113930821,4.922731716406662
3,12,2024-02-13,NBCC,-19.168323586744627,4.559716604583221
3,12,2024-03-13,NBCC,-13.118690841048364,4.722719119872693
3,12,2024-06-04,BHEL,-15.202063628546858,4.901364591345037
3,12,2024-10-17,BAJAJ-AUTO,-14.957602548049032,4.874776945996303
3,12,2022-01-24,ECLERX,-13.123784834737528,4.856494690927365
3,12,2025-06-26,GRSE,-14.596157700346435,5.367729352034837
3,12,2021-10-22,DEEPAKNTR,-16.69742643289245,5.413312184627539
3,12,2022-01-25,DEEPAKNTR,-16.42939301944073,4.914928296697434
3,12,2012-09-04,BLUEDART,-14.792599903829117,4.7230053121237265
3,12,2010-05-19,TMPV,-12.443095599393017,5.02881456987772
3,12,2024-09-13,GRANULES,-20.046099546207586,5.159777199676334
3,12,2026-06-03,SCHNEIDER,-14.249694376528122,4.728073350731386
3,12,2013-02-07,STAR,-13.43697727049099,5.001209124671849
3,12,2024-02-12,NLCINDIA,-16.552801093109505,4.617005657114815
3,12,2026-06-01,MCX,-12.602424938771817,5.405795201067172
3,12,2022-12-23,MAZDOCK,-20.297029702970303,4.834924858988663
3,12,2023-10-25,MAZDOCK,-12.895879798098376,4.8933582635558945
3,12,2024-11-12,PPLPHARMA,-14.251497005988023,5.240833599282197
5,5,2020-02-01,SBILIFE,-9.983369450183943,4.765373700761851
5,5,2009-05-11,IDEA,-8.140462889066246,5.215500884209143
5,5,2009-05-26,IDEA,-7.015221707478492,5.366135320718264
5,5,2009-06-08,IDEA,-5.04866180048662,4.758936754396867
5,5,2013-11-11,IDEA,-6.451612903225811,5.000037663636201
5,5,2014-01-06,IDEA,-6.378600823045266,4.767425961279162
5,5,2014-01-29,IDEA,-9.037711313394025,4.761735219081544
5,5,2014-02-10,IDEA,-9.807417974322385,4.4734002511322934
5,5,2009-06-22,ENGINERSIN,-8.800659754948159,5.713956678295841
5,5,2009-07-07,ENGINERSIN,-14.389882647829555,5.973381396977003
5,5,2009-09-03,ENGINERSIN,-7.374040707374041,4.735078283397507
5,5,2009-09-15,ENGINERSIN,-5.350655069910825,5.160880382336412
5,5,2009-10-27,ENGINERSIN,-6.62238718499707,5.109235480566407
5,5,2009-12-11,ENGINERSIN,-6.938826571035406,5.194282838689231
5,5,2010-02-25,ENGINERSIN,-8.136209259369597,4.823410279243383
5,5,2010-04-01,ENGINERSIN,-12.208462576658064,5.78530131265957
5,5,2010-05-05,ENGINERSIN,-6.555382518979947,5.605459175483064
5,5,2010-05-21,ENGINERSIN,-18.23697359029266,4.517162602668081
5,5,2011-04-26,OSWALGREEN,-6.079664570230603,5.107401465143764
5,5,2011-06-07,OSWALGREEN,-5.607476635514008,6.783405374637678
5,5,2024-10-23,POWERINDIA,-14.486324382170679,5.659341495552017
5,5,2024-11-18,POWERINDIA,-18.855573797932244,5.010827104342187
5,5,2026-05-14,POWERINDIA,-7.41218637992832,5.024331791682218
5,5,2026-06-11,POWERINDIA,-8.966461327857633,5.169349956620774
5,5,2026-07-03,POWERINDIA,-8.611806271161493,4.620246575500157
5,5,2009-04-22,DSKULKARNI,-9.501557632398761,6.004800161654785
5,5,2009-06-08,DSKULKARNI,-7.320997586484312,7.989239211628179
5,5,2007-10-11,BLUESTARCO,-7.118902439024399,4.483372662692179
5,5,2007-12-19,BLUESTARCO,-6.1010682004930095,4.968476253632692
5,5,2008-01-22,BLUESTARCO,-9.84123753307552,5.030817342273716
5,5,2021-12-03,TRIDENT,-22.41529105125978,7.252459275165443
5,5,2021-12-23,TRIDENT,-7.410636442894503,5.857974290816672
5,5,2022-01-24,TRIDENT,-10.073529411764703,6.100730708249069
5,5,2022-02-14,TRIDENT,-12.337662337662337,5.004563807322872
5,5,2012-02-13,AMBUJACEM,-5.8986430351703145,5.0
5,5,2012-02-27,AMBUJACEM,-7.856730213749275,4.543743771936366
5,5,2009-04-28,NOIDATOLL,-10.828025477707005,5.450631928884069
5,5,2009-05-14,NOIDATOLL,-7.641196013289042,5.093208050200805
5,5,2009-06-08,NOIDATOLL,-7.553956834532382,4.948888851196631
5,5,2015-03-27,BOSCHLTD,-7.875736272088152,5.287740295618141
5,5,2015-04-27,BOSCHLTD,-15.179808884674294,5.11407678722886
5,5,2015-06-09,BOSCHLTD,-8.583764580704445,4.721932422954703
5,5,2026-07-17,SYRMA,-6.39162476754599,5.181835923047215
5,5,2017-05-24,FEDERALBNK,-6.5331010452961635,4.75929035200538
5,5,2017-06-28,FEDERALBNK,-5.726315789473679,5.160786880732685
5,5,2017-08-10,FEDERALBNK,-7.671957671957674,4.809175655858637
5,5,2022-12-23,RHIM,-7.1678428965940455,5.14514189915595
5,5,2015-04-27,PGHH,-7.458850314663534,5.073044407272606
5,5,2017-03-27,TATACOMM,-5.843195266272183,4.913930862781473
5,5,2017-05-05,TATACOMM,-11.194113056082056,4.957155140379714
5,5,2025-07-10,DEEPAKFERT,-8.704956909017291,5.511120502559846
5,5,2025-07-28,DEEPAKFERT,-6.477209817309459,5.068568379318729
5,5,2025-08-12,DEEPAKFERT,-6.503487470937741,5.000750271350654
5,5,2025-08-29,DEEPAKFERT,-8.661313676451243,4.8365092358608575
5,5,2021-02-22,BAJAJELEC,-13.459610615733652,5.093337804627831
5,5,2021-03-19,BAJAJELEC,-10.178159023424605,5.015698691010341
5,5,2021-05-10,BAJAJELEC,-5.026955452567861,5.607791294639992
5,5,2009-04-27,DONEAR,-10.352422907488979,5.331209348194057
5,5,2009-06-04,DONEAR,-9.133489461358323,7.206230123767243
5,5,2021-12-01,CENTURYPLY,-10.770174900276153,4.877132287288683
5,5,2021-12-20,CENTURYPLY,-11.686224079729957,4.719565800517545
5,5,2022-01-28,CENTURYPLY,-7.556207988874297,4.827597497264038
5,5,2022-02-14,CENTURYPLY,-8.792331264241382,5.004287927044775
5,5,2009-04-28,FSL,-14.127423822714679,4.759244507142137
5,5,2009-06-08,FSL,-6.156716417910458,4.831144664547427
5,5,2014-02-24,FSL,-6.112054329371819,5.527246575386015
5,5,2014-03-18,FSL,-5.989110707804002,5.004311736357433
5,5,2014-05-07,FSL,-14.243323442136512,5.904812020350088
5,5,2014-07-14,FSL,-12.054120541205403,5.002882388580178
5,5,2014-07-25,FSL,-5.20965692503178,4.799796990775962
5,5,2014-08-13,FSL,-8.575031525851195,5.147281502543666
5,5,2021-04-19,FSL,-6.6859265373503955,4.887358140789668
5,5,2021-07-30,FSL,-11.79533620104143,5.578459898978304
5,5,2021-08-11,FSL,-10.454432580084427,5.013108086263202
5,5,2021-08-26,FSL,-11.015278462296695,5.080100082640538
5,5,2025-07-01,FSL,-7.411719053162602,5.163513227646041
5,5,2025-07-14,FSL,-5.7965139845966736,5.005326264566929
5,5,2025-07-28,FSL,-6.003406187908045,4.784354145147411
5,5,2020-02-17,MASFIN,-12.971910116845752,5.0058303622957965
5,5,2020-03-02,MASFIN,-9.078742790337035,5.136619924212862
5,5,2021-10-21,POLYCAB,-12.320385283435964,5.001491710020127
5,5,2021-11-26,POLYCAB,-9.594835708987393,5.141364845615036
5,5,2021-12-20,POLYCAB,-10.350449848740828,5.186047493750554
5,5,2022-01-24,POLYCAB,-8.855795023587088,5.134938758701742
5,5,2022-02-08,POLYCAB,-6.720091360163827,5.031725853871537
5,5,2023-09-12,POLYCAB,-6.813103935894416,5.018463228457763
5,5,2023-10-26,POLYCAB,-8.746429407632872,4.906233946555066
5,5,2023-12-22,POLYCAB,-5.479717813051144,5.122427384430912
5,5,2024-01-11,POLYCAB,-28.104956808660518,4.770541609640416
5,5,2009-11-24,DHAMPURSUG,-8.306709265175726,5.414545568137172
5,5,2010-01-21,DHAMPURSUG,-8.281249999999996,5.203112579486679
5,5,2010-02-06,DHAMPURSUG,-9.455587392550157,5.26287215644472
5,5,2010-03-02,DHAMPURSUG,-19.69169567379413,4.593185544766295
5,5,2008-01-24,INDIAGLYCO,-26.722338204592898,5.183632875156892
5,5,2024-08-19,TORNTPOWER,-6.625732626290826,4.870936332080388
5,5,2024-08-27,TORNTPOWER,-6.036665090271787,4.848407610559709
5,5,2024-09-09,TORNTPOWER,-5.41856580698129,4.69275200421709
5,5,2024-10-07,TORNTPOWER,-5.6793164901981275,5.5422793174716025
5,5,2024-11-14,TORNTPOWER,-11.22120668545884,4.848356624458861
5,5,2019-04-25,MUTHOOTFIN,-5.489940539219685,4.908165116244044
5,5,2019-05-13,MUTHOOTFIN,-7.761672004045161,5.001929504450378
5,5,2025-07-08,LLOYDSME,-5.827638572513294,5.178882118706812
5,5,2025-08-11,LLOYDSME,-5.743930557439292,5.00543878330092
5,5,2025-08-28,LLOYDSME,-7.798165137614676,4.690940049494572
5,5,2014-12-17,HONAUT,-8.953993758761335,5.0231402760424215
5,5,2015-02-23,HONAUT,-5.393460888478996,6.1468243035247845
5,5,2015-03-27,HONAUT,-6.084651599156777,4.785154126648853
5,5,2015-04-24,HONAUT,-12.110472859984379,5.11575813793459
5,5,2015-05-26,HONAUT,-5.513167447693212,4.651293958116195
5,5,2009-06-03,BRITANNIA,-5.733015151950783,3.8590418055312545
5,5,2012-05-09,BRITANNIA,-5.039622473510807,4.697465162605126
5,5,2012-05-17,BRITANNIA,-5.861103585297556,5.073538079765121
5,5,2013-11-11,BRITANNIA,-7.695551338815099,5.000293678870644
5,5,2014-04-30,BRITANNIA,-5.304400241109109,5.328788651772122
5,5,2023-10-23,MAHABANK,-15.45157780195865,5.001109034013639
5,5,2022-02-15,GRINDWELL,-8.796685144744954,5.025350336314725
5,5,2012-07-17,DCW,-9.870129870129862,5.093951865271956
5,5,2012-07-27,DCW,-9.37500000000001,4.686198346422075
5,5,2012-08-09,DCW,-5.88235294117646,4.9877464771385975
5,5,2012-08-31,DCW,-6.310679611650494,4.979669374160096
5,5,2012-09-17,DCW,-5.6947608200455635,5.454414654521578
5,5,2012-11-06,DCW,-8.829174664107487,5.811017379544884
5,5,2012-11-22,DCW,-9.915611814345981,4.896127068181448
5,5,2012-12-26,DCW,-7.032967032967042,4.8973193359786285
5,5,2013-01-24,DCW,-10.199004975124382,4.663215307612822
5,5,2013-02-18,DCW,-9.11602209944753,4.9984202200121075
5,5,2009-10-08,EICHERMOT,-9.9009900990099,5.608366006628286
5,5,2009-11-03,EICHERMOT,-9.29529567353108,4.661040872178833
5,5,2009-11-27,EICHERMOT,-7.088058705803868,5.222935603989673
5,5,2009-12-10,EICHERMOT,-6.6144125409901555,5.243260758305794
5,5,2010-01-13,EICHERMOT,-6.168455184127231,5.126093871324362
5,5,2010-01-27,EICHERMOT,-10.04587881664294,4.881862560730759
5,5,2010-09-23,EICHERMOT,-5.419637070641603,4.7123834131451146
5,5,2011-05-04,EICHERMOT,-8.54707662896288,4.792042654349826
5,5,2012-05-15,EICHERMOT,-7.4538745387453975,5.005145291307493
5,5,2012-06-18,EICHERMOT,-7.416023076207312,4.935060615043587
5,5,2012-11-20,EICHERMOT,-8.574977679437911,5.2991040563107354
5,5,2012-12-11,EICHERMOT,-6.2564425109632005,5.5630349959881
5,5,2013-02-12,EICHERMOT,-7.138387735947449,5.006432920461156
5,5,2013-12-10,EICHERMOT,-8.514427521775092,6.3250010179598775
5,5,2014-01-30,EICHERMOT,-7.055710278799177,5.056839526758707
5,5,2014-04-21,EICHERMOT,-5.592383360328701,5.228793850163367
5,5,2014-05-30,EICHERMOT,-10.310566516858465,5.2060742136563976
5,5,2014-07-10,EICHERMOT,-5.346157431141352,5.3799580647131835
5,5,2014-10-10,EICHERMOT,-5.861176077514207,5.470572970893681
5,5,2014-12-11,EICHERMOT,-8.87895282529808,5.874826631469467
5,5,2015-02-09,EICHERMOT,-8.732746440604288,5.1103604313178606
5,5,2015-02-26,EICHERMOT,-8.624191726160424,5.218182297523023
5,5,2015-04-21,EICHERMOT,-10.95409658571188,5.067912835164568
5,5,2015-06-08,EICHERMOT,-7.963616804861029,6.138098896633745
5,5,2025-06-23,ERIS,-12.144828705958766,5.65635239030244
5,5,2025-08-12,ERIS,-7.117969138875058,5.005542016755262
5,5,2020-07-17,DMART,-14.33461058251172,4.950244115814853
5,5,2026-07-14,HFCL,-5.866218368430365,5.094785996746324
5,5,2026-07-28,HFCL,-13.570674863513332,4.839896355584362
5,5,2026-09-03,HFCL,-10.34005857468273,5.5700900932693544
5,5,2019-05-17,NAUKRI,-6.678677132930122,5.059127657567411
5,5,2020-02-27,NAUKRI,-9.921052631578942,4.795044399462639
5,5,2009-12-21,RECLTD,-9.359503280056424,5.091244903565418
5,5,2010-01-29,RECLTD,-9.702285857824677,4.98839417182166
5,5,2017-05-31,RECLTD,-8.303677342823246,5.166822074833964
5,5,2017-06-27,RECLTD,-10.686015831134565,4.9995492951664
5,5,2017-07-27,RECLTD,-5.062602068590083,4.854255254521032
5,5,2023-09-15,RECLTD,-9.346659263372192,5.308610383688073
5,5,2023-10-26,RECLTD,-8.044982698961933,4.905610333601624
5,5,2023-12-20,RECLTD,-9.0714928057554,5.599050517316758
5,5,2024-02-12,RECLTD,-9.271854370874166,5.014398402743195
5,5,2024-03-19,RECLTD,-11.261633919338154,5.4124398779683
5,5,2024-04-15,RECLTD,-9.011874469889737,4.890243213199147
5,5,2024-05-10,RECLTD,-7.879168160631034,5.901992158397758
5,5,2024-06-04,RECLTD,-22.061358152361265,5.420318142713574
5,5,2024-07-19,RECLTD,-7.339733663672964,5.26731839783678
5,5,2024-08-06,RECLTD,-11.95110557458735,5.212126467030251
5,5,2017-02-13,CUB,-7.740686985970003,4.999999999999997
5,5,2021-01-13,VAIBHAVGBL,-6.97078975838441,5.234269900383421
5,5,2021-03-23,VAIBHAVGBL,-11.36055076275082,5.862168918112357
5,5,2021-04-22,VAIBHAVGBL,-13.614483163101577,5.62398929533936
5,5,2021-05-17,VAIBHAVGBL,-13.078157921139766,5.625573988288397
5,5,2021-06-29,VAIBHAVGBL,-5.015823729623214,5.196766171855036
5,5,2017-03-10,HINDALCO,-5.51498363132713,5.138277433608335
5,5,2017-04-17,HINDALCO,-6.227390180878556,4.586408013407305
5,5,2017-05-08,HINDALCO,-7.599699021820916,4.922942002963962
5,5,2026-06-11,HINDALCO,-8.999644633972991,5.153315852413197
5,5,2026-06-30,HINDALCO,-5.679353184776181,4.445656081710422
5,5,2021-03-18,HINDCOPPER,-11.181044057756395,4.769819484062841
5,5,2021-03-31,HINDCOPPER,-7.822736030828525,4.490760808796928
5,5,2021-04-15,HINDCOPPER,-5.507745266781416,5.364278563966322
5,5,2021-04-26,HINDCOPPER,-7.0157771064115355,5.534009017486402
5,5,2021-05-19,HINDCOPPER,-5.820533548908657,4.932628370573402
5,5,2021-06-04,HINDCOPPER,-8.646940534329218,4.55547076679959
5,5,2021-06-18,HINDCOPPER,-14.880425155004417,5.1404495943783965
5,5,2021-07-02,HINDCOPPER,-8.719611021069685,4.837066904154449
5,5,2026-05-21,HINDCOPPER,-8.953747217412822,5.525160344246529
5,5,2026-06-11,HINDCOPPER,-7.785371259697083,4.809308541036489
5,5,2026-08-31,HINDCOPPER,-8.49952103108943,5.285718534108756
5,5,2024-07-24,APARINDS,-10.427212210493664,5.083105559361941
5,5,2024-08-06,APARINDS,-10.816744329002903,5.106065903540964
5,5,2026-05-18,APARINDS,-5.36479015806276,5.097995905759061
5,5,2026-07-01,APARINDS,-12.345382490692923,5.8872153869951
5,5,2026-07-23,APARINDS,-5.505103836677227,4.950440001381354
5,5,2026-08-19,APARINDS,-7.694444444444448,5.414171887752333
5,5,2022-12-23,GESHIP,-7.044366649996436,5.166533058297421
5,5,2026-05-29,GESHIP,-17.48662479646429,5.4130567319985365
5,5,2026-07-06,GESHIP,-7.42515756302522,5.064750477659056
5,5,2009-09-14,DABUR,-6.808199121522696,5.004935426663808
5,5,2013-11-11,DABUR,-9.569377990430617,4.999978252889075
5,5,2025-08-12,RAMCOCEM,-8.767548014813531,4.947746941140388
5,5,2025-08-28,RAMCOCEM,-7.204378252287813,4.645357206319896
5,5,2011-05-05,UCOBANK,-16.289198606271782,4.915915779688362
5,5,2014-04-16,TVSMOTOR,-9.424083769633507,5.007559619336651
5,5,2014-07-11,TVSMOTOR,-12.982456140350873,5.853763421384784
5,5,2014-07-25,TVSMOTOR,-16.291313249488148,5.0985435530450385
5,5,2014-09-16,TVSMOTOR,-5.7245080500894385,5.086984206704867
5,5,2014-11-25,TVSMOTOR,-8.405617513424202,4.751245457170907
5,5,2015-02-03,TVSMOTOR,-7.5064850843060915,5.370195640066913
5,5,2015-02-24,TVSMOTOR,-10.877831046453956,4.872412618141291
5,5,2015-03-24,TVSMOTOR,-8.243601059135052,4.917816135090376
5,5,2015-04-06,TVSMOTOR,-5.141677613060603,4.850816763704522
5,5,2017-08-14,TVSMOTOR,-8.135677558467403,5.009567060781165
5,5,2018-01-16,TVSMOTOR,-6.22323166774822,5.004049185657329
5,5,2018-02-05,TVSMOTOR,-8.498957609451008,4.846499948611845
5,5,2022-09-29,TVSMOTOR,-5.115101504993202,5.097216400451506
5,5,2022-11-23,TVSMOTOR,-5.9454626732230675,5.112216336704
5,5,2023-12-21,TVSMOTOR,-5.029896278218427,5.230403166073715
5,5,2024-03-18,TVSMOTOR,-10.443714594308629,5.128057931237411
5,5,2024-04-19,TVSMOTOR,-9.45694669590923,4.910788510204213
5,5,2009-11-27,SEAMECLTD,-6.859131859131862,5.827770670343254
5,5,2009-12-10,SEAMECLTD,-5.657650216807775,5.5642347121471705
5,5,2009-12-23,SEAMECLTD,-7.4392935982339985,4.965639026256703
5,5,2010-01-27,SEAMECLTD,-12.505371723248814,4.644703778706361
5,5,2010-02-23,SEAMECLTD,-7.205291755256315,5.2185963821086645
5,5,2010-05-07,SEAMECLTD,-7.066167290886394,5.048724615902791
5,5,2022-09-27,SOLARINDS,-6.648145503641478,5.467706149610073
5,5,2022-10-14,SOLARINDS,-7.049501123378354,6.009186476385475
5,5,2022-11-28,SOLARINDS,-5.099649042786369,4.948929916674371
5,5,2025-07-14,SOLARINDS,-8.996829574684451,5.005426302579736
5,5,2011-05-03,ATUL,-7.430501428942571,5.319039264070778
5,5,2011-06-22,ATUL,-5.166444740346199,5.353463742366361
5,5,2012-12-26,ATUL,-8.958517210944382,4.9168558778763245
5,5,2013-01-16,ATUL,-9.574729596853492,4.913657625993695
5,5,2013-02-13,ATUL,-10.32608695652174,5.020410134498191
5,5,2014-09-29,ATUL,-5.062237786484514,5.197914730220077
5,5,2014-10-22,ATUL,-11.65646293798208,5.224787069366877
5,5,2014-11-27,ATUL,-6.282160441269024,4.9708077424930845
5,5,2015-01-06,ATUL,-7.156936530122215,5.448350062381481
5,5,2015-01-28,ATUL,-6.661184210526317,5.025971697855566
5,5,2023-09-25,KALYANKJIL,-10.69319921277062,4.416569507006148
5,5,2023-10-27,KALYANKJIL,-5.537298718370032,5.769497753529076
5,5,2023-11-20,KALYANKJIL,-7.173495045111666,5.078342909780661
5,5,2023-12-12,KALYANKJIL,-6.584606258341985,5.028166858026969
5,5,2024-01-18,KALYANKJIL,-7.35858715126696,5.267699353921983
5,5,2024-02-01,KALYANKJIL,-7.593360995850618,4.894450466308818
5,5,2024-06-04,KALYANKJIL,-5.91377810908188,4.8550500073178755
5,5,2024-08-07,KALYANKJIL,-6.731101139109419,5.711279212907088
5,5,2024-10-22,KALYANKJIL,-9.999999999999998,5.0982467951861015
5,5,2024-11-14,KALYANKJIL,-7.386162453084055,5.3136519423640545
5,5,2016-07-04,MPHASIS,-5.2618292094420145,5.4656575396620415
5,5,2016-07-18,MPHASIS,-6.695802447552445,5.056375129463245
5,5,2016-08-16,MPHASIS,-5.930236135957079,4.9997344306296245
5,5,2016-09-14,MPHASIS,-7.739003561938651,5.00007007576742
5,5,2016-10-25,MPHASIS,-7.191278988480743,5.011713564133547
5,5,2010-08-30,BAJFINANCE,-5.4263565891472965,5.055527077002135
5,5,2010-10-19,BAJFINANCE,-5.660377358490565,5.030130358733078
5,5,2010-11-29,BAJFINANCE,-7.189542483660139,4.9434988110408025
5,5,2011-05-05,BAJFINANCE,-12.676056338028163,4.8496471603780975
5,5,2012-11-05,BAJFINANCE,-5.263157894736848,5.551685403623463
5,5,2013-01-29,BAJFINANCE,-6.834532374100732,5.136863056076312
5,5,2019-05-10,BAJFINANCE,-6.089331619537274,5.12419228325316
5,5,2021-12-27,SFL,-8.623112843995106,5.211702119466217
5,5,2014-05-19,AIAENG,-5.842282417054001,4.9532389925887985
5,5,2014-07-11,AIAENG,-6.493089038894251,4.4650273065862836
5,5,2014-09-19,AIAENG,-6.6806157525033605,5.051873830661524
5,5,2014-12-10,AIAENG,-12.001176174073757,5.967588525925451
5,5,2015-01-12,AIAENG,-9.285168023752755,5.002526413043401
5,5,2015-02-09,AIAENG,-6.606512708268175,4.7083285119698095
5,5,2020-02-14,WHIRLPOOL,-12.002609262883235,5.020400247935169
5,5,2007-11-23,STCINDIA,-22.61532164869029,7.384444054018635
5,5,2008-01-24,STCINDIA,-22.618000829531315,4.614070058910049
5,5,2022-09-27,HAL,-7.261128380162951,4.72455166268683
5,5,2022-12-15,HAL,-5.419542317471837,4.953606571720571
5,5,2022-12-23,HAL,-5.675733147750773,4.740816977534581
5,5,2023-06-23,HAL,-5.309907144900761,5.4981545787632715
5,5,2023-08-07,HAL,-5.287138710084561,4.853943688114841
5,5,2024-03-18,HAL,-7.400376692521027,5.439202073617088
5,5,2024-05-07,HAL,-7.5341613360878075,5.5248669465322
5,5,2024-06-04,HAL,-13.673987748393834,6.347893860600543
5,5,2024-07-19,HAL,-13.471591318768484,4.890209404218209
5,5,2024-08-06,HAL,-8.869217647593175,4.345109728640327
5,5,2024-09-11,HAL,-5.411520306056339,4.9501878329198155
5,5,2024-09-19,HAL,-8.830816295753706,4.926402329811556
5,5,2024-10-07,HAL,-6.889576791122332,4.6634212360663945
5,5,2024-10-23,HAL,-9.073825503355703,5.367983255887804
5,5,2024-11-14,HAL,-7.820605349812803,5.229371132689286
5,5,2007-10-22,ABB,-5.239940158809309,4.765069939989378
5,5,2007-11-22,ABB,-7.3546199882381424,4.8946045343163895
5,5,2007-12-20,ABB,-9.605732285645052,4.838103759428374
5,5,2022-09-20,ABB,-6.20152730845378,5.059149463824084
5,5,2022-10-27,ABB,-6.142111601766365,5.011765715630682
5,5,2022-11-15,ABB,-7.188069949576226,5.000633725955255
5,5,2026-05-12,KIRLOSENG,-10.131828910252716,4.9747870208161435
5,5,2026-06-11,KIRLOSENG,-7.795271552387306,5.400548922791572
5,5,2026-07-03,KIRLOSENG,-10.204081632653061,6.381458587099728
5,5,2026-07-17,KIRLOSENG,-9.478711023716857,5.460754808646958
5,5,2026-08-13,KIRLOSENG,-8.404108675352395,4.854137534141784
5,5,2010-09-22,KARURVYSYA,-13.605442176870753,4.992812305974096
5,5,2010-11-01,KARURVYSYA,-6.9828722002635235,5.255086243488519
5,5,2010-11-16,KARURVYSYA,-5.661712668082098,4.942384454952577
5,5,2011-06-21,KARURVYSYA,-6.186317321688506,4.957577963312927
5,5,2023-06-23,KARURVYSYA,-5.9596433599249155,5.543674878258607
5,5,2023-07-13,KARURVYSYA,-7.383773928896997,5.587317513831175
5,5,2023-08-16,KARURVYSYA,-5.298329355608589,5.014118762852944
5,5,2013-11-13,FINPIPE,-6.83613878392304,5.4886230424491655
5,5,2014-01-10,FINPIPE,-10.005885815185401,5.436754272364021
5,5,2014-07-11,FINPIPE,-7.668122270742361,4.776454997290011
5,5,2014-07-23,FINPIPE,-6.11130078525094,5.216561372570841
5,5,2025-07-02,RADICO,-6.363839119768045,5.054486879206537
5,5,2022-02-14,SCHAEFFLER,-5.1134519158653635,5.004501525884429
5,5,2022-09-22,SCHAEFFLER,-10.350125333548965,5.146563252244601
5,5,2022-10-20,SCHAEFFLER,-10.731330394073002,5.125708700308245
5,5,2022-11-30,SCHAEFFLER,-9.231708765203816,4.970298791281341
5,5,2007-10-08,JSWSTEEL,-5.733044140922683,5.732291754852343
5,5,2007-10-22,JSWSTEEL,-11.632384233458303,5.446005356305822
5,5,2007-11-05,JSWSTEEL,-5.951400329489287,5.029064582009635
5,5,2007-11-22,JSWSTEEL,-6.636415201361324,5.0495591542163885
5,5,2007-12-20,JSWSTEEL,-7.89670658682634,5.337010324039841
5,5,2008-01-22,JSWSTEEL,-26.825744127482142,4.974646666547508
5,5,2010-04-23,JSWSTEEL,-7.0331290247497735,5.071817454468675
5,5,2010-05-07,JSWSTEEL,-8.659172368849799,4.762150254512354
5,5,2021-05-18,JSWSTEEL,-5.430699268437344,5.006328907784342
5,5,2021-06-18,JSWSTEEL,-8.287746170678345,5.004859918750227
5,5,2021-08-24,JSWSTEEL,-9.190573097879607,5.077754326747835
5,5,2021-09-20,JSWSTEEL,-8.813364055299534,4.896597477249777
5,5,2021-10-25,JSWSTEEL,-5.804694048616921,4.9618778356515305
5,5,2020-08-17,FDC,-5.009410742724773,5.006537525432417
5,5,2020-09-24,FDC,-8.00676628136453,5.166303164670067
5,5,2020-10-14,FDC,-5.362003266194881,5.3289949034605195
5,5,2020-11-04,FDC,-5.913119279383983,5.044701674810914
5,5,2020-12-22,FDC,-6.728403993633336,4.737286239477937
5,5,2007-10-19,ADANIENT,-13.289259086672878,5.038050551425154
5,5,2007-11-05,ADANIENT,-6.114470265413663,5.447270564026449
5,5,2007-12-03,ADANIENT,-7.65202419952653,5.300995848363297
5,5,2008-01-24,ADANIENT,-18.487138386382707,4.642885048534744
5,5,2021-10-28,ADANIENT,-12.319740296692938,5.207340943638311
5,5,2021-12-20,ADANIENT,-7.537130791563684,4.97404942763427
5,5,2022-01-28,ADANIENT,-9.225997976682098,5.121895753899907
5,5,2022-10-03,ADANIENT,-11.95966371085807,5.501240404176279
5,5,2022-12-26,ADANIENT,-8.798159425351948,5.251123067311015
5,5,2021-03-22,AFFLE,-9.8563396813786,4.979834515973205
5,5,2021-04-15,AFFLE,-5.02128108621479,5.096899596779402
5,5,2021-05-12,AFFLE,-5.115454545454545,4.651715444577637
5,5,2021-06-21,AFFLE,-11.648655924316408,4.853227431049712
5,5,2015-02-09,ZFCVINDIA,-9.431818181818185,5.25408709087654
5,5,2015-02-25,ZFCVINDIA,-6.243032329988852,5.264445890700011
5,5,2015-04-27,ZFCVINDIA,-7.757704569606805,5.044481932179985
5,5,2015-05-12,ZFCVINDIA,-5.141657922350474,5.15720060599832
5,5,2015-06-05,ZFCVINDIA,-5.047318611987384,5.011588187417005
5,5,2025-08-28,FORTIS,-5.451527568857317,5.460197195410797
5,5,2023-06-27,CERA,-5.2909262854014205,4.946264181376714
5,5,2023-07-14,CERA,-7.412602147988645,4.599981612205891
5,5,2023-09-07,CERA,-5.123485358465163,5.81072554796476
5,5,2023-09-18,CERA,-6.364555404158045,4.582506471796037
5,5,2021-04-19,GRASIM,-8.006944444444441,4.7950564302724255
5,5,2021-05-14,GRASIM,-5.587402444920231,4.584209647605385
5,5,2021-08-10,GRASIM,-6.3928661140417065,5.020218812452347
5,5,2021-11-30,GRASIM,-6.779375893683226,4.783360006363059
5,5,2021-12-20,GRASIM,-6.69571993419723,4.964022973466772
5,5,2022-01-24,GRASIM,-11.883045812268723,4.998906008467518
5,5,2013-11-13,MOTHERSON,-9.06148867313915,5.384351255298871
5,5,2013-12-27,MOTHERSON,-36.17693522906793,5.0776021118906
5,5,2024-07-25,MOTHERSON,-6.328463402099704,5.144535774332423
5,5,2024-08-05,MOTHERSON,-10.323421213979145,4.820194775455357
5,5,2020-01-20,ADANIGREEN,-5.487950369840133,5.0
5,5,2020-01-28,ADANIGREEN,-7.218788627935724,4.715954868592654
5,5,2020-02-28,ADANIGREEN,-20.477290223248655,4.644602706108756
5,5,2020-07-14,ADANIGREEN,-15.867069486404828,5.230971029452826
5,5,2020-09-23,ADANIGREEN,-12.922803641477309,5.681696378243767
5,5,2020-10-12,ADANIGREEN,-10.394289145373282,5.002898852911821
5,5,2020-12-10,ADANIGREEN,-9.458515283842795,5.89325064175979
5,5,2021-01-13,ADANIGREEN,-16.717091894332814,5.048586208536008
5,5,2021-03-31,ADANIGREEN,-15.894644692269644,5.464128751602433
5,5,2021-05-31,ADANIGREEN,-6.815092398692091,6.145285706762015
5,5,2021-06-18,ADANIGREEN,-12.330623306233068,4.718109038033629
5,5,2021-07-05,ADANIGREEN,-13.867928740456303,4.476608127425706
5,5,2022-09-29,ADANIGREEN,-15.211964799458455,5.037285219449303
5,5,2022-10-14,ADANIGREEN,-7.758092688791596,4.800966783501713
5,5,2022-11-22,ADANIGREEN,-9.597396390450397,5.190576875611652
5,5,2009-04-28,SHREECEM,-7.365704902650727,5.382016173900814
5,5,2009-06-23,SHREECEM,-5.635862299465244,5.215167125602741
5,5,2009-08-11,SHREECEM,-11.514642898483629,6.3043538231642895
5,5,2009-10-08,SHREECEM,-6.650335692251863,5.0187775685757305
5,5,2009-10-27,SHREECEM,-10.56936545466165,4.664086487891301
5,5,2010-01-28,SHREECEM,-9.501880770546,5.45142900850509
5,5,2010-05-04,SHREECEM,-7.000531349628048,4.76924395249195
5,5,2010-05-21,SHREECEM,-5.551483626906261,5.075228782276018
5,5,2012-04-11,SHREECEM,-11.750933463916269,5.452412836342031
5,5,2012-04-25,SHREECEM,-7.517237891329631,4.78443445963214
5,5,2012-06-01,SHREECEM,-7.34083129584352,4.6584845527620775
5,5,2012-07-10,SHREECEM,-6.051156102053678,6.168320286431173
5,5,2012-11-20,SHREECEM,-7.513468519503341,4.9576362015030835
5,5,2015-02-28,SHREECEM,-5.239946718508104,4.782257980871063
5,5,2015-03-11,SHREECEM,-6.93906059018683,4.775413665804482
5,5,2015-04-17,SHREECEM,-9.49161099541106,5.01827552378536
5,5,2015-05-28,SHREECEM,-6.7178289400511515,5.656967519869414
5,5,2015-06-12,SHREECEM,-5.808240113019458,5.581319564326927
5,5,2020-02-06,LALPATHLAB,-8.965672990063233,5.124954371984824
5,5,2022-12-23,RVNL,-9.978617248752686,5.012255263103415
5,5,2023-05-24,RVNL,-5.621665982765689,4.968245584141677
5,5,2023-07-28,RVNL,-11.4892060007318,5.298272264871358
5,5,2023-09-18,RVNL,-12.744063324538256,5.731142078242464
5,5,2023-10-25,RVNL,-11.270912826533596,4.951097451833229
5,5,2024-09-19,RVNL,-7.572463768115945,4.846909421175635
5,5,2024-10-07,RVNL,-14.182578132421398,4.538807357171272
5,5,2023-08-14,FACT,-11.22892588272717,5.005549186687118
5,5,2023-09-13,FACT,-5.574370709382159,5.785082820118606
5,5,2023-09-25,FACT,-5.116443189837683,5.85594135209141
5,5,2023-10-25,FACT,-10.43739565943238,6.846358829550242
5,5,2023-11-07,FACT,-6.084253686925467,7.2424673030866495
5,5,2023-12-20,FACT,-5.087951579345551,5.192178519659951
5,5,2009-09-17,BIRLACORPN,-6.665521388077666,4.949596361463386
5,5,2009-10-28,BIRLACORPN,-6.5745672436751,4.86605019204331
5,5,2009-12-10,BIRLACORPN,-6.277024004771137,5.155713105532581
5,5,2010-01-25,BIRLACORPN,-7.753735188047395,5.525794043268252
5,5,2017-06-29,BIRLACORPN,-5.337763012181618,4.907224256542876
5,5,2007-11-22,RELINFRA,-13.473780750971088,4.852587860064071
5,5,2007-12-18,RELINFRA,-7.345053252919287,4.902287416931179
5,5,2008-01-22,RELINFRA,-30.282911151520274,4.881130791503632
5,5,2007-11-22,VEDL,-12.047244094488185,4.912544753447548
5,5,2008-01-21,VEDL,-31.031543052003407,4.822975997000708
5,5,2010-01-27,VEDL,-13.219178082191775,4.9717240873171
5,5,2010-03-11,VEDL,-6.306852637962401,6.258315337262949
5,5,2010-05-04,VEDL,-10.971685971685973,4.530745098948539
5,5,2010-05-24,VEDL,-13.698140200286124,4.766024094789647
5,5,2017-03-10,VEDL,-7.545164718384689,5.269599784902334
5,5,2017-04-18,VEDL,-16.466909848879617,5.002245273603071
5,5,2017-05-08,VEDL,-9.51262477980036,4.275251273742551
5,5,2017-05-24,VEDL,-8.146399055489972,5.398352377853095
5,5,2017-06-06,VEDL,-6.771745475773505,5.682791647764977
5,5,2024-10-22,VEDL,-6.1460389061178455,4.664332650116954
5,5,2024-11-13,VEDL,-8.576429404900832,5.0477341241147355
5,5,2026-06-05,VEDL,-10.49347702779353,5.644993497414276
5,5,2026-06-25,VEDL,-10.637254901960791,4.8255800742365365
5,5,2026-07-17,VEDL,-7.1546505228398445,4.796720804820471
5,5,2026-09-02,VEDL,-5.514834205933683,4.91947583144212
5,5,2021-12-20,LTTS,-7.802072396950754,4.967588604173426
5,5,2022-01-24,LTTS,-18.251526864748023,4.771229448301147
5,5,2022-02-07,LTTS,-5.295007564296517,4.239322247011268
5,5,2023-05-23,SIEMENS,-11.915359176467655,5.0082854058011685
5,5,2009-06-18,BERGEPAINT,-8.587894940659247,4.643804453585562
5,5,2013-12-09,BERGEPAINT,-5.805411167401131,5.011694680313679
5,5,2014-01-15,BERGEPAINT,-6.847647167986581,5.001752367776712
5,5,2014-01-28,BERGEPAINT,-6.711306825928864,4.956408345291146
5,5,2020-08-31,BERGEPAINT,-5.641842590155299,5.1005507573127105
5,5,2017-09-28,BOMDYEING,-21.136683889149833,7.209541389598277
5,5,2017-10-17,BOMDYEING,-16.370182126217703,5.156713640468372
5,5,2017-10-27,BOMDYEING,-6.4615384615384635,4.452644618633901
5,5,2017-11-16,BOMDYEING,-10.822615869934483,5.016243444571048
5,5,2017-12-07,BOMDYEING,-5.640794223826717,5.363109717927312
5,5,2017-12-29,BOMDYEING,-5.764665988470663,6.7674368268566
5,5,2018-02-02,BOMDYEING,-17.95036371416345,4.038153921403187
5,5,2010-07-27,TORNTPHARM,-5.601150689567646,5.046603139929647
5,5,2010-08-16,TORNTPHARM,-5.148833467417546,5.001402068436275
5,5,2015-01-16,TORNTPHARM,-7.371131844471646,4.991687439890874
5,5,2015-02-04,TORNTPHARM,-7.186765130574702,4.773556911104363
5,5,2019-04-05,TORNTPHARM,-5.544300551352732,5.174319474779837
5,5,2019-04-25,TORNTPHARM,-6.01924854548419,5.026752586449587
5,5,2019-05-09,TORNTPHARM,-5.596698513200293,4.88764580555328
5,5,2020-08-17,TORNTPHARM,-7.263850139497818,5.006599832209049
5,5,2020-09-24,TORNTPHARM,-6.722393312802466,4.764448779252444
5,5,2020-10-19,TORNTPHARM,-5.903266685440734,5.085647645424856
5,5,2020-10-29,TORNTPHARM,-7.204021877244349,4.861669693936267
5,5,2024-11-01,TORNTPHARM,-6.628603055769977,5.238214324840956
5,5,2017-11-08,BBTC,-5.5299539170506895,5.755717067661279
5,5,2017-11-17,BBTC,-8.628567851777657,4.8638556717775145
5,5,2018-01-05,BBTC,-5.41246953099761,5.165437071571407
5,5,2018-02-02,BBTC,-14.820091445232253,4.528772133945334
5,5,2012-10-17,SOBHA,-6.209709248783057,5.026450797700071
5,5,2012-11-22,SOBHA,-7.14767363452461,4.823740341518282
5,5,2024-06-24,SOBHA,-8.60325974829792,5.078503270667083
5,5,2024-07-19,SOBHA,-8.419695542222438,4.937013992412769
5,5,2024-03-13,ETERNAL,-10.370817003316246,4.971346134924173
5,5,2024-05-24,ETERNAL,-6.13292276109828,4.863452265151613
5,5,2024-06-04,ETERNAL,-5.286343612334798,4.478310585593033
5,5,2024-09-02,ETERNAL,-5.759666910829253,4.762703361684715
5,5,2024-09-30,ETERNAL,-7.979797979797976,5.418770428020954
5,5,2024-10-22,ETERNAL,-8.299052047934175,5.007908267506034
5,5,2009-08-10,PNB,-6.666666666666665,4.796571258691025
5,5,2013-11-12,RCOM,-11.111111111111116,4.839208143041538
5,5,2013-12-16,RCOM,-9.071428571428575,5.002850919990856
5,5,2014-01-10,RCOM,-7.511380880121399,4.651356465348655
5,5,2014-01-30,RCOM,-13.144137415982083,5.105075183988355
5,5,2014-02-13,RCOM,-6.151419558359617,4.931306166039609
5,5,2014-02-21,RCOM,-8.079142621599333,4.96363339351783
5,5,2014-05-05,RCOM,-11.178476695718064,4.843247547604519
5,5,2021-11-22,TATAPOWER,-5.086512403585575,4.957512350990357
5,5,2021-11-30,TATAPOWER,-8.503903777168166,5.009997623789123
5,5,2021-12-20,TATAPOWER,-9.185667752442994,4.961885919474779
5,5,2022-01-24,TATAPOWER,-7.383498083518248,5.123222144771971
5,5,2022-02-14,TATAPOWER,-12.430500397140587,5.004563807322873
5,5,2024-10-22,PCBL,-12.917993630573243,4.768801666461197
5,5,2009-06-18,GODREJCP,-9.34942796363164,4.8403435319743
5,5,2009-06-30,GODREJCP,-8.22445580686625,5.148671373189701
5,5,2009-08-11,GODREJCP,-10.3307621476039,6.16291661577082
5,5,2009-11-17,GODREJCP,-7.341238370513004,5.139019821585421
5,5,2009-12-18,GODREJCP,-10.698406608892086,5.106987009615698
5,5,2010-01-29,GODREJCP,-8.903973267129683,4.3956343386566115
5,5,2012-05-14,GODREJCP,-7.090070537167669,5.004612950259133
5,5,2012-06-14,GODREJCP,-5.187984405336321,5.154115115727967
5,5,2012-11-06,GODREJCP,-6.046694214876036,5.149188729052979
5,5,2013-02-11,GODREJCP,-6.248333446095189,5.001209124671848
5,5,2007-09-27,APTECHT,-5.1723988854759595,4.964773115744582
5,5,2007-10-19,APTECHT,-13.220481993311806,4.650335946937724
5,5,2009-05-11,UNIONBANK,-8.884106978174,4.880548319920934
5,5,2009-05-26,UNIONBANK,-8.122699386503074,5.216321735844654
5,5,2009-06-22,UNIONBANK,-6.856111862877756,5.383193912413977
5,5,2009-07-10,UNIONBANK,-12.331563903634146,5.880132549327465
5,5,2009-07-29,UNIONBANK,-13.58271654330866,5.223850594029086
5,5,2009-08-13,UNIONBANK,-7.667804323094418,4.38775150330584
5,5,2009-10-26,UNIONBANK,-9.548118737001321,5.604580735653067
5,5,2009-11-05,UNIONBANK,-6.505976876347241,5.560410446979252
5,5,2023-08-03,UNIONBANK,-5.828779599271394,5.47405329996735
5,5,2023-08-31,UNIONBANK,-6.62170447578172,5.204440244512433
5,5,2023-10-10,UNIONBANK,-7.767464582315576,6.202608138037519
5,5,2023-10-25,UNIONBANK,-10.72175732217573,5.000448313394637
5,5,2007-10-22,BHARTIARTL,-17.358705115221294,5.067200313330484
5,5,2007-11-02,BHARTIARTL,-9.663874028464726,4.308563898883646
5,5,2024-10-04,BHARTIARTL,-7.351363559369872,5.597632511195143
5,5,2012-05-09,JUBLFOOD,-9.704107044869358,5.043901104054145
5,5,2012-06-04,JUBLFOOD,-13.03377586141684,5.8575268931055495
5,5,2012-06-22,JUBLFOOD,-6.6299704239237585,5.1924719717968655
5,5,2012-07-27,JUBLFOOD,-9.965173341776158,5.104363636480819
5,5,2025-08-25,BAJAJHLDNG,-8.662122151070717,5.1673811864952395
5,5,2023-09-26,GLENMARK,-10.486759438670656,5.443011306334045
5,5,2023-10-09,GLENMARK,-8.310929281122148,5.371804422429348
5,5,2023-10-25,GLENMARK,-6.343167217613677,4.789677494921628
5,5,2024-11-13,GLENMARK,-12.976624551287486,5.080473613893287
5,5,2026-05-12,GLENMARK,-6.650399106662819,4.986028690447182
5,5,2026-06-04,GLENMARK,-8.56639691391673,4.650900145257811
5,5,2010-08-31,SUDARCOLOR,-9.764150943396233,5.248721342695725
5,5,2010-10-26,SUDARCOLOR,-6.850479776509166,5.443219225113537
5,5,2010-01-25,BEL,-6.999542606014031,5.210797291118033
5,5,2015-02-25,BEL,-7.188507114879272,5.651996872220438
5,5,2015-03-10,BEL,-8.952103946939205,5.16859852848489
5,5,2015-04-20,BEL,-14.140401536407976,5.012958149068915
5,5,2015-04-29,BEL,-5.555970893141959,4.704477549952071
5,5,2015-06-08,BEL,-8.803226514486385,5.180024044320766
5,5,2022-10-06,FINEORG,-6.329976261711135,5.353967183733857
5,5,2022-11-01,FINEORG,-17.397952837712282,4.950889597911017
5,5,2022-12-12,FINEORG,-5.804283574233771,5.00782178674129
5,5,2022-12-23,FINEORG,-5.614389408180354,4.7863507006603365
5,5,2020-02-06,NH,-5.79595077411672,5.195682878481059
5,5,2025-07-21,NH,-5.14902465590652,5.11912757585053
5,5,2025-08-08,NH,-10.70675918786944,4.935170145030779
5,5,2025-08-29,NH,-5.092266897559394,4.967509541225284
5,5,2011-06-23,ARVIND,-13.06532663316583,4.844515875970363
5,5,2012-02-24,ARVIND,-21.62921348314607,5.163365730220557
5,5,2012-03-20,ARVIND,-5.111821086261981,4.990603912610161
5,5,2012-03-28,ARVIND,-10.576923076923084,4.820751579193595
5,5,2014-05-16,ARVIND,-6.968124536693853,5.101031458905001
5,5,2014-05-30,ARVIND,-8.858965272856134,4.928867309242347
5,5,2014-07-11,ARVIND,-17.0816444701795,5.338418916726878
5,5,2014-07-28,ARVIND,-10.169491525423723,4.8075922393117105
5,5,2014-09-25,ARVIND,-11.009573542210626,5.057746943631896
5,5,2014-10-17,ARVIND,-7.462686567164178,5.134907979857487
5,5,2014-11-13,ARVIND,-9.811146936895431,5.123790456669649
5,5,2014-11-25,ARVIND,-5.097087378640774,4.954089440514819
5,5,2020-01-30,NESCO,-5.765718758152893,5.290864973402696
5,5,2009-11-27,RENUKA,-5.802136715017802,5.170795373273442
5,5,2009-12-11,RENUKA,-7.331301697866777,4.992939795843605
5,5,2010-02-06,RENUKA,-12.407425218813128,4.551348958925798
5,5,2023-12-12,RATNAMANI,-9.333035796327172,5.027390896951246
5,5,2010-11-18,UFLEX,-19.76284584980238,4.8734409396241585
5,5,2009-06-11,MUNJALSHOW,-11.969532100108815,5.580752594521667
5,5,2009-07-10,MUNJALSHOW,-8.01781737193764,5.3650894590365645
5,5,2009-08-10,MUNJALSHOW,-14.68590831918506,5.774308128554777
5,5,2009-08-20,MUNJALSHOW,-6.604651162790698,5.099077097144362
5,5,2009-09-14,MUNJALSHOW,-5.959183673469381,5.005006785697151
5,5,2009-10-07,MUNJALSHOW,-7.401315789473683,4.639969242618826
5,5,2009-11-03,MUNJALSHOW,-26.959247648902817,5.428197359444583
5,5,2023-09-26,ZYDUSLIFE,-7.048492384208894,5.045319369601703
5,5,2024-08-19,ZYDUSLIFE,-8.913060189099852,5.0799341258692134
5,5,2020-01-23,ICICIGI,-5.782553371977938,5.138286332864596
5,5,2020-03-02,ICICIGI,-8.121982989809206,4.88695110690047
5,5,2023-08-17,APOLLOTYRE,-10.682932390833432,4.987618696402441
5,5,2026-05-15,NETWEB,-13.154086201438197,5.4921553985197225
5,5,2026-06-11,NETWEB,-15.054112115439189,5.997088958088363
5,5,2026-07-02,NETWEB,-12.593614505321248,5.604619385104191
5,5,2026-07-20,NETWEB,-5.043181818181807,4.9703260895520325
5,5,2023-09-18,IRFC,-9.616519174041304,5.933182742568392
5,5,2023-10-09,IRFC,-7.054212932723702,5.487688449128447
5,5,2023-10-25,IRFC,-11.181301326595083,5.213568388851506
5,5,2024-02-12,IRFC,-17.190906259732188,5.014335998913914
5,5,2024-03-13,IRFC,-14.33988279903482,4.900590429918241
5,5,2024-04-15,IRFC,-5.140344944200203,4.765914223276209
5,5,2024-05-09,IRFC,-7.457520453115163,5.154535683675594
5,5,2024-06-04,IRFC,-8.488210818307918,5.588916275232155
5,5,2024-07-26,IRFC,-10.85192204888954,5.300895797392117
5,5,2024-08-06,IRFC,-9.771820321293356,4.771181485601059
5,5,2024-09-19,IRFC,-7.047060232307512,4.90276370092909
5,5,2024-10-07,IRFC,-7.94592181621071,4.520511041641997
5,5,2020-02-05,MANAPPURAM,-11.626080125687343,5.118143422228069
5,5,2020-03-02,MANAPPURAM,-8.754974417282547,5.395224353998182
5,5,2014-01-28,BIOCON,-12.094492497683717,4.947554668588696
5,5,2014-03-13,BIOCON,-5.84508481504189,4.813130145934394
5,5,2017-03-02,BIOCON,-7.063247198805822,5.036894151982569
5,5,2017-05-03,BIOCON,-11.398954394400784,5.087411672949667
5,5,2020-07-29,BIOCON,-8.103087996285108,5.116061426392923
5,5,2020-08-17,BIOCON,-5.140016971754147,5.004790690905045
5,5,2020-09-24,BIOCON,-7.677521483491634,4.890911162195772
5,5,2020-10-26,BIOCON,-8.072619319479324,4.879338302599928
5,5,2012-02-13,KAJARIACER,-5.420152782830112,4.999999999999999
5,5,2012-03-07,KAJARIACER,-5.257969109431482,5.299221666071281
5,5,2012-05-09,KAJARIACER,-11.919999999999998,5.378841395308343
5,5,2012-05-17,KAJARIACER,-6.947306446864876,4.960114583204487
5,5,2012-06-04,KAJARIACER,-7.1751582755501975,4.717801352539527
5,5,2012-08-30,KAJARIACER,-7.25534308211474,4.76921232223086
5,5,2012-12-21,KAJARIACER,-8.272168220591158,5.15062502339145
5,5,2013-01-21,KAJARIACER,-7.9045325158747515,5.00976554476425
5,5,2014-05-28,KAJARIACER,-7.767755495227258,5.669812708651761
5,5,2014-06-19,KAJARIACER,-11.041093458773421,4.856241156758026
5,5,2014-07-09,KAJARIACER,-5.099379440597184,4.340576933568763
5,5,2014-08-12,KAJARIACER,-5.447837349870488,4.951417068659718
5,5,2014-10-17,KAJARIACER,-7.2290963629546345,4.993181879529019
5,5,2014-12-18,KAJARIACER,-6.33097253411642,5.038414941266206
5,5,2015-02-23,KAJARIACER,-6.986089644513138,4.924054331526357
5,5,2015-03-11,KAJARIACER,-7.132459970887917,4.922013787712458
5,5,2015-04-27,KAJARIACER,-6.706153339914456,5.117420045272313
5,5,2015-06-08,KAJARIACER,-5.260061190868437,5.621293683327004
5,5,2021-10-25,KAJARIACER,-7.3513391683257545,5.251319434529848
5,5,2021-08-24,JSWENERGY,-12.697128993125762,4.986390006526702
5,5,2021-11-03,JSWENERGY,-9.671259036966307,4.812608218330765
5,5,2021-11-18,JSWENERGY,-11.467546095038228,5.1312635312168595
5,5,2021-11-30,JSWENERGY,-6.675328893941856,4.808390457719549
5,5,2021-12-10,JSWENERGY,-7.350665428659853,5.061719846255538
5,5,2022-01-28,JSWENERGY,-6.86938711202143,4.809584368162642
5,5,2022-12-12,COCHINSHIP,-7.865678414763277,5.007759464757525
5,5,2022-12-23,COCHINSHIP,-19.020853698273044,4.736564371529886
5,5,2024-06-25,COCHINSHIP,-5.698466046190964,5.821585854380628
5,5,2024-07-19,COCHINSHIP,-11.188713507473114,5.060363227025799
5,5,2024-08-06,COCHINSHIP,-14.47960421917297,4.709486583365129
5,5,2024-09-19,COCHINSHIP,-7.414558795134196,4.773460031370566
5,5,2024-10-07,COCHINSHIP,-9.159333024548399,4.466869465818606
5,5,2017-03-15,RAIN,-5.802526906878791,5.181273187449493
5,5,2017-05-11,RAIN,-11.463109629012092,5.329900161423692
5,5,2017-05-24,RAIN,-13.721890775585132,4.927923232790648
5,5,2017-06-08,RAIN,-6.657156443176415,4.865798550333671
5,5,2017-08-10,RAIN,-12.79876638396299,4.856133308963419
5,5,2017-09-27,RAIN,-7.984366275823551,5.710593368517105
5,5,2017-11-21,RAIN,-20.99246557547414,5.847028245024735
5,5,2018-02-02,RAIN,-20.47846889952154,4.6277365238511985
5,5,2010-10-22,M&MFIN,-8.311855670103075,5.563812200977926
5,5,2010-11-25,M&MFIN,-7.426018983807914,5.494632849697467
5,5,2011-05-05,M&MFIN,-10.488245931283913,4.791379979288106
5,5,2011-05-16,M&MFIN,-10.006215040397759,5.007363653930649
5,5,2011-06-16,M&MFIN,-8.275382475660642,4.900119557811024
5,5,2013-01-24,M&MFIN,-11.453058044409815,4.7547162411373165
5,5,2014-01-10,M&MFIN,-13.406292749658,5.037456794201975
5,5,2014-01-23,M&MFIN,-13.83687718184704,4.348290264427449
5,5,2010-11-26,SUNDARMFIN,-8.716385240775482,5.016914207474215
5,5,2012-12-17,SUNDARMFIN,-6.808905380333952,5.008186106264605
5,5,2013-01-11,SUNDARMFIN,-6.144465290806755,4.9265644361633765
5,5,2013-01-24,SUNDARMFIN,-5.518446202856852,4.668052018938881
5,5,2014-11-13,SUNDARMFIN,-5.9023166592887755,4.900193472153545
5,5,2015-04-22,SUNDARMFIN,-6.849531764110351,5.086422705474924
5,5,2015-06-02,SUNDARMFIN,-6.00118249901459,5.1663598142083185
5,5,2018-01-19,TATACONSUM,-5.341519570222553,5.1438952299524745
5,5,2018-02-02,TATACONSUM,-9.663105998356603,4.8913228588390165
5,5,2020-02-28,TATACONSUM,-9.027595269382394,4.933351049088844
5,5,2010-08-31,VENKEYS,-6.544489191335012,5.071904343341333
5,5,2010-09-16,VENKEYS,-9.34657117272809,5.344592670493962
5,5,2010-10-29,VENKEYS,-11.506675143038791,5.123760281354479
5,5,2010-11-19,VENKEYS,-14.200561009817669,4.991142115015952
5,5,2010-11-19,TITAN,-10.958107059736244,5.348702864339381
5,5,2011-05-03,TITAN,-7.953935490167375,5.285634515305526
5,5,2011-06-27,TITAN,-8.248939669349953,5.430107453218871
5,5,2007-10-22,RELIANCE,-9.612367029187151,4.886255130483211
5,5,2007-11-05,RELIANCE,-5.896972801707101,4.862897051520476
5,5,2007-11-21,RELIANCE,-6.1950520367774935,5.212907203258591
5,5,2007-12-19,RELIANCE,-6.147369618791931,4.957353335370517
5,5,2008-01-22,RELIANCE,-25.52850398777181,5.59273846447552
5,5,2017-11-13,RELIANCE,-6.139412322104687,5.00477137454404
5,5,2017-12-04,RELIANCE,-5.229406851465434,5.0577140134627925
5,5,2019-05-10,RELIANCE,-11.193532392220229,5.277079125098692
5,5,2010-08-30,NILKAMAL,-5.225514523427243,5.081597087496216
5,5,2010-10-18,NILKAMAL,-6.9058736790366115,4.864455028242242
5,5,2010-10-29,NILKAMAL,-5.570225072299751,4.867618343760051
5,5,2010-11-23,NILKAMAL,-6.781580271766474,5.047714927243416
5,5,2007-10-08,PRAJIND,-13.287007791113915,5.134163185931497
5,5,2007-11-05,PRAJIND,-7.887981330221705,4.330266225145009
5,5,2019-04-09,PRAJIND,-8.495867768595033,4.846366136831713
5,5,2019-04-18,PRAJIND,-5.417376490630321,5.149816355452492
5,5,2019-05-09,PRAJIND,-11.598405219282338,4.839413467074688
5,5,2010-11-29,ELGIEQUIP,-8.654970760233915,5.4922355335037345
5,5,2011-05-03,ELGIEQUIP,-13.610683102208531,5.164053016435104
5,5,2022-09-19,ELGIEQUIP,-15.881669496827245,4.999999999999999
5,5,2022-10-13,ELGIEQUIP,-6.969732111794025,3.945709824520538
5,5,2022-11-03,ELGIEQUIP,-8.58300358017714,6.3696853624558205
5,5,2007-09-26,SOUTHBANK,-5.016722408026764,4.778649318855367
5,5,2007-10-19,SOUTHBANK,-10.932475884244363,4.6923344137802285
5,5,2007-11-22,SOUTHBANK,-6.691176470588234,5.2829175790957805
5,5,2007-12-20,SOUTHBANK,-7.066246056782333,5.560461510305414
5,5,2008-01-22,SOUTHBANK,-23.56881851400732,4.68646822834393
5,5,2010-04-19,SOUTHBANK,-6.476997578692501,5.141918992763447
5,5,2010-05-04,SOUTHBANK,-16.666666666666675,5.110526929378952
5,5,2024-01-23,PRESTIGE,-14.08104634459817,4.955535661897604
5,5,2024-02-14,PRESTIGE,-10.249092910432555,5.078055921768184
5,5,2024-03-01,PRESTIGE,-5.116222366710021,5.077730048016723
5,5,2024-03-18,PRESTIGE,-14.792523206035701,4.952001462152943
5,5,2024-04-12,PRESTIGE,-8.720484513952776,5.163788817590565
5,5,2024-05-30,PRESTIGE,-7.250527585167321,5.083611376271066
5,5,2024-07-01,PRESTIGE,-10.52119797744069,5.348454581971378
5,5,2024-08-05,PRESTIGE,-13.701360833510524,5.245030192891174
5,5,2024-08-23,PRESTIGE,-7.68193699270876,5.319520971121973
5,5,2024-10-07,PRESTIGE,-6.901257693336904,5.03613837799109
5,5,2024-10-22,PRESTIGE,-9.666736753574433,5.213078528090413
5,5,2022-09-29,VBL,-11.734301580521144,5.507505354968066
5,5,2022-10-14,VBL,-9.579387800044048,5.459338394903771
5,5,2022-11-11,VBL,-6.947014297729193,5.267029478022754
5,5,2022-12-23,VBL,-7.807969068843301,5.2669975078912925
5,5,2023-06-12,VBL,-6.395519324379806,5.004101858084523
5,5,2023-06-23,VBL,-6.715372907153727,4.5232129287763385
5,5,2012-05-08,MRF,-9.79602861349993,5.196704741442524
5,5,2012-06-19,MRF,-5.167592523083842,4.89951611110717
5,5,2012-08-29,MRF,-9.458993328189525,4.927074850653597
5,5,2014-01-29,MRF,-5.033328321555652,5.102442856021416
5,5,2014-03-27,MRF,-5.302924994058545,5.354145908235309
5,5,2014-04-28,MRF,-13.026471467488554,5.254885771309466
5,5,2017-05-24,MRF,-8.133163469973415,4.945318640398182
5,5,2017-08-10,MRF,-7.30248848885906,4.824704565952013
5,5,2010-07-29,IPCALAB,-9.673659673659674,4.778806351129246
5,5,2010-10-13,IPCALAB,-6.66982772245931,5.125960963238888
5,5,2012-11-09,IPCALAB,-8.364611260053623,4.94297809748899
5,5,2013-01-29,IPCALAB,-7.323112084563366,5.272011992641504
5,5,2014-03-10,IPCALAB,-8.330541596873253,5.277453488753571
5,5,2014-04-16,IPCALAB,-5.289475269594568,5.007488078166331
5,5,2014-05-19,IPCALAB,-10.607627273280206,4.755872010512273
5,5,2020-08-31,IPCALAB,-6.133916805489948,4.728474410333313
5,5,2020-10-09,IPCALAB,-6.5603230243599375,5.121827551331239
5,5,2020-11-11,IPCALAB,-13.697964016152554,5.557325471724319
5,5,2021-01-28,IPCALAB,-9.755981544023218,4.7873157217015665
5,5,2020-08-17,LAURUSLABS,-7.169207520334231,5.006537525432419
5,5,2020-09-25,LAURUSLABS,-11.078004686976895,5.768544845477581
5,5,2020-10-15,LAURUSLABS,-6.650901566656808,5.7507298788629155
5,5,2020-11-05,LAURUSLABS,-14.51735111380511,5.661869015435354
5,5,2020-11-19,LAURUSLABS,-7.125562089242488,5.430677823516042
5,5,2021-02-02,LAURUSLABS,-8.694506652614942,5.369855073739472
5,5,2021-03-08,LAURUSLABS,-5.718999175144357,4.835634713348282
5,5,2021-03-18,LAURUSLABS,-5.945205479452054,5.291414246394127
5,5,2021-07-29,LAURUSLABS,-7.374541003671975,4.581858711563391
5,5,2021-08-23,LAURUSLABS,-9.833863556026856,5.046847848238381
5,5,2021-09-22,LAURUSLABS,-6.328731990646452,4.781308862621606
5,5,2025-08-05,LAURUSLABS,-5.753695664120462,5.874697633667698
5,5,2026-09-04,LAURUSLABS,-5.081248387928817,5.0383877012556315
5,5,2017-06-21,AVANTIFEED,-6.958546789525954,4.957388215707905
5,5,2017-08-10,AVANTIFEED,-11.5494086181678,5.594738149447275
5,5,2017-08-29,AVANTIFEED,-5.599045412720893,5.536698652275942
5,5,2017-09-25,AVANTIFEED,-5.156343540660091,5.157070238647258
5,5,2017-11-16,AVANTIFEED,-15.120382107600172,5.035385380715126
5,5,2017-11-29,AVANTIFEED,-6.260659074654784,4.822590694956178
5,5,2018-01-16,AVANTIFEED,-5.883461212590957,4.936201096815472
5,5,2018-01-31,AVANTIFEED,-12.557398811854947,4.75181109390691
5,5,2019-05-13,BALRAMCHIN,-11.266688375122113,5.002303491484351
5,5,2020-02-04,BALRAMCHIN,-9.94269340974212,4.297048949730095
5,5,2017-03-02,CESC,-7.121168719564597,5.625370299622364
5,5,2017-05-18,CESC,-15.491094147582697,4.9682409195241455
5,5,2017-10-30,SUNTECK,-6.1200315872598114,5.489831065075269
5,5,2021-05-26,TATASTEEL,-7.276433572631391,4.788084196746265
5,5,2021-06-18,TATASTEEL,-5.889166072701357,5.031967143470128
5,5,2021-08-26,TATASTEEL,-8.562649368385111,5.213480641418807
5,5,2021-09-20,TATASTEEL,-14.739054290718045,4.9351039403837715
5,5,2021-10-25,TATASTEEL,-8.566649698203754,5.038988852243718
5,5,2021-11-30,TATASTEEL,-10.457572874318831,4.385449499704605
5,5,2017-06-12,ADANIENSOL,-15.393343419062022,5.006125011111533
5,5,2017-08-14,ADANIENSOL,-14.011741682974566,5.008623736659304
5,5,2017-09-21,ADANIENSOL,-10.240759579518476,5.6279005794388
5,5,2017-11-01,ADANIENSOL,-11.736785329018328,6.269425012712657
5,5,2017-12-01,ADANIENSOL,-13.460585027268213,4.989623783023151
5,5,2018-01-02,ADANIENSOL,-7.289143360493289,5.703657659201701
5,5,2018-02-02,ADANIENSOL,-10.464310464310456,5.239136360290794
5,5,2021-04-13,ADANIENSOL,-19.033899068113268,5.004296942747309
5,5,2021-06-18,ADANIENSOL,-22.61637339323598,4.941342533798576
5,5,2021-07-26,ADANIENSOL,-7.559883921105692,5.330791467436462
5,5,2021-09-22,ADANIENSOL,-19.713999125536898,5.374756882028155
5,5,2021-11-01,ADANIENSOL,-5.847906305150019,5.818955500373765
5,5,2021-11-30,ADANIENSOL,-7.9327722493668595,5.255206355816341
5,5,2021-12-20,ADANIENSOL,-6.47688403398432,4.603789170930642
5,5,2021-12-30,ADANIENSOL,-7.6298389530577,4.80303504734715
5,5,2022-02-14,ADANIENSOL,-5.582943061375401,5.004563807322873
5,5,2022-10-03,ADANIENSOL,-15.872609749528676,4.924841881246803
5,5,2022-11-23,ADANIENSOL,-12.665270623481039,4.992385738226687
5,5,2026-07-28,ADANIENSOL,-5.288240698208535,5.360542601587525
5,5,2026-09-03,ADANIENSOL,-14.304267161410012,4.781954104523199
5,5,2014-06-16,SUNDRMFAST,-5.747126436781613,5.009391866109684
5,5,2014-07-28,SUNDRMFAST,-9.3033318909563,5.329848876570361
5,5,2014-08-26,SUNDRMFAST,-5.594135802469136,6.059142016289398
5,5,2014-10-22,SUNDRMFAST,-10.926365795724468,5.098018184615
5,5,2014-11-27,SUNDRMFAST,-5.136397149176696,5.484265481711724
5,5,2014-12-17,SUNDRMFAST,-7.3868149324860966,4.964080001897429
5,5,2015-02-10,SUNDRMFAST,-13.918128654970763,5.138669295970867
5,5,2015-03-20,SUNDRMFAST,-7.8039430449069025,5.03493282680347
5,5,2015-04-21,SUNDRMFAST,-11.747063234191446,5.192815362532917
5,5,2015-04-30,SUNDRMFAST,-6.5388655462184975,5.228798698485111
5,5,2015-06-04,SUNDRMFAST,-12.774122807017552,5.031712044620037
5,5,2017-05-09,SUNDRMFAST,-6.065337496997358,4.948294039244903
5,5,2017-06-30,SUNDRMFAST,-6.322904175297072,5.527879543042453
5,5,2017-08-11,SUNDRMFAST,-6.828963795255937,4.505769501550335
5,5,2007-11-21,WELCORP,-11.439200186003262,6.468578852037131
5,5,2007-12-19,WELCORP,-8.81858314063485,5.263239709524333
5,5,2008-01-22,WELCORP,-15.40714704159345,5.875049425815587
5,5,2012-12-17,KTKBANK,-15.97239969332993,5.008114701902002
5,5,2013-01-11,KTKBANK,-7.5924903368304815,4.611456642176348
5,5,2013-02-08,KTKBANK,-10.80000000000001,4.712981821961592
5,5,2021-12-20,IEX,-16.26601158097912,5.3953022811311655
5,5,2022-01-27,IEX,-11.401653528167666,4.852353223124543
5,5,2022-02-09,IEX,-7.3826903023983315,4.537369746982449
5,5,2014-07-09,BALKRISIND,-6.323817236957552,4.975444301574831
5,5,2014-08-04,BALKRISIND,-7.579629745060146,5.552709309520789
5,5,2014-08-27,BALKRISIND,-5.864323661626491,4.699774243132678
5,5,2014-09-18,BALKRISIND,-5.724619605886749,5.010033369481926
5,5,2014-10-17,BALKRISIND,-8.418787188251676,5.183507898003852
5,5,2014-11-20,BALKRISIND,-26.558347426914708,4.945157207310551
5,5,2017-08-14,BALKRISIND,-7.205405569190681,5.008234186810511
5,5,2019-05-10,VINATIORGA,-5.8935160780179245,5.5075463616906095
5,5,2009-04-21,MCLEODRUSS,-8.276333789329682,5.231507950400709
5,5,2009-05-27,MCLEODRUSS,-5.691056910569103,5.723272957966808
5,5,2009-06-08,MCLEODRUSS,-8.144578313253014,4.957505415890529
5,5,2009-08-20,MCLEODRUSS,-8.784596871239469,5.42651674685396
5,5,2009-09-08,MCLEODRUSS,-6.407617086978911,6.019403719347328
5,5,2009-10-05,MCLEODRUSS,-8.111672895141787,5.654177184243577
5,5,2009-11-05,MCLEODRUSS,-5.936705936705932,5.108613901319591
5,5,2009-12-11,MCLEODRUSS,-9.898522342887661,5.853978652138838
5,5,2010-01-13,MCLEODRUSS,-5.493050959629375,5.330096499723052
5,5,2010-01-28,MCLEODRUSS,-19.505250044491895,4.855575854068631
5,5,2010-02-24,MCLEODRUSS,-8.702894024567975,5.148684172328219
5,5,2010-04-01,MCLEODRUSS,-8.30095372659837,5.7854262790585596
5,5,2010-04-19,MCLEODRUSS,-5.415372670807461,4.882779478806538
5,5,2010-04-28,MCLEODRUSS,-12.82102728731942,4.760073603587318
5,5,2017-02-15,HINDZINC,-7.596532702915693,5.0113788083601705
5,5,2009-11-03,AUROPHARMA,-11.283656117146911,5.254018249452437
5,5,2009-11-13,AUROPHARMA,-6.13391984359728,5.185948156683909
5,5,2010-01-28,AUROPHARMA,-5.72512694604097,4.668969105484773
5,5,2010-05-07,AUROPHARMA,-7.240745602520338,4.879930944641122
5,5,2010-05-24,AUROPHARMA,-6.026304441569641,5.228809893777467
5,5,2014-01-13,AUROPHARMA,-7.551070038910512,5.004113882565853
5,5,2014-03-12,AUROPHARMA,-7.695181172954801,5.108598903694037
5,5,2014-07-10,AUROPHARMA,-13.581934140309759,5.38165022129589
5,5,2014-07-28,AUROPHARMA,-6.360936528765803,4.678162891433839
5,5,2014-09-24,AUROPHARMA,-7.9638373833928355,5.166386973149574
5,5,2014-10-14,AUROPHARMA,-6.551291698018558,5.0024172945834104
5,5,2014-12-17,AUROPHARMA,-6.674973300106801,4.89788447578534
5,5,2015-02-09,AUROPHARMA,-17.137997864177514,5.220166030690215
5,5,2024-02-07,AUROPHARMA,-13.573539638386656,5.077014227999652
5,5,2024-03-13,AUROPHARMA,-7.219633713152174,5.057498069093042
5,5,2013-11-12,EMAMILTD,-7.592039800995021,5.025634009291297
5,5,2013-12-06,EMAMILTD,-5.3883202889825395,4.869541089943757
5,5,2009-07-08,BANKBARODA,-18.188010899182572,5.737069148743962
5,5,2009-08-10,BANKBARODA,-7.137809187279142,4.776599855852209
5,5,2011-05-04,BANKBARODA,-15.56291390728476,4.987114010483483
5,5,2024-09-10,OIL,-16.571898335274383,5.917428266945894
5,5,2024-10-03,OIL,-6.894764126490427,4.418879294647934
5,5,2024-10-28,OIL,-10.162294772598601,4.801019951076034
5,5,2011-04-25,FMGOETZE,-7.2323232323232345,5.026217855564486
5,5,2011-05-19,FMGOETZE,-8.028419182948499,5.014902292715783
5,5,2011-06-02,FMGOETZE,-7.6440177252585,4.787864645891599
5,5,2014-11-17,JKLAKSHMI,-5.983724269985635,5.002549063571859
5,5,2014-12-17,JKLAKSHMI,-6.6042385411532845,5.39445377739777
5,5,2015-01-30,JKLAKSHMI,-7.554600787683485,4.954653013450763
5,5,2015-02-09,JKLAKSHMI,-7.66427943208946,4.668646237918594
5,5,2015-02-26,JKLAKSHMI,-6.202497285559161,4.751016731423456
5,5,2015-03-26,JKLAKSHMI,-8.574380165289252,5.136417074676715
5,5,2015-04-17,JKLAKSHMI,-5.681049641552816,4.811354430458609
5,5,2015-05-12,JKLAKSHMI,-6.857383256205296,5.005832349316285
5,5,2015-06-08,JKLAKSHMI,-9.570001447806575,4.716939811888599
5,5,2014-02-04,PERSISTENT,-5.942971485742865,5.174741875532318
5,5,2014-03-13,PERSISTENT,-7.955220083114234,5.54921415006018
5,5,2014-04-30,PERSISTENT,-5.696498782999438,4.815133370403434
5,5,2014-05-19,PERSISTENT,-6.780535631353535,4.729896419006521
5,5,2020-08-31,PERSISTENT,-12.099252396459214,5.458629742919084
5,5,2020-10-07,PERSISTENT,-5.471797179717974,6.312887665343599
5,5,2020-10-21,PERSISTENT,-11.79607041121905,5.192955937535402
5,5,2021-01-28,PERSISTENT,-8.21854912764004,5.294282552124602
5,5,2021-02-22,PERSISTENT,-7.518670806410999,4.897895602077926
5,5,2021-03-26,PERSISTENT,-6.206878797240245,5.7496109965210875
5,5,2021-04-19,PERSISTENT,-7.029369282619157,5.10741884258298
5,5,2021-07-08,PERSISTENT,-5.450276989595992,6.0579058021292065
5,5,2021-10-22,PERSISTENT,-8.074548907882239,5.379297161811477
5,5,2021-11-26,PERSISTENT,-6.0639921181319,4.971597264834415
5,5,2022-01-10,PERSISTENT,-7.763592701299238,5.45518397825493
5,5,2022-01-24,PERSISTENT,-7.119933300592763,4.666929804931907
5,5,2022-02-17,PERSISTENT,-11.327894856106957,5.257664424381254
5,5,2010-03-31,ZENSARTECH,-6.935428766655283,4.941883896013553
5,5,2010-05-21,ZENSARTECH,-8.296862479196188,5.306987806487506
5,5,2012-08-31,ZENSARTECH,-7.5407990996060885,4.8408034481628155
5,5,2012-10-22,ZENSARTECH,-9.673913043478265,4.883716783013642
5,5,2023-09-12,ZENSARTECH,-8.176775809626037,5.14730549882858
5,5,2023-10-25,ZENSARTECH,-13.605380350813412,4.910172184238081
5,5,2024-01-03,ZENSARTECH,-7.891590275009963,5.613331147169534
5,5,2024-01-23,ZENSARTECH,-5.017889868225844,4.977956651948504
5,5,2011-05-04,GFLLIMITED,-7.653061224489798,5.004324165444647
5,5,2011-06-16,GFLLIMITED,-6.382978723404253,4.892893110278186
5,5,2012-02-27,GFLLIMITED,-6.218905472636815,4.8416743351162115
5,5,2012-03-07,GFLLIMITED,-6.041923551171379,4.933225818325428
5,5,2012-04-13,GFLLIMITED,-7.850241545893722,4.730992670351499
5,5,2012-04-26,GFLLIMITED,-6.928104575163396,4.761578731837191
5,5,2014-12-17,GFLLIMITED,-5.917667238421953,4.995356243025535
5,5,2015-01-23,GFLLIMITED,-5.128205128205132,5.004618222831042
5,5,2015-03-24,GFLLIMITED,-7.497893850042125,4.812714110255122
5,5,2015-04-27,GFLLIMITED,-10.720887245841038,5.0778391035439965
5,5,2019-05-09,GFLLIMITED,-9.824135839902981,4.906523424113312
5,5,2010-04-13,DRREDDY,-6.5623283909939545,5.0174752189102945
5,5,2014-03-07,DRREDDY,-5.878086686237283,5.085916361116508
5,5,2014-03-27,DRREDDY,-6.837975959116105,5.129953600140713
5,5,2021-01-18,DRREDDY,-6.732757347511442,5.04369882985106
5,5,2021-02-01,DRREDDY,-12.085806746212945,4.82034408760568
5,5,2009-05-06,JINDALPOLY,-9.550000000000002,4.550070645728179
5,5,2009-05-28,JINDALPOLY,-5.414625069776092,3.9889533580535423
5,5,2010-10-21,JINDALPOLY,-18.09176225234619,6.718681319869677
5,5,2010-11-03,JINDALPOLY,-6.822757437924087,6.816481958072125
5,5,2010-11-16,JINDALPOLY,-20.249415432579887,4.9777272198725475
5,5,2011-05-09,JINDALPOLY,-10.456049149338376,5.052756277442154
5,5,2011-05-27,JINDALPOLY,-6.557158119658113,4.882420218028689
5,5,2011-06-23,JINDALPOLY,-16.532137518684607,4.840892673100331
5,5,2022-10-14,INDHOTEL,-9.257360480445298,5.5617558277154995
5,5,2022-11-15,INDHOTEL,-9.236363636363631,5.000796776061885
5,5,2022-12-22,INDHOTEL,-8.762190547636905,5.190267058201935
5,5,2009-06-18,LUPIN,-5.4083505391144815,5.14205385371105
5,5,2009-07-02,LUPIN,-6.839899413243911,5.485790961480042
5,5,2009-07-10,LUPIN,-6.474608224343115,5.043815656196501
5,5,2009-07-30,LUPIN,-5.1598197171424225,5.354107262304468
5,5,2009-09-03,LUPIN,-7.058370997211261,4.808569016695968
5,5,2010-08-31,LUPIN,-6.7381918094988835,4.848477811087773
5,5,2014-01-29,LUPIN,-6.548357516586655,4.87425631685439
5,5,2015-04-17,LUPIN,-12.189011534168426,4.730345937967847
5,5,2015-05-14,LUPIN,-6.26364158529581,4.625247556519374
5,5,2024-05-29,LUPIN,-6.664529665462171,4.932092757069661
5,5,2024-10-23,LUPIN,-5.500387190816747,4.84912070467338
5,5,2024-11-13,LUPIN,-5.865515569816038,4.83062161184854
5,5,2022-01-27,UNOMINDA,-14.002676220486032,4.698394234621126
5,5,2022-02-14,UNOMINDA,-13.484358144552333,5.0032382732147145
5,5,2024-02-12,NTPC,-5.935733412674815,4.996708923896386
5,5,2024-03-15,NTPC,-10.1930721181147,5.1946532800178264
5,5,2024-04-22,NTPC,-5.210780926053915,5.010989070663653
5,5,2024-05-09,NTPC,-6.232217856658984,4.858553073093997
5,5,2024-06-04,NTPC,-9.345922276956752,4.941685938646639
5,5,2021-08-27,LUXIND,-6.079980698473975,4.891380072788802
5,5,2021-09-24,LUXIND,-8.838087143464247,4.716248006579918
5,5,2009-06-23,COROMANDEL,-14.364904902991494,5.330031899382754
5,5,2009-07-13,COROMANDEL,-14.151447185731069,5.006156316268062
5,5,2009-08-10,COROMANDEL,-6.775956284153006,4.248976753561549
5,5,2010-08-25,COROMANDEL,-5.737559136342618,5.188278117822923
5,5,2010-09-20,COROMANDEL,-6.16886106251725,5.535704821139836
5,5,2010-11-01,COROMANDEL,-5.009691367228275,5.422709560007455
5,5,2010-11-25,COROMANDEL,-11.282608695652174,5.00406089361172
5,5,2011-04-26,COROMANDEL,-9.706183306534133,5.328175342633945
5,5,2011-05-26,COROMANDEL,-5.7671381936887816,5.001434884320224
5,5,2017-02-20,COROMANDEL,-5.686801527797414,5.284837760499088
5,5,2020-08-17,COROMANDEL,-8.089859279358869,5.005262148345473
5,5,2020-09-04,COROMANDEL,-8.41437892404283,5.033121179459886
5,5,2020-10-07,COROMANDEL,-9.190040970690195,5.006304179927317
5,5,2020-12-07,COROMANDEL,-5.009959558157783,5.053909740807764
5,5,2025-06-16,COROMANDEL,-6.030192435301906,5.000000000000003
5,5,2025-07-07,COROMANDEL,-9.488264410027137,5.046790090786431
5,5,2025-08-13,COROMANDEL,-9.850662833413203,4.953667803274832
5,5,2025-08-28,COROMANDEL,-6.365740740740744,4.645931048596315
5,5,2009-04-22,EMBDL,-11.98388721047331,5.84232478797118
5,5,2009-06-08,EMBDL,-15.64708257621643,6.675046370611254
5,5,2021-10-25,FLUOROCHEM,-16.790000474360788,4.737706513511399
5,5,2021-11-22,FLUOROCHEM,-6.4318139707244875,5.650345050051335
5,5,2021-12-17,FLUOROCHEM,-15.763714772841231,4.867828690821901
5,5,2022-01-27,FLUOROCHEM,-10.779667149059325,4.906125096506807
5,5,2022-02-14,FLUOROCHEM,-11.015097820282538,5.004563807322873
5,5,2022-10-19,FLUOROCHEM,-8.984747961906624,5.102045443898712
5,5,2022-11-15,FLUOROCHEM,-11.517814201967946,4.999673528764401
5,5,2022-12-05,FLUOROCHEM,-8.649872072426678,4.7088268589473685
5,5,2022-12-23,FLUOROCHEM,-10.729253981559095,4.867899496144639
5,5,2014-07-14,KEC,-11.246418338108876,5.00282012806687
5,5,2014-08-04,KEC,-17.436489607390303,4.691431926141931
5,5,2014-08-28,KEC,-7.498856881572924,4.809789552863621
5,5,2014-09-25,KEC,-9.103078982597058,5.133731558043795
5,5,2014-10-17,KEC,-5.474280320906089,5.155153746146564
5,5,2014-11-11,KEC,-9.38069216757741,5.178145214603137
5,5,2017-09-21,KEC,-5.703018352798406,5.079302987160837
5,5,2017-11-13,KEC,-8.20812905266487,5.003929011656417
5,5,2017-12-14,KEC,-5.961035184646701,5.323864855330777
5,5,2018-01-22,KEC,-7.082521117608842,5.095266750125635
5,5,2018-02-02,KEC,-6.615426846006045,4.907319245562298
5,5,2021-04-19,TIINDIA,-6.896551724137934,4.893380647119809
5,5,2021-05-10,TIINDIA,-6.151044965167829,5.03026664609164
5,5,2021-06-21,TIINDIA,-12.249962400360948,5.335311305493362
5,5,2021-07-09,TIINDIA,-7.2215370220729,4.816710885662487
5,5,2022-09-19,TIINDIA,-6.453676457149127,5.0
5,5,2022-09-29,TIINDIA,-5.63498584862595,5.025753612369039
5,5,2022-11-14,TIINDIA,-13.044834578256893,5.090668984361751
5,5,2022-12-26,TIINDIA,-7.15499402769133,5.089070897804699
5,5,2010-05-04,WIPRO,-6.461307287753559,4.803575828748681
5,5,2023-08-08,ABCAPITAL,-5.353046138159567,4.930487307283883
5,5,2026-05-13,ABCAPITAL,-6.7695640400758155,5.260798519771782
5,5,2020-09-21,EPL,-19.21215156067435,5.240525664036584
5,5,2020-10-29,EPL,-9.404563160823598,5.54817989986447
5,5,2026-06-10,NATIONALUM,-13.90478370336462,5.1540418706302225
5,5,2026-06-30,NATIONALUM,-10.146844820743473,4.652651223624687
5,5,2026-07-21,NATIONALUM,-6.029049054535484,5.175952137635698
5,5,2026-08-19,NATIONALUM,-7.964285714285713,5.429545287590389
5,5,2026-09-02,NATIONALUM,-7.337841222138741,5.082275820617207
5,5,2009-07-13,JAYSREETEA,-10.836584308625918,5.00608494084525
5,5,2009-08-10,JAYSREETEA,-7.828902187775933,4.802490679952262
5,5,2009-10-12,JAYSREETEA,-6.042963260389477,5.002680698856938
5,5,2009-11-03,JAYSREETEA,-6.534460338101433,4.971824334356097
5,5,2009-12-16,JAYSREETEA,-5.404624277456649,4.992863371273609
5,5,2010-01-28,JAYSREETEA,-15.583306649589069,5.029448705934752
5,5,2021-12-21,BSE,-18.83346425765907,5.859205105925296
5,5,2022-01-28,BSE,-8.99646789943902,5.3623063541178215
5,5,2023-11-24,BSE,-9.97822706065319,6.064457840471381
5,5,2023-12-11,BSE,-6.311955093753719,5.007981282358764
5,5,2023-12-27,BSE,-5.561804774403201,4.617595342633912
5,5,2024-01-23,BSE,-8.556392931392931,5.051280556347104
5,5,2024-02-12,BSE,-7.766194213423927,5.014398402743195
5,5,2024-03-13,BSE,-12.041713123893238,4.884107785856199
5,5,2024-04-30,BSE,-12.802362647665477,5.770516240803381
5,5,2024-05-23,BSE,-7.254244504763429,4.896323127797218
5,5,2024-06-04,BSE,-5.383804184936447,4.583982680606622
5,5,2024-06-24,BSE,-9.460120698091668,4.981638201016221
5,5,2024-07-10,BSE,-8.28196521208423,4.318207509528456
5,5,2024-07-22,BSE,-6.580366774541535,4.933712661283652
5,5,2024-08-07,BSE,-6.178489702517165,5.249363835518498
5,5,2025-06-17,BSE,-11.346243428495374,4.997153730448586
5,5,2025-07-10,BSE,-12.545654409418095,4.598011836850194
5,5,2025-08-28,BSE,-13.65834324217201,4.9526998582552695
5,5,2020-10-19,CDSL,-7.648460980412475,5.052863137876148
5,5,2020-11-25,CDSL,-5.157936825269893,5.125162288029238
5,5,2021-01-28,CDSL,-6.681428708963133,4.859986859027927
5,5,2021-03-12,CDSL,-5.202358833508369,5.424008461648191
5,5,2021-04-19,CDSL,-5.094226543250979,5.542781289594432
5,5,2021-07-27,CDSL,-11.896321831604284,7.109729520065939
5,5,2021-08-12,CDSL,-7.871298151859274,6.10419019398984
5,5,2021-09-23,CDSL,-7.916998047863499,5.440997696236375
5,5,2021-11-23,CDSL,-7.651353333120792,5.2265013762839825
5,5,2021-12-21,CDSL,-11.922476899075951,5.270240109072558
5,5,2022-01-24,CDSL,-8.184096326630396,5.060556068470006
5,5,2012-09-24,HINDUNILVR,-5.472083101465408,5.0198744486144475
5,5,2012-02-27,ACC,-7.9293058655640625,4.853857995603029
5,5,2010-08-24,GILLETTE,-6.646938310949235,4.850528209870135
5,5,2012-06-07,GILLETTE,-5.846947549441095,4.948451465446927
5,5,2022-09-27,M&M,-5.157527149929009,5.041000965468386
5,5,2020-08-03,NAVINFLUOR,-5.742791419247839,5.222242453388931
5,5,2020-08-17,NAVINFLUOR,-5.844109956893517,5.006599832209049
5,5,2020-08-31,NAVINFLUOR,-8.997878738432119,4.988551183305512
5,5,2020-09-22,NAVINFLUOR,-9.021329410683087,5.17794220349359
5,5,2020-10-08,NAVINFLUOR,-8.674824619156807,5.203156968803647
5,5,2020-12-08,NAVINFLUOR,-5.0772585785912705,5.0669165614059715
5,5,2021-01-14,NAVINFLUOR,-8.238727356845443,5.193365316834695
5,5,2021-01-29,NAVINFLUOR,-9.901729559748428,4.790351520832386
5,5,2021-02-19,NAVINFLUOR,-5.597717546362347,5.125655192937096
5,5,2019-04-04,RBLBANK,-5.122022504749369,5.3177166472671455
5,5,2010-05-21,ASIANPAINT,-5.57683325548809,5.065783776549318
5,5,2008-01-22,SHRIRAMFIN,-15.789473684210531,5.51469486634002
5,5,2021-04-12,ATGL,-14.926975945017185,5.006653512329486
5,5,2021-05-14,ATGL,-8.155960124706517,5.11119714347497
5,5,2021-06-29,ATGL,-22.625054057950123,4.307115093568596
5,5,2021-07-20,ATGL,-11.692107827216624,5.050251082842423
5,5,2021-09-07,ATGL,-8.141135972461278,7.332559129400229
5,5,2021-12-22,ATGL,-10.623313198817641,5.932441953760243
5,5,2022-02-21,ATGL,-7.078198913741751,5.04840820932921
5,5,2022-09-27,ATGL,-8.061334167811808,5.072767761568511
5,5,2022-11-22,ATGL,-5.505366380974442,5.231905958350136
5,5,2022-12-14,ATGL,-5.69651641266905,5.2379059543208735
5,5,2022-12-23,ATGL,-9.824815889310434,5.093284470228607
5,5,2020-08-20,APLLTD,-8.966093046987345,5.088793334990813
5,5,2020-09-01,APLLTD,-7.901729756831277,4.530270329326874
5,5,2020-09-23,APLLTD,-5.31000931580582,4.8891248414349775
5,5,2020-11-10,APLLTD,-5.934837092731837,5.21114834863526
5,5,2020-12-21,APLLTD,-5.4025472435514255,5.314316616128003
5,5,2021-01-22,APLLTD,-13.623414813453405,5.070692928516482
5,5,2014-07-08,SRF,-12.706620327201822,5.29645113025658
5,5,2014-10-17,SRF,-8.298611111111098,4.908818552391459
5,5,2014-11-10,SRF,-9.30854025164235,5.995612999876488
5,5,2014-12-11,SRF,-5.523271902152849,5.375316524091725
5,5,2015-01-09,SRF,-7.171141849742336,5.061876420941878
5,5,2015-02-18,SRF,-7.0901556498888185,5.15896005215973
5,5,2015-03-11,SRF,-5.948144382308074,4.790509508722813
5,5,2015-04-27,SRF,-13.169319826338644,5.7702433225872145
5,5,2015-06-08,SRF,-7.300166710537859,5.841519582178466
5,5,2020-02-28,SRF,-6.55179034270904,5.126391147514122
5,5,2021-10-20,SRF,-11.329910852262003,5.205250108603816
5,5,2021-11-30,SRF,-8.479718939635895,5.10688416506357
5,5,2011-04-28,WOCKPHARMA,-5.368013281682337,4.976479245724024
5,5,2011-06-23,WOCKPHARMA,-8.673469387755095,4.849977064208179
5,5,2012-04-16,WOCKPHARMA,-6.2448210922787295,5.011553825121283
5,5,2017-09-11,VAKRANGEE,-7.510319138226107,5.004168742252787
5,5,2018-02-05,VAKRANGEE,-51.735402204981625,6.040267904324429
5,5,2009-04-27,PFC,-6.307977736549175,5.278212124509183
5,5,2009-05-11,PFC,-6.375336725531266,5.293038025637813
5,5,2009-05-27,PFC,-10.314318975552972,5.421259597896711
5,5,2009-06-08,PFC,-6.303866042846595,4.474295831676922
5,5,2009-06-23,PFC,-8.608147429679935,5.286861284534073
5,5,2009-07-09,PFC,-7.386910490856591,5.438960451286178
5,5,2009-08-10,PFC,-9.82448630136985,5.216571583388321
5,5,2009-09-07,PFC,-6.23963515754562,5.192291802735046
5,5,2009-11-03,PFC,-8.739348918505573,4.893772151412072
5,5,2023-09-06,PFC,-5.6258017225581884,4.996554703336577
5,5,2023-09-15,PFC,-8.423467715503119,5.526754343090934
5,5,2023-10-26,PFC,-6.304657311368722,4.870572707418742
5,5,2023-12-20,PFC,-9.471313418681838,5.5680798720466775
5,5,2024-02-12,PFC,-7.421150278293132,5.014398402743195
5,5,2024-03-19,PFC,-15.499359049061878,5.342976962314619
5,5,2024-04-15,PFC,-5.8541266794625795,4.80798563481764
5,5,2024-05-10,PFC,-13.071079196586533,5.618245620858672
5,5,2024-06-04,PFC,-17.480421541138934,5.7008843011268215
5,5,2024-07-19,PFC,-6.466876971608826,5.143702299307262
5,5,2024-08-05,PFC,-9.912272768382024,4.988980358607111
5,5,2020-03-02,JKCEMENT,-6.15086004952814,5.424449214823551
5,5,2025-06-20,JKCEMENT,-6.395396629675298,5.321199446336654
5,5,2025-08-28,JKCEMENT,-7.335190343546893,5.425485469173813
5,5,2014-07-09,BHARATFORG,-7.234363225320273,5.326951523895798
5,5,2014-09-25,BHARATFORG,-8.37088388214905,4.965191946503337
5,5,2014-10-16,BHARATFORG,-7.584706248057193,5.024103752365247
5,5,2014-12-17,BHARATFORG,-10.380927701477061,5.014072323537466
5,5,2015-03-26,BHARATFORG,-7.57002560281248,5.190344435510939
5,5,2015-04-22,BHARATFORG,-11.466565349544078,4.991123193756396
5,5,2015-05-12,BHARATFORG,-6.036132588226284,5.265622938532327
5,5,2015-06-09,BHARATFORG,-9.448004961753153,4.837163836309937
5,5,2026-08-14,BHARATFORG,-8.83807169344869,5.137560786540212
5,5,2009-04-22,IIFL,-15.268557634278812,5.949494186465396
5,5,2009-05-26,IIFL,-9.150090415913203,8.36974975467875
5,5,2009-06-17,IIFL,-20.780117362789085,4.911276951022763
5,5,2009-07-06,IIFL,-9.394654088050313,4.427119649871754
5,5,2020-02-28,RELAXO,-13.494379929205735,5.444818526520771
5,5,2009-09-02,SUPREMEIND,-6.192767344404793,4.946088365938819
5,5,2009-10-27,SUPREMEIND,-9.964463397299205,5.308480534945604
5,5,2009-11-27,SUPREMEIND,-5.497794580970372,4.853313685851055
5,5,2010-02-25,SUPREMEIND,-7.141306707184714,5.275592124171527
5,5,2013-12-26,SUPREMEIND,-6.01386094343842,4.973098284212218
5,5,2014-01-24,SUPREMEIND,-11.762837480148225,5.6263216232818
5,5,2023-09-15,SUPREMEIND,-10.985924621649945,5.118226867266424
5,5,2023-10-05,SUPREMEIND,-6.85359382537386,4.631485995973401
5,5,2023-10-26,SUPREMEIND,-11.25485947358359,5.583198631301781
5,5,2023-11-09,SUPREMEIND,-6.388116574542801,5.479459735472994
5,5,2012-12-07,HCLTECH,-6.466108149276472,5.0851048374633425
5,5,2013-01-24,HCLTECH,-5.348011363636362,5.6591813289265405
5,5,2014-03-05,HCLTECH,-5.5844281610123,5.207217346087861
5,5,2014-05-07,HCLTECH,-6.620948071688648,4.86305772576766
5,5,2014-05-20,HCLTECH,-8.68169446576873,4.97136843532545
5,5,2014-06-04,HCLTECH,-9.177687528202993,4.701613853469616
5,5,2009-04-28,NIITLTD,-5.974842767295597,5.639126993341169
5,5,2009-05-14,NIITLTD,-11.06557377049181,6.3266462788130475
5,5,2019-03-27,ADANIPOWER,-5.999999999999995,5.006620849295205
5,5,2019-05-03,ADANIPOWER,-17.061611374407594,5.152780041482587
5,5,2026-05-12,ADANIPOWER,-8.840667942250835,4.993890575071957
5,5,2026-06-04,ADANIPOWER,-7.585070909163949,5.111866114185175
5,5,2026-07-28,ADANIPOWER,-5.499841176203657,5.005734591253262
5,5,2023-05-23,NCC,-8.612226684515834,4.845904246161554
5,5,2023-06-09,NCC,-5.969566913772928,5.356078026871781
5,5,2023-09-12,NCC,-11.261393707733024,5.075132851027658
5,5,2023-10-25,NCC,-13.067484662576689,4.981745352724758
5,5,2014-09-29,SIMPLEXINF,-15.9011964492474,4.480414105536578
5,5,2010-11-19,AGI,-6.905055487053014,5.127302005075644
5,5,2011-05-04,AGI,-6.101694915254241,5.529959399543854
5,5,2011-05-19,AGI,-5.555555555555558,4.956245437854269
5,5,2011-06-08,AGI,-5.252525252525253,5.340121598441076
5,5,2021-01-19,INDIAMART,-9.891754741434388,5.526934411362724
5,5,2021-02-17,INDIAMART,-8.236650225176923,5.039762195555403
5,5,2021-03-02,INDIAMART,-9.816910279521318,4.906144701846788
5,5,2021-03-23,INDIAMART,-5.966028841644066,5.073623364197012
5,5,2021-04-19,INDIAMART,-7.738846676035537,5.05123572193396
5,5,2021-05-05,INDIAMART,-14.129766915695718,5.112290479888749
5,5,2017-05-22,LTF,-7.268639940052446,4.847856218119092
5,5,2017-09-28,LTF,-9.85081695477149,4.93280333918446
5,5,2017-10-26,LTF,-5.422993492407812,4.981313515204045
5,5,2017-11-13,LTF,-6.934493346980563,5.0033841780147155
5,5,2017-12-04,LTF,-7.918298824846104,4.532547535357992
5,5,2007-11-12,RIIL,-15.416848711125219,5.0106654374792665
5,5,2007-12-11,RIIL,-9.570803918215788,3.8494728374723968
5,5,2007-12-20,RIIL,-9.842133091623229,5.131834754855573
5,5,2008-01-24,RIIL,-22.51556714910805,4.572127670786143
5,5,2022-09-28,BDL,-10.45002985722816,5.577695431020287
5,5,2022-10-14,BDL,-6.511551874455101,5.614696396447492
5,5,2022-11-15,BDL,-7.769184411410201,5.00135884373482
5,5,2022-12-22,BDL,-10.958029682429915,4.934747720877999
5,5,2025-07-10,ASTERDM,-7.714791169910007,5.573714128485061
5,5,2007-10-24,GMDCLTD,-13.895811560414817,9.135839688427696
5,5,2007-11-27,GMDCLTD,-16.968599033816425,4.81297723393163
5,5,2007-12-12,GMDCLTD,-7.95944039949682,4.3709558292274675
5,5,2008-01-07,GMDCLTD,-5.7126348228043184,4.9597671665085805
5,5,2008-01-24,GMDCLTD,-29.524661489041605,5.401396683253457
5,5,2012-03-06,GMDCLTD,-8.357699805068219,5.509943662110126
5,5,2012-03-19,GMDCLTD,-8.603238866396756,4.967026155670708
5,5,2012-04-24,GMDCLTD,-5.313496280552599,4.901582892974703
5,5,2012-05-16,GMDCLTD,-7.190489997100591,4.925989654818073
5,5,2026-05-12,GMDCLTD,-10.09995107290138,4.853019639097469
5,5,2026-06-11,GMDCLTD,-13.01617788283963,4.440805923662306
5,5,2026-06-29,GMDCLTD,-5.628976994615764,4.7658095134898195
5,5,2014-03-28,TATAELXSI,-8.686712927268047,4.656736501419234
5,5,2014-05-09,TATAELXSI,-8.092380432805967,4.72760332413875
5,5,2014-05-29,TATAELXSI,-5.717447436370349,4.506997650753881
5,5,2014-06-13,TATAELXSI,-7.124294291603195,4.356810657909462
5,5,2014-07-14,TATAELXSI,-7.8312302839116725,5.002882388580178
5,5,2014-08-01,TATAELXSI,-6.949776071657077,4.920328097675401
5,5,2014-09-16,TATAELXSI,-5.074457753318207,4.888828081299773
5,5,2014-09-26,TATAELXSI,-7.837575576621636,5.2741082960947105
5,5,2014-10-17,TATAELXSI,-6.774503523382435,4.962859378592938
5,5,2020-12-14,TATAELXSI,-5.768211530534117,5.007529043197985
5,5,2021-01-28,TATAELXSI,-7.056502242152463,7.299236067477248
5,5,2021-02-22,TATAELXSI,-6.714473108876251,4.891655862750851
5,5,2021-05-11,TATAELXSI,-8.59772027190372,6.245669552967552
5,5,2021-07-23,TATAELXSI,-5.299636736422187,4.944123676908649
5,5,2021-10-25,TATAELXSI,-8.057547125017805,5.066470534232798
5,5,2021-11-25,TATAELXSI,-9.764825400676258,5.181166158218658
5,5,2021-12-21,TATAELXSI,-9.755145758433725,4.989971850161151
5,5,2022-02-14,TATAELXSI,-9.5378956943999,5.004563807322873
5,5,2025-08-13,GODFRYPHLP,-7.439396158831679,6.0756415644798105
5,5,2010-03-16,BSOFT,-7.375776397515543,5.191792410316506
5,5,2010-03-29,BSOFT,-5.634373733279274,4.872901440122019
5,5,2012-09-17,BSOFT,-9.956076134699854,4.935391895236442
5,5,2020-12-31,BSOFT,-5.655330531142521,6.673496471324658
5,5,2021-01-18,BSOFT,-6.879699248120308,5.145494284531845
5,5,2021-02-12,BSOFT,-9.966838614591001,5.179896139639043
5,5,2021-04-19,BSOFT,-8.500459981600738,4.850675291512827
5,5,2021-07-23,BSOFT,-5.091212590914518,5.165247781710119
5,5,2024-01-03,BSOFT,-6.700680272108839,5.549757794425243
5,5,2024-02-26,BSOFT,-6.274061597690094,4.905968883026702
5,5,2024-03-18,BSOFT,-6.1257423186160675,5.010544154686246
5,5,2024-04-22,BSOFT,-9.913969684555502,5.035437574322286
5,5,2024-05-07,BSOFT,-9.129983696457689,4.519654655132362
5,5,2009-06-18,MARUTI,-5.986605312314919,5.091432129933731
5,5,2009-08-10,MARUTI,-15.174264556016038,6.167748077408577
5,5,2009-09-14,MARUTI,-5.158883314035756,5.0050067856971525
5,5,2009-10-08,MARUTI,-11.205477841777366,5.071017841741994
5,5,2009-10-30,MARUTI,-7.604687911509089,4.5705614761317666
5,5,2009-12-21,MARUTI,-5.4801329646773755,5.163531429217704
5,5,2010-01-08,MARUTI,-8.137298891096712,4.841264409999471
5,5,2010-01-28,MARUTI,-5.489080124798573,4.291507722459768
5,5,2018-02-05,MARUTI,-5.711942018752536,5.267107284417418
5,5,2017-05-24,VGUARD,-16.46977067407921,5.102692936711015
5,5,2017-06-14,VGUARD,-5.467511885895416,5.007987555288841
5,5,2017-06-28,VGUARD,-6.5008025682183,4.911308188680173
5,5,2017-08-03,VGUARD,-6.535778868509434,5.2467608066253355
5,5,2010-08-11,TRENT,-5.695142378559471,4.394751489275739
5,5,2010-09-24,TRENT,-9.268929503916446,4.7456038296203085
5,5,2020-03-02,TRENT,-8.04749340369394,5.900780486134237
5,5,2020-07-27,TRENT,-10.339770227328282,4.713692889465258
5,5,2024-02-05,TRENT,-6.755070923624274,5.297348341803174
5,5,2024-02-26,TRENT,-5.003520996256627,6.4099135878058435
5,5,2024-05-09,TRENT,-5.139130996190855,5.654986724866
5,5,2024-07-19,TRENT,-8.320911413969345,4.992025091164863
5,5,2024-08-06,TRENT,-7.112356551908194,4.954450462697305
5,5,2024-10-04,TRENT,-6.27306273062731,5.359873334065264
5,5,2024-10-22,TRENT,-7.717587976810314,5.1988044903082145
5,5,2024-11-08,TRENT,-11.890474192194711,5.021589055771767
5,5,2023-06-07,CGPOWER,-5.791014382079673,5.725477478349569
5,5,2023-07-25,CGPOWER,-5.488526141471494,5.282555066238951
5,5,2023-10-10,CGPOWER,-7.291549454259039,4.851266184860565
5,5,2023-10-25,CGPOWER,-5.09748948642793,4.448695551175967
5,5,2010-05-21,ESCORTS,-10.036880927291891,5.23720230914117
5,5,2014-01-08,ESCORTS,-11.123267687819116,5.11180111352651
5,5,2014-02-14,ESCORTS,-8.569051580698828,4.92136712779823
5,5,2014-03-18,ESCORTS,-6.466227347611209,5.003415230430875
5,5,2014-05-08,ESCORTS,-16.330565440885724,4.998859153900469
5,5,2014-05-29,ESCORTS,-9.121370067014157,5.347902140025078
5,5,2017-05-23,ESCORTS,-9.185851501753318,5.343312395623382
5,5,2017-06-15,ESCORTS,-5.3650073401841585,5.035837344261417
5,5,2017-06-28,ESCORTS,-9.67363554819568,4.824554773528159
5,5,2017-08-10,ESCORTS,-13.18275760259816,4.879020873980169
5,5,2017-09-25,ESCORTS,-6.949025487256377,4.769231624277193
5,5,2017-11-06,ESCORTS,-7.462783171521037,5.212576589786527
5,5,2017-12-06,ESCORTS,-7.874911158493248,4.8837030927954865
5,5,2018-01-18,ESCORTS,-6.899096107729208,5.23903307121278
5,5,2020-07-29,ESCORTS,-5.2255545401678205,5.356325484158514
5,5,2020-09-24,ESCORTS,-6.90999718615587,5.066335483323172
5,5,2020-10-08,ESCORTS,-5.7112518487618,5.3414584163974075
5,5,2020-10-19,ESCORTS,-5.672938925211302,5.1302605305160105
5,5,2020-12-22,ESCORTS,-7.976631839119197,4.783072163908493
5,5,2021-01-19,ESCORTS,-7.466695705833248,5.142935150761466
5,5,2021-01-28,ESCORTS,-6.245452804901397,4.899215289876153
5,5,2020-12-21,SYNGENE,-6.543583040601253,5.052663259115615
5,5,2021-01-11,SYNGENE,-5.77662663841142,5.00422307231099
5,5,2021-01-29,SYNGENE,-7.109471094710951,4.762648447797606
5,5,2021-02-22,SYNGENE,-5.847457627118646,4.938165009263073
5,5,2021-03-19,SYNGENE,-7.827113411422859,5.079753217607514
5,5,2023-06-27,IDFCFIRSTB,-5.4951690821256065,5.243830261402261
5,5,2023-09-12,IDFCFIRSTB,-5.796370967741938,4.97546301313945
5,5,2023-10-05,IDFCFIRSTB,-5.740645822655043,4.7917106515019015
5,5,2023-11-01,IDFCFIRSTB,-6.942053930005754,4.863378517210878
5,5,2011-06-23,BATAINDIA,-9.829399805533455,5.648303071636575
5,5,2012-03-05,BATAINDIA,-5.030959752321984,4.947873779975383
5,5,2012-06-05,BATAINDIA,-10.01270226984039,5.168195684074817
5,5,2012-06-18,BATAINDIA,-5.157421289355324,4.917711377717036
5,5,2019-05-09,BATAINDIA,-7.874552582239646,5.2057183074974285
5,5,2020-02-28,BATAINDIA,-8.485335698841268,4.925338931802211
5,5,2017-09-27,IGL,-5.939272605939272,5.410224316038281
5,5,2017-11-17,IGL,-6.156716417910446,5.111137134413429
5,5,2020-02-17,IGL,-8.771929824561408,5.00589266027172
5,5,2021-01-14,SUZLON,-21.118012422360255,5.617072269137595
5,5,2021-01-25,SUZLON,-12.949640287769792,4.974768914389956
5,5,2021-02-18,SUZLON,-16.000000000000004,4.664975584067608
5,5,2023-11-22,SUZLON,-7.777777777777772,5.384730925289675
5,5,2023-12-20,SUZLON,-6.675392670157077,4.67405447847755
5,5,2024-01-19,SUZLON,-6.792873051224935,5.233465323980895
5,5,2024-02-13,SUZLON,-8.54166666666667,4.970326655356904
5,5,2024-02-26,SUZLON,-5.200433369447454,4.709098737459189
5,5,2024-03-06,SUZLON,-14.47513812154696,4.756388005831851
5,5,2024-04-19,SUZLON,-6.6429418742585895,5.072196398411481
5,5,2024-05-09,SUZLON,-5.035971223021585,4.807011876485922
5,5,2024-05-30,SUZLON,-6.004140786749479,5.650719383426931
5,5,2024-06-10,SUZLON,-5.200000000000005,5.64717672997189
5,5,2024-08-26,SUZLON,-5.340106554330304,5.6460527132134954
5,5,2024-09-04,SUZLON,-6.079027355623101,5.4148661522195916
5,5,2024-10-07,SUZLON,-12.529288444937714,5.295110967504753
5,5,2024-10-23,SUZLON,-8.26115922718188,5.061782201529721
5,5,2024-11-04,SUZLON,-6.380575945793354,5.154916342173244
5,5,2020-02-28,DIXON,-12.04333440558798,4.7981140300346725
5,5,2020-07-30,DIXON,-7.804501742251402,6.10349200937689
5,5,2020-09-22,DIXON,-14.518023218042709,5.246534951714005
5,5,2020-10-30,DIXON,-5.19818129918852,5.624167316931615
5,5,2020-12-24,DIXON,-7.278539844783783,5.858541349871111
5,5,2021-01-25,DIXON,-10.249286679681624,5.5718556361321925
5,5,2021-03-25,DIXON,-15.258354361719684,5.699401641908176
5,5,2021-05-10,DIXON,-9.041508368717576,5.607524975753515
5,5,2021-07-29,DIXON,-7.669413919413925,4.776919579034449
5,5,2021-08-24,DIXON,-8.114773820981714,4.8290526963800495
5,5,2021-10-25,DIXON,-16.029512727146322,5.5911484717017315
5,5,2021-11-24,DIXON,-7.332986576875,4.78882562818094
5,5,2024-07-23,DIXON,-13.695226978769048,5.023215248903421
5,5,2024-08-06,DIXON,-7.234488430245422,4.731747645991089
5,5,2024-09-06,DIXON,-8.405619943891674,5.479906561997965
5,5,2024-10-25,DIXON,-9.391618666215907,5.606204457454361
5,5,2024-11-13,DIXON,-5.928385183670337,5.29047063400314
5,5,2014-06-16,GPPL,-8.480856319473029,4.991782171379368
5,5,2014-09-26,GPPL,-6.972740315638459,5.356500310677365
5,5,2014-10-30,GPPL,-6.864183044881189,5.1620436760176895
5,5,2014-11-21,GPPL,-5.679910464465577,5.071267448158404
5,5,2014-12-17,GPPL,-7.690124858115766,5.065223473240888
5,5,2015-01-20,GPPL,-8.070416095107447,4.913887652942188
5,5,2015-02-09,GPPL,-5.97014925373135,4.487967157841756
5,5,2024-11-13,JUBLPHARMA,-8.087615838247675,4.856330158093613
5,5,2017-10-19,KRBL,-5.145867098865475,5.336075782308045
5,5,2017-02-15,FLFL,-6.768998490186206,5.59763249357144
5,5,2025-06-17,PAYTM,-10.00208051596796,4.939045176263737
5,5,2017-02-15,INDIANB,-7.670454545454541,5.099640795989015
5,5,2017-03-10,INDIANB,-7.606752730883814,4.8088109083509645
5,5,2017-03-24,INDIANB,-8.7242962667199,4.8864310935421855
5,5,2017-04-19,INDIANB,-8.776318532416083,5.039559922216099
5,5,2017-05-23,INDIANB,-11.291061879297171,5.038430777325726
5,5,2017-06-12,INDIANB,-6.885536823425009,5.003965063750554
5,5,2017-06-27,INDIANB,-11.867810845353311,4.831385972716711
5,5,2017-07-27,INDIANB,-6.961811422777952,5.365318339779562
5,5,2023-05-30,INDIANB,-6.308457711442783,4.893371640876437
5,5,2024-02-13,HUDCO,-10.662038184973966,4.986006257530639
5,5,2024-03-13,HUDCO,-17.986510117411935,5.1336805751361645
5,5,2024-04-18,HUDCO,-8.73878129428437,5.092643438679527
5,5,2024-05-07,HUDCO,-9.029296020988188,5.365100013082139
5,5,2024-06-05,HUDCO,-11.219047619047618,5.90510228519536
5,5,2024-07-23,HUDCO,-8.473566641846608,4.985220741988407
5,5,2024-08-06,HUDCO,-9.35616872819537,4.668495468625122
5,5,2024-08-20,HUDCO,-5.3815394868377275,4.917273254147369
5,5,2024-09-05,HUDCO,-10.77813723820874,4.719933110708819
5,5,2007-10-01,JINDALSTEL,-8.392904421498537,5.670784479042893
5,5,2007-10-22,JINDALSTEL,-15.326044513861781,5.082577658481107
5,5,2007-11-09,JINDALSTEL,-17.193970515156533,7.7355719410087245
5,5,2007-11-21,JINDALSTEL,-10.886021963962056,4.218149707052697
5,5,2007-12-19,JINDALSTEL,-16.4391123541751,5.326847538035576
5,5,2008-01-11,JINDALSTEL,-9.493636413152007,4.9099169027798215
5,5,2008-01-24,JINDALSTEL,-39.01914146562464,5.29750755172754
5,5,2009-11-03,JINDALSTEL,-11.123902719815792,5.62121141697094
5,5,2009-11-27,JINDALSTEL,-6.598949695964618,5.146179636017261
5,5,2010-01-18,JINDALSTEL,-6.823117338003504,4.716055589183255
5,5,2010-01-29,JINDALSTEL,-6.346010439970162,4.4747185056564565
5,5,2010-05-07,JINDALSTEL,-12.663931669917295,5.158148304094721
5,5,2021-05-20,JINDALSTEL,-12.166009636443276,4.76194848800234
5,5,2015-03-24,ASHOKLEY,-6.388888888888877,4.942369551606577
5,5,2015-04-24,ASHOKLEY,-7.6712328767123195,5.064609048828039
5,5,2015-06-08,ASHOKLEY,-7.638888888888884,4.992146980967378
5,5,2021-05-04,LINDEINDIA,-7.4309472736421185,4.978253681093663
5,5,2021-05-17,LINDEINDIA,-5.749089890786896,4.4753139848814145
5,5,2021-07-16,LINDEINDIA,-6.371863313254744,5.040083398188648
5,5,2021-09-01,LINDEINDIA,-10.696042113472416,6.933362003043476
5,5,2021-09-30,LINDEINDIA,-6.982267540491794,5.322137690464803
5,5,2021-10-25,LINDEINDIA,-9.608245030551487,4.626264411573688
5,5,2021-11-16,LINDEINDIA,-6.259983837928251,5.234204413196756
5,5,2021-12-20,LINDEINDIA,-11.825241975592027,5.101904855411216
5,5,2022-02-14,LINDEINDIA,-5.8128078817734075,5.004563807322873
5,5,2012-02-24,ARE&M,-7.074010327022384,5.900158123251349
5,5,2012-04-27,ARE&M,-6.962327134000967,5.1091901171177385
5,5,2012-05-18,ARE&M,-8.513129285833742,5.4552736390626935
5,5,2012-08-28,ARE&M,-6.419784725781652,6.01183379864607
5,5,2012-10-29,ARE&M,-6.274837900020913,5.298535632016947
5,5,2013-02-05,ARE&M,-6.121814791796143,6.5156433209383575
5,5,2014-04-07,PAGEIND,-12.084813276729511,5.289074797046456
5,5,2014-06-06,PAGEIND,-5.8799870055535886,4.892321954767558
5,5,2015-06-15,PAGEIND,-5.505355312778393,4.996848302477659
5,5,2024-03-11,JBMA,-15.998323319826746,5.002989272591213
5,5,2024-03-27,JBMA,-6.653310839308313,4.830057042250284
5,5,2021-09-14,APOLLOHOSP,-5.265739165248728,5.005518532483321
5,5,2021-09-30,APOLLOHOSP,-11.852405491522743,4.89047629227248
5,5,2013-01-17,BAJAJFINSV,-8.896093191933618,4.974751525076578
5,5,2013-02-14,BAJAJFINSV,-9.410356180784197,5.0209891576842836
5,5,2017-04-21,BAJAJFINSV,-6.675123051237019,5.2773078954345545
5,5,2017-05-22,BAJAJFINSV,-12.892912468825191,5.083288334112403
5,5,2017-08-11,BAJAJFINSV,-5.95593568380699,6.237471377540549
5,5,2017-09-27,BAJAJFINSV,-9.487051348408858,4.747221577969789
5,5,2017-10-25,BAJAJFINSV,-6.715825827227329,4.80260328441194
5,5,2021-11-26,BAJAJFINSV,-6.911906256539025,4.796368524810822
5,5,2023-07-18,JSL,-5.351351351351353,5.115533589274571
5,5,2023-09-22,JSL,-11.973798285328963,5.292626783910446
5,5,2023-10-10,JSL,-6.366663303400266,4.942635160831475
5,5,2023-12-20,JSL,-6.767387806186287,5.244275839408241
5,5,2024-01-23,JSL,-12.347006285147199,4.957588013321485
5,5,2023-11-28,SONATSOFTW,-9.421624941295459,5.151541555423063
5,5,2012-10-11,ZEEL,-7.125427037579302,5.53541736132598
5,5,2012-10-29,ZEEL,-6.480999479437788,4.752167485844416
5,5,2013-01-21,ZEEL,-5.027932960893855,5.288406825526863
5,5,2013-01-30,ZEEL,-6.3285744726187865,5.434774624019697
5,5,2007-10-19,CRISIL,-14.14010487244447,4.51263150807145
5,5,2007-11-05,CRISIL,-8.18192440264065,4.102684767383647
5,5,2012-02-24,CRISIL,-5.044495296211549,5.051670588248678
5,5,2012-07-31,CRISIL,-7.34294541709577,4.543887615793634
5,5,2014-06-16,CANFINHOME,-7.1012482662968,4.991782171379368
5,5,2014-07-14,CANFINHOME,-10.826689047419213,5.002882388580178
5,5,2014-08-01,CANFINHOME,-14.999999999999991,4.742512845939053
5,5,2014-08-12,CANFINHOME,-6.977037597779456,5.080177050175692
5,5,2014-09-17,CANFINHOME,-8.001313485113837,5.312011698761263
5,5,2015-01-30,CANFINHOME,-11.12868439971243,5.709877476698532
5,5,2015-02-09,CANFINHOME,-5.537797666613398,5.095739489024035
5,5,2015-03-26,CANFINHOME,-6.333164898096677,4.838284582963011
5,5,2015-04-22,CANFINHOME,-8.868032943880477,6.074078736643806
5,5,2015-05-07,CANFINHOME,-10.070224719101128,5.941239646004312
5,5,2015-06-02,CANFINHOME,-5.064670832727803,5.628005673849073
5,5,2007-10-22,KOTAKBANK,-15.863453815261042,4.8456547930418585
5,5,2007-11-09,KOTAKBANK,-6.719367588932801,4.541218668766749
5,5,2007-12-19,KOTAKBANK,-14.329268292682917,4.865153189338099
5,5,2008-01-21,KOTAKBANK,-24.687499999999996,4.864951745568325
5,5,2012-02-27,KOTAKBANK,-5.729166666666674,5.249686845101894
5,5,2012-03-22,KOTAKBANK,-7.334525939177105,4.868616309296376
5,5,2023-06-22,TRITURBINE,-5.292411793136786,5.1314460024055135
5,5,2023-08-21,TRITURBINE,-7.18839854981873,5.058334476676664
5,5,2020-02-01,GUJENERGY,-5.799069045771921,5.461967036849036
5,5,2020-07-09,GUJENERGY,-10.080350620891165,5.19160141132782
5,5,2020-07-20,GUJENERGY,-5.131603862904754,4.777033732275612
5,5,2020-07-28,GUJENERGY,-6.216423637759028,4.576532917449774
5,5,2020-08-19,GUJENERGY,-5.187214611872138,5.318903288981704
5,5,2020-09-08,GUJENERGY,-7.916355489171034,5.094949309615045
5,5,2020-09-25,GUJENERGY,-6.176035502958577,4.8784891722324915
5,5,2020-10-13,GUJENERGY,-8.580049028851588,4.979053569646763
5,5,2014-03-19,TCS,-5.216486029261391,5.033231160368247
5,5,2009-06-22,ONGC,-12.492869366799775,5.028382945244818
5,5,2009-07-10,ONGC,-14.059853190287974,5.023298541539104
5,5,2014-05-13,SWARAJENG,-6.329189935747303,5.593029024597028
5,5,2014-07-14,SWARAJENG,-11.230706742485774,5.002800536631281
5,5,2010-09-22,3MINDIA,-5.2498618457409,4.982245684092026
5,5,2010-11-04,3MINDIA,-7.242534354397723,5.328041092194144
5,5,2017-07-19,CAPLIPOINT,-7.859222016406453,5.5224506830219084
5,5,2017-08-10,CAPLIPOINT,-10.105220005465965,5.247986605226031
5,5,2017-09-25,CAPLIPOINT,-7.89306174411204,5.017570660823015
5,5,2017-11-01,CAPLIPOINT,-5.11757558430419,4.669100297225085
5,5,2007-10-22,ABAN,-7.590631708434836,4.91228962536914
5,5,2007-11-09,ABAN,-6.275295877850895,5.697398909388586
5,5,2007-11-22,ABAN,-12.323608727629331,4.744301714007671
5,5,2007-12-20,ABAN,-8.585712432518733,4.774004918775481
5,5,2008-01-21,ABAN,-26.182899212896928,4.9888029143098445
5,5,2024-04-19,DLF,-6.091203424244085,4.956887205725935
5,5,2007-10-19,DIVISLAB,-6.3755271245800715,4.883841648934053
5,5,2007-11-09,DIVISLAB,-11.078787878787876,5.358959118992729
5,5,2007-12-20,DIVISLAB,-6.6499602056400375,5.150010390497273
5,5,2008-01-24,DIVISLAB,-23.468817108088768,5.111046113723911
5,5,2012-09-03,DIVISLAB,-6.039166140240059,5.030731114056602
5,5,2012-09-17,DIVISLAB,-7.045778142123648,4.8946828324299565
5,5,2012-12-17,DIVISLAB,-7.1921140584676575,5.007590063520126
5,5,2019-05-09,DIVISLAB,-5.177040191331739,5.047863462769941
5,5,2020-07-06,DIVISLAB,-6.712423379090049,5.0
5,5,2020-09-09,DIVISLAB,-5.21211757288258,5.202596099956153
5,5,2020-09-25,DIVISLAB,-8.481341944743459,4.842557241274122
5,5,2021-01-18,DIVISLAB,-6.726140644621181,4.858306243026943
5,5,2021-01-29,DIVISLAB,-6.512511790489928,4.643854406954017
5,5,2021-02-23,DIVISLAB,-6.46276956462769,4.753242104885878
5,5,2025-08-06,DIVISLAB,-7.766917293233078,4.828531778441662
5,5,2011-06-21,UBL,-12.874641647120145,5.2445091901502305
5,5,2016-08-16,HINDPETRO,-7.107833820000464,5.000334666868354
5,5,2016-11-04,HINDPETRO,-6.700257438067226,5.305482525170748
5,5,2014-05-30,FINCABLES,-8.272058823529417,5.650646376200697
5,5,2014-06-13,FINCABLES,-6.785508913168492,5.663604356385588
5,5,2014-07-14,FINCABLES,-8.662900188323919,5.002882388580178
5,5,2014-08-13,FINCABLES,-6.333414219849553,4.973101420452403
5,5,2014-09-25,FINCABLES,-12.37373737373738,5.0732999070720535
5,5,2014-12-17,FINCABLES,-9.440690690690678,5.066819114838732
5,5,2015-03-24,FINCABLES,-8.713341244278682,5.379389294660391
5,5,2015-04-20,FINCABLES,-7.0819558030276735,4.88600404442589
5,5,2015-05-12,FINCABLES,-10.362694300518138,4.914954469268197
5,5,2015-06-03,FINCABLES,-6.05336519315014,4.538171866756888
5,5,2017-02-20,FINCABLES,-5.603586295228946,5.031676394566508
5,5,2023-05-30,FINCABLES,-10.438283154731543,4.9700277207176935
5,5,2023-06-23,FINCABLES,-6.889436579354625,5.099902349443915
5,5,2023-07-10,FINCABLES,-5.5769905296387146,4.969391028809649
5,5,2023-08-17,FINCABLES,-6.629131856156922,5.06619539284838
5,5,2023-09-12,FINCABLES,-5.0529926557896125,4.96919005993328
5,5,2023-10-18,FINCABLES,-11.742460507419816,4.788987815746166
5,5,2007-10-05,RAJESHEXPO,-8.567180821408671,5.707492085596789
5,5,2007-10-17,RAJESHEXPO,-9.0366526110931,4.88061664372621
5,5,2007-12-19,RAJESHEXPO,-7.758458351641462,5.063761546064463
5,5,2008-01-22,RAJESHEXPO,-33.122568093385205,5.168382459300381
5,5,2023-07-27,ITC,-5.6756457155526014,5.023848451903655
5,5,2010-08-16,VIPIND,-7.0135067533766975,5.003192498662562
5,5,2010-08-25,VIPIND,-6.500049392472585,4.910308280597954
5,5,2010-10-12,VIPIND,-15.12756249598356,5.172908325064425
5,5,2010-11-02,VIPIND,-6.4088310038119545,4.194271409047048
5,5,2010-11-19,VIPIND,-8.028935682566974,5.372533299916475
5,5,2011-05-05,VIPIND,-8.017690277480572,5.2128815794785375
5,5,2011-05-23,VIPIND,-7.799463647199056,5.093870689318273
5,5,2011-06-21,VIPIND,-8.746048472075874,4.796391452451194
5,5,2018-01-30,VIPIND,-8.065395095367855,5.194825573195487
5,5,2013-11-26,SUNPHARMA,-5.485440897467619,5.020892645645488
5,5,2013-12-16,SUNPHARMA,-5.166680876460072,4.92440650695917
5,5,2014-03-13,SUNPHARMA,-7.737520128824471,4.714944671990186
5,5,2008-01-24,USHAMART,-20.91207888249795,4.510992288172817
5,5,2007-10-09,TFCILTD,-16.31205673758864,4.1711422175211315
5,5,2007-10-22,TFCILTD,-15.972222222222232,5.318569923136214
5,5,2012-09-18,CIPLA,-6.366320112950841,4.907166359048996
5,5,2021-02-23,CIPLA,-6.7660753226852055,4.883419129874297
5,5,2021-03-18,CIPLA,-7.047021171836532,4.990305320941667
5,5,2017-04-20,YESBANK,-5.289772901406742,5.077870495019188
5,5,2017-05-18,YESBANK,-11.167818423888908,4.835256463733708
5,5,2012-05-16,ASTRAZEN,-18.636940653760703,5.030404202919183
5,5,2012-06-05,ASTRAZEN,-6.615704997968308,5.0675328092662735
5,5,2012-07-27,ASTRAZEN,-12.145273576201522,4.820545072241044
5,5,2020-07-14,ASTRAZEN,-5.853028064992616,4.958083085608831
5,5,2020-09-14,ASTRAZEN,-5.502108592514499,5.003469782011235
5,5,2012-06-04,COLPAL,-6.973039215686272,5.349847936946038
5,5,2024-10-25,COLPAL,-9.238946392025793,4.52508296566574
5,5,2022-09-19,TIMKEN,-14.505281952090455,5.0
5,5,2022-10-18,TIMKEN,-6.390555858640967,5.161112617993911
5,5,2022-11-07,TIMKEN,-9.9915015580477,4.598885077532896
5,5,2022-11-30,TIMKEN,-7.400145650103629,6.6940936918394724
5,5,2022-12-19,TIMKEN,-6.3383095938115535,5.005770849935391
5,5,2009-06-23,IOC,-5.836477987421384,4.807648258481026
5,5,2009-07-16,IOC,-5.8988049834731715,5.3737876927449495
5,5,2009-07-24,IOC,-7.347152978220928,4.848640996332932
5,5,2009-09-14,IOC,-6.636250518457065,5.005006785697153
5,5,2009-10-16,IOC,-7.5938918695831585,4.997474695377326
5,5,2009-11-03,IOC,-7.388204795852237,4.641135341502837
5,5,2017-02-15,IOC,-7.141704325371212,4.965030694414056
5,5,2017-05-23,IOC,-5.28856392418543,5.128980166903623
5,5,2017-06-01,IOC,-6.051185656448821,5.315175236127844
5,5,2017-06-28,IOC,-6.32979958214036,4.832236715283168
5,5,2009-05-25,HEROMOTOCO,-11.763857853384273,5.583925932830501
5,5,2009-06-17,HEROMOTOCO,-5.273232925199556,4.533593511088589
5,5,2009-06-29,HEROMOTOCO,-6.591487813750452,4.825195273558751
5,5,2009-08-10,HEROMOTOCO,-13.045760209939306,5.260474384521996
5,5,2009-11-03,HEROMOTOCO,-5.815815815815817,4.65255297867948
5,5,2024-10-04,HEROMOTOCO,-8.915474380193055,5.121947072976084
5,5,2024-10-29,HEROMOTOCO,-7.651010678119707,4.68225471696763
5,5,2013-02-15,CHOLAFIN,-7.048611111111114,5.258646378359265
5,5,2023-12-11,CYIENT,-8.48274444419067,5.007981282358764
5,5,2024-01-11,CYIENT,-5.107621736062096,4.893439490792325
5,5,2024-01-24,CYIENT,-10.06754229643808,5.096886351926531
5,5,2010-08-31,CASTROLIND,-5.460455896927652,5.161349842548935
5,5,2010-09-22,CASTROLIND,-6.264810314413982,4.902007602846727
5,5,2010-10-18,CASTROLIND,-9.25266903914591,4.962866989444005
5,5,2010-11-19,CASTROLIND,-5.300178986634552,4.88233569644043
5,5,2007-10-08,UNITDSPR,-5.079627361043837,4.409435045829531
5,5,2007-10-22,UNITDSPR,-8.41151132369653,5.035871068484264
5,5,2007-11-06,UNITDSPR,-12.803373343875036,5.241353484358126
5,5,2007-11-22,UNITDSPR,-10.578787039601211,4.828469741750012
5,5,2013-11-11,UNITDSPR,-10.403071017274467,4.997232260002876
5,5,2010-05-07,INDUSINDBK,-7.426508509541008,5.329639941471314
5,5,2012-02-22,INDUSINDBK,-6.755707407982603,5.173492685368815
5,5,2012-03-28,INDUSINDBK,-6.642644524518248,4.810669328688813
5,5,2015-04-21,INDUSINDBK,-11.787312450644915,5.134034928937938
5,5,2015-06-08,INDUSINDBK,-8.06953961152953,4.947412756420407
5,5,2012-02-23,HAVELLS,-7.729033420412579,5.352605628102749
5,5,2012-03-28,HAVELLS,-8.191210232863233,5.497033930436114
5,5,2012-04-11,HAVELLS,-5.324151830702051,5.280316163465042
5,5,2012-05-15,HAVELLS,-5.536823425022186,5.06014602456577
5,5,2012-06-04,HAVELLS,-10.439146800501886,5.217817867215213
5,5,2012-07-31,HAVELLS,-10.40066777963271,5.350976541472163
5,5,2012-10-30,HAVELLS,-12.21320973348783,4.772779590570157
5,5,2019-05-08,HAVELLS,-5.228167559543017,5.010523654779698
5,5,2017-05-24,MOTILALOFS,-14.85834016580122,5.783655314457758
5,5,2017-06-27,MOTILALOFS,-7.006956667504816,5.258108071702185
5,5,2017-07-21,MOTILALOFS,-5.876475930971847,4.9043080952112765
5,5,2017-08-01,MOTILALOFS,-5.157272157003334,4.940744255995159
5,5,2017-10-25,MOTILALOFS,-6.147983272629154,4.843361099156068
5,5,2017-11-24,MOTILALOFS,-5.298037097064645,5.0867544270809715
5,5,2018-01-30,MOTILALOFS,-16.139897254448343,4.762090896593811
5,5,2024-05-13,MOTILALOFS,-5.443821512682123,5.007498199158624
5,5,2024-05-27,MOTILALOFS,-5.859983791534196,4.8497686135205065
5,5,2024-06-04,MOTILALOFS,-7.4678073341353794,4.514791103244193
5,5,2024-07-02,MOTILALOFS,-10.46934260429836,4.630287478143394
5,5,2024-11-18,MOTILALOFS,-10.975793113817467,5.276701173083079
5,5,2010-08-30,SHOPERSTOP,-9.936508840361025,5.056418320058938
5,5,2010-09-23,SHOPERSTOP,-5.020664319608137,4.893719990529227
5,5,2009-07-10,LICHSGFIN,-10.348783845800835,6.133131770448201
5,5,2009-07-27,LICHSGFIN,-8.499573080804169,4.979327795896772
5,5,2009-08-12,LICHSGFIN,-8.995572127709151,4.721681072019926
5,5,2009-09-02,LICHSGFIN,-5.987668078151708,5.067506691196078
5,5,2009-10-01,LICHSGFIN,-7.583752607681915,5.861691346959294
5,5,2009-11-03,LICHSGFIN,-18.64128843338214,5.433939365221898
5,5,2009-12-15,LICHSGFIN,-7.55649717514123,5.033928664555833
5,5,2010-01-27,LICHSGFIN,-10.328440808469697,4.568554948519107
5,5,2010-02-09,LICHSGFIN,-5.820039094520457,4.634141825282133
5,5,2010-02-25,LICHSGFIN,-5.202312138728338,4.862690875487543
5,5,2010-04-19,LICHSGFIN,-6.094198102801663,5.116499878671004
5,5,2012-02-27,LICHSGFIN,-9.364548494983282,4.720006654078244
5,5,2012-03-06,LICHSGFIN,-7.949308755760365,4.619166932443472
5,5,2018-01-11,APLAPOLLO,-5.187182051393546,5.583347119746652
5,5,2018-02-02,APLAPOLLO,-16.00363808921228,5.660460967105263
5,5,2021-01-29,APLAPOLLO,-5.905246224897509,5.3812358253814105
5,5,2021-03-16,APLAPOLLO,-19.6291861688618,5.007129141977392
5,5,2021-04-07,APLAPOLLO,-10.763216412022093,4.986145571267966
5,5,2021-04-19,APLAPOLLO,-9.104506232023013,5.079666477908576
5,5,2021-05-14,APLAPOLLO,-8.494430195613067,4.8386989658517665
5,5,2021-07-14,APLAPOLLO,-9.558616811920162,4.947429876067478
5,5,2021-08-13,APLAPOLLO,-8.272693547926835,5.09584542305349
5,5,2021-09-30,APLAPOLLO,-10.062927496580032,5.154217255839212
5,5,2021-10-25,APLAPOLLO,-11.563953488372103,4.655879828624578
5,5,2014-08-12,SKFINDIA,-10.066098733858054,4.987072675218686
5,5,2014-09-04,SKFINDIA,-7.767766313035896,4.683037510746051
5,5,2014-09-24,SKFINDIA,-9.54672020911863,5.20390097877147
5,5,2014-10-16,SKFINDIA,-5.743256025122023,5.1903240702184075
5,5,2014-12-11,SKFINDIA,-8.667933549929497,5.341769432628073
5,5,2010-10-25,KANSAINER,-7.818344077796368,4.8141002923179155
5,5,2017-09-25,CEATLTD,-5.955140917851454,4.830369235848004
5,5,2026-05-14,GVT&D,-9.02646701061196,5.164372352623203
5,5,2026-06-11,GVT&D,-6.910449228349558,5.412074267594118
5,5,2026-07-03,GVT&D,-12.720602815784254,5.062557086487564
5,5,2026-07-29,GVT&D,-8.477072408791686,4.946706267854188
5,5,2017-11-14,NBCC,-5.374684873949587,5.435313503760937
5,5,2024-02-13,NBCC,-20.99084757356381,4.719321105213653
5,5,2024-03-13,NBCC,-16.591289592760184,4.904485036960616
5,5,2024-04-18,NBCC,-9.243122270742344,5.1149710100652594
5,5,2009-06-17,BHEL,-10.995587855276534,5.067292161619617
5,5,2009-07-10,BHEL,-9.164102405774132,4.802552741430658
5,5,2009-08-10,BHEL,-8.443943020962841,4.8567691935104405
5,5,2024-06-04,BHEL,-15.420240137221263,4.868687621998605
5,5,2024-07-19,BHEL,-11.60204388337841,5.021402980873172
5,5,2024-08-05,BHEL,-9.71985760718156,4.8809284686879355
5,5,2024-09-06,BHEL,-9.206676991911888,4.511454968729566
5,5,2009-06-23,RALLIS,-13.890874434119604,4.927606961424502
5,5,2009-07-03,RALLIS,-7.892416225749555,5.441698419026405
5,5,2009-08-11,RALLIS,-9.56692913385827,5.264002256839118
5,5,2009-11-03,RALLIS,-12.9247572815534,5.22788271487172
5,5,2010-08-05,RALLIS,-6.585711092900237,5.87379316054156
5,5,2010-08-30,RALLIS,-5.170356622033678,5.739109255575754
5,5,2010-09-22,RALLIS,-5.584090609772174,5.105482422229183
5,5,2010-11-19,RALLIS,-6.167701439585171,4.899973879168934
5,5,2011-05-05,RALLIS,-7.507750370669896,5.093183760296945
5,5,2020-08-04,RALLIS,-6.678411274823826,5.516070918193795
5,5,2020-08-17,RALLIS,-5.342156229825701,4.9867523410282395
5,5,2020-09-01,RALLIS,-8.530587150322777,5.163299192525113
5,5,2020-09-09,RALLIS,-7.419818094782194,4.906322052987967
5,5,2020-09-22,RALLIS,-10.197578075207137,4.775214448114072
5,5,2012-09-18,AARTIIND,-5.564924114671155,5.337777234286195
5,5,2012-10-30,AARTIIND,-5.019880715705771,5.688623431007259
5,5,2012-11-20,AARTIIND,-5.9255631733594605,5.007194094583153
5,5,2013-01-24,AARTIIND,-7.76132794975325,4.9848253054191884
5,5,2013-02-11,AARTIIND,-11.580381471389645,5.001209124671849
5,5,2014-09-30,AARTIIND,-6.733590733590733,5.105521302657366
5,5,2014-10-16,AARTIIND,-9.25081433224756,4.884906960532744
5,5,2014-11-25,AARTIIND,-7.336027354678276,4.8299916118166095
5,5,2014-12-17,AARTIIND,-6.002514142049032,4.883102505618385
5,5,2014-12-31,AARTIIND,-11.628659226912497,4.771264081037459
5,5,2015-02-10,AARTIIND,-7.633127168502051,5.538336799133151
5,5,2015-02-19,AARTIIND,-7.895569620253163,4.93955939799086
5,5,2015-03-25,AARTIIND,-10.15108003496068,5.81448115611954
5,5,2023-07-25,CIEINDIA,-9.851984538512305,4.8590451404458594
5,5,2015-04-30,JKIL,-10.0723763570567,4.8907409511528295
5,5,2015-06-09,JKIL,-10.443995963673059,5.1126558203487695
5,5,2009-06-29,KSB,-7.167666561414576,4.969358612133883
5,5,2009-08-12,KSB,-6.558038641981545,4.617849200735765
5,5,2009-09-04,KSB,-7.579044541887836,5.024242490463156
5,5,2014-07-14,KSB,-6.499141281749976,4.955736709465959
5,5,2016-11-16,BAJAJ-AUTO,-9.052359511343811,5.061505310983412
5,5,2024-02-29,BAJAJ-AUTO,-6.931853292497959,5.507490084085065
5,5,2024-03-15,BAJAJ-AUTO,-5.950519615285876,5.565651065327082
5,5,2024-10-07,BAJAJ-AUTO,-8.284516516137186,5.66826124865814
5,5,2024-10-18,BAJAJ-AUTO,-15.264861770067228,4.8854998750070795
5,5,2024-11-13,BAJAJ-AUTO,-5.671872661044864,4.952242384527305
5,5,2007-10-08,THERMAX,-5.270180120080048,5.043723595969409
5,5,2007-10-22,THERMAX,-6.84356716506116,5.263101274904469
5,5,2007-11-13,THERMAX,-5.023012671174499,4.989698594908309
5,5,2007-11-26,THERMAX,-10.157704523053335,4.868220239513182
5,5,2007-12-18,THERMAX,-7.594157479433661,4.930387694321461
5,5,2010-02-24,THERMAX,-9.326383319967924,4.816110885155076
5,5,2010-05-07,THERMAX,-7.611420612813369,5.090083577782376
5,5,2012-02-27,ULTRACEMCO,-6.2297734627831725,5.211544102603378
5,5,2012-04-25,ULTRACEMCO,-5.403225806451617,4.778793393019516
5,5,2012-06-08,ULTRACEMCO,-5.464926590538333,5.278488369052937
5,5,2012-09-03,ULTRACEMCO,-5.625413633355391,5.1489100916467425
5,5,2012-11-19,ULTRACEMCO,-6.561974200785192,4.983442513095636
5,5,2013-01-14,ULTRACEMCO,-9.716823986674072,5.004535089712979
5,5,2013-01-29,ULTRACEMCO,-5.604203152364273,4.868291910112418
5,5,2014-03-10,ECLERX,-13.240628778718266,5.42581770025999
5,5,2014-05-27,ECLERX,-10.756972111553775,4.498653776805002
5,5,2021-07-28,ECLERX,-5.753646677471636,5.063769629476138
5,5,2021-08-09,ECLERX,-9.379059495972975,5.113959000109134
5,5,2021-09-30,ECLERX,-5.5882737861536524,4.97081454577286
5,5,2021-10-25,ECLERX,-13.822210498549204,4.74537775265137
5,5,2021-12-02,ECLERX,-8.695652173913048,4.836839967564961
5,5,2022-01-24,ECLERX,-16.936899721160803,4.99999722449359
5,5,2022-02-21,ECLERX,-6.8731216516398685,5.035088739901191
5,5,2025-06-16,GRSE,-6.190578092996235,5.000000000000003
5,5,2025-06-30,GRSE,-13.671371718155012,5.367729352034837
5,5,2020-07-20,DEEPAKNTR,-5.00725689404935,5.285989325665661
5,5,2020-08-10,DEEPAKNTR,-8.981989642111776,5.7810429815593025
5,5,2020-08-31,DEEPAKNTR,-9.33271424781108,6.306122612037808
5,5,2020-09-25,DEEPAKNTR,-6.172044270070865,5.515804261419377
5,5,2020-10-12,DEEPAKNTR,-9.155016701719653,5.002898852911821
5,5,2020-11-04,DEEPAKNTR,-6.096997690531181,4.7635670838542605
5,5,2021-03-18,DEEPAKNTR,-7.18751953979867,5.077253113042836
5,5,2021-04-19,DEEPAKNTR,-7.28029739776952,4.890505586199527
5,5,2021-05-14,DEEPAKNTR,-8.624153976311344,5.230625099489486
5,5,2021-10-25,DEEPAKNTR,-18.030242251949,5.223594178747313
5,5,2021-11-22,DEEPAKNTR,-9.693108208558975,4.84708631408886
5,5,2021-12-20,DEEPAKNTR,-5.715825786977158,4.758572923714254
5,5,2022-01-27,DEEPAKNTR,-17.168727485152367,4.814579372483691
5,5,2022-02-14,DEEPAKNTR,-12.17357992636261,4.923015940771059
5,5,2024-11-12,COHANCE,-9.717433668115728,5.0491927441266515
5,5,2012-05-08,VSTIND,-10.538657331256962,6.026088563317114
5,5,2012-05-24,VSTIND,-5.6647726135359395,5.052104312465763
5,5,2012-07-17,VSTIND,-6.17454663151732,4.952749686171682
5,5,2024-03-11,CHALET,-9.180868609125891,5.002989272591213
5,5,2024-04-08,CHALET,-5.11426669625028,5.366650544333351
5,5,2024-05-15,CHALET,-10.311474466002657,5.063288599006909
5,5,2009-04-29,ORIENTPPR,-7.270029673590517,5.73545204502205
5,5,2009-05-11,ORIENTPPR,-9.941520467836263,5.599799496935369
5,5,2009-06-09,ORIENTPPR,-6.749049429657806,5.997100742887906
5,5,2009-07-06,ORIENTPPR,-12.916246215943495,4.835558710855716
5,5,2011-05-05,BLUEDART,-8.965632858340323,5.129210621317702
5,5,2011-05-20,BLUEDART,-5.321972342505942,5.065934589956417
5,5,2011-06-02,BLUEDART,-6.670335718216847,4.831779517245447
5,5,2012-04-28,BLUEDART,-8.06839742699802,5.117950941212461
5,5,2012-06-05,BLUEDART,-6.9383474782947925,5.107375697819447
5,5,2012-09-05,BLUEDART,-14.544672017013093,4.722525153550659
5,5,2013-12-13,BLUEDART,-6.965623426997903,5.816426632361592
5,5,2014-01-31,BLUEDART,-15.523180159722404,5.724706117393188
5,5,2014-02-14,BLUEDART,-6.225889572379694,4.940775493355834
5,5,2010-03-25,TMPV,-7.08994708994709,4.808797163341311
5,5,2010-05-07,TMPV,-12.588736393752963,5.548500211188671
5,5,2010-05-20,TMPV,-14.314115308151088,5.1143765982925835
5,5,2024-03-15,TMPV,-8.988317571326387,5.300427949113246
5,5,2024-05-17,TMPV,-9.643308080808088,5.117030230025901
5,5,2025-08-12,AMBER,-13.28644744345181,4.948682223083745
5,5,2020-07-31,GRANULES,-9.920896506262345,6.8935290204252615
5,5,2020-08-17,GRANULES,-6.085900743663686,5.006599832209047
5,5,2020-12-08,GRANULES,-9.731308411214945,5.139258603204888
5,5,2020-12-21,GRANULES,-9.730440499671268,4.722637581550498
5,5,2021-01-21,GRANULES,-7.124334652654573,4.863672848865167
5,5,2021-02-02,GRANULES,-8.30226555778606,4.831119897224085
5,5,2021-02-11,GRANULES,-5.048906789413121,4.588047206959116
5,5,2021-02-22,GRANULES,-8.75124307430033,5.004234925543399
5,5,2021-03-18,GRANULES,-12.715855572998436,4.912551185077707
5,5,2024-09-17,GRANULES,-21.601959230713817,5.159777199676334
5,5,2026-07-23,GRANULES,-5.6130639357874434,5.2781235690487645
5,5,2010-02-25,JINDALSAW,-7.441860465116279,5.384239423122556
5,5,2010-05-07,JINDALSAW,-11.172161172161177,4.932846628382156
5,5,2017-02-15,EDELWEISS,-8.059467918622843,4.955658962171133
5,5,2017-03-06,EDELWEISS,-5.670446964643094,5.80487449180362
5,5,2017-04-17,EDELWEISS,-6.286013619696174,6.385574398923252
5,5,2017-05-02,EDELWEISS,-8.014861995753709,4.942291947773674
5,5,2017-05-23,EDELWEISS,-8.858858858858865,5.11581516863794
5,5,2017-06-27,EDELWEISS,-8.849557522123897,5.544193854360654
5,5,2017-07-12,EDELWEISS,-5.893446487505893,5.457534954175832
5,5,2017-08-24,EDELWEISS,-7.379798732761833,5.6602986270394675
5,5,2017-09-25,EDELWEISS,-9.100135317997305,5.387177658459672
5,5,2017-10-25,EDELWEISS,-10.543233686917397,5.162199141423347
5,5,2017-11-09,EDELWEISS,-7.942010715411274,5.174307467664118
5,5,2017-11-27,EDELWEISS,-5.2664774519079245,5.258328596071035
5,5,2018-01-16,EDELWEISS,-5.691854759568193,4.924234009427729
5,5,2018-02-05,EDELWEISS,-14.201570680628283,5.105579956763976
5,5,2026-05-18,SCHNEIDER,-8.793378388640004,4.98080260180454
5,5,2026-06-04,SCHNEIDER,-19.43960511033681,4.9247368743630044
5,5,2025-06-23,KIMS,-8.203958501949815,5.197658484362632
5,5,2025-08-08,KIMS,-5.968669442791996,5.495680933197295
5,5,2019-03-26,ABFRL,-5.532421177870306,5.000000000000002
5,5,2019-04-23,ABFRL,-5.871670702179166,5.193362857785706
5,5,2019-05-15,ABFRL,-6.9536423841059625,5.110617451690453
5,5,2012-05-15,STAR,-6.882131549076997,5.1009103198806836
5,5,2012-07-26,STAR,-7.20579913228595,5.332784496409727
5,5,2012-09-17,STAR,-5.236695023680726,4.981936404548352
5,5,2012-11-13,STAR,-5.7049118417636375,4.919293845573531
5,5,2012-12-11,STAR,-11.122929380993895,6.2989840700094755
5,5,2012-12-28,STAR,-7.799567385902495,5.232139541954113
5,5,2013-01-24,STAR,-6.706027997333585,5.179173142149873
5,5,2013-02-07,STAR,-15.617326580724367,5.256699556197366
5,5,2024-02-12,NLCINDIA,-22.23030744042206,4.996708923896385
5,5,2024-02-29,NLCINDIA,-10.46488227007446,4.470457844782709
5,5,2020-01-30,COFORGE,-6.568974229408797,5.387987137326964
5,5,2025-07-24,COFORGE,-10.148501581515035,4.8306571315776825
5,5,2024-11-13,MCX,-7.86154024857707,4.879976113180458
5,5,2025-07-11,MCX,-9.415273791434531,5.464713833183286
5,5,2025-07-31,MCX,-6.666666666666677,4.690130344455428
5,5,2025-08-28,MCX,-10.001215953307396,4.9196845949906765
5,5,2026-06-03,MCX,-14.32286154869532,5.405795201067172
5,5,2026-07-08,MCX,-7.427413909520597,5.013999635690304
5,5,2022-12-23,MAZDOCK,-15.863767419509845,4.657123885224496
5,5,2023-05-24,MAZDOCK,-5.330250578016615,5.2256958283222925
5,5,2023-08-04,MAZDOCK,-5.997960744328323,6.345005774009739
5,5,2023-10-09,MAZDOCK,-5.421494389198067,5.487241680771807
5,5,2023-10-25,MAZDOCK,-13.868511468102895,4.868462302655181
5,5,2025-06-16,MAZDOCK,-6.040188774450151,5.000000000000003
5,5,2022-09-21,GNFC,-12.198727424641698,5.007403829544573
5,5,2024-11-14,PPLPHARMA,-11.56544054747648,5.240833599282197
5,5,2023-08-07,CUMMINSIND,-10.99509691842594,4.714880781165565
5,5,2026-06-29,CUMMINSIND,-5.5157715260017,4.958425686930263
5,5,2026-08-21,CUMMINSIND,-5.41666666666667,4.887679117329507
5,5,2007-10-19,LT,-10.213930266746296,5.132926863990406
5,5,2007-11-09,LT,-7.464240875257822,6.04352516008861
5,5,2007-11-22,LT,-12.183642660509719,5.00360131851893
5,5,2007-12-18,LT,-7.62946303719586,4.909071632131698
5,5,2008-01-24,LT,-13.542906837167145,5.030924885024734
5,5,2023-10-26,LT,-5.942999737325982,4.697951673834918
5,5,2024-02-05,LT,-9.87729234088457,5.145102710820841
5,5,2018-01-18,RKFORGE,-5.713781334588686,4.895417322167919
5,5,2018-02-02,RKFORGE,-9.108561341571042,4.982168179785294
5,5,2010-01-27,STLTECH,-5.800232674090077,6.167012731636783
5,5,2010-02-19,STLTECH,-5.660060463553906,5.106346189197065
5,5,2010-03-16,STLTECH,-5.2532538811353335,5.127012892888349
5,5,2010-05-07,STLTECH,-6.6785031412182505,5.639410073991753
5,5,2010-07-19,STLTECH,-5.042216672612687,5.000000000000003
5,5,2010-07-30,STLTECH,-10.084860410773588,4.6896330682112515
5,7,2020-02-01,SBILIFE,-9.983369450183943,4.765373700761851
5,7,2009-05-11,IDEA,-8.140462889066246,5.215500884209143
5,7,2009-05-26,IDEA,-7.015221707478492,5.366135320718264
5,7,2014-01-29,IDEA,-9.037711313394025,4.761735219081544
5,7,2014-02-10,IDEA,-9.807417974322385,4.4734002511322934
5,7,2009-06-22,ENGINERSIN,-8.800659754948159,5.713956678295841
5,7,2009-07-07,ENGINERSIN,-14.389882647829555,5.973381396977003
5,7,2009-09-03,ENGINERSIN,-7.374040707374041,4.735078283397507
5,7,2010-02-25,ENGINERSIN,-8.136209259369597,4.823410279243383
5,7,2010-04-01,ENGINERSIN,-12.208462576658064,5.78530131265957
5,7,2010-05-21,ENGINERSIN,-18.23697359029266,4.517162602668081
5,7,2024-10-23,POWERINDIA,-14.486324382170679,5.659341495552017
5,7,2024-11-18,POWERINDIA,-18.855573797932244,5.010827104342187
5,7,2026-05-14,POWERINDIA,-7.41218637992832,5.024331791682218
5,7,2026-06-11,POWERINDIA,-8.966461327857633,5.169349956620774
5,7,2026-07-03,POWERINDIA,-8.611806271161493,4.620246575500157
5,7,2009-04-22,DSKULKARNI,-9.501557632398761,6.004800161654785
5,7,2009-06-08,DSKULKARNI,-7.320997586484312,7.989239211628179
5,7,2007-10-11,BLUESTARCO,-7.118902439024399,4.483372662692179
5,7,2008-01-22,BLUESTARCO,-9.84123753307552,5.030817342273716
5,7,2021-12-03,TRIDENT,-22.41529105125978,7.252459275165443
5,7,2021-12-23,TRIDENT,-7.410636442894503,5.857974290816672
5,7,2022-01-24,TRIDENT,-10.073529411764703,6.100730708249069
5,7,2022-02-14,TRIDENT,-12.337662337662337,5.004563807322872
5,7,2012-02-27,AMBUJACEM,-7.856730213749275,4.543743771936366
5,7,2009-04-28,NOIDATOLL,-10.828025477707005,5.450631928884069
5,7,2009-05-14,NOIDATOLL,-7.641196013289042,5.093208050200805
5,7,2009-06-08,NOIDATOLL,-7.553956834532382,4.948888851196631
5,7,2015-03-27,BOSCHLTD,-7.875736272088152,5.287740295618141
5,7,2015-04-27,BOSCHLTD,-15.179808884674294,5.11407678722886
5,7,2015-06-09,BOSCHLTD,-8.583764580704445,4.721932422954703
5,7,2017-08-10,FEDERALBNK,-7.671957671957674,4.809175655858637
5,7,2022-12-23,RHIM,-7.1678428965940455,5.14514189915595
5,7,2015-04-27,PGHH,-7.458850314663534,5.073044407272606
5,7,2017-05-05,TATACOMM,-11.194113056082056,4.957155140379714
5,7,2025-07-10,DEEPAKFERT,-8.704956909017291,5.511120502559846
5,7,2025-08-29,DEEPAKFERT,-8.661313676451243,4.8365092358608575
5,7,2021-02-22,BAJAJELEC,-13.459610615733652,5.093337804627831
5,7,2021-03-19,BAJAJELEC,-10.178159023424605,5.015698691010341
5,7,2009-04-27,DONEAR,-10.352422907488979,5.331209348194057
5,7,2009-06-04,DONEAR,-9.133489461358323,7.206230123767243
5,7,2021-12-01,CENTURYPLY,-10.770174900276153,4.877132287288683
5,7,2021-12-20,CENTURYPLY,-11.686224079729957,4.719565800517545
5,7,2022-01-28,CENTURYPLY,-7.556207988874297,4.827597497264038
5,7,2022-02-14,CENTURYPLY,-8.792331264241382,5.004287927044775
5,7,2009-04-28,FSL,-14.127423822714679,4.759244507142137
5,7,2014-05-07,FSL,-14.243323442136512,5.904812020350088
5,7,2014-07-14,FSL,-12.054120541205403,5.002882388580178
5,7,2014-08-13,FSL,-8.575031525851195,5.147281502543666
5,7,2021-07-30,FSL,-11.79533620104143,5.578459898978304
5,7,2021-08-11,FSL,-10.454432580084427,5.013108086263202
5,7,2021-08-26,FSL,-11.015278462296695,5.080100082640538
5,7,2025-07-01,FSL,-7.411719053162602,5.163513227646041
5,7,2020-02-17,MASFIN,-12.971910116845752,5.0058303622957965
5,7,2020-03-02,MASFIN,-9.078742790337035,5.136619924212862
5,7,2021-10-21,POLYCAB,-12.320385283435964,5.001491710020127
5,7,2021-11-26,POLYCAB,-9.594835708987393,5.141364845615036
5,7,2021-12-20,POLYCAB,-10.350449848740828,5.186047493750554
5,7,2022-01-24,POLYCAB,-8.855795023587088,5.134938758701742
5,7,2023-10-26,POLYCAB,-8.746429407632872,4.906233946555066
5,7,2024-01-11,POLYCAB,-28.104956808660518,4.770541609640416
5,7,2009-11-24,DHAMPURSUG,-8.306709265175726,5.414545568137172
5,7,2010-01-21,DHAMPURSUG,-8.281249999999996,5.203112579486679
5,7,2010-02-06,DHAMPURSUG,-9.455587392550157,5.26287215644472
5,7,2010-03-02,DHAMPURSUG,-19.69169567379413,4.593185544766295
5,7,2008-01-24,INDIAGLYCO,-26.722338204592898,5.183632875156892
5,7,2024-10-28,TORNTPOWER,-7.015581708650009,5.423182028828098
5,7,2024-11-14,TORNTPOWER,-11.22120668545884,4.848356624458861
5,7,2019-05-13,MUTHOOTFIN,-7.761672004045161,5.001929504450378
5,7,2025-08-28,LLOYDSME,-7.798165137614676,4.690940049494572
5,7,2014-12-17,HONAUT,-8.953993758761335,5.0231402760424215
5,7,2015-04-24,HONAUT,-12.110472859984379,5.11575813793459
5,7,2013-11-11,BRITANNIA,-7.695551338815099,5.000293678870644
5,7,2023-10-23,MAHABANK,-15.45157780195865,5.001109034013639
5,7,2022-02-15,GRINDWELL,-8.796685144744954,5.025350336314725
5,7,2012-07-17,DCW,-9.870129870129862,5.093951865271956
5,7,2012-07-27,DCW,-9.37500000000001,4.686198346422075
5,7,2012-11-06,DCW,-8.829174664107487,5.811017379544884
5,7,2012-11-22,DCW,-9.915611814345981,4.896127068181448
5,7,2012-12-26,DCW,-7.032967032967042,4.8973193359786285
5,7,2013-01-24,DCW,-10.199004975124382,4.663215307612822
5,7,2013-02-18,DCW,-9.11602209944753,4.9984202200121075
5,7,2009-10-08,EICHERMOT,-9.9009900990099,5.608366006628286
5,7,2009-11-03,EICHERMOT,-9.29529567353108,4.661040872178833
5,7,2009-11-27,EICHERMOT,-7.088058705803868,5.222935603989673
5,7,2010-01-27,EICHERMOT,-10.04587881664294,4.881862560730759
5,7,2010-02-05,EICHERMOT,-7.334683455137803,4.742179483496186
5,7,2011-05-04,EICHERMOT,-8.54707662896288,4.792042654349826
5,7,2012-05-15,EICHERMOT,-7.4538745387453975,5.005145291307493
5,7,2012-06-18,EICHERMOT,-7.416023076207312,4.935060615043587
5,7,2012-11-20,EICHERMOT,-8.574977679437911,5.2991040563107354
5,7,2013-02-12,EICHERMOT,-7.138387735947449,5.006432920461156
5,7,2013-12-10,EICHERMOT,-8.514427521775092,6.3250010179598775
5,7,2014-01-30,EICHERMOT,-7.055710278799177,5.056839526758707
5,7,2014-05-30,EICHERMOT,-10.310566516858465,5.2060742136563976
5,7,2014-12-11,EICHERMOT,-8.87895282529808,5.874826631469467
5,7,2015-02-09,EICHERMOT,-8.732746440604288,5.1103604313178606
5,7,2015-02-26,EICHERMOT,-8.624191726160424,5.218182297523023
5,7,2015-04-21,EICHERMOT,-10.95409658571188,5.067912835164568
5,7,2015-06-08,EICHERMOT,-7.963616804861029,6.138098896633745
5,7,2025-06-23,ERIS,-12.144828705958766,5.65635239030244
5,7,2025-08-12,ERIS,-7.117969138875058,5.005542016755262
5,7,2020-07-17,DMART,-14.33461058251172,4.950244115814853
5,7,2026-07-28,HFCL,-13.570674863513332,4.839896355584362
5,7,2026-09-03,HFCL,-10.34005857468273,5.5700900932693544
5,7,2020-02-14,NAUKRI,-7.40680581499229,5.671820334931713
5,7,2020-02-27,NAUKRI,-9.921052631578942,4.795044399462639
5,7,2009-12-21,RECLTD,-9.359503280056424,5.091244903565418
5,7,2010-01-29,RECLTD,-9.702285857824677,4.98839417182166
5,7,2010-02-18,RECLTD,-7.054428509907263,4.871810194193668
5,7,2017-05-31,RECLTD,-8.303677342823246,5.166822074833964
5,7,2017-06-27,RECLTD,-10.686015831134565,4.9995492951664
5,7,2023-09-15,RECLTD,-9.346659263372192,5.308610383688073
5,7,2023-10-26,RECLTD,-8.044982698961933,4.905610333601624
5,7,2023-12-20,RECLTD,-9.0714928057554,5.599050517316758
5,7,2024-02-12,RECLTD,-9.271854370874166,5.014398402743195
5,7,2024-03-19,RECLTD,-11.261633919338154,5.4124398779683
5,7,2024-04-15,RECLTD,-9.011874469889737,4.890243213199147
5,7,2024-05-10,RECLTD,-7.879168160631034,5.901992158397758
5,7,2024-06-04,RECLTD,-22.061358152361265,5.420318142713574
5,7,2024-07-19,RECLTD,-7.339733663672964,5.26731839783678
5,7,2024-08-06,RECLTD,-11.95110557458735,5.212126467030251
5,7,2017-02-13,CUB,-7.740686985970003,4.999999999999997
5,7,2021-03-23,VAIBHAVGBL,-11.36055076275082,5.862168918112357
5,7,2021-04-22,VAIBHAVGBL,-13.614483163101577,5.62398929533936
5,7,2021-05-17,VAIBHAVGBL,-13.078157921139766,5.625573988288397
5,7,2017-05-08,HINDALCO,-7.599699021820916,4.922942002963962
5,7,2026-06-11,HINDALCO,-8.999644633972991,5.153315852413197
5,7,2021-03-18,HINDCOPPER,-11.181044057756395,4.769819484062841
5,7,2021-03-31,HINDCOPPER,-7.822736030828525,4.490760808796928
5,7,2021-04-26,HINDCOPPER,-7.0157771064115355,5.534009017486402
5,7,2021-06-04,HINDCOPPER,-8.646940534329218,4.55547076679959
5,7,2021-06-18,HINDCOPPER,-14.880425155004417,5.1404495943783965
5,7,2021-07-02,HINDCOPPER,-8.719611021069685,4.837066904154449
5,7,2026-05-21,HINDCOPPER,-8.953747217412822,5.525160344246529
5,7,2026-06-11,HINDCOPPER,-7.785371259697083,4.809308541036489
5,7,2026-08-31,HINDCOPPER,-8.49952103108943,5.285718534108756
5,7,2024-07-24,APARINDS,-10.427212210493664,5.083105559361941
5,7,2024-08-06,APARINDS,-10.816744329002903,5.106065903540964
5,7,2026-07-01,APARINDS,-12.345382490692923,5.8872153869951
5,7,2026-08-19,APARINDS,-7.694444444444448,5.414171887752333
5,7,2022-12-23,GESHIP,-7.044366649996436,5.166533058297421
5,7,2026-05-29,GESHIP,-17.48662479646429,5.4130567319985365
5,7,2026-07-06,GESHIP,-7.42515756302522,5.064750477659056
5,7,2013-11-11,DABUR,-9.569377990430617,4.999978252889075
5,7,2025-08-12,RAMCOCEM,-8.767548014813531,4.947746941140388
5,7,2025-08-28,RAMCOCEM,-7.204378252287813,4.645357206319896
5,7,2011-05-05,UCOBANK,-16.289198606271782,4.915915779688362
5,7,2014-04-16,TVSMOTOR,-9.424083769633507,5.007559619336651
5,7,2014-07-11,TVSMOTOR,-12.982456140350873,5.853763421384784
5,7,2014-07-25,TVSMOTOR,-16.291313249488148,5.0985435530450385
5,7,2014-11-25,TVSMOTOR,-8.405617513424202,4.751245457170907
5,7,2015-02-03,TVSMOTOR,-7.5064850843060915,5.370195640066913
5,7,2015-02-24,TVSMOTOR,-10.877831046453956,4.872412618141291
5,7,2015-03-24,TVSMOTOR,-8.243601059135052,4.917816135090376
5,7,2017-08-14,TVSMOTOR,-8.135677558467403,5.009567060781165
5,7,2018-02-05,TVSMOTOR,-8.498957609451008,4.846499948611845
5,7,2024-03-18,TVSMOTOR,-10.443714594308629,5.128057931237411
5,7,2024-04-19,TVSMOTOR,-9.45694669590923,4.910788510204213
5,7,2009-12-23,SEAMECLTD,-7.4392935982339985,4.965639026256703
5,7,2010-01-27,SEAMECLTD,-12.505371723248814,4.644703778706361
5,7,2010-02-23,SEAMECLTD,-7.205291755256315,5.2185963821086645
5,7,2010-05-07,SEAMECLTD,-7.066167290886394,5.048724615902791
5,7,2022-10-14,SOLARINDS,-7.049501123378354,6.009186476385475
5,7,2025-07-14,SOLARINDS,-8.996829574684451,5.005426302579736
5,7,2011-05-03,ATUL,-7.430501428942571,5.319039264070778
5,7,2012-12-26,ATUL,-8.958517210944382,4.9168558778763245
5,7,2013-01-16,ATUL,-9.574729596853492,4.913657625993695
5,7,2013-02-13,ATUL,-10.32608695652174,5.020410134498191
5,7,2014-10-22,ATUL,-11.65646293798208,5.224787069366877
5,7,2015-01-06,ATUL,-7.156936530122215,5.448350062381481
5,7,2023-09-25,KALYANKJIL,-10.69319921277062,4.416569507006148
5,7,2023-11-20,KALYANKJIL,-7.173495045111666,5.078342909780661
5,7,2024-01-18,KALYANKJIL,-7.35858715126696,5.267699353921983
5,7,2024-02-01,KALYANKJIL,-7.593360995850618,4.894450466308818
5,7,2024-10-22,KALYANKJIL,-9.999999999999998,5.0982467951861015
5,7,2024-11-14,KALYANKJIL,-7.386162453084055,5.3136519423640545
5,7,2016-09-14,MPHASIS,-7.739003561938651,5.00007007576742
5,7,2016-10-25,MPHASIS,-7.191278988480743,5.011713564133547
5,7,2010-11-29,BAJFINANCE,-7.189542483660139,4.9434988110408025
5,7,2011-05-05,BAJFINANCE,-12.676056338028163,4.8496471603780975
5,7,2021-12-27,SFL,-8.623112843995106,5.211702119466217
5,7,2014-12-10,AIAENG,-12.001176174073757,5.967588525925451
5,7,2015-01-12,AIAENG,-9.285168023752755,5.002526413043401
5,7,2020-02-14,WHIRLPOOL,-12.002609262883235,5.020400247935169
5,7,2007-11-23,STCINDIA,-22.61532164869029,7.384444054018635
5,7,2007-12-18,STCINDIA,-15.619887205743655,4.975035124757936
5,7,2008-01-24,STCINDIA,-22.618000829531315,4.614070058910049
5,7,2022-09-27,HAL,-7.261128380162951,4.72455166268683
5,7,2024-03-18,HAL,-7.400376692521027,5.439202073617088
5,7,2024-05-07,HAL,-7.5341613360878075,5.5248669465322
5,7,2024-06-04,HAL,-13.673987748393834,6.347893860600543
5,7,2024-07-19,HAL,-13.471591318768484,4.890209404218209
5,7,2024-08-06,HAL,-8.869217647593175,4.345109728640327
5,7,2024-09-19,HAL,-8.830816295753706,4.926402329811556
5,7,2024-10-23,HAL,-9.073825503355703,5.367983255887804
5,7,2024-11-14,HAL,-7.820605349812803,5.229371132689286
5,7,2007-11-22,ABB,-7.3546199882381424,4.8946045343163895
5,7,2007-12-20,ABB,-9.605732285645052,4.838103759428374
5,7,2022-11-15,ABB,-7.188069949576226,5.000633725955255
5,7,2026-05-12,KIRLOSENG,-10.131828910252716,4.9747870208161435
5,7,2026-06-11,KIRLOSENG,-7.795271552387306,5.400548922791572
5,7,2026-07-03,KIRLOSENG,-10.204081632653061,6.381458587099728
5,7,2026-07-17,KIRLOSENG,-9.478711023716857,5.460754808646958
5,7,2026-08-13,KIRLOSENG,-8.404108675352395,4.854137534141784
5,7,2010-09-22,KARURVYSYA,-13.605442176870753,4.992812305974096
5,7,2023-07-13,KARURVYSYA,-7.383773928896997,5.587317513831175
5,7,2014-01-10,FINPIPE,-10.005885815185401,5.436754272364021
5,7,2014-07-11,FINPIPE,-7.668122270742361,4.776454997290011
5,7,2022-09-22,SCHAEFFLER,-10.350125333548965,5.146563252244601
5,7,2022-10-20,SCHAEFFLER,-10.731330394073002,5.125708700308245
5,7,2022-11-30,SCHAEFFLER,-9.231708765203816,4.970298791281341
5,7,2007-10-22,JSWSTEEL,-11.632384233458303,5.446005356305822
5,7,2007-12-20,JSWSTEEL,-7.89670658682634,5.337010324039841
5,7,2008-01-22,JSWSTEEL,-26.825744127482142,4.974646666547508
5,7,2010-04-23,JSWSTEEL,-7.0331290247497735,5.071817454468675
5,7,2010-05-07,JSWSTEEL,-8.659172368849799,4.762150254512354
5,7,2021-06-18,JSWSTEEL,-8.287746170678345,5.004859918750227
5,7,2021-08-24,JSWSTEEL,-9.190573097879607,5.077754326747835
5,7,2021-09-20,JSWSTEEL,-8.813364055299534,4.896597477249777
5,7,2020-09-24,FDC,-8.00676628136453,5.166303164670067
5,7,2007-10-19,ADANIENT,-13.289259086672878,5.038050551425154
5,7,2007-12-03,ADANIENT,-7.65202419952653,5.300995848363297
5,7,2008-01-24,ADANIENT,-18.487138386382707,4.642885048534744
5,7,2021-10-28,ADANIENT,-12.319740296692938,5.207340943638311
5,7,2021-12-20,ADANIENT,-7.537130791563684,4.97404942763427
5,7,2022-01-28,ADANIENT,-9.225997976682098,5.121895753899907
5,7,2022-10-03,ADANIENT,-11.95966371085807,5.501240404176279
5,7,2022-12-26,ADANIENT,-8.798159425351948,5.251123067311015
5,7,2021-03-22,AFFLE,-9.8563396813786,4.979834515973205
5,7,2021-06-21,AFFLE,-11.648655924316408,4.853227431049712
5,7,2015-02-09,ZFCVINDIA,-9.431818181818185,5.25408709087654
5,7,2015-04-27,ZFCVINDIA,-7.757704569606805,5.044481932179985
5,7,2023-07-14,CERA,-7.412602147988645,4.599981612205891
5,7,2021-04-19,GRASIM,-8.006944444444441,4.7950564302724255
5,7,2022-01-24,GRASIM,-11.883045812268723,4.998906008467518
5,7,2013-11-13,MOTHERSON,-9.06148867313915,5.384351255298871
5,7,2013-12-27,MOTHERSON,-36.17693522906793,5.0776021118906
5,7,2024-08-05,MOTHERSON,-10.323421213979145,4.820194775455357
5,7,2020-01-28,ADANIGREEN,-7.218788627935724,4.715954868592654
5,7,2020-02-28,ADANIGREEN,-20.477290223248655,4.644602706108756
5,7,2020-07-14,ADANIGREEN,-15.867069486404828,5.230971029452826
5,7,2020-07-23,ADANIGREEN,-8.039046798736727,4.355910206052282
5,7,2020-09-23,ADANIGREEN,-12.922803641477309,5.681696378243767
5,7,2020-10-12,ADANIGREEN,-10.394289145373282,5.002898852911821
5,7,2020-12-10,ADANIGREEN,-9.458515283842795,5.89325064175979
5,7,2021-01-13,ADANIGREEN,-16.717091894332814,5.048586208536008
5,7,2021-03-31,ADANIGREEN,-15.894644692269644,5.464128751602433
5,7,2021-04-22,ADANIGREEN,-7.6699072622194215,4.796499942114119
5,7,2021-06-18,ADANIGREEN,-12.330623306233068,4.718109038033629
5,7,2021-07-05,ADANIGREEN,-13.867928740456303,4.476608127425706
5,7,2022-09-29,ADANIGREEN,-15.211964799458455,5.037285219449303
5,7,2022-10-14,ADANIGREEN,-7.758092688791596,4.800966783501713
5,7,2022-11-22,ADANIGREEN,-9.597396390450397,5.190576875611652
5,7,2009-04-28,SHREECEM,-7.365704902650727,5.382016173900814
5,7,2009-08-11,SHREECEM,-11.514642898483629,6.3043538231642895
5,7,2009-10-27,SHREECEM,-10.56936545466165,4.664086487891301
5,7,2010-01-28,SHREECEM,-9.501880770546,5.45142900850509
5,7,2010-05-04,SHREECEM,-7.000531349628048,4.76924395249195
5,7,2012-04-11,SHREECEM,-11.750933463916269,5.452412836342031
5,7,2012-04-25,SHREECEM,-7.517237891329631,4.78443445963214
5,7,2012-06-01,SHREECEM,-7.34083129584352,4.6584845527620775
5,7,2012-11-20,SHREECEM,-7.513468519503341,4.9576362015030835
5,7,2015-04-17,SHREECEM,-9.49161099541106,5.01827552378536
5,7,2020-02-06,LALPATHLAB,-8.965672990063233,5.124954371984824
5,7,2022-12-23,RVNL,-9.978617248752686,5.012255263103415
5,7,2023-07-28,RVNL,-11.4892060007318,5.298272264871358
5,7,2023-09-18,RVNL,-12.744063324538256,5.731142078242464
5,7,2023-10-25,RVNL,-11.270912826533596,4.951097451833229
5,7,2024-09-19,RVNL,-7.572463768115945,4.846909421175635
5,7,2024-10-07,RVNL,-14.182578132421398,4.538807357171272
5,7,2023-08-14,FACT,-11.22892588272717,5.005549186687118
5,7,2023-10-25,FACT,-10.43739565943238,6.846358829550242
5,7,2010-01-25,BIRLACORPN,-7.753735188047395,5.525794043268252
5,7,2007-11-22,RELINFRA,-13.473780750971088,4.852587860064071
5,7,2007-12-18,RELINFRA,-7.345053252919287,4.902287416931179
5,7,2008-01-22,RELINFRA,-30.282911151520274,4.881130791503632
5,7,2007-11-22,VEDL,-12.047244094488185,4.912544753447548
5,7,2008-01-21,VEDL,-31.031543052003407,4.822975997000708
5,7,2010-01-27,VEDL,-13.219178082191775,4.9717240873171
5,7,2010-05-04,VEDL,-10.971685971685973,4.530745098948539
5,7,2010-05-24,VEDL,-13.698140200286124,4.766024094789647
5,7,2017-03-10,VEDL,-7.545164718384689,5.269599784902334
5,7,2017-04-18,VEDL,-16.466909848879617,5.002245273603071
5,7,2017-05-08,VEDL,-9.51262477980036,4.275251273742551
5,7,2017-05-24,VEDL,-8.146399055489972,5.398352377853095
5,7,2024-11-13,VEDL,-8.576429404900832,5.0477341241147355
5,7,2026-06-05,VEDL,-10.49347702779353,5.644993497414276
5,7,2026-06-25,VEDL,-10.637254901960791,4.8255800742365365
5,7,2026-07-17,VEDL,-7.1546505228398445,4.796720804820471
5,7,2021-12-20,LTTS,-7.802072396950754,4.967588604173426
5,7,2022-01-24,LTTS,-18.251526864748023,4.771229448301147
5,7,2023-05-23,SIEMENS,-11.915359176467655,5.0082854058011685
5,7,2009-06-18,BERGEPAINT,-8.587894940659247,4.643804453585562
5,7,2017-09-28,BOMDYEING,-21.136683889149833,7.209541389598277
5,7,2017-10-17,BOMDYEING,-16.370182126217703,5.156713640468372
5,7,2017-11-16,BOMDYEING,-10.822615869934483,5.016243444571048
5,7,2018-02-02,BOMDYEING,-17.95036371416345,4.038153921403187
5,7,2015-01-16,TORNTPHARM,-7.371131844471646,4.991687439890874
5,7,2015-02-04,TORNTPHARM,-7.186765130574702,4.773556911104363
5,7,2020-08-17,TORNTPHARM,-7.263850139497818,5.006599832209049
5,7,2020-10-29,TORNTPHARM,-7.204021877244349,4.861669693936267
5,7,2017-11-17,BBTC,-8.628567851777657,4.8638556717775145
5,7,2018-02-02,BBTC,-14.820091445232253,4.528772133945334
5,7,2012-11-22,SOBHA,-7.14767363452461,4.823740341518282
5,7,2024-06-24,SOBHA,-8.60325974829792,5.078503270667083
5,7,2024-07-19,SOBHA,-8.419695542222438,4.937013992412769
5,7,2024-03-13,ETERNAL,-10.370817003316246,4.971346134924173
5,7,2024-09-30,ETERNAL,-7.979797979797976,5.418770428020954
5,7,2024-10-22,ETERNAL,-8.299052047934175,5.007908267506034
5,7,2013-11-12,RCOM,-11.111111111111116,4.839208143041538
5,7,2013-12-16,RCOM,-9.071428571428575,5.002850919990856
5,7,2014-01-10,RCOM,-7.511380880121399,4.651356465348655
5,7,2014-01-30,RCOM,-13.144137415982083,5.105075183988355
5,7,2014-02-21,RCOM,-8.079142621599333,4.96363339351783
5,7,2014-05-05,RCOM,-11.178476695718064,4.843247547604519
5,7,2021-11-30,TATAPOWER,-8.503903777168166,5.009997623789123
5,7,2021-12-20,TATAPOWER,-9.185667752442994,4.961885919474779
5,7,2022-01-24,TATAPOWER,-7.383498083518248,5.123222144771971
5,7,2022-02-14,TATAPOWER,-12.430500397140587,5.004563807322873
5,7,2024-10-22,PCBL,-12.917993630573243,4.768801666461197
5,7,2009-06-18,GODREJCP,-9.34942796363164,4.8403435319743
5,7,2009-06-30,GODREJCP,-8.22445580686625,5.148671373189701
5,7,2009-08-11,GODREJCP,-10.3307621476039,6.16291661577082
5,7,2009-11-17,GODREJCP,-7.341238370513004,5.139019821585421
5,7,2009-12-18,GODREJCP,-10.698406608892086,5.106987009615698
5,7,2010-01-29,GODREJCP,-8.903973267129683,4.3956343386566115
5,7,2012-05-14,GODREJCP,-7.090070537167669,5.004612950259133
5,7,2007-10-19,APTECHT,-13.220481993311806,4.650335946937724
5,7,2009-05-11,UNIONBANK,-8.884106978174,4.880548319920934
5,7,2009-05-26,UNIONBANK,-8.122699386503074,5.216321735844654
5,7,2009-07-10,UNIONBANK,-12.331563903634146,5.880132549327465
5,7,2009-07-29,UNIONBANK,-13.58271654330866,5.223850594029086
5,7,2009-08-13,UNIONBANK,-7.667804323094418,4.38775150330584
5,7,2009-10-26,UNIONBANK,-9.548118737001321,5.604580735653067
5,7,2023-10-10,UNIONBANK,-7.767464582315576,6.202608138037519
5,7,2023-10-25,UNIONBANK,-10.72175732217573,5.000448313394637
5,7,2007-10-22,BHARTIARTL,-17.358705115221294,5.067200313330484
5,7,2007-11-02,BHARTIARTL,-9.663874028464726,4.308563898883646
5,7,2024-10-04,BHARTIARTL,-7.351363559369872,5.597632511195143
5,7,2012-05-09,JUBLFOOD,-9.704107044869358,5.043901104054145
5,7,2012-06-04,JUBLFOOD,-13.03377586141684,5.8575268931055495
5,7,2012-07-27,JUBLFOOD,-9.965173341776158,5.104363636480819
5,7,2025-08-25,BAJAJHLDNG,-8.662122151070717,5.1673811864952395
5,7,2023-09-26,GLENMARK,-10.486759438670656,5.443011306334045
5,7,2023-10-09,GLENMARK,-8.310929281122148,5.371804422429348
5,7,2024-11-13,GLENMARK,-12.976624551287486,5.080473613893287
5,7,2026-06-04,GLENMARK,-8.56639691391673,4.650900145257811
5,7,2010-08-31,SUDARCOLOR,-9.764150943396233,5.248721342695725
5,7,2015-02-25,BEL,-7.188507114879272,5.651996872220438
5,7,2015-03-10,BEL,-8.952103946939205,5.16859852848489
5,7,2015-04-20,BEL,-14.140401536407976,5.012958149068915
5,7,2015-06-08,BEL,-8.803226514486385,5.180024044320766
5,7,2022-11-01,FINEORG,-17.397952837712282,4.950889597911017
5,7,2025-08-08,NH,-10.70675918786944,4.935170145030779
5,7,2011-06-23,ARVIND,-13.06532663316583,4.844515875970363
5,7,2012-02-24,ARVIND,-21.62921348314607,5.163365730220557
5,7,2012-03-28,ARVIND,-10.576923076923084,4.820751579193595
5,7,2014-05-30,ARVIND,-8.858965272856134,4.928867309242347
5,7,2014-07-11,ARVIND,-17.0816444701795,5.338418916726878
5,7,2014-07-28,ARVIND,-10.169491525423723,4.8075922393117105
5,7,2014-09-25,ARVIND,-11.009573542210626,5.057746943631896
5,7,2014-10-17,ARVIND,-7.462686567164178,5.134907979857487
5,7,2014-11-13,ARVIND,-9.811146936895431,5.123790456669649
5,7,2009-12-11,RENUKA,-7.331301697866777,4.992939795843605
5,7,2010-01-20,RENUKA,-8.25361889443833,4.944098873094681
5,7,2010-02-06,RENUKA,-12.407425218813128,4.551348958925798
5,7,2023-12-12,RATNAMANI,-9.333035796327172,5.027390896951246
5,7,2010-11-18,UFLEX,-19.76284584980238,4.8734409396241585
5,7,2009-06-11,MUNJALSHOW,-11.969532100108815,5.580752594521667
5,7,2009-07-10,MUNJALSHOW,-8.01781737193764,5.3650894590365645
5,7,2009-08-10,MUNJALSHOW,-14.68590831918506,5.774308128554777
5,7,2009-10-07,MUNJALSHOW,-7.401315789473683,4.639969242618826
5,7,2009-11-03,MUNJALSHOW,-26.959247648902817,5.428197359444583
5,7,2023-09-26,ZYDUSLIFE,-7.048492384208894,5.045319369601703
5,7,2024-08-19,ZYDUSLIFE,-8.913060189099852,5.0799341258692134
5,7,2020-03-02,ICICIGI,-8.121982989809206,4.88695110690047
5,7,2023-08-17,APOLLOTYRE,-10.682932390833432,4.987618696402441
5,7,2026-05-15,NETWEB,-13.154086201438197,5.4921553985197225
5,7,2026-06-11,NETWEB,-15.054112115439189,5.997088958088363
5,7,2026-07-02,NETWEB,-12.593614505321248,5.604619385104191
5,7,2023-09-18,IRFC,-9.616519174041304,5.933182742568392
5,7,2023-10-09,IRFC,-7.054212932723702,5.487688449128447
5,7,2023-10-25,IRFC,-11.181301326595083,5.213568388851506
5,7,2024-02-12,IRFC,-17.190906259732188,5.014335998913914
5,7,2024-03-13,IRFC,-14.33988279903482,4.900590429918241
5,7,2024-05-09,IRFC,-7.457520453115163,5.154535683675594
5,7,2024-06-04,IRFC,-8.488210818307918,5.588916275232155
5,7,2024-07-26,IRFC,-10.85192204888954,5.300895797392117
5,7,2024-08-06,IRFC,-9.771820321293356,4.771181485601059
5,7,2024-09-19,IRFC,-7.047060232307512,4.90276370092909
5,7,2024-10-07,IRFC,-7.94592181621071,4.520511041641997
5,7,2020-02-05,MANAPPURAM,-11.626080125687343,5.118143422228069
5,7,2020-03-02,MANAPPURAM,-8.754974417282547,5.395224353998182
5,7,2014-01-28,BIOCON,-12.094492497683717,4.947554668588696
5,7,2017-03-02,BIOCON,-7.063247198805822,5.036894151982569
5,7,2017-05-03,BIOCON,-11.398954394400784,5.087411672949667
5,7,2020-07-29,BIOCON,-8.103087996285108,5.116061426392923
5,7,2020-09-24,BIOCON,-7.677521483491634,4.890911162195772
5,7,2020-10-15,BIOCON,-7.6095065544069085,5.141536709971694
5,7,2020-10-26,BIOCON,-8.072619319479324,4.879338302599928
5,7,2012-05-09,KAJARIACER,-11.919999999999998,5.378841395308343
5,7,2012-06-04,KAJARIACER,-7.1751582755501975,4.717801352539527
5,7,2012-08-30,KAJARIACER,-7.25534308211474,4.76921232223086
5,7,2012-12-21,KAJARIACER,-8.272168220591158,5.15062502339145
5,7,2013-01-21,KAJARIACER,-7.9045325158747515,5.00976554476425
5,7,2014-05-28,KAJARIACER,-7.767755495227258,5.669812708651761
5,7,2014-06-19,KAJARIACER,-11.041093458773421,4.856241156758026
5,7,2014-10-17,KAJARIACER,-7.2290963629546345,4.993181879529019
5,7,2015-03-11,KAJARIACER,-7.132459970887917,4.922013787712458
5,7,2021-10-25,KAJARIACER,-7.3513391683257545,5.251319434529848
5,7,2021-08-24,JSWENERGY,-12.697128993125762,4.986390006526702
5,7,2021-11-03,JSWENERGY,-9.671259036966307,4.812608218330765
5,7,2021-11-18,JSWENERGY,-11.467546095038228,5.1312635312168595
5,7,2021-12-10,JSWENERGY,-7.350665428659853,5.061719846255538
5,7,2022-12-12,COCHINSHIP,-7.865678414763277,5.007759464757525
5,7,2022-12-23,COCHINSHIP,-19.020853698273044,4.736564371529886
5,7,2024-07-19,COCHINSHIP,-11.188713507473114,5.060363227025799
5,7,2024-08-06,COCHINSHIP,-14.47960421917297,4.709486583365129
5,7,2024-08-20,COCHINSHIP,-10.788087302440596,4.584955813437483
5,7,2024-09-02,COCHINSHIP,-10.00413193009747,4.013590265795089
5,7,2024-09-19,COCHINSHIP,-7.414558795134196,4.773460031370566
5,7,2024-10-07,COCHINSHIP,-9.159333024548399,4.466869465818606
5,7,2017-05-11,RAIN,-11.463109629012092,5.329900161423692
5,7,2017-05-24,RAIN,-13.721890775585132,4.927923232790648
5,7,2017-08-10,RAIN,-12.79876638396299,4.856133308963419
5,7,2017-09-27,RAIN,-7.984366275823551,5.710593368517105
5,7,2017-11-21,RAIN,-20.99246557547414,5.847028245024735
5,7,2018-01-16,RAIN,-8.785473523975218,4.968000950763146
5,7,2018-02-02,RAIN,-20.47846889952154,4.6277365238511985
5,7,2010-10-22,M&MFIN,-8.311855670103075,5.563812200977926
5,7,2010-11-25,M&MFIN,-7.426018983807914,5.494632849697467
5,7,2011-05-05,M&MFIN,-10.488245931283913,4.791379979288106
5,7,2011-05-16,M&MFIN,-10.006215040397759,5.007363653930649
5,7,2011-06-16,M&MFIN,-8.275382475660642,4.900119557811024
5,7,2013-01-14,M&MFIN,-7.816513761467892,5.004463737404854
5,7,2013-01-24,M&MFIN,-11.453058044409815,4.7547162411373165
5,7,2014-01-10,M&MFIN,-13.406292749658,5.037456794201975
5,7,2014-01-23,M&MFIN,-13.83687718184704,4.348290264427449
5,7,2010-11-26,SUNDARMFIN,-8.716385240775482,5.016914207474215
5,7,2018-02-02,TATACONSUM,-9.663105998356603,4.8913228588390165
5,7,2020-02-28,TATACONSUM,-9.027595269382394,4.933351049088844
5,7,2010-09-16,VENKEYS,-9.34657117272809,5.344592670493962
5,7,2010-10-29,VENKEYS,-11.506675143038791,5.123760281354479
5,7,2010-11-19,VENKEYS,-14.200561009817669,4.991142115015952
5,7,2010-11-19,TITAN,-10.958107059736244,5.348702864339381
5,7,2011-05-03,TITAN,-7.953935490167375,5.285634515305526
5,7,2011-06-27,TITAN,-8.248939669349953,5.430107453218871
5,7,2007-10-22,RELIANCE,-9.612367029187151,4.886255130483211
5,7,2008-01-22,RELIANCE,-25.52850398777181,5.59273846447552
5,7,2019-05-10,RELIANCE,-11.193532392220229,5.277079125098692
5,7,2007-10-08,PRAJIND,-13.287007791113915,5.134163185931497
5,7,2007-11-05,PRAJIND,-7.887981330221705,4.330266225145009
5,7,2019-04-09,PRAJIND,-8.495867768595033,4.846366136831713
5,7,2019-05-09,PRAJIND,-11.598405219282338,4.839413467074688
5,7,2010-11-29,ELGIEQUIP,-8.654970760233915,5.4922355335037345
5,7,2011-05-03,ELGIEQUIP,-13.610683102208531,5.164053016435104
5,7,2022-09-19,ELGIEQUIP,-15.881669496827245,4.999999999999999
5,7,2022-11-03,ELGIEQUIP,-8.58300358017714,6.3696853624558205
5,7,2007-10-19,SOUTHBANK,-10.932475884244363,4.6923344137802285
5,7,2007-12-20,SOUTHBANK,-7.066246056782333,5.560461510305414
5,7,2008-01-22,SOUTHBANK,-23.56881851400732,4.68646822834393
5,7,2010-05-04,SOUTHBANK,-16.666666666666675,5.110526929378952
5,7,2024-01-23,PRESTIGE,-14.08104634459817,4.955535661897604
5,7,2024-02-14,PRESTIGE,-10.249092910432555,5.078055921768184
5,7,2024-03-18,PRESTIGE,-14.792523206035701,4.952001462152943
5,7,2024-04-12,PRESTIGE,-8.720484513952776,5.163788817590565
5,7,2024-05-30,PRESTIGE,-7.250527585167321,5.083611376271066
5,7,2024-07-01,PRESTIGE,-10.52119797744069,5.348454581971378
5,7,2024-08-05,PRESTIGE,-13.701360833510524,5.245030192891174
5,7,2024-08-23,PRESTIGE,-7.68193699270876,5.319520971121973
5,7,2024-10-22,PRESTIGE,-9.666736753574433,5.213078528090413
5,7,2022-09-29,VBL,-11.734301580521144,5.507505354968066
5,7,2022-10-14,VBL,-9.579387800044048,5.459338394903771
5,7,2022-12-23,VBL,-7.807969068843301,5.2669975078912925
5,7,2012-05-08,MRF,-9.79602861349993,5.196704741442524
5,7,2012-08-29,MRF,-9.458993328189525,4.927074850653597
5,7,2014-04-28,MRF,-13.026471467488554,5.254885771309466
5,7,2017-05-24,MRF,-8.133163469973415,4.945318640398182
5,7,2017-08-10,MRF,-7.30248848885906,4.824704565952013
5,7,2010-07-29,IPCALAB,-9.673659673659674,4.778806351129246
5,7,2012-11-09,IPCALAB,-8.364611260053623,4.94297809748899
5,7,2013-01-29,IPCALAB,-7.323112084563366,5.272011992641504
5,7,2014-03-10,IPCALAB,-8.330541596873253,5.277453488753571
5,7,2014-05-19,IPCALAB,-10.607627273280206,4.755872010512273
5,7,2020-11-11,IPCALAB,-13.697964016152554,5.557325471724319
5,7,2021-01-28,IPCALAB,-9.755981544023218,4.7873157217015665
5,7,2020-08-17,LAURUSLABS,-7.169207520334231,5.006537525432419
5,7,2020-09-25,LAURUSLABS,-11.078004686976895,5.768544845477581
5,7,2020-11-05,LAURUSLABS,-14.51735111380511,5.661869015435354
5,7,2020-11-19,LAURUSLABS,-7.125562089242488,5.430677823516042
5,7,2021-02-02,LAURUSLABS,-8.694506652614942,5.369855073739472
5,7,2021-07-29,LAURUSLABS,-7.374541003671975,4.581858711563391
5,7,2021-08-23,LAURUSLABS,-9.833863556026856,5.046847848238381
5,7,2017-08-10,AVANTIFEED,-11.5494086181678,5.594738149447275
5,7,2017-11-16,AVANTIFEED,-15.120382107600172,5.035385380715126
5,7,2018-01-31,AVANTIFEED,-12.557398811854947,4.75181109390691
5,7,2019-05-13,BALRAMCHIN,-11.266688375122113,5.002303491484351
5,7,2020-01-28,BALRAMCHIN,-8.773841961852858,4.689396509145119
5,7,2020-02-04,BALRAMCHIN,-9.94269340974212,4.297048949730095
5,7,2017-03-02,CESC,-7.121168719564597,5.625370299622364
5,7,2017-05-18,CESC,-15.491094147582697,4.9682409195241455
5,7,2021-05-26,TATASTEEL,-7.276433572631391,4.788084196746265
5,7,2021-08-26,TATASTEEL,-8.562649368385111,5.213480641418807
5,7,2021-09-20,TATASTEEL,-14.739054290718045,4.9351039403837715
5,7,2021-10-25,TATASTEEL,-8.566649698203754,5.038988852243718
5,7,2021-11-22,TATASTEEL,-9.76584352273635,4.640058253025338
5,7,2021-11-30,TATASTEEL,-10.457572874318831,4.385449499704605
5,7,2017-06-12,ADANIENSOL,-15.393343419062022,5.006125011111533
5,7,2017-08-14,ADANIENSOL,-14.011741682974566,5.008623736659304
5,7,2017-09-21,ADANIENSOL,-10.240759579518476,5.6279005794388
5,7,2017-11-01,ADANIENSOL,-11.736785329018328,6.269425012712657
5,7,2017-12-01,ADANIENSOL,-13.460585027268213,4.989623783023151
5,7,2018-01-02,ADANIENSOL,-7.289143360493289,5.703657659201701
5,7,2018-02-02,ADANIENSOL,-10.464310464310456,5.239136360290794
5,7,2021-04-13,ADANIENSOL,-19.033899068113268,5.004296942747309
5,7,2021-06-18,ADANIENSOL,-22.61637339323598,4.941342533798576
5,7,2021-07-26,ADANIENSOL,-7.559883921105692,5.330791467436462
5,7,2021-09-22,ADANIENSOL,-19.713999125536898,5.374756882028155
5,7,2021-11-30,ADANIENSOL,-7.9327722493668595,5.255206355816341
5,7,2021-12-30,ADANIENSOL,-7.6298389530577,4.80303504734715
5,7,2022-10-03,ADANIENSOL,-15.872609749528676,4.924841881246803
5,7,2022-10-14,ADANIENSOL,-7.420850362959797,4.199824218734733
5,7,2022-11-23,ADANIENSOL,-12.665270623481039,4.992385738226687
5,7,2026-09-03,ADANIENSOL,-14.304267161410012,4.781954104523199
5,7,2014-07-28,SUNDRMFAST,-9.3033318909563,5.329848876570361
5,7,2014-10-22,SUNDRMFAST,-10.926365795724468,5.098018184615
5,7,2014-12-17,SUNDRMFAST,-7.3868149324860966,4.964080001897429
5,7,2015-02-10,SUNDRMFAST,-13.918128654970763,5.138669295970867
5,7,2015-03-20,SUNDRMFAST,-7.8039430449069025,5.03493282680347
5,7,2015-04-21,SUNDRMFAST,-11.747063234191446,5.192815362532917
5,7,2015-06-04,SUNDRMFAST,-12.774122807017552,5.031712044620037
5,7,2007-11-21,WELCORP,-11.439200186003262,6.468578852037131
5,7,2007-12-19,WELCORP,-8.81858314063485,5.263239709524333
5,7,2008-01-22,WELCORP,-15.40714704159345,5.875049425815587
5,7,2012-12-17,KTKBANK,-15.97239969332993,5.008114701902002
5,7,2013-01-11,KTKBANK,-7.5924903368304815,4.611456642176348
5,7,2013-01-24,KTKBANK,-10.545870248642464,4.94683714236089
5,7,2013-02-08,KTKBANK,-10.80000000000001,4.712981821961592
5,7,2021-12-20,IEX,-16.26601158097912,5.3953022811311655
5,7,2022-01-27,IEX,-11.401653528167666,4.852353223124543
5,7,2022-02-09,IEX,-7.3826903023983315,4.537369746982449
5,7,2014-08-04,BALKRISIND,-7.579629745060146,5.552709309520789
5,7,2014-10-17,BALKRISIND,-8.418787188251676,5.183507898003852
5,7,2014-11-20,BALKRISIND,-26.558347426914708,4.945157207310551
5,7,2017-08-14,BALKRISIND,-7.205405569190681,5.008234186810511
5,7,2009-04-21,MCLEODRUSS,-8.276333789329682,5.231507950400709
5,7,2009-06-08,MCLEODRUSS,-8.144578313253014,4.957505415890529
5,7,2009-08-20,MCLEODRUSS,-8.784596871239469,5.42651674685396
5,7,2009-10-05,MCLEODRUSS,-8.111672895141787,5.654177184243577
5,7,2009-12-11,MCLEODRUSS,-9.898522342887661,5.853978652138838
5,7,2010-01-28,MCLEODRUSS,-19.505250044491895,4.855575854068631
5,7,2010-02-24,MCLEODRUSS,-8.702894024567975,5.148684172328219
5,7,2010-04-01,MCLEODRUSS,-8.30095372659837,5.7854262790585596
5,7,2010-04-28,MCLEODRUSS,-12.82102728731942,4.760073603587318
5,7,2010-05-07,MCLEODRUSS,-9.623797025371827,4.302377774228295
5,7,2017-02-15,HINDZINC,-7.596532702915693,5.0113788083601705
5,7,2009-11-03,AUROPHARMA,-11.283656117146911,5.254018249452437
5,7,2010-05-07,AUROPHARMA,-7.240745602520338,4.879930944641122
5,7,2014-01-13,AUROPHARMA,-7.551070038910512,5.004113882565853
5,7,2014-03-12,AUROPHARMA,-7.695181172954801,5.108598903694037
5,7,2014-07-10,AUROPHARMA,-13.581934140309759,5.38165022129589
5,7,2014-09-24,AUROPHARMA,-7.9638373833928355,5.166386973149574
5,7,2015-02-09,AUROPHARMA,-17.137997864177514,5.220166030690215
5,7,2024-02-07,AUROPHARMA,-13.573539638386656,5.077014227999652
5,7,2024-03-13,AUROPHARMA,-7.219633713152174,5.057498069093042
5,7,2013-11-12,EMAMILTD,-7.592039800995021,5.025634009291297
5,7,2009-07-08,BANKBARODA,-18.188010899182572,5.737069148743962
5,7,2009-08-10,BANKBARODA,-7.137809187279142,4.776599855852209
5,7,2011-05-04,BANKBARODA,-15.56291390728476,4.987114010483483
5,7,2024-09-10,OIL,-16.571898335274383,5.917428266945894
5,7,2024-10-28,OIL,-10.162294772598601,4.801019951076034
5,7,2011-04-25,FMGOETZE,-7.2323232323232345,5.026217855564486
5,7,2011-05-19,FMGOETZE,-8.028419182948499,5.014902292715783
5,7,2011-06-02,FMGOETZE,-7.6440177252585,4.787864645891599
5,7,2015-01-30,JKLAKSHMI,-7.554600787683485,4.954653013450763
5,7,2015-02-09,JKLAKSHMI,-7.66427943208946,4.668646237918594
5,7,2015-03-26,JKLAKSHMI,-8.574380165289252,5.136417074676715
5,7,2015-06-08,JKLAKSHMI,-9.570001447806575,4.716939811888599
5,7,2014-03-13,PERSISTENT,-7.955220083114234,5.54921415006018
5,7,2020-08-31,PERSISTENT,-12.099252396459214,5.458629742919084
5,7,2020-10-21,PERSISTENT,-11.79607041121905,5.192955937535402
5,7,2021-01-28,PERSISTENT,-8.21854912764004,5.294282552124602
5,7,2021-02-22,PERSISTENT,-7.518670806410999,4.897895602077926
5,7,2021-04-19,PERSISTENT,-7.029369282619157,5.10741884258298
5,7,2021-10-22,PERSISTENT,-8.074548907882239,5.379297161811477
5,7,2022-01-10,PERSISTENT,-7.763592701299238,5.45518397825493
5,7,2022-01-24,PERSISTENT,-7.119933300592763,4.666929804931907
5,7,2022-02-08,PERSISTENT,-7.4121022082860755,4.999433195459251
5,7,2022-02-17,PERSISTENT,-11.327894856106957,5.257664424381254
5,7,2010-05-21,ZENSARTECH,-8.296862479196188,5.306987806487506
5,7,2012-08-31,ZENSARTECH,-7.5407990996060885,4.8408034481628155
5,7,2012-10-22,ZENSARTECH,-9.673913043478265,4.883716783013642
5,7,2023-09-12,ZENSARTECH,-8.176775809626037,5.14730549882858
5,7,2023-10-25,ZENSARTECH,-13.605380350813412,4.910172184238081
5,7,2024-01-03,ZENSARTECH,-7.891590275009963,5.613331147169534
5,7,2011-05-04,GFLLIMITED,-7.653061224489798,5.004324165444647
5,7,2012-04-13,GFLLIMITED,-7.850241545893722,4.730992670351499
5,7,2015-03-24,GFLLIMITED,-7.497893850042125,4.812714110255122
5,7,2015-04-27,GFLLIMITED,-10.720887245841038,5.0778391035439965
5,7,2019-05-09,GFLLIMITED,-9.824135839902981,4.906523424113312
5,7,2021-02-01,DRREDDY,-12.085806746212945,4.82034408760568
5,7,2009-05-06,JINDALPOLY,-9.550000000000002,4.550070645728179
5,7,2010-10-21,JINDALPOLY,-18.09176225234619,6.718681319869677
5,7,2010-11-16,JINDALPOLY,-20.249415432579887,4.9777272198725475
5,7,2011-05-09,JINDALPOLY,-10.456049149338376,5.052756277442154
5,7,2011-05-18,JINDALPOLY,-8.33867864015394,5.128362391325645
5,7,2011-06-23,JINDALPOLY,-16.532137518684607,4.840892673100331
5,7,2022-10-14,INDHOTEL,-9.257360480445298,5.5617558277154995
5,7,2022-11-15,INDHOTEL,-9.236363636363631,5.000796776061885
5,7,2022-12-22,INDHOTEL,-8.762190547636905,5.190267058201935
5,7,2009-09-03,LUPIN,-7.058370997211261,4.808569016695968
5,7,2015-04-17,LUPIN,-12.189011534168426,4.730345937967847
5,7,2022-01-27,UNOMINDA,-14.002676220486032,4.698394234621126
5,7,2022-02-14,UNOMINDA,-13.484358144552333,5.0032382732147145
5,7,2024-03-15,NTPC,-10.1930721181147,5.1946532800178264
5,7,2024-06-04,NTPC,-9.345922276956752,4.941685938646639
5,7,2021-09-24,LUXIND,-8.838087143464247,4.716248006579918
5,7,2009-06-23,COROMANDEL,-14.364904902991494,5.330031899382754
5,7,2009-07-13,COROMANDEL,-14.151447185731069,5.006156316268062
5,7,2010-11-25,COROMANDEL,-11.282608695652174,5.00406089361172
5,7,2011-04-26,COROMANDEL,-9.706183306534133,5.328175342633945
5,7,2020-08-17,COROMANDEL,-8.089859279358869,5.005262148345473
5,7,2020-09-04,COROMANDEL,-8.41437892404283,5.033121179459886
5,7,2020-10-07,COROMANDEL,-9.190040970690195,5.006304179927317
5,7,2025-07-07,COROMANDEL,-9.488264410027137,5.046790090786431
5,7,2025-08-13,COROMANDEL,-9.850662833413203,4.953667803274832
5,7,2009-04-22,EMBDL,-11.98388721047331,5.84232478797118
5,7,2009-06-08,EMBDL,-15.64708257621643,6.675046370611254
5,7,2021-10-25,FLUOROCHEM,-16.790000474360788,4.737706513511399
5,7,2021-12-17,FLUOROCHEM,-15.763714772841231,4.867828690821901
5,7,2022-01-27,FLUOROCHEM,-10.779667149059325,4.906125096506807
5,7,2022-02-14,FLUOROCHEM,-11.015097820282538,5.004563807322873
5,7,2022-10-19,FLUOROCHEM,-8.984747961906624,5.102045443898712
5,7,2022-11-15,FLUOROCHEM,-11.517814201967946,4.999673528764401
5,7,2022-12-05,FLUOROCHEM,-8.649872072426678,4.7088268589473685
5,7,2022-12-23,FLUOROCHEM,-10.729253981559095,4.867899496144639
5,7,2014-07-14,KEC,-11.246418338108876,5.00282012806687
5,7,2014-08-04,KEC,-17.436489607390303,4.691431926141931
5,7,2014-08-28,KEC,-7.498856881572924,4.809789552863621
5,7,2014-09-25,KEC,-9.103078982597058,5.133731558043795
5,7,2014-11-11,KEC,-9.38069216757741,5.178145214603137
5,7,2017-11-13,KEC,-8.20812905266487,5.003929011656417
5,7,2018-01-22,KEC,-7.082521117608842,5.095266750125635
5,7,2021-06-21,TIINDIA,-12.249962400360948,5.335311305493362
5,7,2021-07-09,TIINDIA,-7.2215370220729,4.816710885662487
5,7,2022-11-14,TIINDIA,-13.044834578256893,5.090668984361751
5,7,2022-12-26,TIINDIA,-7.15499402769133,5.089070897804699
5,7,2020-09-21,EPL,-19.21215156067435,5.240525664036584
5,7,2020-10-29,EPL,-9.404563160823598,5.54817989986447
5,7,2026-06-10,NATIONALUM,-13.90478370336462,5.1540418706302225
5,7,2026-06-30,NATIONALUM,-10.146844820743473,4.652651223624687
5,7,2026-08-19,NATIONALUM,-7.964285714285713,5.429545287590389
5,7,2026-09-02,NATIONALUM,-7.337841222138741,5.082275820617207
5,7,2009-07-13,JAYSREETEA,-10.836584308625918,5.00608494084525
5,7,2009-08-10,JAYSREETEA,-7.828902187775933,4.802490679952262
5,7,2010-01-28,JAYSREETEA,-15.583306649589069,5.029448705934752
5,7,2021-12-21,BSE,-18.83346425765907,5.859205105925296
5,7,2022-01-28,BSE,-8.99646789943902,5.3623063541178215
5,7,2023-11-24,BSE,-9.97822706065319,6.064457840471381
5,7,2024-01-23,BSE,-8.556392931392931,5.051280556347104
5,7,2024-02-12,BSE,-7.766194213423927,5.014398402743195
5,7,2024-03-13,BSE,-12.041713123893238,4.884107785856199
5,7,2024-04-30,BSE,-12.802362647665477,5.770516240803381
5,7,2024-05-23,BSE,-7.254244504763429,4.896323127797218
5,7,2024-06-24,BSE,-9.460120698091668,4.981638201016221
5,7,2024-07-10,BSE,-8.28196521208423,4.318207509528456
5,7,2025-06-17,BSE,-11.346243428495374,4.997153730448586
5,7,2025-07-10,BSE,-12.545654409418095,4.598011836850194
5,7,2025-08-28,BSE,-13.65834324217201,4.9526998582552695
5,7,2020-10-19,CDSL,-7.648460980412475,5.052863137876148
5,7,2021-07-27,CDSL,-11.896321831604284,7.109729520065939
5,7,2021-08-12,CDSL,-7.871298151859274,6.10419019398984
5,7,2021-08-23,CDSL,-7.784551215208147,4.754163750938502
5,7,2021-09-23,CDSL,-7.916998047863499,5.440997696236375
5,7,2021-11-23,CDSL,-7.651353333120792,5.2265013762839825
5,7,2021-12-21,CDSL,-11.922476899075951,5.270240109072558
5,7,2022-01-24,CDSL,-8.184096326630396,5.060556068470006
5,7,2012-02-27,ACC,-7.9293058655640625,4.853857995603029
5,7,2020-08-31,NAVINFLUOR,-8.997878738432119,4.988551183305512
5,7,2020-09-22,NAVINFLUOR,-9.021329410683087,5.17794220349359
5,7,2020-10-08,NAVINFLUOR,-8.674824619156807,5.203156968803647
5,7,2021-01-14,NAVINFLUOR,-8.238727356845443,5.193365316834695
5,7,2021-01-29,NAVINFLUOR,-9.901729559748428,4.790351520832386
5,7,2008-01-22,SHRIRAMFIN,-15.789473684210531,5.51469486634002
5,7,2021-04-12,ATGL,-14.926975945017185,5.006653512329486
5,7,2021-05-14,ATGL,-8.155960124706517,5.11119714347497
5,7,2021-06-29,ATGL,-22.625054057950123,4.307115093568596
5,7,2021-07-20,ATGL,-11.692107827216624,5.050251082842423
5,7,2021-09-07,ATGL,-8.141135972461278,7.332559129400229
5,7,2021-12-22,ATGL,-10.623313198817641,5.932441953760243
5,7,2022-02-21,ATGL,-7.078198913741751,5.04840820932921
5,7,2022-09-27,ATGL,-8.061334167811808,5.072767761568511
5,7,2022-12-23,ATGL,-9.824815889310434,5.093284470228607
5,7,2020-08-20,APLLTD,-8.966093046987345,5.088793334990813
5,7,2020-09-01,APLLTD,-7.901729756831277,4.530270329326874
5,7,2021-01-22,APLLTD,-13.623414813453405,5.070692928516482
5,7,2014-07-08,SRF,-12.706620327201822,5.29645113025658
5,7,2014-10-17,SRF,-8.298611111111098,4.908818552391459
5,7,2014-11-10,SRF,-9.30854025164235,5.995612999876488
5,7,2015-01-09,SRF,-7.171141849742336,5.061876420941878
5,7,2015-02-18,SRF,-7.0901556498888185,5.15896005215973
5,7,2015-04-27,SRF,-13.169319826338644,5.7702433225872145
5,7,2015-06-08,SRF,-7.300166710537859,5.841519582178466
5,7,2021-10-20,SRF,-11.329910852262003,5.205250108603816
5,7,2021-11-30,SRF,-8.479718939635895,5.10688416506357
5,7,2011-06-23,WOCKPHARMA,-8.673469387755095,4.849977064208179
5,7,2017-09-11,VAKRANGEE,-7.510319138226107,5.004168742252787
5,7,2018-02-05,VAKRANGEE,-51.735402204981625,6.040267904324429
5,7,2009-05-27,PFC,-10.314318975552972,5.421259597896711
5,7,2009-06-23,PFC,-8.608147429679935,5.286861284534073
5,7,2009-07-09,PFC,-7.386910490856591,5.438960451286178
5,7,2009-08-10,PFC,-9.82448630136985,5.216571583388321
5,7,2009-11-03,PFC,-8.739348918505573,4.893772151412072
5,7,2023-09-15,PFC,-8.423467715503119,5.526754343090934
5,7,2023-12-20,PFC,-9.471313418681838,5.5680798720466775
5,7,2024-02-12,PFC,-7.421150278293132,5.014398402743195
5,7,2024-03-19,PFC,-15.499359049061878,5.342976962314619
5,7,2024-05-10,PFC,-13.071079196586533,5.618245620858672
5,7,2024-06-04,PFC,-17.480421541138934,5.7008843011268215
5,7,2024-08-05,PFC,-9.912272768382024,4.988980358607111
5,7,2025-08-28,JKCEMENT,-7.335190343546893,5.425485469173813
5,7,2014-07-09,BHARATFORG,-7.234363225320273,5.326951523895798
5,7,2014-09-25,BHARATFORG,-8.37088388214905,4.965191946503337
5,7,2014-10-16,BHARATFORG,-7.584706248057193,5.024103752365247
5,7,2014-12-17,BHARATFORG,-10.380927701477061,5.014072323537466
5,7,2015-03-26,BHARATFORG,-7.57002560281248,5.190344435510939
5,7,2015-04-22,BHARATFORG,-11.466565349544078,4.991123193756396
5,7,2015-06-09,BHARATFORG,-9.448004961753153,4.837163836309937
5,7,2026-08-14,BHARATFORG,-8.83807169344869,5.137560786540212
5,7,2009-04-22,IIFL,-15.268557634278812,5.949494186465396
5,7,2009-05-26,IIFL,-9.150090415913203,8.36974975467875
5,7,2009-06-17,IIFL,-20.780117362789085,4.911276951022763
5,7,2009-07-06,IIFL,-9.394654088050313,4.427119649871754
5,7,2020-02-28,RELAXO,-13.494379929205735,5.444818526520771
5,7,2009-10-27,SUPREMEIND,-9.964463397299205,5.308480534945604
5,7,2010-02-25,SUPREMEIND,-7.141306707184714,5.275592124171527
5,7,2014-01-24,SUPREMEIND,-11.762837480148225,5.6263216232818
5,7,2023-09-15,SUPREMEIND,-10.985924621649945,5.118226867266424
5,7,2023-10-26,SUPREMEIND,-11.25485947358359,5.583198631301781
5,7,2014-05-20,HCLTECH,-8.68169446576873,4.97136843532545
5,7,2014-06-04,HCLTECH,-9.177687528202993,4.701613853469616
5,7,2009-05-14,NIITLTD,-11.06557377049181,6.3266462788130475
5,7,2019-05-03,ADANIPOWER,-17.061611374407594,5.152780041482587
5,7,2026-05-12,ADANIPOWER,-8.840667942250835,4.993890575071957
5,7,2026-06-04,ADANIPOWER,-7.585070909163949,5.111866114185175
5,7,2023-05-23,NCC,-8.612226684515834,4.845904246161554
5,7,2023-09-12,NCC,-11.261393707733024,5.075132851027658
5,7,2023-10-25,NCC,-13.067484662576689,4.981745352724758
5,7,2014-09-16,SIMPLEXINF,-9.250313115047415,4.8375282642882524
5,7,2014-09-29,SIMPLEXINF,-15.9011964492474,4.480414105536578
5,7,2021-01-19,INDIAMART,-9.891754741434388,5.526934411362724
5,7,2021-02-17,INDIAMART,-8.236650225176923,5.039762195555403
5,7,2021-03-02,INDIAMART,-9.816910279521318,4.906144701846788
5,7,2021-04-19,INDIAMART,-7.738846676035537,5.05123572193396
5,7,2021-05-05,INDIAMART,-14.129766915695718,5.112290479888749
5,7,2017-05-22,LTF,-7.268639940052446,4.847856218119092
5,7,2017-09-28,LTF,-9.85081695477149,4.93280333918446
5,7,2017-12-04,LTF,-7.918298824846104,4.532547535357992
5,7,2007-11-12,RIIL,-15.416848711125219,5.0106654374792665
5,7,2007-11-23,RIIL,-11.18261320510101,4.009822322815955
5,7,2007-12-11,RIIL,-9.570803918215788,3.8494728374723968
5,7,2007-12-20,RIIL,-9.842133091623229,5.131834754855573
5,7,2008-01-24,RIIL,-22.51556714910805,4.572127670786143
5,7,2022-09-28,BDL,-10.45002985722816,5.577695431020287
5,7,2022-11-15,BDL,-7.769184411410201,5.00135884373482
5,7,2022-12-22,BDL,-10.958029682429915,4.934747720877999
5,7,2025-07-10,ASTERDM,-7.714791169910007,5.573714128485061
5,7,2007-10-24,GMDCLTD,-13.895811560414817,9.135839688427696
5,7,2007-11-27,GMDCLTD,-16.968599033816425,4.81297723393163
5,7,2007-12-12,GMDCLTD,-7.95944039949682,4.3709558292274675
5,7,2008-01-24,GMDCLTD,-29.524661489041605,5.401396683253457
5,7,2012-03-06,GMDCLTD,-8.357699805068219,5.509943662110126
5,7,2012-03-19,GMDCLTD,-8.603238866396756,4.967026155670708
5,7,2012-05-16,GMDCLTD,-7.190489997100591,4.925989654818073
5,7,2026-05-12,GMDCLTD,-10.09995107290138,4.853019639097469
5,7,2026-06-11,GMDCLTD,-13.01617788283963,4.440805923662306
5,7,2014-03-28,TATAELXSI,-8.686712927268047,4.656736501419234
5,7,2014-05-09,TATAELXSI,-8.092380432805967,4.72760332413875
5,7,2014-06-13,TATAELXSI,-7.124294291603195,4.356810657909462
5,7,2014-07-14,TATAELXSI,-7.8312302839116725,5.002882388580178
5,7,2014-09-26,TATAELXSI,-7.837575576621636,5.2741082960947105
5,7,2021-01-28,TATAELXSI,-7.056502242152463,7.299236067477248
5,7,2021-05-11,TATAELXSI,-8.59772027190372,6.245669552967552
5,7,2021-10-25,TATAELXSI,-8.057547125017805,5.066470534232798
5,7,2021-11-25,TATAELXSI,-9.764825400676258,5.181166158218658
5,7,2021-12-21,TATAELXSI,-9.755145758433725,4.989971850161151
5,7,2022-02-14,TATAELXSI,-9.5378956943999,5.004563807322873
5,7,2025-08-13,GODFRYPHLP,-7.439396158831679,6.0756415644798105
5,7,2010-03-16,BSOFT,-7.375776397515543,5.191792410316506
5,7,2012-09-17,BSOFT,-9.956076134699854,4.935391895236442
5,7,2021-02-12,BSOFT,-9.966838614591001,5.179896139639043
5,7,2021-04-19,BSOFT,-8.500459981600738,4.850675291512827
5,7,2024-04-22,BSOFT,-9.913969684555502,5.035437574322286
5,7,2024-05-07,BSOFT,-9.129983696457689,4.519654655132362
5,7,2009-08-10,MARUTI,-15.174264556016038,6.167748077408577
5,7,2009-10-08,MARUTI,-11.205477841777366,5.071017841741994
5,7,2009-10-30,MARUTI,-7.604687911509089,4.5705614761317666
5,7,2010-01-08,MARUTI,-8.137298891096712,4.841264409999471
5,7,2017-05-24,VGUARD,-16.46977067407921,5.102692936711015
5,7,2010-09-24,TRENT,-9.268929503916446,4.7456038296203085
5,7,2020-03-02,TRENT,-8.04749340369394,5.900780486134237
5,7,2020-07-27,TRENT,-10.339770227328282,4.713692889465258
5,7,2024-07-19,TRENT,-8.320911413969345,4.992025091164863
5,7,2024-08-06,TRENT,-7.112356551908194,4.954450462697305
5,7,2024-10-22,TRENT,-7.717587976810314,5.1988044903082145
5,7,2024-11-08,TRENT,-11.890474192194711,5.021589055771767
5,7,2023-10-10,CGPOWER,-7.291549454259039,4.851266184860565
5,7,2010-05-21,ESCORTS,-10.036880927291891,5.23720230914117
5,7,2014-01-08,ESCORTS,-11.123267687819116,5.11180111352651
5,7,2014-02-14,ESCORTS,-8.569051580698828,4.92136712779823
5,7,2014-05-08,ESCORTS,-16.330565440885724,4.998859153900469
5,7,2014-05-29,ESCORTS,-9.121370067014157,5.347902140025078
5,7,2017-05-23,ESCORTS,-9.185851501753318,5.343312395623382
5,7,2017-06-28,ESCORTS,-9.67363554819568,4.824554773528159
5,7,2017-08-10,ESCORTS,-13.18275760259816,4.879020873980169
5,7,2017-11-06,ESCORTS,-7.462783171521037,5.212576589786527
5,7,2017-12-06,ESCORTS,-7.874911158493248,4.8837030927954865
5,7,2020-12-22,ESCORTS,-7.976631839119197,4.783072163908493
5,7,2021-01-19,ESCORTS,-7.466695705833248,5.142935150761466
5,7,2021-01-29,SYNGENE,-7.109471094710951,4.762648447797606
5,7,2021-03-19,SYNGENE,-7.827113411422859,5.079753217607514
5,7,2011-06-23,BATAINDIA,-9.829399805533455,5.648303071636575
5,7,2012-06-05,BATAINDIA,-10.01270226984039,5.168195684074817
5,7,2019-05-09,BATAINDIA,-7.874552582239646,5.2057183074974285
5,7,2020-02-28,BATAINDIA,-8.485335698841268,4.925338931802211
5,7,2020-02-17,IGL,-8.771929824561408,5.00589266027172
5,7,2021-01-14,SUZLON,-21.118012422360255,5.617072269137595
5,7,2021-01-25,SUZLON,-12.949640287769792,4.974768914389956
5,7,2021-02-18,SUZLON,-16.000000000000004,4.664975584067608
5,7,2023-11-22,SUZLON,-7.777777777777772,5.384730925289675
5,7,2024-02-13,SUZLON,-8.54166666666667,4.970326655356904
5,7,2024-03-06,SUZLON,-14.47513812154696,4.756388005831851
5,7,2024-10-07,SUZLON,-12.529288444937714,5.295110967504753
5,7,2024-10-23,SUZLON,-8.26115922718188,5.061782201529721
5,7,2020-02-28,DIXON,-12.04333440558798,4.7981140300346725
5,7,2020-07-30,DIXON,-7.804501742251402,6.10349200937689
5,7,2020-09-22,DIXON,-14.518023218042709,5.246534951714005
5,7,2020-12-24,DIXON,-7.278539844783783,5.858541349871111
5,7,2021-01-25,DIXON,-10.249286679681624,5.5718556361321925
5,7,2021-03-25,DIXON,-15.258354361719684,5.699401641908176
5,7,2021-05-10,DIXON,-9.041508368717576,5.607524975753515
5,7,2021-07-29,DIXON,-7.669413919413925,4.776919579034449
5,7,2021-08-24,DIXON,-8.114773820981714,4.8290526963800495
5,7,2021-10-25,DIXON,-16.029512727146322,5.5911484717017315
5,7,2021-11-24,DIXON,-7.332986576875,4.78882562818094
5,7,2024-07-23,DIXON,-13.695226978769048,5.023215248903421
5,7,2024-08-06,DIXON,-7.234488430245422,4.731747645991089
5,7,2024-09-06,DIXON,-8.405619943891674,5.479906561997965
5,7,2024-10-25,DIXON,-9.391618666215907,5.606204457454361
5,7,2014-06-16,GPPL,-8.480856319473029,4.991782171379368
5,7,2014-12-17,GPPL,-7.690124858115766,5.065223473240888
5,7,2015-01-20,GPPL,-8.070416095107447,4.913887652942188
5,7,2024-11-13,JUBLPHARMA,-8.087615838247675,4.856330158093613
5,7,2025-06-17,PAYTM,-10.00208051596796,4.939045176263737
5,7,2017-02-15,INDIANB,-7.670454545454541,5.099640795989015
5,7,2017-03-10,INDIANB,-7.606752730883814,4.8088109083509645
5,7,2017-03-24,INDIANB,-8.7242962667199,4.8864310935421855
5,7,2017-04-19,INDIANB,-8.776318532416083,5.039559922216099
5,7,2017-05-23,INDIANB,-11.291061879297171,5.038430777325726
5,7,2017-06-27,INDIANB,-11.867810845353311,4.831385972716711
5,7,2024-02-13,HUDCO,-10.662038184973966,4.986006257530639
5,7,2024-03-13,HUDCO,-17.986510117411935,5.1336805751361645
5,7,2024-04-18,HUDCO,-8.73878129428437,5.092643438679527
5,7,2024-05-07,HUDCO,-9.029296020988188,5.365100013082139
5,7,2024-06-05,HUDCO,-11.219047619047618,5.90510228519536
5,7,2024-07-23,HUDCO,-8.473566641846608,4.985220741988407
5,7,2024-08-06,HUDCO,-9.35616872819537,4.668495468625122
5,7,2024-09-05,HUDCO,-10.77813723820874,4.719933110708819
5,7,2007-10-01,JINDALSTEL,-8.392904421498537,5.670784479042893
5,7,2007-10-22,JINDALSTEL,-15.326044513861781,5.082577658481107
5,7,2007-11-09,JINDALSTEL,-17.193970515156533,7.7355719410087245
5,7,2007-11-21,JINDALSTEL,-10.886021963962056,4.218149707052697
5,7,2007-12-19,JINDALSTEL,-16.4391123541751,5.326847538035576
5,7,2008-01-11,JINDALSTEL,-9.493636413152007,4.9099169027798215
5,7,2008-01-24,JINDALSTEL,-39.01914146562464,5.29750755172754
5,7,2009-11-03,JINDALSTEL,-11.123902719815792,5.62121141697094
5,7,2010-05-07,JINDALSTEL,-12.663931669917295,5.158148304094721
5,7,2021-05-20,JINDALSTEL,-12.166009636443276,4.76194848800234
5,7,2015-04-24,ASHOKLEY,-7.6712328767123195,5.064609048828039
5,7,2015-06-08,ASHOKLEY,-7.638888888888884,4.992146980967378
5,7,2021-05-04,LINDEINDIA,-7.4309472736421185,4.978253681093663
5,7,2021-09-01,LINDEINDIA,-10.696042113472416,6.933362003043476
5,7,2021-10-25,LINDEINDIA,-9.608245030551487,4.626264411573688
5,7,2021-12-20,LINDEINDIA,-11.825241975592027,5.101904855411216
5,7,2012-02-24,ARE&M,-7.074010327022384,5.900158123251349
5,7,2012-05-18,ARE&M,-8.513129285833742,5.4552736390626935
5,7,2014-04-07,PAGEIND,-12.084813276729511,5.289074797046456
5,7,2024-02-26,JBMA,-8.124107817616933,5.9434910703102295
5,7,2024-03-11,JBMA,-15.998323319826746,5.002989272591213
5,7,2021-09-30,APOLLOHOSP,-11.852405491522743,4.89047629227248
5,7,2013-01-17,BAJAJFINSV,-8.896093191933618,4.974751525076578
5,7,2013-02-14,BAJAJFINSV,-9.410356180784197,5.0209891576842836
5,7,2017-05-22,BAJAJFINSV,-12.892912468825191,5.083288334112403
5,7,2017-09-27,BAJAJFINSV,-9.487051348408858,4.747221577969789
5,7,2023-09-22,JSL,-11.973798285328963,5.292626783910446
5,7,2024-01-23,JSL,-12.347006285147199,4.957588013321485
5,7,2023-11-28,SONATSOFTW,-9.421624941295459,5.151541555423063
5,7,2012-10-11,ZEEL,-7.125427037579302,5.53541736132598
5,7,2007-10-19,CRISIL,-14.14010487244447,4.51263150807145
5,7,2007-11-05,CRISIL,-8.18192440264065,4.102684767383647
5,7,2012-07-31,CRISIL,-7.34294541709577,4.543887615793634
5,7,2014-06-16,CANFINHOME,-7.1012482662968,4.991782171379368
5,7,2014-07-14,CANFINHOME,-10.826689047419213,5.002882388580178
5,7,2014-08-01,CANFINHOME,-14.999999999999991,4.742512845939053
5,7,2014-09-17,CANFINHOME,-8.001313485113837,5.312011698761263
5,7,2015-01-30,CANFINHOME,-11.12868439971243,5.709877476698532
5,7,2015-04-22,CANFINHOME,-8.868032943880477,6.074078736643806
5,7,2015-05-07,CANFINHOME,-10.070224719101128,5.941239646004312
5,7,2007-10-22,KOTAKBANK,-15.863453815261042,4.8456547930418585
5,7,2007-12-19,KOTAKBANK,-14.329268292682917,4.865153189338099
5,7,2008-01-21,KOTAKBANK,-24.687499999999996,4.864951745568325
5,7,2012-03-22,KOTAKBANK,-7.334525939177105,4.868616309296376
5,7,2023-08-21,TRITURBINE,-7.18839854981873,5.058334476676664
5,7,2020-07-09,GUJENERGY,-10.080350620891165,5.19160141132782
5,7,2020-09-08,GUJENERGY,-7.916355489171034,5.094949309615045
5,7,2020-10-13,GUJENERGY,-8.580049028851588,4.979053569646763
5,7,2009-06-22,ONGC,-12.492869366799775,5.028382945244818
5,7,2009-07-10,ONGC,-14.059853190287974,5.023298541539104
5,7,2014-07-14,SWARAJENG,-11.230706742485774,5.002800536631281
5,7,2010-11-04,3MINDIA,-7.242534354397723,5.328041092194144
5,7,2017-07-19,CAPLIPOINT,-7.859222016406453,5.5224506830219084
5,7,2017-08-10,CAPLIPOINT,-10.105220005465965,5.247986605226031
5,7,2017-09-25,CAPLIPOINT,-7.89306174411204,5.017570660823015
5,7,2007-10-22,ABAN,-7.590631708434836,4.91228962536914
5,7,2007-11-22,ABAN,-12.323608727629331,4.744301714007671
5,7,2007-12-20,ABAN,-8.585712432518733,4.774004918775481
5,7,2008-01-21,ABAN,-26.182899212896928,4.9888029143098445
5,7,2007-11-09,DIVISLAB,-11.078787878787876,5.358959118992729
5,7,2008-01-10,DIVISLAB,-8.077566668784819,4.836349120290041
5,7,2008-01-24,DIVISLAB,-23.468817108088768,5.111046113723911
5,7,2012-09-17,DIVISLAB,-7.045778142123648,4.8946828324299565
5,7,2012-12-17,DIVISLAB,-7.1921140584676575,5.007590063520126
5,7,2020-09-25,DIVISLAB,-8.481341944743459,4.842557241274122
5,7,2025-08-06,DIVISLAB,-7.766917293233078,4.828531778441662
5,7,2011-06-21,UBL,-12.874641647120145,5.2445091901502305
5,7,2016-08-16,HINDPETRO,-7.107833820000464,5.000334666868354
5,7,2014-05-30,FINCABLES,-8.272058823529417,5.650646376200697
5,7,2014-07-14,FINCABLES,-8.662900188323919,5.002882388580178
5,7,2014-09-25,FINCABLES,-12.37373737373738,5.0732999070720535
5,7,2014-12-17,FINCABLES,-9.440690690690678,5.066819114838732
5,7,2015-03-24,FINCABLES,-8.713341244278682,5.379389294660391
5,7,2015-04-20,FINCABLES,-7.0819558030276735,4.88600404442589
5,7,2015-05-12,FINCABLES,-10.362694300518138,4.914954469268197
5,7,2023-05-30,FINCABLES,-10.438283154731543,4.9700277207176935
5,7,2023-10-18,FINCABLES,-11.742460507419816,4.788987815746166
5,7,2007-10-05,RAJESHEXPO,-8.567180821408671,5.707492085596789
5,7,2007-10-17,RAJESHEXPO,-9.0366526110931,4.88061664372621
5,7,2007-12-19,RAJESHEXPO,-7.758458351641462,5.063761546064463
5,7,2008-01-22,RAJESHEXPO,-33.122568093385205,5.168382459300381
5,7,2010-08-16,VIPIND,-7.0135067533766975,5.003192498662562
5,7,2010-10-12,VIPIND,-15.12756249598356,5.172908325064425
5,7,2010-11-19,VIPIND,-8.028935682566974,5.372533299916475
5,7,2011-05-05,VIPIND,-8.017690277480572,5.2128815794785375
5,7,2011-05-23,VIPIND,-7.799463647199056,5.093870689318273
5,7,2011-06-21,VIPIND,-8.746048472075874,4.796391452451194
5,7,2018-01-30,VIPIND,-8.065395095367855,5.194825573195487
5,7,2014-03-13,SUNPHARMA,-7.737520128824471,4.714944671990186
5,7,2008-01-24,USHAMART,-20.91207888249795,4.510992288172817
5,7,2007-10-09,TFCILTD,-16.31205673758864,4.1711422175211315
5,7,2007-10-22,TFCILTD,-15.972222222222232,5.318569923136214
5,7,2007-11-02,TFCILTD,-9.523809523809524,4.496063770387509
5,7,2021-03-18,CIPLA,-7.047021171836532,4.990305320941667
5,7,2017-05-18,YESBANK,-11.167818423888908,4.835256463733708
5,7,2012-04-19,ASTRAZEN,-9.807748043667285,5.653991211181163
5,7,2012-05-16,ASTRAZEN,-18.636940653760703,5.030404202919183
5,7,2012-07-27,ASTRAZEN,-12.145273576201522,4.820545072241044
5,7,2024-10-25,COLPAL,-9.238946392025793,4.52508296566574
5,7,2022-09-19,TIMKEN,-14.505281952090455,5.0
5,7,2022-11-07,TIMKEN,-9.9915015580477,4.598885077532896
5,7,2022-11-30,TIMKEN,-7.400145650103629,6.6940936918394724
5,7,2009-07-24,IOC,-7.347152978220928,4.848640996332932
5,7,2009-10-16,IOC,-7.5938918695831585,4.997474695377326
5,7,2009-11-03,IOC,-7.388204795852237,4.641135341502837
5,7,2017-02-15,IOC,-7.141704325371212,4.965030694414056
5,7,2009-05-25,HEROMOTOCO,-11.763857853384273,5.583925932830501
5,7,2009-08-10,HEROMOTOCO,-13.045760209939306,5.260474384521996
5,7,2024-10-04,HEROMOTOCO,-8.915474380193055,5.121947072976084
5,7,2024-10-29,HEROMOTOCO,-7.651010678119707,4.68225471696763
5,7,2013-02-15,CHOLAFIN,-7.048611111111114,5.258646378359265
5,7,2023-12-11,CYIENT,-8.48274444419067,5.007981282358764
5,7,2024-01-24,CYIENT,-10.06754229643808,5.096886351926531
5,7,2010-10-18,CASTROLIND,-9.25266903914591,4.962866989444005
5,7,2007-10-22,UNITDSPR,-8.41151132369653,5.035871068484264
5,7,2007-11-06,UNITDSPR,-12.803373343875036,5.241353484358126
5,7,2007-11-22,UNITDSPR,-10.578787039601211,4.828469741750012
5,7,2013-11-11,UNITDSPR,-10.403071017274467,4.997232260002876
5,7,2010-05-07,INDUSINDBK,-7.426508509541008,5.329639941471314
5,7,2015-04-21,INDUSINDBK,-11.787312450644915,5.134034928937938
5,7,2015-06-08,INDUSINDBK,-8.06953961152953,4.947412756420407
5,7,2012-02-23,HAVELLS,-7.729033420412579,5.352605628102749
5,7,2012-03-28,HAVELLS,-8.191210232863233,5.497033930436114
5,7,2012-06-04,HAVELLS,-10.439146800501886,5.217817867215213
5,7,2012-07-31,HAVELLS,-10.40066777963271,5.350976541472163
5,7,2012-10-30,HAVELLS,-12.21320973348783,4.772779590570157
5,7,2017-05-24,MOTILALOFS,-14.85834016580122,5.783655314457758
5,7,2017-06-27,MOTILALOFS,-7.006956667504816,5.258108071702185
5,7,2018-01-30,MOTILALOFS,-16.139897254448343,4.762090896593811
5,7,2024-06-04,MOTILALOFS,-7.4678073341353794,4.514791103244193
5,7,2024-07-02,MOTILALOFS,-10.46934260429836,4.630287478143394
5,7,2024-11-18,MOTILALOFS,-10.975793113817467,5.276701173083079
5,7,2010-08-30,SHOPERSTOP,-9.936508840361025,5.056418320058938
5,7,2009-07-10,LICHSGFIN,-10.348783845800835,6.133131770448201
5,7,2009-07-27,LICHSGFIN,-8.499573080804169,4.979327795896772
5,7,2009-08-12,LICHSGFIN,-8.995572127709151,4.721681072019926
5,7,2009-10-01,LICHSGFIN,-7.583752607681915,5.861691346959294
5,7,2009-11-03,LICHSGFIN,-18.64128843338214,5.433939365221898
5,7,2009-12-15,LICHSGFIN,-7.55649717514123,5.033928664555833
5,7,2010-01-27,LICHSGFIN,-10.328440808469697,4.568554948519107
5,7,2012-02-27,LICHSGFIN,-9.364548494983282,4.720006654078244
5,7,2012-03-06,LICHSGFIN,-7.949308755760365,4.619166932443472
5,7,2018-02-02,APLAPOLLO,-16.00363808921228,5.660460967105263
5,7,2021-03-16,APLAPOLLO,-19.6291861688618,5.007129141977392
5,7,2021-04-07,APLAPOLLO,-10.763216412022093,4.986145571267966
5,7,2021-04-19,APLAPOLLO,-9.104506232023013,5.079666477908576
5,7,2021-05-14,APLAPOLLO,-8.494430195613067,4.8386989658517665
5,7,2021-07-14,APLAPOLLO,-9.558616811920162,4.947429876067478
5,7,2021-08-13,APLAPOLLO,-8.272693547926835,5.09584542305349
5,7,2021-09-30,APLAPOLLO,-10.062927496580032,5.154217255839212
5,7,2021-10-25,APLAPOLLO,-11.563953488372103,4.655879828624578
5,7,2014-08-12,SKFINDIA,-10.066098733858054,4.987072675218686
5,7,2014-09-04,SKFINDIA,-7.767766313035896,4.683037510746051
5,7,2014-09-24,SKFINDIA,-9.54672020911863,5.20390097877147
5,7,2014-12-11,SKFINDIA,-8.667933549929497,5.341769432628073
5,7,2010-10-25,KANSAINER,-7.818344077796368,4.8141002923179155
5,7,2026-05-14,GVT&D,-9.02646701061196,5.164372352623203
5,7,2026-07-03,GVT&D,-12.720602815784254,5.062557086487564
5,7,2026-07-29,GVT&D,-8.477072408791686,4.946706267854188
5,7,2024-02-13,NBCC,-20.99084757356381,4.719321105213653
5,7,2024-02-29,NBCC,-7.362947727036884,4.347023114819474
5,7,2024-03-13,NBCC,-16.591289592760184,4.904485036960616
5,7,2024-04-18,NBCC,-9.243122270742344,5.1149710100652594
5,7,2009-06-17,BHEL,-10.995587855276534,5.067292161619617
5,7,2009-07-10,BHEL,-9.164102405774132,4.802552741430658
5,7,2009-08-10,BHEL,-8.443943020962841,4.8567691935104405
5,7,2024-06-04,BHEL,-15.420240137221263,4.868687621998605
5,7,2024-07-19,BHEL,-11.60204388337841,5.021402980873172
5,7,2024-08-05,BHEL,-9.71985760718156,4.8809284686879355
5,7,2024-09-06,BHEL,-9.206676991911888,4.511454968729566
5,7,2009-06-23,RALLIS,-13.890874434119604,4.927606961424502
5,7,2009-07-03,RALLIS,-7.892416225749555,5.441698419026405
5,7,2009-08-11,RALLIS,-9.56692913385827,5.264002256839118
5,7,2009-11-03,RALLIS,-12.9247572815534,5.22788271487172
5,7,2011-05-05,RALLIS,-7.507750370669896,5.093183760296945
5,7,2020-09-01,RALLIS,-8.530587150322777,5.163299192525113
5,7,2020-09-09,RALLIS,-7.419818094782194,4.906322052987967
5,7,2020-09-22,RALLIS,-10.197578075207137,4.775214448114072
5,7,2013-01-24,AARTIIND,-7.76132794975325,4.9848253054191884
5,7,2013-02-11,AARTIIND,-11.580381471389645,5.001209124671849
5,7,2014-10-16,AARTIIND,-9.25081433224756,4.884906960532744
5,7,2014-11-25,AARTIIND,-7.336027354678276,4.8299916118166095
5,7,2014-12-31,AARTIIND,-11.628659226912497,4.771264081037459
5,7,2015-02-10,AARTIIND,-7.633127168502051,5.538336799133151
5,7,2015-02-19,AARTIIND,-7.895569620253163,4.93955939799086
5,7,2015-03-25,AARTIIND,-10.15108003496068,5.81448115611954
5,7,2023-07-25,CIEINDIA,-9.851984538512305,4.8590451404458594
5,7,2015-04-21,JKIL,-8.951000690131128,5.050075595527328
5,7,2015-04-30,JKIL,-10.0723763570567,4.8907409511528295
5,7,2015-06-09,JKIL,-10.443995963673059,5.1126558203487695
5,7,2009-06-29,KSB,-7.167666561414576,4.969358612133883
5,7,2009-09-04,KSB,-7.579044541887836,5.024242490463156
5,7,2016-11-16,BAJAJ-AUTO,-9.052359511343811,5.061505310983412
5,7,2024-10-07,BAJAJ-AUTO,-8.284516516137186,5.66826124865814
5,7,2024-10-18,BAJAJ-AUTO,-15.264861770067228,4.8854998750070795
5,7,2007-11-26,THERMAX,-10.157704523053335,4.868220239513182
5,7,2007-12-18,THERMAX,-7.594157479433661,4.930387694321461
5,7,2010-02-24,THERMAX,-9.326383319967924,4.816110885155076
5,7,2010-05-07,THERMAX,-7.611420612813369,5.090083577782376
5,7,2013-01-14,ULTRACEMCO,-9.716823986674072,5.004535089712979
5,7,2014-03-10,ECLERX,-13.240628778718266,5.42581770025999
5,7,2014-05-27,ECLERX,-10.756972111553775,4.498653776805002
5,7,2021-08-09,ECLERX,-9.379059495972975,5.113959000109134
5,7,2021-10-25,ECLERX,-13.822210498549204,4.74537775265137
5,7,2021-12-02,ECLERX,-8.695652173913048,4.836839967564961
5,7,2022-01-24,ECLERX,-16.936899721160803,4.99999722449359
5,7,2025-06-30,GRSE,-13.671371718155012,5.367729352034837
5,7,2020-08-10,DEEPAKNTR,-8.981989642111776,5.7810429815593025
5,7,2020-08-31,DEEPAKNTR,-9.33271424781108,6.306122612037808
5,7,2020-10-12,DEEPAKNTR,-9.155016701719653,5.002898852911821
5,7,2021-03-18,DEEPAKNTR,-7.18751953979867,5.077253113042836
5,7,2021-04-19,DEEPAKNTR,-7.28029739776952,4.890505586199527
5,7,2021-05-14,DEEPAKNTR,-8.624153976311344,5.230625099489486
5,7,2021-10-25,DEEPAKNTR,-18.030242251949,5.223594178747313
5,7,2021-11-22,DEEPAKNTR,-9.693108208558975,4.84708631408886
5,7,2022-01-27,DEEPAKNTR,-17.168727485152367,4.814579372483691
5,7,2022-02-14,DEEPAKNTR,-12.17357992636261,4.923015940771059
5,7,2024-11-12,COHANCE,-9.717433668115728,5.0491927441266515
5,7,2012-05-08,VSTIND,-10.538657331256962,6.026088563317114
5,7,2024-03-01,CHALET,-7.550996754751971,5.442478993651595
5,7,2024-03-11,CHALET,-9.180868609125891,5.002989272591213
5,7,2024-05-15,CHALET,-10.311474466002657,5.063288599006909
5,7,2009-04-29,ORIENTPPR,-7.270029673590517,5.73545204502205
5,7,2009-05-11,ORIENTPPR,-9.941520467836263,5.599799496935369
5,7,2009-06-23,ORIENTPPR,-11.471103327495625,5.490922899726082
5,7,2009-07-06,ORIENTPPR,-12.916246215943495,4.835558710855716
5,7,2011-05-05,BLUEDART,-8.965632858340323,5.129210621317702
5,7,2012-04-28,BLUEDART,-8.06839742699802,5.117950941212461
5,7,2012-09-05,BLUEDART,-14.544672017013093,4.722525153550659
5,7,2014-01-31,BLUEDART,-15.523180159722404,5.724706117393188
5,7,2010-03-25,TMPV,-7.08994708994709,4.808797163341311
5,7,2010-05-07,TMPV,-12.588736393752963,5.548500211188671
5,7,2010-05-20,TMPV,-14.314115308151088,5.1143765982925835
5,7,2024-03-15,TMPV,-8.988317571326387,5.300427949113246
5,7,2024-05-17,TMPV,-9.643308080808088,5.117030230025901
5,7,2025-08-12,AMBER,-13.28644744345181,4.948682223083745
5,7,2020-07-31,GRANULES,-9.920896506262345,6.8935290204252615
5,7,2020-12-08,GRANULES,-9.731308411214945,5.139258603204888
5,7,2020-12-21,GRANULES,-9.730440499671268,4.722637581550498
5,7,2021-01-21,GRANULES,-7.124334652654573,4.863672848865167
5,7,2021-02-02,GRANULES,-8.30226555778606,4.831119897224085
5,7,2021-02-22,GRANULES,-8.75124307430033,5.004234925543399
5,7,2021-03-18,GRANULES,-12.715855572998436,4.912551185077707
5,7,2024-09-17,GRANULES,-21.601959230713817,5.159777199676334
5,7,2010-02-25,JINDALSAW,-7.441860465116279,5.384239423122556
5,7,2010-05-07,JINDALSAW,-11.172161172161177,4.932846628382156
5,7,2017-02-15,EDELWEISS,-8.059467918622843,4.955658962171133
5,7,2017-05-02,EDELWEISS,-8.014861995753709,4.942291947773674
5,7,2017-05-23,EDELWEISS,-8.858858858858865,5.11581516863794
5,7,2017-06-27,EDELWEISS,-8.849557522123897,5.544193854360654
5,7,2017-08-24,EDELWEISS,-7.379798732761833,5.6602986270394675
5,7,2017-09-25,EDELWEISS,-9.100135317997305,5.387177658459672
5,7,2017-10-25,EDELWEISS,-10.543233686917397,5.162199141423347
5,7,2017-11-09,EDELWEISS,-7.942010715411274,5.174307467664118
5,7,2018-02-05,EDELWEISS,-14.201570680628283,5.105579956763976
5,7,2026-05-18,SCHNEIDER,-8.793378388640004,4.98080260180454
5,7,2026-06-04,SCHNEIDER,-19.43960511033681,4.9247368743630044
5,7,2025-06-23,KIMS,-8.203958501949815,5.197658484362632
5,7,2012-07-26,STAR,-7.20579913228595,5.332784496409727
5,7,2012-12-11,STAR,-11.122929380993895,6.2989840700094755
5,7,2012-12-28,STAR,-7.799567385902495,5.232139541954113
5,7,2013-02-07,STAR,-15.617326580724367,5.256699556197366
5,7,2024-02-12,NLCINDIA,-22.23030744042206,4.996708923896385
5,7,2024-02-29,NLCINDIA,-10.46488227007446,4.470457844782709
5,7,2025-07-24,COFORGE,-10.148501581515035,4.8306571315776825
5,7,2024-11-13,MCX,-7.86154024857707,4.879976113180458
5,7,2025-07-11,MCX,-9.415273791434531,5.464713833183286
5,7,2025-08-28,MCX,-10.001215953307396,4.9196845949906765
5,7,2026-06-03,MCX,-14.32286154869532,5.405795201067172
5,7,2026-07-08,MCX,-7.427413909520597,5.013999635690304
5,7,2022-12-23,MAZDOCK,-15.863767419509845,4.657123885224496
5,7,2023-10-25,MAZDOCK,-13.868511468102895,4.868462302655181
5,7,2022-09-21,GNFC,-12.198727424641698,5.007403829544573
5,7,2024-11-14,PPLPHARMA,-11.56544054747648,5.240833599282197
5,7,2023-08-07,CUMMINSIND,-10.99509691842594,4.714880781165565
5,7,2007-10-19,LT,-10.213930266746296,5.132926863990406
5,7,2007-11-09,LT,-7.464240875257822,6.04352516008861
5,7,2007-11-22,LT,-12.183642660509719,5.00360131851893
5,7,2007-12-18,LT,-7.62946303719586,4.909071632131698
5,7,2008-01-24,LT,-13.542906837167145,5.030924885024734
5,7,2024-02-05,LT,-9.87729234088457,5.145102710820841
5,7,2018-02-02,RKFORGE,-9.108561341571042,4.982168179785294
5,7,2010-07-30,STLTECH,-10.084860410773588,4.6896330682112515
5,8,2020-02-01,SBILIFE,-9.983369450183943,4.765373700761851
5,8,2009-05-11,IDEA,-8.140462889066246,5.215500884209143
5,8,2014-01-29,IDEA,-9.037711313394025,4.761735219081544
5,8,2014-02-10,IDEA,-9.807417974322385,4.4734002511322934
5,8,2009-06-22,ENGINERSIN,-8.800659754948159,5.713956678295841
5,8,2009-07-07,ENGINERSIN,-14.389882647829555,5.973381396977003
5,8,2010-02-25,ENGINERSIN,-8.136209259369597,4.823410279243383
5,8,2010-04-01,ENGINERSIN,-12.208462576658064,5.78530131265957
5,8,2010-05-21,ENGINERSIN,-18.23697359029266,4.517162602668081
5,8,2024-10-23,POWERINDIA,-14.486324382170679,5.659341495552017
5,8,2024-11-18,POWERINDIA,-18.855573797932244,5.010827104342187
5,8,2026-06-11,POWERINDIA,-8.966461327857633,5.169349956620774
5,8,2026-07-03,POWERINDIA,-8.611806271161493,4.620246575500157
5,8,2009-04-22,DSKULKARNI,-9.501557632398761,6.004800161654785
5,8,2008-01-11,BLUESTARCO,-8.973639932697697,4.965130409444233
5,8,2008-01-22,BLUESTARCO,-9.84123753307552,5.030817342273716
5,8,2021-12-03,TRIDENT,-22.41529105125978,7.252459275165443
5,8,2022-01-24,TRIDENT,-10.073529411764703,6.100730708249069
5,8,2022-02-14,TRIDENT,-12.337662337662337,5.004563807322872
5,8,2009-04-28,NOIDATOLL,-10.828025477707005,5.450631928884069
5,8,2015-04-27,BOSCHLTD,-15.179808884674294,5.11407678722886
5,8,2015-06-09,BOSCHLTD,-8.583764580704445,4.721932422954703
5,8,2017-05-05,TATACOMM,-11.194113056082056,4.957155140379714
5,8,2025-07-10,DEEPAKFERT,-8.704956909017291,5.511120502559846
5,8,2025-08-29,DEEPAKFERT,-8.661313676451243,4.8365092358608575
5,8,2021-02-22,BAJAJELEC,-13.459610615733652,5.093337804627831
5,8,2021-03-19,BAJAJELEC,-10.178159023424605,5.015698691010341
5,8,2009-04-27,DONEAR,-10.352422907488979,5.331209348194057
5,8,2009-06-04,DONEAR,-9.133489461358323,7.206230123767243
5,8,2021-12-01,CENTURYPLY,-10.770174900276153,4.877132287288683
5,8,2021-12-20,CENTURYPLY,-11.686224079729957,4.719565800517545
5,8,2022-02-14,CENTURYPLY,-8.792331264241382,5.004287927044775
5,8,2009-04-28,FSL,-14.127423822714679,4.759244507142137
5,8,2014-05-07,FSL,-14.243323442136512,5.904812020350088
5,8,2014-05-19,FSL,-9.40766550522648,4.838787922339059
5,8,2014-07-14,FSL,-12.054120541205403,5.002882388580178
5,8,2014-08-13,FSL,-8.575031525851195,5.147281502543666
5,8,2021-07-30,FSL,-11.79533620104143,5.578459898978304
5,8,2021-08-11,FSL,-10.454432580084427,5.013108086263202
5,8,2021-08-26,FSL,-11.015278462296695,5.080100082640538
5,8,2020-02-17,MASFIN,-12.971910116845752,5.0058303622957965
5,8,2020-03-02,MASFIN,-9.078742790337035,5.136619924212862
5,8,2021-10-21,POLYCAB,-12.320385283435964,5.001491710020127
5,8,2021-11-26,POLYCAB,-9.594835708987393,5.141364845615036
5,8,2021-12-20,POLYCAB,-10.350449848740828,5.186047493750554
5,8,2022-01-24,POLYCAB,-8.855795023587088,5.134938758701742
5,8,2023-10-26,POLYCAB,-8.746429407632872,4.906233946555066
5,8,2024-01-11,POLYCAB,-28.104956808660518,4.770541609640416
5,8,2009-11-24,DHAMPURSUG,-8.306709265175726,5.414545568137172
5,8,2010-01-21,DHAMPURSUG,-8.281249999999996,5.203112579486679
5,8,2010-02-06,DHAMPURSUG,-9.455587392550157,5.26287215644472
5,8,2010-03-02,DHAMPURSUG,-19.69169567379413,4.593185544766295
5,8,2008-01-24,INDIAGLYCO,-26.722338204592898,5.183632875156892
5,8,2024-11-14,TORNTPOWER,-11.22120668545884,4.848356624458861
5,8,2014-12-17,HONAUT,-8.953993758761335,5.0231402760424215
5,8,2015-04-24,HONAUT,-12.110472859984379,5.11575813793459
5,8,2023-10-23,MAHABANK,-15.45157780195865,5.001109034013639
5,8,2022-02-15,GRINDWELL,-8.796685144744954,5.025350336314725
5,8,2012-07-17,DCW,-9.870129870129862,5.093951865271956
5,8,2012-07-27,DCW,-9.37500000000001,4.686198346422075
5,8,2012-11-06,DCW,-8.829174664107487,5.811017379544884
5,8,2012-11-22,DCW,-9.915611814345981,4.896127068181448
5,8,2013-01-24,DCW,-10.199004975124382,4.663215307612822
5,8,2013-02-18,DCW,-9.11602209944753,4.9984202200121075
5,8,2009-10-08,EICHERMOT,-9.9009900990099,5.608366006628286
5,8,2009-11-03,EICHERMOT,-9.29529567353108,4.661040872178833
5,8,2010-01-27,EICHERMOT,-10.04587881664294,4.881862560730759
5,8,2011-05-04,EICHERMOT,-8.54707662896288,4.792042654349826
5,8,2012-11-20,EICHERMOT,-8.574977679437911,5.2991040563107354
5,8,2013-12-10,EICHERMOT,-8.514427521775092,6.3250010179598775
5,8,2014-05-30,EICHERMOT,-10.310566516858465,5.2060742136563976
5,8,2014-12-11,EICHERMOT,-8.87895282529808,5.874826631469467
5,8,2015-02-09,EICHERMOT,-8.732746440604288,5.1103604313178606
5,8,2015-02-26,EICHERMOT,-8.624191726160424,5.218182297523023
5,8,2015-04-21,EICHERMOT,-10.95409658571188,5.067912835164568
5,8,2025-06-23,ERIS,-12.144828705958766,5.65635239030244
5,8,2020-07-17,DMART,-14.33461058251172,4.950244115814853
5,8,2026-07-28,HFCL,-13.570674863513332,4.839896355584362
5,8,2026-09-03,HFCL,-10.34005857468273,5.5700900932693544
5,8,2020-02-27,NAUKRI,-9.921052631578942,4.795044399462639
5,8,2009-12-21,RECLTD,-9.359503280056424,5.091244903565418
5,8,2010-01-29,RECLTD,-9.702285857824677,4.98839417182166
5,8,2017-05-31,RECLTD,-8.303677342823246,5.166822074833964
5,8,2017-06-27,RECLTD,-10.686015831134565,4.9995492951664
5,8,2023-09-15,RECLTD,-9.346659263372192,5.308610383688073
5,8,2023-10-26,RECLTD,-8.044982698961933,4.905610333601624
5,8,2023-12-20,RECLTD,-9.0714928057554,5.599050517316758
5,8,2024-02-12,RECLTD,-9.271854370874166,5.014398402743195
5,8,2024-03-19,RECLTD,-11.261633919338154,5.4124398779683
5,8,2024-04-15,RECLTD,-9.011874469889737,4.890243213199147
5,8,2024-06-04,RECLTD,-22.061358152361265,5.420318142713574
5,8,2024-08-06,RECLTD,-11.95110557458735,5.212126467030251
5,8,2021-03-23,VAIBHAVGBL,-11.36055076275082,5.862168918112357
5,8,2021-04-22,VAIBHAVGBL,-13.614483163101577,5.62398929533936
5,8,2021-05-17,VAIBHAVGBL,-13.078157921139766,5.625573988288397
5,8,2026-06-11,HINDALCO,-8.999644633972991,5.153315852413197
5,8,2021-03-18,HINDCOPPER,-11.181044057756395,4.769819484062841
5,8,2021-06-04,HINDCOPPER,-8.646940534329218,4.55547076679959
5,8,2021-06-18,HINDCOPPER,-14.880425155004417,5.1404495943783965
5,8,2021-07-02,HINDCOPPER,-8.719611021069685,4.837066904154449
5,8,2026-05-21,HINDCOPPER,-8.953747217412822,5.525160344246529
5,8,2026-08-31,HINDCOPPER,-8.49952103108943,5.285718534108756
5,8,2024-07-24,APARINDS,-10.427212210493664,5.083105559361941
5,8,2024-08-06,APARINDS,-10.816744329002903,5.106065903540964
5,8,2026-07-01,APARINDS,-12.345382490692923,5.8872153869951
5,8,2026-05-29,GESHIP,-17.48662479646429,5.4130567319985365
5,8,2013-11-11,DABUR,-9.569377990430617,4.999978252889075
5,8,2025-08-12,RAMCOCEM,-8.767548014813531,4.947746941140388
5,8,2011-05-05,UCOBANK,-16.289198606271782,4.915915779688362
5,8,2014-04-16,TVSMOTOR,-9.424083769633507,5.007559619336651
5,8,2014-07-11,TVSMOTOR,-12.982456140350873,5.853763421384784
5,8,2014-07-25,TVSMOTOR,-16.291313249488148,5.0985435530450385
5,8,2014-11-25,TVSMOTOR,-8.405617513424202,4.751245457170907
5,8,2015-02-24,TVSMOTOR,-10.877831046453956,4.872412618141291
5,8,2015-03-24,TVSMOTOR,-8.243601059135052,4.917816135090376
5,8,2017-08-14,TVSMOTOR,-8.135677558467403,5.009567060781165
5,8,2018-02-05,TVSMOTOR,-8.498957609451008,4.846499948611845
5,8,2024-03-18,TVSMOTOR,-10.443714594308629,5.128057931237411
5,8,2024-04-19,TVSMOTOR,-9.45694669590923,4.910788510204213
5,8,2010-01-27,SEAMECLTD,-12.505371723248814,4.644703778706361
5,8,2025-07-14,SOLARINDS,-8.996829574684451,5.005426302579736
5,8,2012-12-26,ATUL,-8.958517210944382,4.9168558778763245
5,8,2013-01-16,ATUL,-9.574729596853492,4.913657625993695
5,8,2013-02-13,ATUL,-10.32608695652174,5.020410134498191
5,8,2014-10-22,ATUL,-11.65646293798208,5.224787069366877
5,8,2023-09-25,KALYANKJIL,-10.69319921277062,4.416569507006148
5,8,2024-10-22,KALYANKJIL,-9.999999999999998,5.0982467951861015
5,8,2011-05-05,BAJFINANCE,-12.676056338028163,4.8496471603780975
5,8,2021-12-27,SFL,-8.623112843995106,5.211702119466217
5,8,2014-12-10,AIAENG,-12.001176174073757,5.967588525925451
5,8,2015-01-12,AIAENG,-9.285168023752755,5.002526413043401
5,8,2020-02-14,WHIRLPOOL,-12.002609262883235,5.020400247935169
5,8,2007-11-23,STCINDIA,-22.61532164869029,7.384444054018635
5,8,2007-12-18,STCINDIA,-15.619887205743655,4.975035124757936
5,8,2008-01-24,STCINDIA,-22.618000829531315,4.614070058910049
5,8,2024-06-04,HAL,-13.673987748393834,6.347893860600543
5,8,2024-07-19,HAL,-13.471591318768484,4.890209404218209
5,8,2024-08-06,HAL,-8.869217647593175,4.345109728640327
5,8,2024-09-19,HAL,-8.830816295753706,4.926402329811556
5,8,2024-10-23,HAL,-9.073825503355703,5.367983255887804
5,8,2007-12-20,ABB,-9.605732285645052,4.838103759428374
5,8,2026-05-12,KIRLOSENG,-10.131828910252716,4.9747870208161435
5,8,2026-07-03,KIRLOSENG,-10.204081632653061,6.381458587099728
5,8,2026-07-17,KIRLOSENG,-9.478711023716857,5.460754808646958
5,8,2026-08-13,KIRLOSENG,-8.404108675352395,4.854137534141784
5,8,2010-09-22,KARURVYSYA,-13.605442176870753,4.992812305974096
5,8,2014-01-10,FINPIPE,-10.005885815185401,5.436754272364021
5,8,2022-09-22,SCHAEFFLER,-10.350125333548965,5.146563252244601
5,8,2022-10-20,SCHAEFFLER,-10.731330394073002,5.125708700308245
5,8,2022-11-30,SCHAEFFLER,-9.231708765203816,4.970298791281341
5,8,2007-10-22,JSWSTEEL,-11.632384233458303,5.446005356305822
5,8,2008-01-22,JSWSTEEL,-26.825744127482142,4.974646666547508
5,8,2010-05-07,JSWSTEEL,-8.659172368849799,4.762150254512354
5,8,2021-06-18,JSWSTEEL,-8.287746170678345,5.004859918750227
5,8,2021-08-24,JSWSTEEL,-9.190573097879607,5.077754326747835
5,8,2021-09-20,JSWSTEEL,-8.813364055299534,4.896597477249777
5,8,2020-09-24,FDC,-8.00676628136453,5.166303164670067
5,8,2007-10-19,ADANIENT,-13.289259086672878,5.038050551425154
5,8,2008-01-24,ADANIENT,-18.487138386382707,4.642885048534744
5,8,2021-10-28,ADANIENT,-12.319740296692938,5.207340943638311
5,8,2022-01-28,ADANIENT,-9.225997976682098,5.121895753899907
5,8,2022-10-03,ADANIENT,-11.95966371085807,5.501240404176279
5,8,2022-12-26,ADANIENT,-8.798159425351948,5.251123067311015
5,8,2021-03-22,AFFLE,-9.8563396813786,4.979834515973205
5,8,2021-06-21,AFFLE,-11.648655924316408,4.853227431049712
5,8,2021-07-01,AFFLE,-8.288021270335955,4.43932872004435
5,8,2015-02-09,ZFCVINDIA,-9.431818181818185,5.25408709087654
5,8,2021-04-19,GRASIM,-8.006944444444441,4.7950564302724255
5,8,2022-01-24,GRASIM,-11.883045812268723,4.998906008467518
5,8,2013-11-13,MOTHERSON,-9.06148867313915,5.384351255298871
5,8,2013-12-27,MOTHERSON,-36.17693522906793,5.0776021118906
5,8,2024-08-05,MOTHERSON,-10.323421213979145,4.820194775455357
5,8,2020-02-28,ADANIGREEN,-20.477290223248655,4.644602706108756
5,8,2020-07-14,ADANIGREEN,-15.867069486404828,5.230971029452826
5,8,2020-07-23,ADANIGREEN,-8.039046798736727,4.355910206052282
5,8,2020-09-23,ADANIGREEN,-12.922803641477309,5.681696378243767
5,8,2020-10-12,ADANIGREEN,-10.394289145373282,5.002898852911821
5,8,2020-12-10,ADANIGREEN,-9.458515283842795,5.89325064175979
5,8,2021-01-13,ADANIGREEN,-16.717091894332814,5.048586208536008
5,8,2021-03-31,ADANIGREEN,-15.894644692269644,5.464128751602433
5,8,2021-06-18,ADANIGREEN,-12.330623306233068,4.718109038033629
5,8,2021-07-05,ADANIGREEN,-13.867928740456303,4.476608127425706
5,8,2022-09-29,ADANIGREEN,-15.211964799458455,5.037285219449303
5,8,2022-11-22,ADANIGREEN,-9.597396390450397,5.190576875611652
5,8,2009-08-11,SHREECEM,-11.514642898483629,6.3043538231642895
5,8,2009-10-27,SHREECEM,-10.56936545466165,4.664086487891301
5,8,2010-01-28,SHREECEM,-9.501880770546,5.45142900850509
5,8,2012-04-11,SHREECEM,-11.750933463916269,5.452412836342031
5,8,2015-04-17,SHREECEM,-9.49161099541106,5.01827552378536
5,8,2020-02-06,LALPATHLAB,-8.965672990063233,5.124954371984824
5,8,2022-12-23,RVNL,-9.978617248752686,5.012255263103415
5,8,2023-07-28,RVNL,-11.4892060007318,5.298272264871358
5,8,2023-09-18,RVNL,-12.744063324538256,5.731142078242464
5,8,2023-10-25,RVNL,-11.270912826533596,4.951097451833229
5,8,2024-10-07,RVNL,-14.182578132421398,4.538807357171272
5,8,2023-08-14,FACT,-11.22892588272717,5.005549186687118
5,8,2023-10-25,FACT,-10.43739565943238,6.846358829550242
5,8,2007-11-22,RELINFRA,-13.473780750971088,4.852587860064071
5,8,2008-01-22,RELINFRA,-30.282911151520274,4.881130791503632
5,8,2007-11-22,VEDL,-12.047244094488185,4.912544753447548
5,8,2008-01-21,VEDL,-31.031543052003407,4.822975997000708
5,8,2010-01-27,VEDL,-13.219178082191775,4.9717240873171
5,8,2010-05-04,VEDL,-10.971685971685973,4.530745098948539
5,8,2010-05-24,VEDL,-13.698140200286124,4.766024094789647
5,8,2017-04-18,VEDL,-16.466909848879617,5.002245273603071
5,8,2017-05-08,VEDL,-9.51262477980036,4.275251273742551
5,8,2017-05-24,VEDL,-8.146399055489972,5.398352377853095
5,8,2024-11-13,VEDL,-8.576429404900832,5.0477341241147355
5,8,2026-06-05,VEDL,-10.49347702779353,5.644993497414276
5,8,2026-06-25,VEDL,-10.637254901960791,4.8255800742365365
5,8,2022-01-24,LTTS,-18.251526864748023,4.771229448301147
5,8,2023-05-23,SIEMENS,-11.915359176467655,5.0082854058011685
5,8,2009-06-18,BERGEPAINT,-8.587894940659247,4.643804453585562
5,8,2017-09-28,BOMDYEING,-21.136683889149833,7.209541389598277
5,8,2017-10-17,BOMDYEING,-16.370182126217703,5.156713640468372
5,8,2017-11-16,BOMDYEING,-10.822615869934483,5.016243444571048
5,8,2018-02-02,BOMDYEING,-17.95036371416345,4.038153921403187
5,8,2017-11-17,BBTC,-8.628567851777657,4.8638556717775145
5,8,2018-01-18,BBTC,-8.66196368682781,5.0998194007792295
5,8,2018-02-02,BBTC,-14.820091445232253,4.528772133945334
5,8,2024-06-24,SOBHA,-8.60325974829792,5.078503270667083
5,8,2024-07-19,SOBHA,-8.419695542222438,4.937013992412769
5,8,2024-03-13,ETERNAL,-10.370817003316246,4.971346134924173
5,8,2024-10-22,ETERNAL,-8.299052047934175,5.007908267506034
5,8,2013-11-12,RCOM,-11.111111111111116,4.839208143041538
5,8,2013-12-16,RCOM,-9.071428571428575,5.002850919990856
5,8,2014-01-30,RCOM,-13.144137415982083,5.105075183988355
5,8,2014-02-21,RCOM,-8.079142621599333,4.96363339351783
5,8,2014-05-05,RCOM,-11.178476695718064,4.843247547604519
5,8,2021-11-30,TATAPOWER,-8.503903777168166,5.009997623789123
5,8,2021-12-20,TATAPOWER,-9.185667752442994,4.961885919474779
5,8,2022-02-14,TATAPOWER,-12.430500397140587,5.004563807322873
5,8,2024-10-22,PCBL,-12.917993630573243,4.768801666461197
5,8,2009-06-18,GODREJCP,-9.34942796363164,4.8403435319743
5,8,2009-06-30,GODREJCP,-8.22445580686625,5.148671373189701
5,8,2009-08-11,GODREJCP,-10.3307621476039,6.16291661577082
5,8,2009-12-18,GODREJCP,-10.698406608892086,5.106987009615698
5,8,2010-01-29,GODREJCP,-8.903973267129683,4.3956343386566115
5,8,2007-10-19,APTECHT,-13.220481993311806,4.650335946937724
5,8,2009-05-11,UNIONBANK,-8.884106978174,4.880548319920934
5,8,2009-05-26,UNIONBANK,-8.122699386503074,5.216321735844654
5,8,2009-07-10,UNIONBANK,-12.331563903634146,5.880132549327465
5,8,2009-07-29,UNIONBANK,-13.58271654330866,5.223850594029086
5,8,2009-10-26,UNIONBANK,-9.548118737001321,5.604580735653067
5,8,2023-10-25,UNIONBANK,-10.72175732217573,5.000448313394637
5,8,2007-10-22,BHARTIARTL,-17.358705115221294,5.067200313330484
5,8,2007-11-02,BHARTIARTL,-9.663874028464726,4.308563898883646
5,8,2012-05-09,JUBLFOOD,-9.704107044869358,5.043901104054145
5,8,2012-06-04,JUBLFOOD,-13.03377586141684,5.8575268931055495
5,8,2012-07-27,JUBLFOOD,-9.965173341776158,5.104363636480819
5,8,2025-08-25,BAJAJHLDNG,-8.662122151070717,5.1673811864952395
5,8,2023-09-26,GLENMARK,-10.486759438670656,5.443011306334045
5,8,2023-10-09,GLENMARK,-8.310929281122148,5.371804422429348
5,8,2024-11-13,GLENMARK,-12.976624551287486,5.080473613893287
5,8,2026-06-04,GLENMARK,-8.56639691391673,4.650900145257811
5,8,2010-08-31,SUDARCOLOR,-9.764150943396233,5.248721342695725
5,8,2015-03-10,BEL,-8.952103946939205,5.16859852848489
5,8,2015-04-20,BEL,-14.140401536407976,5.012958149068915
5,8,2015-06-08,BEL,-8.803226514486385,5.180024044320766
5,8,2022-11-01,FINEORG,-17.397952837712282,4.950889597911017
5,8,2025-08-08,NH,-10.70675918786944,4.935170145030779
5,8,2011-06-23,ARVIND,-13.06532663316583,4.844515875970363
5,8,2012-02-24,ARVIND,-21.62921348314607,5.163365730220557
5,8,2012-03-28,ARVIND,-10.576923076923084,4.820751579193595
5,8,2014-05-30,ARVIND,-8.858965272856134,4.928867309242347
5,8,2014-07-11,ARVIND,-17.0816444701795,5.338418916726878
5,8,2014-07-28,ARVIND,-10.169491525423723,4.8075922393117105
5,8,2014-09-25,ARVIND,-11.009573542210626,5.057746943631896
5,8,2014-11-13,ARVIND,-9.811146936895431,5.123790456669649
5,8,2010-01-20,RENUKA,-8.25361889443833,4.944098873094681
5,8,2010-02-06,RENUKA,-12.407425218813128,4.551348958925798
5,8,2023-12-12,RATNAMANI,-9.333035796327172,5.027390896951246
5,8,2010-11-18,UFLEX,-19.76284584980238,4.8734409396241585
5,8,2009-06-11,MUNJALSHOW,-11.969532100108815,5.580752594521667
5,8,2009-07-10,MUNJALSHOW,-8.01781737193764,5.3650894590365645
5,8,2009-08-10,MUNJALSHOW,-14.68590831918506,5.774308128554777
5,8,2009-11-03,MUNJALSHOW,-26.959247648902817,5.428197359444583
5,8,2024-08-19,ZYDUSLIFE,-8.913060189099852,5.0799341258692134
5,8,2020-03-02,ICICIGI,-8.121982989809206,4.88695110690047
5,8,2023-08-17,APOLLOTYRE,-10.682932390833432,4.987618696402441
5,8,2026-05-15,NETWEB,-13.154086201438197,5.4921553985197225
5,8,2026-06-11,NETWEB,-15.054112115439189,5.997088958088363
5,8,2026-07-02,NETWEB,-12.593614505321248,5.604619385104191
5,8,2023-09-18,IRFC,-9.616519174041304,5.933182742568392
5,8,2023-10-25,IRFC,-11.181301326595083,5.213568388851506
5,8,2024-02-12,IRFC,-17.190906259732188,5.014335998913914
5,8,2024-03-13,IRFC,-14.33988279903482,4.900590429918241
5,8,2024-06-04,IRFC,-8.488210818307918,5.588916275232155
5,8,2024-07-26,IRFC,-10.85192204888954,5.300895797392117
5,8,2024-08-06,IRFC,-9.771820321293356,4.771181485601059
5,8,2020-02-05,MANAPPURAM,-11.626080125687343,5.118143422228069
5,8,2020-03-02,MANAPPURAM,-8.754974417282547,5.395224353998182
5,8,2014-01-28,BIOCON,-12.094492497683717,4.947554668588696
5,8,2017-05-03,BIOCON,-11.398954394400784,5.087411672949667
5,8,2020-07-29,BIOCON,-8.103087996285108,5.116061426392923
5,8,2020-10-26,BIOCON,-8.072619319479324,4.879338302599928
5,8,2012-05-09,KAJARIACER,-11.919999999999998,5.378841395308343
5,8,2012-12-21,KAJARIACER,-8.272168220591158,5.15062502339145
5,8,2014-06-19,KAJARIACER,-11.041093458773421,4.856241156758026
5,8,2021-08-24,JSWENERGY,-12.697128993125762,4.986390006526702
5,8,2021-11-03,JSWENERGY,-9.671259036966307,4.812608218330765
5,8,2021-11-18,JSWENERGY,-11.467546095038228,5.1312635312168595
5,8,2022-12-23,COCHINSHIP,-19.020853698273044,4.736564371529886
5,8,2024-07-19,COCHINSHIP,-11.188713507473114,5.060363227025799
5,8,2024-08-06,COCHINSHIP,-14.47960421917297,4.709486583365129
5,8,2024-08-20,COCHINSHIP,-10.788087302440596,4.584955813437483
5,8,2024-09-02,COCHINSHIP,-10.00413193009747,4.013590265795089
5,8,2024-10-07,COCHINSHIP,-9.159333024548399,4.466869465818606
5,8,2017-05-11,RAIN,-11.463109629012092,5.329900161423692
5,8,2017-05-24,RAIN,-13.721890775585132,4.927923232790648
5,8,2017-08-10,RAIN,-12.79876638396299,4.856133308963419
5,8,2017-11-21,RAIN,-20.99246557547414,5.847028245024735
5,8,2018-01-16,RAIN,-8.785473523975218,4.968000950763146
5,8,2018-02-02,RAIN,-20.47846889952154,4.6277365238511985
5,8,2010-10-22,M&MFIN,-8.311855670103075,5.563812200977926
5,8,2011-05-05,M&MFIN,-10.488245931283913,4.791379979288106
5,8,2011-05-16,M&MFIN,-10.006215040397759,5.007363653930649
5,8,2011-06-16,M&MFIN,-8.275382475660642,4.900119557811024
5,8,2013-01-24,M&MFIN,-11.453058044409815,4.7547162411373165
5,8,2014-01-10,M&MFIN,-13.406292749658,5.037456794201975
5,8,2014-01-23,M&MFIN,-13.83687718184704,4.348290264427449
5,8,2010-11-26,SUNDARMFIN,-8.716385240775482,5.016914207474215
5,8,2018-02-02,TATACONSUM,-9.663105998356603,4.8913228588390165
5,8,2020-02-28,TATACONSUM,-9.027595269382394,4.933351049088844
5,8,2010-09-16,VENKEYS,-9.34657117272809,5.344592670493962
5,8,2010-10-29,VENKEYS,-11.506675143038791,5.123760281354479
5,8,2010-11-19,VENKEYS,-14.200561009817669,4.991142115015952
5,8,2010-11-19,TITAN,-10.958107059736244,5.348702864339381
5,8,2011-06-27,TITAN,-8.248939669349953,5.430107453218871
5,8,2007-10-22,RELIANCE,-9.612367029187151,4.886255130483211
5,8,2008-01-22,RELIANCE,-25.52850398777181,5.59273846447552
5,8,2019-05-10,RELIANCE,-11.193532392220229,5.277079125098692
5,8,2007-10-08,PRAJIND,-13.287007791113915,5.134163185931497
5,8,2007-10-22,PRAJIND,-10.956360259981423,4.6394429869605505
5,8,2019-04-09,PRAJIND,-8.495867768595033,4.846366136831713
5,8,2019-05-09,PRAJIND,-11.598405219282338,4.839413467074688
5,8,2010-11-29,ELGIEQUIP,-8.654970760233915,5.4922355335037345
5,8,2011-05-03,ELGIEQUIP,-13.610683102208531,5.164053016435104
5,8,2022-09-19,ELGIEQUIP,-15.881669496827245,4.999999999999999
5,8,2022-11-03,ELGIEQUIP,-8.58300358017714,6.3696853624558205
5,8,2007-10-19,SOUTHBANK,-10.932475884244363,4.6923344137802285
5,8,2008-01-22,SOUTHBANK,-23.56881851400732,4.68646822834393
5,8,2010-05-04,SOUTHBANK,-16.666666666666675,5.110526929378952
5,8,2024-01-23,PRESTIGE,-14.08104634459817,4.955535661897604
5,8,2024-02-14,PRESTIGE,-10.249092910432555,5.078055921768184
5,8,2024-03-18,PRESTIGE,-14.792523206035701,4.952001462152943
5,8,2024-04-12,PRESTIGE,-8.720484513952776,5.163788817590565
5,8,2024-07-01,PRESTIGE,-10.52119797744069,5.348454581971378
5,8,2024-08-05,PRESTIGE,-13.701360833510524,5.245030192891174
5,8,2024-10-22,PRESTIGE,-9.666736753574433,5.213078528090413
5,8,2022-09-29,VBL,-11.734301580521144,5.507505354968066
5,8,2022-10-14,VBL,-9.579387800044048,5.459338394903771
5,8,2012-05-08,MRF,-9.79602861349993,5.196704741442524
5,8,2012-08-29,MRF,-9.458993328189525,4.927074850653597
5,8,2014-04-28,MRF,-13.026471467488554,5.254885771309466
5,8,2017-05-24,MRF,-8.133163469973415,4.945318640398182
5,8,2010-07-29,IPCALAB,-9.673659673659674,4.778806351129246
5,8,2012-11-09,IPCALAB,-8.364611260053623,4.94297809748899
5,8,2014-03-10,IPCALAB,-8.330541596873253,5.277453488753571
5,8,2014-05-19,IPCALAB,-10.607627273280206,4.755872010512273
5,8,2020-11-11,IPCALAB,-13.697964016152554,5.557325471724319
5,8,2021-01-28,IPCALAB,-9.755981544023218,4.7873157217015665
5,8,2020-09-25,LAURUSLABS,-11.078004686976895,5.768544845477581
5,8,2020-11-05,LAURUSLABS,-14.51735111380511,5.661869015435354
5,8,2021-02-02,LAURUSLABS,-8.694506652614942,5.369855073739472
5,8,2021-08-23,LAURUSLABS,-9.833863556026856,5.046847848238381
5,8,2017-08-10,AVANTIFEED,-11.5494086181678,5.594738149447275
5,8,2017-11-16,AVANTIFEED,-15.120382107600172,5.035385380715126
5,8,2018-01-31,AVANTIFEED,-12.557398811854947,4.75181109390691
5,8,2019-05-13,BALRAMCHIN,-11.266688375122113,5.002303491484351
5,8,2020-01-28,BALRAMCHIN,-8.773841961852858,4.689396509145119
5,8,2020-02-04,BALRAMCHIN,-9.94269340974212,4.297048949730095
5,8,2017-05-18,CESC,-15.491094147582697,4.9682409195241455
5,8,2021-08-26,TATASTEEL,-8.562649368385111,5.213480641418807
5,8,2021-09-20,TATASTEEL,-14.739054290718045,4.9351039403837715
5,8,2021-10-25,TATASTEEL,-8.566649698203754,5.038988852243718
5,8,2021-11-22,TATASTEEL,-9.76584352273635,4.640058253025338
5,8,2021-11-30,TATASTEEL,-10.457572874318831,4.385449499704605
5,8,2017-06-12,ADANIENSOL,-15.393343419062022,5.006125011111533
5,8,2017-08-14,ADANIENSOL,-14.011741682974566,5.008623736659304
5,8,2017-09-21,ADANIENSOL,-10.240759579518476,5.6279005794388
5,8,2017-11-01,ADANIENSOL,-11.736785329018328,6.269425012712657
5,8,2017-12-01,ADANIENSOL,-13.460585027268213,4.989623783023151
5,8,2018-02-02,ADANIENSOL,-10.464310464310456,5.239136360290794
5,8,2021-04-13,ADANIENSOL,-19.033899068113268,5.004296942747309
5,8,2021-06-18,ADANIENSOL,-22.61637339323598,4.941342533798576
5,8,2021-09-22,ADANIENSOL,-19.713999125536898,5.374756882028155
5,8,2022-10-03,ADANIENSOL,-15.872609749528676,4.924841881246803
5,8,2022-11-23,ADANIENSOL,-12.665270623481039,4.992385738226687
5,8,2026-09-03,ADANIENSOL,-14.304267161410012,4.781954104523199
5,8,2014-07-28,SUNDRMFAST,-9.3033318909563,5.329848876570361
5,8,2014-10-22,SUNDRMFAST,-10.926365795724468,5.098018184615
5,8,2015-02-10,SUNDRMFAST,-13.918128654970763,5.138669295970867
5,8,2015-04-21,SUNDRMFAST,-11.747063234191446,5.192815362532917
5,8,2015-06-04,SUNDRMFAST,-12.774122807017552,5.031712044620037
5,8,2007-11-21,WELCORP,-11.439200186003262,6.468578852037131
5,8,2007-12-19,WELCORP,-8.81858314063485,5.263239709524333
5,8,2008-01-22,WELCORP,-15.40714704159345,5.875049425815587
5,8,2012-12-17,KTKBANK,-15.97239969332993,5.008114701902002
5,8,2013-01-24,KTKBANK,-10.545870248642464,4.94683714236089
5,8,2013-02-08,KTKBANK,-10.80000000000001,4.712981821961592
5,8,2021-12-20,IEX,-16.26601158097912,5.3953022811311655
5,8,2022-01-27,IEX,-11.401653528167666,4.852353223124543
5,8,2014-10-17,BALKRISIND,-8.418787188251676,5.183507898003852
5,8,2014-11-20,BALKRISIND,-26.558347426914708,4.945157207310551
5,8,2009-04-21,MCLEODRUSS,-8.276333789329682,5.231507950400709
5,8,2009-06-08,MCLEODRUSS,-8.144578313253014,4.957505415890529
5,8,2009-08-20,MCLEODRUSS,-8.784596871239469,5.42651674685396
5,8,2009-10-05,MCLEODRUSS,-8.111672895141787,5.654177184243577
5,8,2009-12-11,MCLEODRUSS,-9.898522342887661,5.853978652138838
5,8,2010-01-28,MCLEODRUSS,-19.505250044491895,4.855575854068631
5,8,2010-02-24,MCLEODRUSS,-8.702894024567975,5.148684172328219
5,8,2010-04-01,MCLEODRUSS,-8.30095372659837,5.7854262790585596
5,8,2010-04-28,MCLEODRUSS,-12.82102728731942,4.760073603587318
5,8,2010-05-07,MCLEODRUSS,-9.623797025371827,4.302377774228295
5,8,2009-11-03,AUROPHARMA,-11.283656117146911,5.254018249452437
5,8,2014-07-10,AUROPHARMA,-13.581934140309759,5.38165022129589
5,8,2015-02-09,AUROPHARMA,-17.137997864177514,5.220166030690215
5,8,2024-02-07,AUROPHARMA,-13.573539638386656,5.077014227999652
5,8,2009-07-08,BANKBARODA,-18.188010899182572,5.737069148743962
5,8,2011-05-04,BANKBARODA,-15.56291390728476,4.987114010483483
5,8,2024-09-10,OIL,-16.571898335274383,5.917428266945894
5,8,2024-10-28,OIL,-10.162294772598601,4.801019951076034
5,8,2011-05-19,FMGOETZE,-8.028419182948499,5.014902292715783
5,8,2015-03-26,JKLAKSHMI,-8.574380165289252,5.136417074676715
5,8,2015-06-08,JKLAKSHMI,-9.570001447806575,4.716939811888599
5,8,2020-08-31,PERSISTENT,-12.099252396459214,5.458629742919084
5,8,2020-10-21,PERSISTENT,-11.79607041121905,5.192955937535402
5,8,2021-01-28,PERSISTENT,-8.21854912764004,5.294282552124602
5,8,2021-10-22,PERSISTENT,-8.074548907882239,5.379297161811477
5,8,2022-02-17,PERSISTENT,-11.327894856106957,5.257664424381254
5,8,2010-05-21,ZENSARTECH,-8.296862479196188,5.306987806487506
5,8,2012-10-22,ZENSARTECH,-9.673913043478265,4.883716783013642
5,8,2023-09-12,ZENSARTECH,-8.176775809626037,5.14730549882858
5,8,2023-10-25,ZENSARTECH,-13.605380350813412,4.910172184238081
5,8,2015-04-27,GFLLIMITED,-10.720887245841038,5.0778391035439965
5,8,2019-05-09,GFLLIMITED,-9.824135839902981,4.906523424113312
5,8,2021-02-01,DRREDDY,-12.085806746212945,4.82034408760568
5,8,2009-05-06,JINDALPOLY,-9.550000000000002,4.550070645728179
5,8,2010-10-21,JINDALPOLY,-18.09176225234619,6.718681319869677
5,8,2010-11-16,JINDALPOLY,-20.249415432579887,4.9777272198725475
5,8,2011-05-09,JINDALPOLY,-10.456049149338376,5.052756277442154
5,8,2011-05-18,JINDALPOLY,-8.33867864015394,5.128362391325645
5,8,2011-06-23,JINDALPOLY,-16.532137518684607,4.840892673100331
5,8,2022-10-14,INDHOTEL,-9.257360480445298,5.5617558277154995
5,8,2022-11-15,INDHOTEL,-9.236363636363631,5.000796776061885
5,8,2022-12-22,INDHOTEL,-8.762190547636905,5.190267058201935
5,8,2015-04-17,LUPIN,-12.189011534168426,4.730345937967847
5,8,2022-01-27,UNOMINDA,-14.002676220486032,4.698394234621126
5,8,2022-02-14,UNOMINDA,-13.484358144552333,5.0032382732147145
5,8,2024-03-15,NTPC,-10.1930721181147,5.1946532800178264
5,8,2024-06-04,NTPC,-9.345922276956752,4.941685938646639
5,8,2021-09-24,LUXIND,-8.838087143464247,4.716248006579918
5,8,2009-06-23,COROMANDEL,-14.364904902991494,5.330031899382754
5,8,2009-07-13,COROMANDEL,-14.151447185731069,5.006156316268062
5,8,2010-11-25,COROMANDEL,-11.282608695652174,5.00406089361172
5,8,2011-04-26,COROMANDEL,-9.706183306534133,5.328175342633945
5,8,2020-08-17,COROMANDEL,-8.089859279358869,5.005262148345473
5,8,2020-09-04,COROMANDEL,-8.41437892404283,5.033121179459886
5,8,2020-10-07,COROMANDEL,-9.190040970690195,5.006304179927317
5,8,2025-07-07,COROMANDEL,-9.488264410027137,5.046790090786431
5,8,2025-08-13,COROMANDEL,-9.850662833413203,4.953667803274832
5,8,2009-04-22,EMBDL,-11.98388721047331,5.84232478797118
5,8,2009-06-08,EMBDL,-15.64708257621643,6.675046370611254
5,8,2021-10-25,FLUOROCHEM,-16.790000474360788,4.737706513511399
5,8,2021-12-17,FLUOROCHEM,-15.763714772841231,4.867828690821901
5,8,2022-01-27,FLUOROCHEM,-10.779667149059325,4.906125096506807
5,8,2022-02-14,FLUOROCHEM,-11.015097820282538,5.004563807322873
5,8,2022-10-19,FLUOROCHEM,-8.984747961906624,5.102045443898712
5,8,2022-11-15,FLUOROCHEM,-11.517814201967946,4.999673528764401
5,8,2022-12-05,FLUOROCHEM,-8.649872072426678,4.7088268589473685
5,8,2022-12-23,FLUOROCHEM,-10.729253981559095,4.867899496144639
5,8,2014-07-14,KEC,-11.246418338108876,5.00282012806687
5,8,2014-08-04,KEC,-17.436489607390303,4.691431926141931
5,8,2014-09-25,KEC,-9.103078982597058,5.133731558043795
5,8,2014-11-11,KEC,-9.38069216757741,5.178145214603137
5,8,2017-11-13,KEC,-8.20812905266487,5.003929011656417
5,8,2021-06-21,TIINDIA,-12.249962400360948,5.335311305493362
5,8,2022-11-14,TIINDIA,-13.044834578256893,5.090668984361751
5,8,2020-09-21,EPL,-19.21215156067435,5.240525664036584
5,8,2020-10-29,EPL,-9.404563160823598,5.54817989986447
5,8,2026-06-10,NATIONALUM,-13.90478370336462,5.1540418706302225
5,8,2026-06-30,NATIONALUM,-10.146844820743473,4.652651223624687
5,8,2009-07-13,JAYSREETEA,-10.836584308625918,5.00608494084525
5,8,2010-01-28,JAYSREETEA,-15.583306649589069,5.029448705934752
5,8,2021-12-21,BSE,-18.83346425765907,5.859205105925296
5,8,2022-01-28,BSE,-8.99646789943902,5.3623063541178215
5,8,2023-11-24,BSE,-9.97822706065319,6.064457840471381
5,8,2024-01-23,BSE,-8.556392931392931,5.051280556347104
5,8,2024-03-13,BSE,-12.041713123893238,4.884107785856199
5,8,2024-04-30,BSE,-12.802362647665477,5.770516240803381
5,8,2024-06-24,BSE,-9.460120698091668,4.981638201016221
5,8,2024-07-10,BSE,-8.28196521208423,4.318207509528456
5,8,2025-06-17,BSE,-11.346243428495374,4.997153730448586
5,8,2025-07-10,BSE,-12.545654409418095,4.598011836850194
5,8,2025-08-28,BSE,-13.65834324217201,4.9526998582552695
5,8,2021-07-27,CDSL,-11.896321831604284,7.109729520065939
5,8,2021-12-21,CDSL,-11.922476899075951,5.270240109072558
5,8,2022-01-24,CDSL,-8.184096326630396,5.060556068470006
5,8,2020-08-31,NAVINFLUOR,-8.997878738432119,4.988551183305512
5,8,2020-09-22,NAVINFLUOR,-9.021329410683087,5.17794220349359
5,8,2020-10-08,NAVINFLUOR,-8.674824619156807,5.203156968803647
5,8,2021-01-14,NAVINFLUOR,-8.238727356845443,5.193365316834695
5,8,2021-01-29,NAVINFLUOR,-9.901729559748428,4.790351520832386
5,8,2008-01-22,SHRIRAMFIN,-15.789473684210531,5.51469486634002
5,8,2021-04-12,ATGL,-14.926975945017185,5.006653512329486
5,8,2021-05-14,ATGL,-8.155960124706517,5.11119714347497
5,8,2021-06-29,ATGL,-22.625054057950123,4.307115093568596
5,8,2021-07-20,ATGL,-11.692107827216624,5.050251082842423
5,8,2021-09-07,ATGL,-8.141135972461278,7.332559129400229
5,8,2021-12-22,ATGL,-10.623313198817641,5.932441953760243
5,8,2022-09-27,ATGL,-8.061334167811808,5.072767761568511
5,8,2022-12-23,ATGL,-9.824815889310434,5.093284470228607
5,8,2020-08-20,APLLTD,-8.966093046987345,5.088793334990813
5,8,2021-01-22,APLLTD,-13.623414813453405,5.070692928516482
5,8,2014-07-08,SRF,-12.706620327201822,5.29645113025658
5,8,2014-10-17,SRF,-8.298611111111098,4.908818552391459
5,8,2014-11-10,SRF,-9.30854025164235,5.995612999876488
5,8,2015-04-27,SRF,-13.169319826338644,5.7702433225872145
5,8,2021-10-20,SRF,-11.329910852262003,5.205250108603816
5,8,2021-11-30,SRF,-8.479718939635895,5.10688416506357
5,8,2011-06-23,WOCKPHARMA,-8.673469387755095,4.849977064208179
5,8,2018-02-05,VAKRANGEE,-51.735402204981625,6.040267904324429
5,8,2009-05-27,PFC,-10.314318975552972,5.421259597896711
5,8,2009-06-23,PFC,-8.608147429679935,5.286861284534073
5,8,2009-08-10,PFC,-9.82448630136985,5.216571583388321
5,8,2009-11-03,PFC,-8.739348918505573,4.893772151412072
5,8,2023-09-15,PFC,-8.423467715503119,5.526754343090934
5,8,2023-12-20,PFC,-9.471313418681838,5.5680798720466775
5,8,2024-03-19,PFC,-15.499359049061878,5.342976962314619
5,8,2024-05-10,PFC,-13.071079196586533,5.618245620858672
5,8,2024-06-04,PFC,-17.480421541138934,5.7008843011268215
5,8,2024-08-05,PFC,-9.912272768382024,4.988980358607111
5,8,2014-09-25,BHARATFORG,-8.37088388214905,4.965191946503337
5,8,2014-12-17,BHARATFORG,-10.380927701477061,5.014072323537466
5,8,2015-04-22,BHARATFORG,-11.466565349544078,4.991123193756396
5,8,2015-06-09,BHARATFORG,-9.448004961753153,4.837163836309937
5,8,2026-08-14,BHARATFORG,-8.83807169344869,5.137560786540212
5,8,2009-04-22,IIFL,-15.268557634278812,5.949494186465396
5,8,2009-05-26,IIFL,-9.150090415913203,8.36974975467875
5,8,2009-06-17,IIFL,-20.780117362789085,4.911276951022763
5,8,2009-07-06,IIFL,-9.394654088050313,4.427119649871754
5,8,2020-02-28,RELAXO,-13.494379929205735,5.444818526520771
5,8,2009-10-27,SUPREMEIND,-9.964463397299205,5.308480534945604
5,8,2014-01-24,SUPREMEIND,-11.762837480148225,5.6263216232818
5,8,2023-09-15,SUPREMEIND,-10.985924621649945,5.118226867266424
5,8,2023-10-26,SUPREMEIND,-11.25485947358359,5.583198631301781
5,8,2014-05-20,HCLTECH,-8.68169446576873,4.97136843532545
5,8,2014-06-04,HCLTECH,-9.177687528202993,4.701613853469616
5,8,2009-05-14,NIITLTD,-11.06557377049181,6.3266462788130475
5,8,2019-05-03,ADANIPOWER,-17.061611374407594,5.152780041482587
5,8,2026-05-12,ADANIPOWER,-8.840667942250835,4.993890575071957
5,8,2023-05-23,NCC,-8.612226684515834,4.845904246161554
5,8,2023-09-12,NCC,-11.261393707733024,5.075132851027658
5,8,2023-10-25,NCC,-13.067484662576689,4.981745352724758
5,8,2014-09-16,SIMPLEXINF,-9.250313115047415,4.8375282642882524
5,8,2014-09-29,SIMPLEXINF,-15.9011964492474,4.480414105536578
5,8,2021-01-19,INDIAMART,-9.891754741434388,5.526934411362724
5,8,2021-02-17,INDIAMART,-8.236650225176923,5.039762195555403
5,8,2021-03-02,INDIAMART,-9.816910279521318,4.906144701846788
5,8,2021-05-05,INDIAMART,-14.129766915695718,5.112290479888749
5,8,2017-09-28,LTF,-9.85081695477149,4.93280333918446
5,8,2007-11-12,RIIL,-15.416848711125219,5.0106654374792665
5,8,2007-11-23,RIIL,-11.18261320510101,4.009822322815955
5,8,2007-12-11,RIIL,-9.570803918215788,3.8494728374723968
5,8,2007-12-20,RIIL,-9.842133091623229,5.131834754855573
5,8,2008-01-24,RIIL,-22.51556714910805,4.572127670786143
5,8,2022-09-28,BDL,-10.45002985722816,5.577695431020287
5,8,2022-12-22,BDL,-10.958029682429915,4.934747720877999
5,8,2007-10-24,GMDCLTD,-13.895811560414817,9.135839688427696
5,8,2007-11-27,GMDCLTD,-16.968599033816425,4.81297723393163
5,8,2008-01-24,GMDCLTD,-29.524661489041605,5.401396683253457
5,8,2012-03-06,GMDCLTD,-8.357699805068219,5.509943662110126
5,8,2012-03-19,GMDCLTD,-8.603238866396756,4.967026155670708
5,8,2026-05-12,GMDCLTD,-10.09995107290138,4.853019639097469
5,8,2026-06-11,GMDCLTD,-13.01617788283963,4.440805923662306
5,8,2014-03-28,TATAELXSI,-8.686712927268047,4.656736501419234
5,8,2014-05-09,TATAELXSI,-8.092380432805967,4.72760332413875
5,8,2021-05-11,TATAELXSI,-8.59772027190372,6.245669552967552
5,8,2021-10-25,TATAELXSI,-8.057547125017805,5.066470534232798
5,8,2021-11-25,TATAELXSI,-9.764825400676258,5.181166158218658
5,8,2021-12-21,TATAELXSI,-9.755145758433725,4.989971850161151
5,8,2022-02-14,TATAELXSI,-9.5378956943999,5.004563807322873
5,8,2012-09-17,BSOFT,-9.956076134699854,4.935391895236442
5,8,2021-02-12,BSOFT,-9.966838614591001,5.179896139639043
5,8,2021-04-19,BSOFT,-8.500459981600738,4.850675291512827
5,8,2024-04-22,BSOFT,-9.913969684555502,5.035437574322286
5,8,2024-05-07,BSOFT,-9.129983696457689,4.519654655132362
5,8,2009-08-10,MARUTI,-15.174264556016038,6.167748077408577
5,8,2009-10-08,MARUTI,-11.205477841777366,5.071017841741994
5,8,2010-01-08,MARUTI,-8.137298891096712,4.841264409999471
5,8,2017-05-24,VGUARD,-16.46977067407921,5.102692936711015
5,8,2010-09-24,TRENT,-9.268929503916446,4.7456038296203085
5,8,2020-03-02,TRENT,-8.04749340369394,5.900780486134237
5,8,2020-07-27,TRENT,-10.339770227328282,4.713692889465258
5,8,2024-07-19,TRENT,-8.320911413969345,4.992025091164863
5,8,2024-11-08,TRENT,-11.890474192194711,5.021589055771767
5,8,2010-05-21,ESCORTS,-10.036880927291891,5.23720230914117
5,8,2014-01-08,ESCORTS,-11.123267687819116,5.11180111352651
5,8,2014-02-14,ESCORTS,-8.569051580698828,4.92136712779823
5,8,2014-05-08,ESCORTS,-16.330565440885724,4.998859153900469
5,8,2014-05-29,ESCORTS,-9.121370067014157,5.347902140025078
5,8,2017-05-23,ESCORTS,-9.185851501753318,5.343312395623382
5,8,2017-06-28,ESCORTS,-9.67363554819568,4.824554773528159
5,8,2017-08-10,ESCORTS,-13.18275760259816,4.879020873980169
5,8,2011-06-23,BATAINDIA,-9.829399805533455,5.648303071636575
5,8,2012-06-05,BATAINDIA,-10.01270226984039,5.168195684074817
5,8,2020-02-28,BATAINDIA,-8.485335698841268,4.925338931802211
5,8,2020-02-17,IGL,-8.771929824561408,5.00589266027172
5,8,2021-01-14,SUZLON,-21.118012422360255,5.617072269137595
5,8,2021-01-25,SUZLON,-12.949640287769792,4.974768914389956
5,8,2021-02-18,SUZLON,-16.000000000000004,4.664975584067608
5,8,2024-02-13,SUZLON,-8.54166666666667,4.970326655356904
5,8,2024-03-06,SUZLON,-14.47513812154696,4.756388005831851
5,8,2024-10-07,SUZLON,-12.529288444937714,5.295110967504753
5,8,2024-10-23,SUZLON,-8.26115922718188,5.061782201529721
5,8,2020-02-28,DIXON,-12.04333440558798,4.7981140300346725
5,8,2020-09-22,DIXON,-14.518023218042709,5.246534951714005
5,8,2021-01-25,DIXON,-10.249286679681624,5.5718556361321925
5,8,2021-03-25,DIXON,-15.258354361719684,5.699401641908176
5,8,2021-05-10,DIXON,-9.041508368717576,5.607524975753515
5,8,2021-08-24,DIXON,-8.114773820981714,4.8290526963800495
5,8,2021-10-25,DIXON,-16.029512727146322,5.5911484717017315
5,8,2024-07-23,DIXON,-13.695226978769048,5.023215248903421
5,8,2024-09-06,DIXON,-8.405619943891674,5.479906561997965
5,8,2024-10-25,DIXON,-9.391618666215907,5.606204457454361
5,8,2014-06-16,GPPL,-8.480856319473029,4.991782171379368
5,8,2015-01-20,GPPL,-8.070416095107447,4.913887652942188
5,8,2024-11-13,JUBLPHARMA,-8.087615838247675,4.856330158093613
5,8,2025-06-17,PAYTM,-10.00208051596796,4.939045176263737
5,8,2017-03-24,INDIANB,-8.7242962667199,4.8864310935421855
5,8,2017-04-19,INDIANB,-8.776318532416083,5.039559922216099
5,8,2017-05-23,INDIANB,-11.291061879297171,5.038430777325726
5,8,2017-06-27,INDIANB,-11.867810845353311,4.831385972716711
5,8,2024-02-13,HUDCO,-10.662038184973966,4.986006257530639
5,8,2024-03-13,HUDCO,-17.986510117411935,5.1336805751361645
5,8,2024-04-18,HUDCO,-8.73878129428437,5.092643438679527
5,8,2024-05-07,HUDCO,-9.029296020988188,5.365100013082139
5,8,2024-06-05,HUDCO,-11.219047619047618,5.90510228519536
5,8,2024-07-23,HUDCO,-8.473566641846608,4.985220741988407
5,8,2024-08-06,HUDCO,-9.35616872819537,4.668495468625122
5,8,2024-09-05,HUDCO,-10.77813723820874,4.719933110708819
5,8,2007-10-01,JINDALSTEL,-8.392904421498537,5.670784479042893
5,8,2007-10-22,JINDALSTEL,-15.326044513861781,5.082577658481107
5,8,2007-11-09,JINDALSTEL,-17.193970515156533,7.7355719410087245
5,8,2007-11-21,JINDALSTEL,-10.886021963962056,4.218149707052697
5,8,2007-12-19,JINDALSTEL,-16.4391123541751,5.326847538035576
5,8,2008-01-11,JINDALSTEL,-9.493636413152007,4.9099169027798215
5,8,2008-01-24,JINDALSTEL,-39.01914146562464,5.29750755172754
5,8,2009-11-03,JINDALSTEL,-11.123902719815792,5.62121141697094
5,8,2010-05-07,JINDALSTEL,-12.663931669917295,5.158148304094721
5,8,2021-05-20,JINDALSTEL,-12.166009636443276,4.76194848800234
5,8,2021-09-01,LINDEINDIA,-10.696042113472416,6.933362003043476
5,8,2021-10-25,LINDEINDIA,-9.608245030551487,4.626264411573688
5,8,2021-12-20,LINDEINDIA,-11.825241975592027,5.101904855411216
5,8,2012-05-18,ARE&M,-8.513129285833742,5.4552736390626935
5,8,2014-04-07,PAGEIND,-12.084813276729511,5.289074797046456
5,8,2024-02-26,JBMA,-8.124107817616933,5.9434910703102295
5,8,2024-03-11,JBMA,-15.998323319826746,5.002989272591213
5,8,2021-09-30,APOLLOHOSP,-11.852405491522743,4.89047629227248
5,8,2013-01-17,BAJAJFINSV,-8.896093191933618,4.974751525076578
5,8,2013-02-14,BAJAJFINSV,-9.410356180784197,5.0209891576842836
5,8,2017-05-22,BAJAJFINSV,-12.892912468825191,5.083288334112403
5,8,2017-09-27,BAJAJFINSV,-9.487051348408858,4.747221577969789
5,8,2023-09-22,JSL,-11.973798285328963,5.292626783910446
5,8,2024-01-23,JSL,-12.347006285147199,4.957588013321485
5,8,2023-11-28,SONATSOFTW,-9.421624941295459,5.151541555423063
5,8,2007-10-19,CRISIL,-14.14010487244447,4.51263150807145
5,8,2007-11-05,CRISIL,-8.18192440264065,4.102684767383647
5,8,2014-07-14,CANFINHOME,-10.826689047419213,5.002882388580178
5,8,2014-08-01,CANFINHOME,-14.999999999999991,4.742512845939053
5,8,2014-09-17,CANFINHOME,-8.001313485113837,5.312011698761263
5,8,2015-01-30,CANFINHOME,-11.12868439971243,5.709877476698532
5,8,2015-04-22,CANFINHOME,-8.868032943880477,6.074078736643806
5,8,2015-05-07,CANFINHOME,-10.070224719101128,5.941239646004312
5,8,2007-10-22,KOTAKBANK,-15.863453815261042,4.8456547930418585
5,8,2007-12-19,KOTAKBANK,-14.329268292682917,4.865153189338099
5,8,2008-01-21,KOTAKBANK,-24.687499999999996,4.864951745568325
5,8,2020-07-09,GUJENERGY,-10.080350620891165,5.19160141132782
5,8,2020-10-13,GUJENERGY,-8.580049028851588,4.979053569646763
5,8,2009-06-22,ONGC,-12.492869366799775,5.028382945244818
5,8,2009-07-10,ONGC,-14.059853190287974,5.023298541539104
5,8,2014-07-14,SWARAJENG,-11.230706742485774,5.002800536631281
5,8,2017-08-10,CAPLIPOINT,-10.105220005465965,5.247986605226031
5,8,2007-11-22,ABAN,-12.323608727629331,4.744301714007671
5,8,2007-12-20,ABAN,-8.585712432518733,4.774004918775481
5,8,2008-01-21,ABAN,-26.182899212896928,4.9888029143098445
5,8,2007-11-09,DIVISLAB,-11.078787878787876,5.358959118992729
5,8,2008-01-10,DIVISLAB,-8.077566668784819,4.836349120290041
5,8,2008-01-24,DIVISLAB,-23.468817108088768,5.111046113723911
5,8,2020-09-25,DIVISLAB,-8.481341944743459,4.842557241274122
5,8,2011-06-21,UBL,-12.874641647120145,5.2445091901502305
5,8,2014-05-30,FINCABLES,-8.272058823529417,5.650646376200697
5,8,2014-07-14,FINCABLES,-8.662900188323919,5.002882388580178
5,8,2014-09-25,FINCABLES,-12.37373737373738,5.0732999070720535
5,8,2014-12-17,FINCABLES,-9.440690690690678,5.066819114838732
5,8,2015-03-24,FINCABLES,-8.713341244278682,5.379389294660391
5,8,2015-05-12,FINCABLES,-10.362694300518138,4.914954469268197
5,8,2023-05-30,FINCABLES,-10.438283154731543,4.9700277207176935
5,8,2023-10-06,FINCABLES,-10.288151896616615,5.129138445387006
5,8,2023-10-18,FINCABLES,-11.742460507419816,4.788987815746166
5,8,2007-10-05,RAJESHEXPO,-8.567180821408671,5.707492085596789
5,8,2007-10-17,RAJESHEXPO,-9.0366526110931,4.88061664372621
5,8,2008-01-22,RAJESHEXPO,-33.122568093385205,5.168382459300381
5,8,2010-10-12,VIPIND,-15.12756249598356,5.172908325064425
5,8,2010-11-19,VIPIND,-8.028935682566974,5.372533299916475
5,8,2011-05-05,VIPIND,-8.017690277480572,5.2128815794785375
5,8,2011-06-21,VIPIND,-8.746048472075874,4.796391452451194
5,8,2018-01-30,VIPIND,-8.065395095367855,5.194825573195487
5,8,2008-01-24,USHAMART,-20.91207888249795,4.510992288172817
5,8,2007-09-27,TFCILTD,-9.93377483443708,4.749496902888478
5,8,2007-10-09,TFCILTD,-16.31205673758864,4.1711422175211315
5,8,2007-10-22,TFCILTD,-15.972222222222232,5.318569923136214
5,8,2007-11-02,TFCILTD,-9.523809523809524,4.496063770387509
5,8,2017-05-18,YESBANK,-11.167818423888908,4.835256463733708
5,8,2012-04-19,ASTRAZEN,-9.807748043667285,5.653991211181163
5,8,2012-05-16,ASTRAZEN,-18.636940653760703,5.030404202919183
5,8,2012-07-27,ASTRAZEN,-12.145273576201522,4.820545072241044
5,8,2024-10-25,COLPAL,-9.238946392025793,4.52508296566574
5,8,2022-09-19,TIMKEN,-14.505281952090455,5.0
5,8,2022-11-07,TIMKEN,-9.9915015580477,4.598885077532896
5,8,2009-05-25,HEROMOTOCO,-11.763857853384273,5.583925932830501
5,8,2009-08-10,HEROMOTOCO,-13.045760209939306,5.260474384521996
5,8,2024-10-04,HEROMOTOCO,-8.915474380193055,5.121947072976084
5,8,2023-12-11,CYIENT,-8.48274444419067,5.007981282358764
5,8,2024-01-24,CYIENT,-10.06754229643808,5.096886351926531
5,8,2010-10-18,CASTROLIND,-9.25266903914591,4.962866989444005
5,8,2007-10-22,UNITDSPR,-8.41151132369653,5.035871068484264
5,8,2007-11-06,UNITDSPR,-12.803373343875036,5.241353484358126
5,8,2007-11-22,UNITDSPR,-10.578787039601211,4.828469741750012
5,8,2013-11-11,UNITDSPR,-10.403071017274467,4.997232260002876
5,8,2015-04-21,INDUSINDBK,-11.787312450644915,5.134034928937938
5,8,2015-06-08,INDUSINDBK,-8.06953961152953,4.947412756420407
5,8,2012-03-28,HAVELLS,-8.191210232863233,5.497033930436114
5,8,2012-06-04,HAVELLS,-10.439146800501886,5.217817867215213
5,8,2012-07-31,HAVELLS,-10.40066777963271,5.350976541472163
5,8,2012-10-30,HAVELLS,-12.21320973348783,4.772779590570157
5,8,2017-05-24,MOTILALOFS,-14.85834016580122,5.783655314457758
5,8,2018-01-18,MOTILALOFS,-10.666027791087684,5.040583982535832
5,8,2018-01-30,MOTILALOFS,-16.139897254448343,4.762090896593811
5,8,2024-07-02,MOTILALOFS,-10.46934260429836,4.630287478143394
5,8,2024-11-18,MOTILALOFS,-10.975793113817467,5.276701173083079
5,8,2010-08-30,SHOPERSTOP,-9.936508840361025,5.056418320058938
5,8,2009-07-10,LICHSGFIN,-10.348783845800835,6.133131770448201
5,8,2009-07-27,LICHSGFIN,-8.499573080804169,4.979327795896772
5,8,2009-08-12,LICHSGFIN,-8.995572127709151,4.721681072019926
5,8,2009-11-03,LICHSGFIN,-18.64128843338214,5.433939365221898
5,8,2010-01-27,LICHSGFIN,-10.328440808469697,4.568554948519107
5,8,2012-02-27,LICHSGFIN,-9.364548494983282,4.720006654078244
5,8,2018-02-02,APLAPOLLO,-16.00363808921228,5.660460967105263
5,8,2021-03-16,APLAPOLLO,-19.6291861688618,5.007129141977392
5,8,2021-04-07,APLAPOLLO,-10.763216412022093,4.986145571267966
5,8,2021-04-19,APLAPOLLO,-9.104506232023013,5.079666477908576
5,8,2021-05-14,APLAPOLLO,-8.494430195613067,4.8386989658517665
5,8,2021-07-14,APLAPOLLO,-9.558616811920162,4.947429876067478
5,8,2021-08-13,APLAPOLLO,-8.272693547926835,5.09584542305349
5,8,2021-09-30,APLAPOLLO,-10.062927496580032,5.154217255839212
5,8,2021-10-25,APLAPOLLO,-11.563953488372103,4.655879828624578
5,8,2014-08-12,SKFINDIA,-10.066098733858054,4.987072675218686
5,8,2014-09-24,SKFINDIA,-9.54672020911863,5.20390097877147
5,8,2014-12-11,SKFINDIA,-8.667933549929497,5.341769432628073
5,8,2026-05-14,GVT&D,-9.02646701061196,5.164372352623203
5,8,2026-07-03,GVT&D,-12.720602815784254,5.062557086487564
5,8,2026-07-29,GVT&D,-8.477072408791686,4.946706267854188
5,8,2024-02-13,NBCC,-20.99084757356381,4.719321105213653
5,8,2024-03-13,NBCC,-16.591289592760184,4.904485036960616
5,8,2024-04-18,NBCC,-9.243122270742344,5.1149710100652594
5,8,2009-06-17,BHEL,-10.995587855276534,5.067292161619617
5,8,2009-07-10,BHEL,-9.164102405774132,4.802552741430658
5,8,2009-08-10,BHEL,-8.443943020962841,4.8567691935104405
5,8,2024-06-04,BHEL,-15.420240137221263,4.868687621998605
5,8,2024-07-19,BHEL,-11.60204388337841,5.021402980873172
5,8,2024-08-05,BHEL,-9.71985760718156,4.8809284686879355
5,8,2024-09-06,BHEL,-9.206676991911888,4.511454968729566
5,8,2009-06-23,RALLIS,-13.890874434119604,4.927606961424502
5,8,2009-08-11,RALLIS,-9.56692913385827,5.264002256839118
5,8,2009-11-03,RALLIS,-12.9247572815534,5.22788271487172
5,8,2020-09-01,RALLIS,-8.530587150322777,5.163299192525113
5,8,2020-09-22,RALLIS,-10.197578075207137,4.775214448114072
5,8,2013-02-11,AARTIIND,-11.580381471389645,5.001209124671849
5,8,2014-10-16,AARTIIND,-9.25081433224756,4.884906960532744
5,8,2014-12-31,AARTIIND,-11.628659226912497,4.771264081037459
5,8,2015-03-25,AARTIIND,-10.15108003496068,5.81448115611954
5,8,2023-07-25,CIEINDIA,-9.851984538512305,4.8590451404458594
5,8,2015-04-21,JKIL,-8.951000690131128,5.050075595527328
5,8,2015-04-30,JKIL,-10.0723763570567,4.8907409511528295
5,8,2015-06-09,JKIL,-10.443995963673059,5.1126558203487695
5,8,2016-11-16,BAJAJ-AUTO,-9.052359511343811,5.061505310983412
5,8,2024-10-07,BAJAJ-AUTO,-8.284516516137186,5.66826124865814
5,8,2024-10-18,BAJAJ-AUTO,-15.264861770067228,4.8854998750070795
5,8,2007-11-26,THERMAX,-10.157704523053335,4.868220239513182
5,8,2010-02-24,THERMAX,-9.326383319967924,4.816110885155076
5,8,2013-01-14,ULTRACEMCO,-9.716823986674072,5.004535089712979
5,8,2014-03-10,ECLERX,-13.240628778718266,5.42581770025999
5,8,2014-05-27,ECLERX,-10.756972111553775,4.498653776805002
5,8,2021-08-09,ECLERX,-9.379059495972975,5.113959000109134
5,8,2021-10-25,ECLERX,-13.822210498549204,4.74537775265137
5,8,2021-12-02,ECLERX,-8.695652173913048,4.836839967564961
5,8,2022-01-24,ECLERX,-16.936899721160803,4.99999722449359
5,8,2025-06-30,GRSE,-13.671371718155012,5.367729352034837
5,8,2020-08-10,DEEPAKNTR,-8.981989642111776,5.7810429815593025
5,8,2020-08-31,DEEPAKNTR,-9.33271424781108,6.306122612037808
5,8,2020-10-12,DEEPAKNTR,-9.155016701719653,5.002898852911821
5,8,2021-05-14,DEEPAKNTR,-8.624153976311344,5.230625099489486
5,8,2021-10-25,DEEPAKNTR,-18.030242251949,5.223594178747313
5,8,2021-11-22,DEEPAKNTR,-9.693108208558975,4.84708631408886
5,8,2022-01-27,DEEPAKNTR,-17.168727485152367,4.814579372483691
5,8,2022-02-14,DEEPAKNTR,-12.17357992636261,4.923015940771059
5,8,2024-11-12,COHANCE,-9.717433668115728,5.0491927441266515
5,8,2012-05-08,VSTIND,-10.538657331256962,6.026088563317114
5,8,2024-03-11,CHALET,-9.180868609125891,5.002989272591213
5,8,2024-05-15,CHALET,-10.311474466002657,5.063288599006909
5,8,2009-05-11,ORIENTPPR,-9.941520467836263,5.599799496935369
5,8,2009-06-23,ORIENTPPR,-11.471103327495625,5.490922899726082
5,8,2009-07-06,ORIENTPPR,-12.916246215943495,4.835558710855716
5,8,2011-05-05,BLUEDART,-8.965632858340323,5.129210621317702
5,8,2012-04-28,BLUEDART,-8.06839742699802,5.117950941212461
5,8,2012-09-05,BLUEDART,-14.544672017013093,4.722525153550659
5,8,2014-01-31,BLUEDART,-15.523180159722404,5.724706117393188
5,8,2010-05-07,TMPV,-12.588736393752963,5.548500211188671
5,8,2010-05-20,TMPV,-14.314115308151088,5.1143765982925835
5,8,2024-03-15,TMPV,-8.988317571326387,5.300427949113246
5,8,2024-05-17,TMPV,-9.643308080808088,5.117030230025901
5,8,2025-08-12,AMBER,-13.28644744345181,4.948682223083745
5,8,2020-07-31,GRANULES,-9.920896506262345,6.8935290204252615
5,8,2020-12-08,GRANULES,-9.731308411214945,5.139258603204888
5,8,2020-12-21,GRANULES,-9.730440499671268,4.722637581550498
5,8,2021-02-02,GRANULES,-8.30226555778606,4.831119897224085
5,8,2021-02-22,GRANULES,-8.75124307430033,5.004234925543399
5,8,2021-03-18,GRANULES,-12.715855572998436,4.912551185077707
5,8,2024-09-17,GRANULES,-21.601959230713817,5.159777199676334
5,8,2010-05-07,JINDALSAW,-11.172161172161177,4.932846628382156
5,8,2017-02-15,EDELWEISS,-8.059467918622843,4.955658962171133
5,8,2017-05-02,EDELWEISS,-8.014861995753709,4.942291947773674
5,8,2017-05-23,EDELWEISS,-8.858858858858865,5.11581516863794
5,8,2017-06-27,EDELWEISS,-8.849557522123897,5.544193854360654
5,8,2017-09-25,EDELWEISS,-9.100135317997305,5.387177658459672
5,8,2017-10-25,EDELWEISS,-10.543233686917397,5.162199141423347
5,8,2018-02-05,EDELWEISS,-14.201570680628283,5.105579956763976
5,8,2026-05-18,SCHNEIDER,-8.793378388640004,4.98080260180454
5,8,2026-06-04,SCHNEIDER,-19.43960511033681,4.9247368743630044
5,8,2025-06-23,KIMS,-8.203958501949815,5.197658484362632
5,8,2012-12-11,STAR,-11.122929380993895,6.2989840700094755
5,8,2013-02-07,STAR,-15.617326580724367,5.256699556197366
5,8,2024-02-12,NLCINDIA,-22.23030744042206,4.996708923896385
5,8,2024-02-29,NLCINDIA,-10.46488227007446,4.470457844782709
5,8,2025-07-24,COFORGE,-10.148501581515035,4.8306571315776825
5,8,2025-07-11,MCX,-9.415273791434531,5.464713833183286
5,8,2025-08-28,MCX,-10.001215953307396,4.9196845949906765
5,8,2026-06-03,MCX,-14.32286154869532,5.405795201067172
5,8,2022-12-23,MAZDOCK,-15.863767419509845,4.657123885224496
5,8,2023-10-25,MAZDOCK,-13.868511468102895,4.868462302655181
5,8,2022-09-21,GNFC,-12.198727424641698,5.007403829544573
5,8,2024-11-14,PPLPHARMA,-11.56544054747648,5.240833599282197
5,8,2023-08-07,CUMMINSIND,-10.99509691842594,4.714880781165565
5,8,2007-10-19,LT,-10.213930266746296,5.132926863990406
5,8,2007-11-22,LT,-12.183642660509719,5.00360131851893
5,8,2008-01-24,LT,-13.542906837167145,5.030924885024734
5,8,2024-02-05,LT,-9.87729234088457,5.145102710820841
5,8,2018-02-02,RKFORGE,-9.108561341571042,4.982168179785294
5,8,2010-07-30,STLTECH,-10.084860410773588,4.6896330682112515
5,10,2009-07-07,ENGINERSIN,-14.389882647829555,5.973381396977003
5,10,2010-04-01,ENGINERSIN,-12.208462576658064,5.78530131265957
5,10,2010-05-21,ENGINERSIN,-18.23697359029266,4.517162602668081
5,10,2024-10-23,POWERINDIA,-14.486324382170679,5.659341495552017
5,10,2024-11-18,POWERINDIA,-18.855573797932244,5.010827104342187
5,10,2021-12-03,TRIDENT,-22.41529105125978,7.252459275165443
5,10,2022-01-24,TRIDENT,-10.073529411764703,6.100730708249069
5,10,2022-02-14,TRIDENT,-12.337662337662337,5.004563807322872
5,10,2009-04-28,NOIDATOLL,-10.828025477707005,5.450631928884069
5,10,2015-04-27,BOSCHLTD,-15.179808884674294,5.11407678722886
5,10,2017-05-05,TATACOMM,-11.194113056082056,4.957155140379714
5,10,2021-02-22,BAJAJELEC,-13.459610615733652,5.093337804627831
5,10,2021-03-19,BAJAJELEC,-10.178159023424605,5.015698691010341
5,10,2009-04-27,DONEAR,-10.352422907488979,5.331209348194057
5,10,2021-12-01,CENTURYPLY,-10.770174900276153,4.877132287288683
5,10,2021-12-20,CENTURYPLY,-11.686224079729957,4.719565800517545
5,10,2009-04-28,FSL,-14.127423822714679,4.759244507142137
5,10,2014-05-07,FSL,-14.243323442136512,5.904812020350088
5,10,2014-07-14,FSL,-12.054120541205403,5.002882388580178
5,10,2021-07-30,FSL,-11.79533620104143,5.578459898978304
5,10,2021-08-11,FSL,-10.454432580084427,5.013108086263202
5,10,2021-08-26,FSL,-11.015278462296695,5.080100082640538
5,10,2020-02-17,MASFIN,-12.971910116845752,5.0058303622957965
5,10,2021-10-21,POLYCAB,-12.320385283435964,5.001491710020127
5,10,2021-12-20,POLYCAB,-10.350449848740828,5.186047493750554
5,10,2024-01-11,POLYCAB,-28.104956808660518,4.770541609640416
5,10,2010-03-02,DHAMPURSUG,-19.69169567379413,4.593185544766295
5,10,2008-01-24,INDIAGLYCO,-26.722338204592898,5.183632875156892
5,10,2024-11-14,TORNTPOWER,-11.22120668545884,4.848356624458861
5,10,2015-04-24,HONAUT,-12.110472859984379,5.11575813793459
5,10,2023-10-23,MAHABANK,-15.45157780195865,5.001109034013639
5,10,2013-01-24,DCW,-10.199004975124382,4.663215307612822
5,10,2010-01-27,EICHERMOT,-10.04587881664294,4.881862560730759
5,10,2014-05-30,EICHERMOT,-10.310566516858465,5.2060742136563976
5,10,2015-04-21,EICHERMOT,-10.95409658571188,5.067912835164568
5,10,2025-06-23,ERIS,-12.144828705958766,5.65635239030244
5,10,2020-07-17,DMART,-14.33461058251172,4.950244115814853
5,10,2026-07-28,HFCL,-13.570674863513332,4.839896355584362
5,10,2026-09-03,HFCL,-10.34005857468273,5.5700900932693544
5,10,2017-06-27,RECLTD,-10.686015831134565,4.9995492951664
5,10,2024-03-19,RECLTD,-11.261633919338154,5.4124398779683
5,10,2024-06-04,RECLTD,-22.061358152361265,5.420318142713574
5,10,2024-08-06,RECLTD,-11.95110557458735,5.212126467030251
5,10,2021-03-23,VAIBHAVGBL,-11.36055076275082,5.862168918112357
5,10,2021-04-22,VAIBHAVGBL,-13.614483163101577,5.62398929533936
5,10,2021-05-17,VAIBHAVGBL,-13.078157921139766,5.625573988288397
5,10,2021-03-18,HINDCOPPER,-11.181044057756395,4.769819484062841
5,10,2021-06-18,HINDCOPPER,-14.880425155004417,5.1404495943783965
5,10,2024-07-24,APARINDS,-10.427212210493664,5.083105559361941
5,10,2024-08-06,APARINDS,-10.816744329002903,5.106065903540964
5,10,2026-07-01,APARINDS,-12.345382490692923,5.8872153869951
5,10,2026-05-29,GESHIP,-17.48662479646429,5.4130567319985365
5,10,2011-05-05,UCOBANK,-16.289198606271782,4.915915779688362
5,10,2014-07-11,TVSMOTOR,-12.982456140350873,5.853763421384784
5,10,2014-07-25,TVSMOTOR,-16.291313249488148,5.0985435530450385
5,10,2015-02-24,TVSMOTOR,-10.877831046453956,4.872412618141291
5,10,2024-03-18,TVSMOTOR,-10.443714594308629,5.128057931237411
5,10,2010-01-27,SEAMECLTD,-12.505371723248814,4.644703778706361
5,10,2013-02-13,ATUL,-10.32608695652174,5.020410134498191
5,10,2014-10-22,ATUL,-11.65646293798208,5.224787069366877
5,10,2023-09-25,KALYANKJIL,-10.69319921277062,4.416569507006148
5,10,2011-05-05,BAJFINANCE,-12.676056338028163,4.8496471603780975
5,10,2014-12-10,AIAENG,-12.001176174073757,5.967588525925451
5,10,2020-02-14,WHIRLPOOL,-12.002609262883235,5.020400247935169
5,10,2007-11-23,STCINDIA,-22.61532164869029,7.384444054018635
5,10,2007-12-10,STCINDIA,-10.18105115134469,5.070290841345767
5,10,2007-12-18,STCINDIA,-15.619887205743655,4.975035124757936
5,10,2008-01-24,STCINDIA,-22.618000829531315,4.614070058910049
5,10,2024-06-04,HAL,-13.673987748393834,6.347893860600543
5,10,2024-07-19,HAL,-13.471591318768484,4.890209404218209
5,10,2026-05-12,KIRLOSENG,-10.131828910252716,4.9747870208161435
5,10,2026-07-03,KIRLOSENG,-10.204081632653061,6.381458587099728
5,10,2010-09-22,KARURVYSYA,-13.605442176870753,4.992812305974096
5,10,2014-01-10,FINPIPE,-10.005885815185401,5.436754272364021
5,10,2022-09-22,SCHAEFFLER,-10.350125333548965,5.146563252244601
5,10,2022-10-20,SCHAEFFLER,-10.731330394073002,5.125708700308245
5,10,2007-10-22,JSWSTEEL,-11.632384233458303,5.446005356305822
5,10,2008-01-10,JSWSTEEL,-10.258893648724154,4.95839979159563
5,10,2008-01-22,JSWSTEEL,-26.825744127482142,4.974646666547508
5,10,2007-10-19,ADANIENT,-13.289259086672878,5.038050551425154
5,10,2008-01-24,ADANIENT,-18.487138386382707,4.642885048534744
5,10,2021-10-28,ADANIENT,-12.319740296692938,5.207340943638311
5,10,2022-10-03,ADANIENT,-11.95966371085807,5.501240404176279
5,10,2021-06-21,AFFLE,-11.648655924316408,4.853227431049712
5,10,2022-01-24,GRASIM,-11.883045812268723,4.998906008467518
5,10,2013-12-27,MOTHERSON,-36.17693522906793,5.0776021118906
5,10,2024-08-05,MOTHERSON,-10.323421213979145,4.820194775455357
5,10,2020-02-28,ADANIGREEN,-20.477290223248655,4.644602706108756
5,10,2020-07-14,ADANIGREEN,-15.867069486404828,5.230971029452826
5,10,2020-09-23,ADANIGREEN,-12.922803641477309,5.681696378243767
5,10,2020-10-12,ADANIGREEN,-10.394289145373282,5.002898852911821
5,10,2021-01-13,ADANIGREEN,-16.717091894332814,5.048586208536008
5,10,2021-03-31,ADANIGREEN,-15.894644692269644,5.464128751602433
5,10,2021-06-18,ADANIGREEN,-12.330623306233068,4.718109038033629
5,10,2021-07-05,ADANIGREEN,-13.867928740456303,4.476608127425706
5,10,2022-09-29,ADANIGREEN,-15.211964799458455,5.037285219449303
5,10,2009-08-11,SHREECEM,-11.514642898483629,6.3043538231642895
5,10,2009-10-27,SHREECEM,-10.56936545466165,4.664086487891301
5,10,2012-04-11,SHREECEM,-11.750933463916269,5.452412836342031
5,10,2023-07-28,RVNL,-11.4892060007318,5.298272264871358
5,10,2023-09-18,RVNL,-12.744063324538256,5.731142078242464
5,10,2023-10-25,RVNL,-11.270912826533596,4.951097451833229
5,10,2024-10-07,RVNL,-14.182578132421398,4.538807357171272
5,10,2023-08-14,FACT,-11.22892588272717,5.005549186687118
5,10,2023-10-25,FACT,-10.43739565943238,6.846358829550242
5,10,2007-11-22,RELINFRA,-13.473780750971088,4.852587860064071
5,10,2008-01-22,RELINFRA,-30.282911151520274,4.881130791503632
5,10,2007-11-22,VEDL,-12.047244094488185,4.912544753447548
5,10,2008-01-21,VEDL,-31.031543052003407,4.822975997000708
5,10,2010-01-27,VEDL,-13.219178082191775,4.9717240873171
5,10,2010-05-04,VEDL,-10.971685971685973,4.530745098948539
5,10,2010-05-24,VEDL,-13.698140200286124,4.766024094789647
5,10,2017-04-18,VEDL,-16.466909848879617,5.002245273603071
5,10,2026-06-05,VEDL,-10.49347702779353,5.644993497414276
5,10,2026-06-25,VEDL,-10.637254901960791,4.8255800742365365
5,10,2022-01-24,LTTS,-18.251526864748023,4.771229448301147
5,10,2023-05-23,SIEMENS,-11.915359176467655,5.0082854058011685
5,10,2017-09-28,BOMDYEING,-21.136683889149833,7.209541389598277
5,10,2017-10-17,BOMDYEING,-16.370182126217703,5.156713640468372
5,10,2017-11-16,BOMDYEING,-10.822615869934483,5.016243444571048
5,10,2018-01-18,BOMDYEING,-12.045014946368926,4.82807803226115
5,10,2018-02-02,BOMDYEING,-17.95036371416345,4.038153921403187
5,10,2018-02-02,BBTC,-14.820091445232253,4.528772133945334
5,10,2024-03-13,ETERNAL,-10.370817003316246,4.971346134924173
5,10,2013-11-12,RCOM,-11.111111111111116,4.839208143041538
5,10,2014-01-30,RCOM,-13.144137415982083,5.105075183988355
5,10,2014-05-05,RCOM,-11.178476695718064,4.843247547604519
5,10,2022-02-14,TATAPOWER,-12.430500397140587,5.004563807322873
5,10,2024-10-22,PCBL,-12.917993630573243,4.768801666461197
5,10,2009-08-11,GODREJCP,-10.3307621476039,6.16291661577082
5,10,2009-12-18,GODREJCP,-10.698406608892086,5.106987009615698
5,10,2007-10-09,APTECHT,-10.270874822276044,4.901950029853952
5,10,2007-10-19,APTECHT,-13.220481993311806,4.650335946937724
5,10,2009-07-10,UNIONBANK,-12.331563903634146,5.880132549327465
5,10,2009-07-29,UNIONBANK,-13.58271654330866,5.223850594029086
5,10,2023-10-25,UNIONBANK,-10.72175732217573,5.000448313394637
5,10,2007-10-22,BHARTIARTL,-17.358705115221294,5.067200313330484
5,10,2012-06-04,JUBLFOOD,-13.03377586141684,5.8575268931055495
5,10,2023-09-26,GLENMARK,-10.486759438670656,5.443011306334045
5,10,2024-11-13,GLENMARK,-12.976624551287486,5.080473613893287
5,10,2015-04-20,BEL,-14.140401536407976,5.012958149068915
5,10,2022-11-01,FINEORG,-17.397952837712282,4.950889597911017
5,10,2025-08-08,NH,-10.70675918786944,4.935170145030779
5,10,2011-06-23,ARVIND,-13.06532663316583,4.844515875970363
5,10,2012-02-24,ARVIND,-21.62921348314607,5.163365730220557
5,10,2012-03-28,ARVIND,-10.576923076923084,4.820751579193595
5,10,2014-07-11,ARVIND,-17.0816444701795,5.338418916726878
5,10,2014-07-28,ARVIND,-10.169491525423723,4.8075922393117105
5,10,2014-09-25,ARVIND,-11.009573542210626,5.057746943631896
5,10,2010-02-06,RENUKA,-12.407425218813128,4.551348958925798
5,10,2010-11-18,UFLEX,-19.76284584980238,4.8734409396241585
5,10,2009-06-11,MUNJALSHOW,-11.969532100108815,5.580752594521667
5,10,2009-08-10,MUNJALSHOW,-14.68590831918506,5.774308128554777
5,10,2009-11-03,MUNJALSHOW,-26.959247648902817,5.428197359444583
5,10,2023-08-17,APOLLOTYRE,-10.682932390833432,4.987618696402441
5,10,2026-05-15,NETWEB,-13.154086201438197,5.4921553985197225
5,10,2026-06-11,NETWEB,-15.054112115439189,5.997088958088363
5,10,2026-07-02,NETWEB,-12.593614505321248,5.604619385104191
5,10,2023-10-25,IRFC,-11.181301326595083,5.213568388851506
5,10,2024-02-12,IRFC,-17.190906259732188,5.014335998913914
5,10,2024-03-13,IRFC,-14.33988279903482,4.900590429918241
5,10,2024-07-26,IRFC,-10.85192204888954,5.300895797392117
5,10,2020-02-05,MANAPPURAM,-11.626080125687343,5.118143422228069
5,10,2014-01-28,BIOCON,-12.094492497683717,4.947554668588696
5,10,2017-05-03,BIOCON,-11.398954394400784,5.087411672949667
5,10,2012-05-09,KAJARIACER,-11.919999999999998,5.378841395308343
5,10,2014-06-19,KAJARIACER,-11.041093458773421,4.856241156758026
5,10,2021-08-24,JSWENERGY,-12.697128993125762,4.986390006526702
5,10,2021-11-18,JSWENERGY,-11.467546095038228,5.1312635312168595
5,10,2022-12-23,COCHINSHIP,-19.020853698273044,4.736564371529886
5,10,2024-07-19,COCHINSHIP,-11.188713507473114,5.060363227025799
5,10,2024-08-06,COCHINSHIP,-14.47960421917297,4.709486583365129
5,10,2024-08-20,COCHINSHIP,-10.788087302440596,4.584955813437483
5,10,2024-09-02,COCHINSHIP,-10.00413193009747,4.013590265795089
5,10,2017-05-11,RAIN,-11.463109629012092,5.329900161423692
5,10,2017-05-24,RAIN,-13.721890775585132,4.927923232790648
5,10,2017-08-10,RAIN,-12.79876638396299,4.856133308963419
5,10,2017-11-21,RAIN,-20.99246557547414,5.847028245024735
5,10,2018-02-02,RAIN,-20.47846889952154,4.6277365238511985
5,10,2011-05-05,M&MFIN,-10.488245931283913,4.791379979288106
5,10,2011-05-16,M&MFIN,-10.006215040397759,5.007363653930649
5,10,2013-01-24,M&MFIN,-11.453058044409815,4.7547162411373165
5,10,2014-01-10,M&MFIN,-13.406292749658,5.037456794201975
5,10,2014-01-23,M&MFIN,-13.83687718184704,4.348290264427449
5,10,2010-10-29,VENKEYS,-11.506675143038791,5.123760281354479
5,10,2010-11-19,VENKEYS,-14.200561009817669,4.991142115015952
5,10,2010-11-19,TITAN,-10.958107059736244,5.348702864339381
5,10,2008-01-22,RELIANCE,-25.52850398777181,5.59273846447552
5,10,2019-05-10,RELIANCE,-11.193532392220229,5.277079125098692
5,10,2007-10-08,PRAJIND,-13.287007791113915,5.134163185931497
5,10,2007-10-22,PRAJIND,-10.956360259981423,4.6394429869605505
5,10,2019-05-09,PRAJIND,-11.598405219282338,4.839413467074688
5,10,2011-05-03,ELGIEQUIP,-13.610683102208531,5.164053016435104
5,10,2022-09-19,ELGIEQUIP,-15.881669496827245,4.999999999999999
5,10,2007-10-19,SOUTHBANK,-10.932475884244363,4.6923344137802285
5,10,2008-01-22,SOUTHBANK,-23.56881851400732,4.68646822834393
5,10,2010-05-04,SOUTHBANK,-16.666666666666675,5.110526929378952
5,10,2024-01-23,PRESTIGE,-14.08104634459817,4.955535661897604
5,10,2024-02-14,PRESTIGE,-10.249092910432555,5.078055921768184
5,10,2024-03-18,PRESTIGE,-14.792523206035701,4.952001462152943
5,10,2024-07-01,PRESTIGE,-10.52119797744069,5.348454581971378
5,10,2024-08-05,PRESTIGE,-13.701360833510524,5.245030192891174
5,10,2022-09-29,VBL,-11.734301580521144,5.507505354968066
5,10,2014-04-28,MRF,-13.026471467488554,5.254885771309466
5,10,2014-05-19,IPCALAB,-10.607627273280206,4.755872010512273
5,10,2020-11-11,IPCALAB,-13.697964016152554,5.557325471724319
5,10,2020-09-25,LAURUSLABS,-11.078004686976895,5.768544845477581
5,10,2020-11-05,LAURUSLABS,-14.51735111380511,5.661869015435354
5,10,2017-08-10,AVANTIFEED,-11.5494086181678,5.594738149447275
5,10,2017-11-16,AVANTIFEED,-15.120382107600172,5.035385380715126
5,10,2018-01-31,AVANTIFEED,-12.557398811854947,4.75181109390691
5,10,2019-05-13,BALRAMCHIN,-11.266688375122113,5.002303491484351
5,10,2017-05-18,CESC,-15.491094147582697,4.9682409195241455
5,10,2021-09-20,TATASTEEL,-14.739054290718045,4.9351039403837715
5,10,2021-11-30,TATASTEEL,-10.457572874318831,4.385449499704605
5,10,2017-06-12,ADANIENSOL,-15.393343419062022,5.006125011111533
5,10,2017-08-14,ADANIENSOL,-14.011741682974566,5.008623736659304
5,10,2017-09-21,ADANIENSOL,-10.240759579518476,5.6279005794388
5,10,2017-11-01,ADANIENSOL,-11.736785329018328,6.269425012712657
5,10,2017-12-01,ADANIENSOL,-13.460585027268213,4.989623783023151
5,10,2018-02-02,ADANIENSOL,-10.464310464310456,5.239136360290794
5,10,2021-04-13,ADANIENSOL,-19.033899068113268,5.004296942747309
5,10,2021-06-18,ADANIENSOL,-22.61637339323598,4.941342533798576
5,10,2021-09-22,ADANIENSOL,-19.713999125536898,5.374756882028155
5,10,2022-10-03,ADANIENSOL,-15.872609749528676,4.924841881246803
5,10,2022-11-23,ADANIENSOL,-12.665270623481039,4.992385738226687
5,10,2026-09-03,ADANIENSOL,-14.304267161410012,4.781954104523199
5,10,2014-10-22,SUNDRMFAST,-10.926365795724468,5.098018184615
5,10,2015-02-10,SUNDRMFAST,-13.918128654970763,5.138669295970867
5,10,2015-04-21,SUNDRMFAST,-11.747063234191446,5.192815362532917
5,10,2015-06-04,SUNDRMFAST,-12.774122807017552,5.031712044620037
5,10,2007-11-21,WELCORP,-11.439200186003262,6.468578852037131
5,10,2008-01-22,WELCORP,-15.40714704159345,5.875049425815587
5,10,2012-12-17,KTKBANK,-15.97239969332993,5.008114701902002
5,10,2013-01-24,KTKBANK,-10.545870248642464,4.94683714236089
5,10,2013-02-08,KTKBANK,-10.80000000000001,4.712981821961592
5,10,2021-12-20,IEX,-16.26601158097912,5.3953022811311655
5,10,2022-01-27,IEX,-11.401653528167666,4.852353223124543
5,10,2014-11-20,BALKRISIND,-26.558347426914708,4.945157207310551
5,10,2010-01-28,MCLEODRUSS,-19.505250044491895,4.855575854068631
5,10,2010-04-28,MCLEODRUSS,-12.82102728731942,4.760073603587318
5,10,2009-11-03,AUROPHARMA,-11.283656117146911,5.254018249452437
5,10,2014-07-10,AUROPHARMA,-13.581934140309759,5.38165022129589
5,10,2015-02-09,AUROPHARMA,-17.137997864177514,5.220166030690215
5,10,2024-02-07,AUROPHARMA,-13.573539638386656,5.077014227999652
5,10,2009-07-08,BANKBARODA,-18.188010899182572,5.737069148743962
5,10,2011-05-04,BANKBARODA,-15.56291390728476,4.987114010483483
5,10,2024-09-10,OIL,-16.571898335274383,5.917428266945894
5,10,2024-10-28,OIL,-10.162294772598601,4.801019951076034
5,10,2020-08-31,PERSISTENT,-12.099252396459214,5.458629742919084
5,10,2020-10-21,PERSISTENT,-11.79607041121905,5.192955937535402
5,10,2022-02-17,PERSISTENT,-11.327894856106957,5.257664424381254
5,10,2023-10-25,ZENSARTECH,-13.605380350813412,4.910172184238081
5,10,2015-04-27,GFLLIMITED,-10.720887245841038,5.0778391035439965
5,10,2021-02-01,DRREDDY,-12.085806746212945,4.82034408760568
5,10,2010-10-21,JINDALPOLY,-18.09176225234619,6.718681319869677
5,10,2010-11-16,JINDALPOLY,-20.249415432579887,4.9777272198725475
5,10,2011-05-09,JINDALPOLY,-10.456049149338376,5.052756277442154
5,10,2011-06-23,JINDALPOLY,-16.532137518684607,4.840892673100331
5,10,2015-04-17,LUPIN,-12.189011534168426,4.730345937967847
5,10,2022-01-27,UNOMINDA,-14.002676220486032,4.698394234621126
5,10,2022-02-14,UNOMINDA,-13.484358144552333,5.0032382732147145
5,10,2024-03-15,NTPC,-10.1930721181147,5.1946532800178264
5,10,2009-06-23,COROMANDEL,-14.364904902991494,5.330031899382754
5,10,2009-07-13,COROMANDEL,-14.151447185731069,5.006156316268062
5,10,2010-11-25,COROMANDEL,-11.282608695652174,5.00406089361172
5,10,2009-04-22,EMBDL,-11.98388721047331,5.84232478797118
5,10,2009-06-08,EMBDL,-15.64708257621643,6.675046370611254
5,10,2021-10-25,FLUOROCHEM,-16.790000474360788,4.737706513511399
5,10,2021-12-17,FLUOROCHEM,-15.763714772841231,4.867828690821901
5,10,2022-01-27,FLUOROCHEM,-10.779667149059325,4.906125096506807
5,10,2022-02-14,FLUOROCHEM,-11.015097820282538,5.004563807322873
5,10,2022-11-15,FLUOROCHEM,-11.517814201967946,4.999673528764401
5,10,2022-12-23,FLUOROCHEM,-10.729253981559095,4.867899496144639
5,10,2014-07-14,KEC,-11.246418338108876,5.00282012806687
5,10,2014-08-04,KEC,-17.436489607390303,4.691431926141931
5,10,2021-06-21,TIINDIA,-12.249962400360948,5.335311305493362
5,10,2022-11-14,TIINDIA,-13.044834578256893,5.090668984361751
5,10,2020-09-21,EPL,-19.21215156067435,5.240525664036584
5,10,2026-06-10,NATIONALUM,-13.90478370336462,5.1540418706302225
5,10,2026-06-30,NATIONALUM,-10.146844820743473,4.652651223624687
5,10,2009-07-13,JAYSREETEA,-10.836584308625918,5.00608494084525
5,10,2010-01-28,JAYSREETEA,-15.583306649589069,5.029448705934752
5,10,2021-12-21,BSE,-18.83346425765907,5.859205105925296
5,10,2024-03-13,BSE,-12.041713123893238,4.884107785856199
5,10,2024-04-30,BSE,-12.802362647665477,5.770516240803381
5,10,2025-06-17,BSE,-11.346243428495374,4.997153730448586
5,10,2025-07-10,BSE,-12.545654409418095,4.598011836850194
5,10,2025-08-28,BSE,-13.65834324217201,4.9526998582552695
5,10,2021-07-27,CDSL,-11.896321831604284,7.109729520065939
5,10,2021-12-21,CDSL,-11.922476899075951,5.270240109072558
5,10,2008-01-22,SHRIRAMFIN,-15.789473684210531,5.51469486634002
5,10,2021-04-12,ATGL,-14.926975945017185,5.006653512329486
5,10,2021-06-29,ATGL,-22.625054057950123,4.307115093568596
5,10,2021-07-20,ATGL,-11.692107827216624,5.050251082842423
5,10,2021-12-22,ATGL,-10.623313198817641,5.932441953760243
5,10,2021-01-22,APLLTD,-13.623414813453405,5.070692928516482
5,10,2014-07-08,SRF,-12.706620327201822,5.29645113025658
5,10,2015-04-27,SRF,-13.169319826338644,5.7702433225872145
5,10,2015-05-07,SRF,-11.23590089655837,5.532123081323735
5,10,2021-10-20,SRF,-11.329910852262003,5.205250108603816
5,10,2018-02-05,VAKRANGEE,-51.735402204981625,6.040267904324429
5,10,2009-05-27,PFC,-10.314318975552972,5.421259597896711
5,10,2024-03-19,PFC,-15.499359049061878,5.342976962314619
5,10,2024-05-10,PFC,-13.071079196586533,5.618245620858672
5,10,2024-06-04,PFC,-17.480421541138934,5.7008843011268215
5,10,2014-12-17,BHARATFORG,-10.380927701477061,5.014072323537466
5,10,2015-04-22,BHARATFORG,-11.466565349544078,4.991123193756396
5,10,2009-04-22,IIFL,-15.268557634278812,5.949494186465396
5,10,2009-06-17,IIFL,-20.780117362789085,4.911276951022763
5,10,2020-02-28,RELAXO,-13.494379929205735,5.444818526520771
5,10,2014-01-24,SUPREMEIND,-11.762837480148225,5.6263216232818
5,10,2023-09-15,SUPREMEIND,-10.985924621649945,5.118226867266424
5,10,2023-10-26,SUPREMEIND,-11.25485947358359,5.583198631301781
5,10,2009-05-14,NIITLTD,-11.06557377049181,6.3266462788130475
5,10,2019-05-03,ADANIPOWER,-17.061611374407594,5.152780041482587
5,10,2023-09-12,NCC,-11.261393707733024,5.075132851027658
5,10,2023-10-25,NCC,-13.067484662576689,4.981745352724758
5,10,2014-09-29,SIMPLEXINF,-15.9011964492474,4.480414105536578
5,10,2021-05-05,INDIAMART,-14.129766915695718,5.112290479888749
5,10,2007-11-12,RIIL,-15.416848711125219,5.0106654374792665
5,10,2007-11-23,RIIL,-11.18261320510101,4.009822322815955
5,10,2008-01-24,RIIL,-22.51556714910805,4.572127670786143
5,10,2022-09-28,BDL,-10.45002985722816,5.577695431020287
5,10,2022-12-22,BDL,-10.958029682429915,4.934747720877999
5,10,2007-10-24,GMDCLTD,-13.895811560414817,9.135839688427696
5,10,2007-11-27,GMDCLTD,-16.968599033816425,4.81297723393163
5,10,2008-01-24,GMDCLTD,-29.524661489041605,5.401396683253457
5,10,2026-05-12,GMDCLTD,-10.09995107290138,4.853019639097469
5,10,2026-06-11,GMDCLTD,-13.01617788283963,4.440805923662306
5,10,2009-08-10,MARUTI,-15.174264556016038,6.167748077408577
5,10,2009-10-08,MARUTI,-11.205477841777366,5.071017841741994
5,10,2017-05-24,VGUARD,-16.46977067407921,5.102692936711015
5,10,2020-07-27,TRENT,-10.339770227328282,4.713692889465258
5,10,2024-11-08,TRENT,-11.890474192194711,5.021589055771767
5,10,2010-05-21,ESCORTS,-10.036880927291891,5.23720230914117
5,10,2014-01-08,ESCORTS,-11.123267687819116,5.11180111352651
5,10,2014-05-08,ESCORTS,-16.330565440885724,4.998859153900469
5,10,2017-08-10,ESCORTS,-13.18275760259816,4.879020873980169
5,10,2012-06-05,BATAINDIA,-10.01270226984039,5.168195684074817
5,10,2021-01-14,SUZLON,-21.118012422360255,5.617072269137595
5,10,2021-01-25,SUZLON,-12.949640287769792,4.974768914389956
5,10,2021-02-18,SUZLON,-16.000000000000004,4.664975584067608
5,10,2024-03-06,SUZLON,-14.47513812154696,4.756388005831851
5,10,2024-10-07,SUZLON,-12.529288444937714,5.295110967504753
5,10,2020-02-28,DIXON,-12.04333440558798,4.7981140300346725
5,10,2020-09-22,DIXON,-14.518023218042709,5.246534951714005
5,10,2021-01-25,DIXON,-10.249286679681624,5.5718556361321925
5,10,2021-03-25,DIXON,-15.258354361719684,5.699401641908176
5,10,2021-10-25,DIXON,-16.029512727146322,5.5911484717017315
5,10,2024-07-23,DIXON,-13.695226978769048,5.023215248903421
5,10,2025-06-17,PAYTM,-10.00208051596796,4.939045176263737
5,10,2017-05-23,INDIANB,-11.291061879297171,5.038430777325726
5,10,2017-06-27,INDIANB,-11.867810845353311,4.831385972716711
5,10,2024-02-13,HUDCO,-10.662038184973966,4.986006257530639
5,10,2024-03-13,HUDCO,-17.986510117411935,5.1336805751361645
5,10,2024-06-05,HUDCO,-11.219047619047618,5.90510228519536
5,10,2024-09-05,HUDCO,-10.77813723820874,4.719933110708819
5,10,2007-10-22,JINDALSTEL,-15.326044513861781,5.082577658481107
5,10,2007-11-09,JINDALSTEL,-17.193970515156533,7.7355719410087245
5,10,2007-11-21,JINDALSTEL,-10.886021963962056,4.218149707052697
5,10,2007-12-19,JINDALSTEL,-16.4391123541751,5.326847538035576
5,10,2008-01-24,JINDALSTEL,-39.01914146562464,5.29750755172754
5,10,2009-11-03,JINDALSTEL,-11.123902719815792,5.62121141697094
5,10,2010-05-07,JINDALSTEL,-12.663931669917295,5.158148304094721
5,10,2021-05-20,JINDALSTEL,-12.166009636443276,4.76194848800234
5,10,2021-09-01,LINDEINDIA,-10.696042113472416,6.933362003043476
5,10,2021-12-20,LINDEINDIA,-11.825241975592027,5.101904855411216
5,10,2014-04-07,PAGEIND,-12.084813276729511,5.289074797046456
5,10,2024-03-11,JBMA,-15.998323319826746,5.002989272591213
5,10,2021-09-30,APOLLOHOSP,-11.852405491522743,4.89047629227248
5,10,2017-05-22,BAJAJFINSV,-12.892912468825191,5.083288334112403
5,10,2023-09-22,JSL,-11.973798285328963,5.292626783910446
5,10,2024-01-23,JSL,-12.347006285147199,4.957588013321485
5,10,2007-10-19,CRISIL,-14.14010487244447,4.51263150807145
5,10,2014-07-14,CANFINHOME,-10.826689047419213,5.002882388580178
5,10,2014-08-01,CANFINHOME,-14.999999999999991,4.742512845939053
5,10,2015-01-30,CANFINHOME,-11.12868439971243,5.709877476698532
5,10,2015-05-07,CANFINHOME,-10.070224719101128,5.941239646004312
5,10,2007-10-22,KOTAKBANK,-15.863453815261042,4.8456547930418585
5,10,2007-12-19,KOTAKBANK,-14.329268292682917,4.865153189338099
5,10,2008-01-11,KOTAKBANK,-10.449927431059514,4.6472636844737
5,10,2008-01-21,KOTAKBANK,-24.687499999999996,4.864951745568325
5,10,2020-07-09,GUJENERGY,-10.080350620891165,5.19160141132782
5,10,2009-06-22,ONGC,-12.492869366799775,5.028382945244818
5,10,2009-07-10,ONGC,-14.059853190287974,5.023298541539104
5,10,2014-07-14,SWARAJENG,-11.230706742485774,5.002800536631281
5,10,2017-08-10,CAPLIPOINT,-10.105220005465965,5.247986605226031
5,10,2007-11-22,ABAN,-12.323608727629331,4.744301714007671
5,10,2008-01-21,ABAN,-26.182899212896928,4.9888029143098445
5,10,2007-11-09,DIVISLAB,-11.078787878787876,5.358959118992729
5,10,2008-01-24,DIVISLAB,-23.468817108088768,5.111046113723911
5,10,2011-06-21,UBL,-12.874641647120145,5.2445091901502305
5,10,2014-09-25,FINCABLES,-12.37373737373738,5.0732999070720535
5,10,2015-05-12,FINCABLES,-10.362694300518138,4.914954469268197
5,10,2023-05-30,FINCABLES,-10.438283154731543,4.9700277207176935
5,10,2023-10-06,FINCABLES,-10.288151896616615,5.129138445387006
5,10,2023-10-18,FINCABLES,-11.742460507419816,4.788987815746166
5,10,2008-01-22,RAJESHEXPO,-33.122568093385205,5.168382459300381
5,10,2010-10-12,VIPIND,-15.12756249598356,5.172908325064425
5,10,2008-01-24,USHAMART,-20.91207888249795,4.510992288172817
5,10,2007-10-09,TFCILTD,-16.31205673758864,4.1711422175211315
5,10,2007-10-22,TFCILTD,-15.972222222222232,5.318569923136214
5,10,2017-05-18,YESBANK,-11.167818423888908,4.835256463733708
5,10,2012-05-02,ASTRAZEN,-11.329252295583725,4.9639754583728335
5,10,2012-05-16,ASTRAZEN,-18.636940653760703,5.030404202919183
5,10,2012-07-27,ASTRAZEN,-12.145273576201522,4.820545072241044
5,10,2022-09-19,TIMKEN,-14.505281952090455,5.0
5,10,2009-05-25,HEROMOTOCO,-11.763857853384273,5.583925932830501
5,10,2009-08-10,HEROMOTOCO,-13.045760209939306,5.260474384521996
5,10,2024-01-24,CYIENT,-10.06754229643808,5.096886351926531
5,10,2007-11-06,UNITDSPR,-12.803373343875036,5.241353484358126
5,10,2007-11-22,UNITDSPR,-10.578787039601211,4.828469741750012
5,10,2013-11-11,UNITDSPR,-10.403071017274467,4.997232260002876
5,10,2015-04-21,INDUSINDBK,-11.787312450644915,5.134034928937938
5,10,2012-06-04,HAVELLS,-10.439146800501886,5.217817867215213
5,10,2012-07-31,HAVELLS,-10.40066777963271,5.350976541472163
5,10,2012-10-30,HAVELLS,-12.21320973348783,4.772779590570157
5,10,2017-05-24,MOTILALOFS,-14.85834016580122,5.783655314457758
5,10,2018-01-18,MOTILALOFS,-10.666027791087684,5.040583982535832
5,10,2018-01-30,MOTILALOFS,-16.139897254448343,4.762090896593811
5,10,2024-07-02,MOTILALOFS,-10.46934260429836,4.630287478143394
5,10,2024-11-18,MOTILALOFS,-10.975793113817467,5.276701173083079
5,10,2009-07-10,LICHSGFIN,-10.348783845800835,6.133131770448201
5,10,2009-11-03,LICHSGFIN,-18.64128843338214,5.433939365221898
5,10,2010-01-27,LICHSGFIN,-10.328440808469697,4.568554948519107
5,10,2018-02-02,APLAPOLLO,-16.00363808921228,5.660460967105263
5,10,2021-03-16,APLAPOLLO,-19.6291861688618,5.007129141977392
5,10,2021-04-07,APLAPOLLO,-10.763216412022093,4.986145571267966
5,10,2021-09-30,APLAPOLLO,-10.062927496580032,5.154217255839212
5,10,2021-10-25,APLAPOLLO,-11.563953488372103,4.655879828624578
5,10,2014-08-12,SKFINDIA,-10.066098733858054,4.987072675218686
5,10,2026-07-03,GVT&D,-12.720602815784254,5.062557086487564
5,10,2024-02-13,NBCC,-20.99084757356381,4.719321105213653
5,10,2024-03-13,NBCC,-16.591289592760184,4.904485036960616
5,10,2009-06-17,BHEL,-10.995587855276534,5.067292161619617
5,10,2024-06-04,BHEL,-15.420240137221263,4.868687621998605
5,10,2024-07-19,BHEL,-11.60204388337841,5.021402980873172
5,10,2009-06-23,RALLIS,-13.890874434119604,4.927606961424502
5,10,2009-11-03,RALLIS,-12.9247572815534,5.22788271487172
5,10,2020-09-22,RALLIS,-10.197578075207137,4.775214448114072
5,10,2013-02-11,AARTIIND,-11.580381471389645,5.001209124671849
5,10,2014-12-31,AARTIIND,-11.628659226912497,4.771264081037459
5,10,2015-03-25,AARTIIND,-10.15108003496068,5.81448115611954
5,10,2015-04-30,JKIL,-10.0723763570567,4.8907409511528295
5,10,2015-06-09,JKIL,-10.443995963673059,5.1126558203487695
5,10,2024-10-18,BAJAJ-AUTO,-15.264861770067228,4.8854998750070795
5,10,2007-11-26,THERMAX,-10.157704523053335,4.868220239513182
5,10,2014-03-10,ECLERX,-13.240628778718266,5.42581770025999
5,10,2014-05-27,ECLERX,-10.756972111553775,4.498653776805002
5,10,2021-10-25,ECLERX,-13.822210498549204,4.74537775265137
5,10,2022-01-24,ECLERX,-16.936899721160803,4.99999722449359
5,10,2025-06-30,GRSE,-13.671371718155012,5.367729352034837
5,10,2021-10-25,DEEPAKNTR,-18.030242251949,5.223594178747313
5,10,2022-01-27,DEEPAKNTR,-17.168727485152367,4.814579372483691
5,10,2022-02-14,DEEPAKNTR,-12.17357992636261,4.923015940771059
5,10,2012-05-08,VSTIND,-10.538657331256962,6.026088563317114
5,10,2024-05-15,CHALET,-10.311474466002657,5.063288599006909
5,10,2009-06-23,ORIENTPPR,-11.471103327495625,5.490922899726082
5,10,2009-07-06,ORIENTPPR,-12.916246215943495,4.835558710855716
5,10,2012-09-05,BLUEDART,-14.544672017013093,4.722525153550659
5,10,2014-01-31,BLUEDART,-15.523180159722404,5.724706117393188
5,10,2010-05-07,TMPV,-12.588736393752963,5.548500211188671
5,10,2010-05-20,TMPV,-14.314115308151088,5.1143765982925835
5,10,2025-08-12,AMBER,-13.28644744345181,4.948682223083745
5,10,2021-03-18,GRANULES,-12.715855572998436,4.912551185077707
5,10,2024-09-17,GRANULES,-21.601959230713817,5.159777199676334
5,10,2010-05-07,JINDALSAW,-11.172161172161177,4.932846628382156
5,10,2017-10-25,EDELWEISS,-10.543233686917397,5.162199141423347
5,10,2018-02-05,EDELWEISS,-14.201570680628283,5.105579956763976
5,10,2026-06-04,SCHNEIDER,-19.43960511033681,4.9247368743630044
5,10,2012-12-11,STAR,-11.122929380993895,6.2989840700094755
5,10,2013-02-07,STAR,-15.617326580724367,5.256699556197366
5,10,2024-02-12,NLCINDIA,-22.23030744042206,4.996708923896385
5,10,2024-02-29,NLCINDIA,-10.46488227007446,4.470457844782709
5,10,2025-07-24,COFORGE,-10.148501581515035,4.8306571315776825
5,10,2025-08-28,MCX,-10.001215953307396,4.9196845949906765
5,10,2026-06-03,MCX,-14.32286154869532,5.405795201067172
5,10,2022-12-23,MAZDOCK,-15.863767419509845,4.657123885224496
5,10,2023-10-25,MAZDOCK,-13.868511468102895,4.868462302655181
5,10,2022-09-21,GNFC,-12.198727424641698,5.007403829544573
5,10,2022-09-29,GNFC,-10.14534465390704,4.471173338530746
5,10,2024-11-14,PPLPHARMA,-11.56544054747648,5.240833599282197
5,10,2023-08-07,CUMMINSIND,-10.99509691842594,4.714880781165565
5,10,2007-10-19,LT,-10.213930266746296,5.132926863990406
5,10,2007-11-22,LT,-12.183642660509719,5.00360131851893
5,10,2008-01-24,LT,-13.542906837167145,5.030924885024734
5,10,2010-07-30,STLTECH,-10.084860410773588,4.6896330682112515
5,12,2009-07-07,ENGINERSIN,-14.389882647829555,5.973381396977003
5,12,2010-04-01,ENGINERSIN,-12.208462576658064,5.78530131265957
5,12,2010-05-21,ENGINERSIN,-18.23697359029266,4.517162602668081
5,12,2024-10-23,POWERINDIA,-14.486324382170679,5.659341495552017
5,12,2024-11-18,POWERINDIA,-18.855573797932244,5.010827104342187
5,12,2021-12-03,TRIDENT,-22.41529105125978,7.252459275165443
5,12,2022-02-14,TRIDENT,-12.337662337662337,5.004563807322872
5,12,2015-04-27,BOSCHLTD,-15.179808884674294,5.11407678722886
5,12,2021-02-22,BAJAJELEC,-13.459610615733652,5.093337804627831
5,12,2009-04-28,FSL,-14.127423822714679,4.759244507142137
5,12,2014-05-07,FSL,-14.243323442136512,5.904812020350088
5,12,2014-07-14,FSL,-12.054120541205403,5.002882388580178
5,12,2020-02-17,MASFIN,-12.971910116845752,5.0058303622957965
5,12,2021-10-21,POLYCAB,-12.320385283435964,5.001491710020127
5,12,2024-01-11,POLYCAB,-28.104956808660518,4.770541609640416
5,12,2010-03-02,DHAMPURSUG,-19.69169567379413,4.593185544766295
5,12,2008-01-24,INDIAGLYCO,-26.722338204592898,5.183632875156892
5,12,2015-04-24,HONAUT,-12.110472859984379,5.11575813793459
5,12,2023-10-23,MAHABANK,-15.45157780195865,5.001109034013639
5,12,2025-06-23,ERIS,-12.144828705958766,5.65635239030244
5,12,2020-07-17,DMART,-14.33461058251172,4.950244115814853
5,12,2026-07-28,HFCL,-13.570674863513332,4.839896355584362
5,12,2024-06-04,RECLTD,-22.061358152361265,5.420318142713574
5,12,2021-04-22,VAIBHAVGBL,-13.614483163101577,5.62398929533936
5,12,2021-05-17,VAIBHAVGBL,-13.078157921139766,5.625573988288397
5,12,2021-06-18,HINDCOPPER,-14.880425155004417,5.1404495943783965
5,12,2026-07-01,APARINDS,-12.345382490692923,5.8872153869951
5,12,2026-05-29,GESHIP,-17.48662479646429,5.4130567319985365
5,12,2011-05-05,UCOBANK,-16.289198606271782,4.915915779688362
5,12,2014-07-11,TVSMOTOR,-12.982456140350873,5.853763421384784
5,12,2014-07-25,TVSMOTOR,-16.291313249488148,5.0985435530450385
5,12,2010-01-27,SEAMECLTD,-12.505371723248814,4.644703778706361
5,12,2011-05-05,BAJFINANCE,-12.676056338028163,4.8496471603780975
5,12,2014-12-10,AIAENG,-12.001176174073757,5.967588525925451
5,12,2020-02-14,WHIRLPOOL,-12.002609262883235,5.020400247935169
5,12,2007-11-23,STCINDIA,-22.61532164869029,7.384444054018635
5,12,2007-12-18,STCINDIA,-15.619887205743655,4.975035124757936
5,12,2008-01-14,STCINDIA,-13.724736692285799,5.005420262469153
5,12,2008-01-24,STCINDIA,-22.618000829531315,4.614070058910049
5,12,2024-06-04,HAL,-13.673987748393834,6.347893860600543
5,12,2024-07-19,HAL,-13.471591318768484,4.890209404218209
5,12,2010-09-22,KARURVYSYA,-13.605442176870753,4.992812305974096
5,12,2008-01-22,JSWSTEEL,-26.825744127482142,4.974646666547508
5,12,2007-10-19,ADANIENT,-13.289259086672878,5.038050551425154
5,12,2008-01-14,ADANIENT,-16.907719171086868,5.005420262469152
5,12,2008-01-24,ADANIENT,-18.487138386382707,4.642885048534744
5,12,2021-10-28,ADANIENT,-12.319740296692938,5.207340943638311
5,12,2013-12-27,MOTHERSON,-36.17693522906793,5.0776021118906
5,12,2020-02-28,ADANIGREEN,-20.477290223248655,4.644602706108756
5,12,2020-07-14,ADANIGREEN,-15.867069486404828,5.230971029452826
5,12,2020-09-23,ADANIGREEN,-12.922803641477309,5.681696378243767
5,12,2021-01-13,ADANIGREEN,-16.717091894332814,5.048586208536008
5,12,2021-03-31,ADANIGREEN,-15.894644692269644,5.464128751602433
5,12,2021-06-18,ADANIGREEN,-12.330623306233068,4.718109038033629
5,12,2021-07-05,ADANIGREEN,-13.867928740456303,4.476608127425706
5,12,2022-09-29,ADANIGREEN,-15.211964799458455,5.037285219449303
5,12,2023-09-18,RVNL,-12.744063324538256,5.731142078242464
5,12,2024-10-07,RVNL,-14.182578132421398,4.538807357171272
5,12,2007-11-22,RELINFRA,-13.473780750971088,4.852587860064071
5,12,2008-01-22,RELINFRA,-30.282911151520274,4.881130791503632
5,12,2007-11-22,VEDL,-12.047244094488185,4.912544753447548
5,12,2008-01-21,VEDL,-31.031543052003407,4.822975997000708
5,12,2010-01-27,VEDL,-13.219178082191775,4.9717240873171
5,12,2010-05-24,VEDL,-13.698140200286124,4.766024094789647
5,12,2017-04-18,VEDL,-16.466909848879617,5.002245273603071
5,12,2022-01-24,LTTS,-18.251526864748023,4.771229448301147
5,12,2017-09-28,BOMDYEING,-21.136683889149833,7.209541389598277
5,12,2017-10-17,BOMDYEING,-16.370182126217703,5.156713640468372
5,12,2018-01-18,BOMDYEING,-12.045014946368926,4.82807803226115
5,12,2018-02-02,BOMDYEING,-17.95036371416345,4.038153921403187
5,12,2018-02-02,BBTC,-14.820091445232253,4.528772133945334
5,12,2014-01-30,RCOM,-13.144137415982083,5.105075183988355
5,12,2022-02-14,TATAPOWER,-12.430500397140587,5.004563807322873
5,12,2024-10-22,PCBL,-12.917993630573243,4.768801666461197
5,12,2007-10-19,APTECHT,-13.220481993311806,4.650335946937724
5,12,2009-07-10,UNIONBANK,-12.331563903634146,5.880132549327465
5,12,2009-07-29,UNIONBANK,-13.58271654330866,5.223850594029086
5,12,2007-10-22,BHARTIARTL,-17.358705115221294,5.067200313330484
5,12,2012-06-04,JUBLFOOD,-13.03377586141684,5.8575268931055495
5,12,2024-11-13,GLENMARK,-12.976624551287486,5.080473613893287
5,12,2015-04-20,BEL,-14.140401536407976,5.012958149068915
5,12,2022-11-01,FINEORG,-17.397952837712282,4.950889597911017
5,12,2011-06-23,ARVIND,-13.06532663316583,4.844515875970363
5,12,2012-02-24,ARVIND,-21.62921348314607,5.163365730220557
5,12,2014-07-11,ARVIND,-17.0816444701795,5.338418916726878
5,12,2010-02-06,RENUKA,-12.407425218813128,4.551348958925798
5,12,2010-11-18,UFLEX,-19.76284584980238,4.8734409396241585
5,12,2009-08-10,MUNJALSHOW,-14.68590831918506,5.774308128554777
5,12,2009-11-03,MUNJALSHOW,-26.959247648902817,5.428197359444583
5,12,2026-05-15,NETWEB,-13.154086201438197,5.4921553985197225
5,12,2026-06-11,NETWEB,-15.054112115439189,5.997088958088363
5,12,2026-07-02,NETWEB,-12.593614505321248,5.604619385104191
5,12,2024-02-12,IRFC,-17.190906259732188,5.014335998913914
5,12,2024-03-13,IRFC,-14.33988279903482,4.900590429918241
5,12,2014-01-28,BIOCON,-12.094492497683717,4.947554668588696
5,12,2021-08-24,JSWENERGY,-12.697128993125762,4.986390006526702
5,12,2022-12-23,COCHINSHIP,-19.020853698273044,4.736564371529886
5,12,2024-08-06,COCHINSHIP,-14.47960421917297,4.709486583365129
5,12,2017-05-24,RAIN,-13.721890775585132,4.927923232790648
5,12,2017-08-10,RAIN,-12.79876638396299,4.856133308963419
5,12,2017-11-21,RAIN,-20.99246557547414,5.847028245024735
5,12,2018-02-02,RAIN,-20.47846889952154,4.6277365238511985
5,12,2014-01-10,M&MFIN,-13.406292749658,5.037456794201975
5,12,2014-01-23,M&MFIN,-13.83687718184704,4.348290264427449
5,12,2010-11-19,VENKEYS,-14.200561009817669,4.991142115015952
5,12,2008-01-22,RELIANCE,-25.52850398777181,5.59273846447552
5,12,2007-10-08,PRAJIND,-13.287007791113915,5.134163185931497
5,12,2011-05-03,ELGIEQUIP,-13.610683102208531,5.164053016435104
5,12,2022-09-19,ELGIEQUIP,-15.881669496827245,4.999999999999999
5,12,2008-01-22,SOUTHBANK,-23.56881851400732,4.68646822834393
5,12,2010-05-04,SOUTHBANK,-16.666666666666675,5.110526929378952
5,12,2024-01-23,PRESTIGE,-14.08104634459817,4.955535661897604
5,12,2024-03-18,PRESTIGE,-14.792523206035701,4.952001462152943
5,12,2024-08-05,PRESTIGE,-13.701360833510524,5.245030192891174
5,12,2014-04-28,MRF,-13.026471467488554,5.254885771309466
5,12,2020-11-11,IPCALAB,-13.697964016152554,5.557325471724319
5,12,2020-11-05,LAURUSLABS,-14.51735111380511,5.661869015435354
5,12,2017-11-16,AVANTIFEED,-15.120382107600172,5.035385380715126
5,12,2018-01-31,AVANTIFEED,-12.557398811854947,4.75181109390691
5,12,2017-05-18,CESC,-15.491094147582697,4.9682409195241455
5,12,2021-09-20,TATASTEEL,-14.739054290718045,4.9351039403837715
5,12,2017-06-12,ADANIENSOL,-15.393343419062022,5.006125011111533
5,12,2017-08-14,ADANIENSOL,-14.011741682974566,5.008623736659304
5,12,2017-12-01,ADANIENSOL,-13.460585027268213,4.989623783023151
5,12,2021-04-13,ADANIENSOL,-19.033899068113268,5.004296942747309
5,12,2021-06-18,ADANIENSOL,-22.61637339323598,4.941342533798576
5,12,2021-07-05,ADANIENSOL,-21.62208800690251,3.6869293438527553
5,12,2021-09-22,ADANIENSOL,-19.713999125536898,5.374756882028155
5,12,2022-10-03,ADANIENSOL,-15.872609749528676,4.924841881246803
5,12,2022-11-23,ADANIENSOL,-12.665270623481039,4.992385738226687
5,12,2026-09-03,ADANIENSOL,-14.304267161410012,4.781954104523199
5,12,2015-02-10,SUNDRMFAST,-13.918128654970763,5.138669295970867
5,12,2015-06-04,SUNDRMFAST,-12.774122807017552,5.031712044620037
5,12,2008-01-22,WELCORP,-15.40714704159345,5.875049425815587
5,12,2012-12-17,KTKBANK,-15.97239969332993,5.008114701902002
5,12,2021-12-20,IEX,-16.26601158097912,5.3953022811311655
5,12,2014-11-20,BALKRISIND,-26.558347426914708,4.945157207310551
5,12,2010-01-28,MCLEODRUSS,-19.505250044491895,4.855575854068631
5,12,2010-04-28,MCLEODRUSS,-12.82102728731942,4.760073603587318
5,12,2014-07-10,AUROPHARMA,-13.581934140309759,5.38165022129589
5,12,2015-02-09,AUROPHARMA,-17.137997864177514,5.220166030690215
5,12,2024-02-07,AUROPHARMA,-13.573539638386656,5.077014227999652
5,12,2009-07-08,BANKBARODA,-18.188010899182572,5.737069148743962
5,12,2011-05-04,BANKBARODA,-15.56291390728476,4.987114010483483
5,12,2024-09-10,OIL,-16.571898335274383,5.917428266945894
5,12,2020-08-31,PERSISTENT,-12.099252396459214,5.458629742919084
5,12,2023-10-25,ZENSARTECH,-13.605380350813412,4.910172184238081
5,12,2021-02-01,DRREDDY,-12.085806746212945,4.82034408760568
5,12,2010-10-21,JINDALPOLY,-18.09176225234619,6.718681319869677
5,12,2010-11-16,JINDALPOLY,-20.249415432579887,4.9777272198725475
5,12,2011-06-23,JINDALPOLY,-16.532137518684607,4.840892673100331
5,12,2015-04-17,LUPIN,-12.189011534168426,4.730345937967847
5,12,2022-01-27,UNOMINDA,-14.002676220486032,4.698394234621126
5,12,2022-02-14,UNOMINDA,-13.484358144552333,5.0032382732147145
5,12,2009-06-23,COROMANDEL,-14.364904902991494,5.330031899382754
5,12,2009-07-13,COROMANDEL,-14.151447185731069,5.006156316268062
5,12,2009-06-08,EMBDL,-15.64708257621643,6.675046370611254
5,12,2021-10-25,FLUOROCHEM,-16.790000474360788,4.737706513511399
5,12,2021-12-17,FLUOROCHEM,-15.763714772841231,4.867828690821901
5,12,2014-08-04,KEC,-17.436489607390303,4.691431926141931
5,12,2021-06-21,TIINDIA,-12.249962400360948,5.335311305493362
5,12,2022-11-14,TIINDIA,-13.044834578256893,5.090668984361751
5,12,2020-09-21,EPL,-19.21215156067435,5.240525664036584
5,12,2026-06-10,NATIONALUM,-13.90478370336462,5.1540418706302225
5,12,2010-01-28,JAYSREETEA,-15.583306649589069,5.029448705934752
5,12,2021-12-21,BSE,-18.83346425765907,5.859205105925296
5,12,2024-03-13,BSE,-12.041713123893238,4.884107785856199
5,12,2024-04-30,BSE,-12.802362647665477,5.770516240803381
5,12,2025-07-10,BSE,-12.545654409418095,4.598011836850194
5,12,2025-08-28,BSE,-13.65834324217201,4.9526998582552695
5,12,2008-01-22,SHRIRAMFIN,-15.789473684210531,5.51469486634002
5,12,2021-04-12,ATGL,-14.926975945017185,5.006653512329486
5,12,2021-06-29,ATGL,-22.625054057950123,4.307115093568596
5,12,2021-01-22,APLLTD,-13.623414813453405,5.070692928516482
5,12,2014-07-08,SRF,-12.706620327201822,5.29645113025658
5,12,2015-04-27,SRF,-13.169319826338644,5.7702433225872145
5,12,2018-02-05,VAKRANGEE,-51.735402204981625,6.040267904324429
5,12,2024-03-19,PFC,-15.499359049061878,5.342976962314619
5,12,2024-05-10,PFC,-13.071079196586533,5.618245620858672
5,12,2024-06-04,PFC,-17.480421541138934,5.7008843011268215
5,12,2009-04-22,IIFL,-15.268557634278812,5.949494186465396
5,12,2009-06-17,IIFL,-20.780117362789085,4.911276951022763
5,12,2020-02-28,RELAXO,-13.494379929205735,5.444818526520771
5,12,2019-05-03,ADANIPOWER,-17.061611374407594,5.152780041482587
5,12,2023-10-25,NCC,-13.067484662576689,4.981745352724758
5,12,2014-09-29,SIMPLEXINF,-15.9011964492474,4.480414105536578
5,12,2021-05-05,INDIAMART,-14.129766915695718,5.112290479888749
5,12,2007-11-12,RIIL,-15.416848711125219,5.0106654374792665
5,12,2008-01-24,RIIL,-22.51556714910805,4.572127670786143
5,12,2007-10-24,GMDCLTD,-13.895811560414817,9.135839688427696
5,12,2007-11-27,GMDCLTD,-16.968599033816425,4.81297723393163
5,12,2008-01-24,GMDCLTD,-29.524661489041605,5.401396683253457
5,12,2026-06-11,GMDCLTD,-13.01617788283963,4.440805923662306
5,12,2009-08-10,MARUTI,-15.174264556016038,6.167748077408577
5,12,2017-05-24,VGUARD,-16.46977067407921,5.102692936711015
5,12,2014-05-08,ESCORTS,-16.330565440885724,4.998859153900469
5,12,2017-08-10,ESCORTS,-13.18275760259816,4.879020873980169
5,12,2021-01-14,SUZLON,-21.118012422360255,5.617072269137595
5,12,2021-01-25,SUZLON,-12.949640287769792,4.974768914389956
5,12,2021-02-18,SUZLON,-16.000000000000004,4.664975584067608
5,12,2024-03-06,SUZLON,-14.47513812154696,4.756388005831851
5,12,2024-10-07,SUZLON,-12.529288444937714,5.295110967504753
5,12,2020-02-28,DIXON,-12.04333440558798,4.7981140300346725
5,12,2020-09-22,DIXON,-14.518023218042709,5.246534951714005
5,12,2021-03-25,DIXON,-15.258354361719684,5.699401641908176
5,12,2021-10-25,DIXON,-16.029512727146322,5.5911484717017315
5,12,2024-07-23,DIXON,-13.695226978769048,5.023215248903421
5,12,2024-03-13,HUDCO,-17.986510117411935,5.1336805751361645
5,12,2007-10-22,JINDALSTEL,-15.326044513861781,5.082577658481107
5,12,2007-11-09,JINDALSTEL,-17.193970515156533,7.7355719410087245
5,12,2007-12-19,JINDALSTEL,-16.4391123541751,5.326847538035576
5,12,2008-01-24,JINDALSTEL,-39.01914146562464,5.29750755172754
5,12,2010-05-07,JINDALSTEL,-12.663931669917295,5.158148304094721
5,12,2021-05-20,JINDALSTEL,-12.166009636443276,4.76194848800234
5,12,2014-04-07,PAGEIND,-12.084813276729511,5.289074797046456
5,12,2024-03-11,JBMA,-15.998323319826746,5.002989272591213
5,12,2017-05-22,BAJAJFINSV,-12.892912468825191,5.083288334112403
5,12,2024-01-23,JSL,-12.347006285147199,4.957588013321485
5,12,2007-10-19,CRISIL,-14.14010487244447,4.51263150807145
5,12,2014-08-01,CANFINHOME,-14.999999999999991,4.742512845939053
5,12,2007-10-22,KOTAKBANK,-15.863453815261042,4.8456547930418585
5,12,2007-12-19,KOTAKBANK,-14.329268292682917,4.865153189338099
5,12,2008-01-21,KOTAKBANK,-24.687499999999996,4.864951745568325
5,12,2009-06-22,ONGC,-12.492869366799775,5.028382945244818
5,12,2009-07-10,ONGC,-14.059853190287974,5.023298541539104
5,12,2007-11-22,ABAN,-12.323608727629331,4.744301714007671
5,12,2008-01-21,ABAN,-26.182899212896928,4.9888029143098445
5,12,2008-01-24,DIVISLAB,-23.468817108088768,5.111046113723911
5,12,2011-06-21,UBL,-12.874641647120145,5.2445091901502305
5,12,2014-09-25,FINCABLES,-12.37373737373738,5.0732999070720535
5,12,2008-01-22,RAJESHEXPO,-33.122568093385205,5.168382459300381
5,12,2010-10-12,VIPIND,-15.12756249598356,5.172908325064425
5,12,2008-01-14,USHAMART,-14.300482425913163,5.0053488975406495
5,12,2008-01-24,USHAMART,-20.91207888249795,4.510992288172817
5,12,2007-10-09,TFCILTD,-16.31205673758864,4.1711422175211315
5,12,2007-10-22,TFCILTD,-15.972222222222232,5.318569923136214
5,12,2012-05-16,ASTRAZEN,-18.636940653760703,5.030404202919183
5,12,2012-07-27,ASTRAZEN,-12.145273576201522,4.820545072241044
5,12,2022-09-19,TIMKEN,-14.505281952090455,5.0
5,12,2009-08-10,HEROMOTOCO,-13.045760209939306,5.260474384521996
5,12,2007-11-06,UNITDSPR,-12.803373343875036,5.241353484358126
5,12,2012-10-30,HAVELLS,-12.21320973348783,4.772779590570157
5,12,2017-05-24,MOTILALOFS,-14.85834016580122,5.783655314457758
5,12,2018-01-30,MOTILALOFS,-16.139897254448343,4.762090896593811
5,12,2009-11-03,LICHSGFIN,-18.64128843338214,5.433939365221898
5,12,2018-02-02,APLAPOLLO,-16.00363808921228,5.660460967105263
5,12,2021-03-16,APLAPOLLO,-19.6291861688618,5.007129141977392
5,12,2026-07-03,GVT&D,-12.720602815784254,5.062557086487564
5,12,2024-02-13,NBCC,-20.99084757356381,4.719321105213653
5,12,2024-03-13,NBCC,-16.591289592760184,4.904485036960616
5,12,2024-06-04,BHEL,-15.420240137221263,4.868687621998605
5,12,2009-06-23,RALLIS,-13.890874434119604,4.927606961424502
5,12,2009-11-03,RALLIS,-12.9247572815534,5.22788271487172
5,12,2024-10-18,BAJAJ-AUTO,-15.264861770067228,4.8854998750070795
5,12,2014-03-10,ECLERX,-13.240628778718266,5.42581770025999
5,12,2021-10-25,ECLERX,-13.822210498549204,4.74537775265137
5,12,2022-01-24,ECLERX,-16.936899721160803,4.99999722449359
5,12,2025-06-30,GRSE,-13.671371718155012,5.367729352034837
5,12,2021-10-25,DEEPAKNTR,-18.030242251949,5.223594178747313
5,12,2022-01-27,DEEPAKNTR,-17.168727485152367,4.814579372483691
5,12,2022-02-14,DEEPAKNTR,-12.17357992636261,4.923015940771059
5,12,2009-07-06,ORIENTPPR,-12.916246215943495,4.835558710855716
5,12,2012-09-05,BLUEDART,-14.544672017013093,4.722525153550659
5,12,2014-01-31,BLUEDART,-15.523180159722404,5.724706117393188
5,12,2010-05-07,TMPV,-12.588736393752963,5.548500211188671
5,12,2010-05-20,TMPV,-14.314115308151088,5.1143765982925835
5,12,2025-08-12,AMBER,-13.28644744345181,4.948682223083745
5,12,2021-03-18,GRANULES,-12.715855572998436,4.912551185077707
5,12,2024-09-17,GRANULES,-21.601959230713817,5.159777199676334
5,12,2018-02-05,EDELWEISS,-14.201570680628283,5.105579956763976
5,12,2026-06-04,SCHNEIDER,-19.43960511033681,4.9247368743630044
5,12,2013-02-07,STAR,-15.617326580724367,5.256699556197366
5,12,2024-02-12,NLCINDIA,-22.23030744042206,4.996708923896385
5,12,2026-06-03,MCX,-14.32286154869532,5.405795201067172
5,12,2022-12-23,MAZDOCK,-15.863767419509845,4.657123885224496
5,12,2023-10-25,MAZDOCK,-13.868511468102895,4.868462302655181
5,12,2022-09-21,GNFC,-12.198727424641698,5.007403829544573
5,12,2007-11-22,LT,-12.183642660509719,5.00360131851893
5,12,2008-01-24,LT,-13.542906837167145,5.030924885024734
